image_id,raw_path,processed_path,status,action,reason,sha256,dhash,width,height,raw_mode,processed_mode,is_grayscale,processed_size_bytes
caltech_BACKGROUND_Google_001,data/raw/caltech_BACKGROUND_Google_001.jpg,data/processed/caltech_BACKGROUND_Google_001.png,VALID,KEPT_UNCHANGED,Passed all integrity and duplicate checks,7a12d0fa6c88bdd2921059790dcb838b00276677631131d64c35cf3a4c3eedef,63b533b43273b2a9,145.0,144.0,RGB,RGB,False,42441.0
caltech_BACKGROUND_Google_002,data/raw/caltech_BACKGROUND_Google_002.jpg,data/processed/caltech_BACKGROUND_Google_002.png,VALID,KEPT_UNCHANGED,Passed all integrity and duplicate checks,4684cc4409ed9336b6ac3652208e10fca2c1cbad8245515645294271f66ac31c,816d4ec98dadad4a,656.0,817.0,RGB,RGB,False,378850.0
caltech_BACKGROUND_Google_003,data/raw/caltech_BACKGROUND_Google_003.jpg,data/processed/caltech_BACKGROUND_Google_003.png,VALID,KEPT_UNCHANGED,Passed all integrity and duplicate checks,2c4801d0df2ed0387f0d6f77976d831ee0b5ccb3a86a729d5f3658577f817fbe,8014613171c11440,144.0,144.0,RGB,RGB,True,5210.0
caltech_BACKGROUND_Google_004,data/raw/caltech_BACKGROUND_Google_004.jpg,data/processed/caltech_BACKGROUND_Google_004.png,VALID,KEPT_UNCHANGED,Passed all integrity and duplicate checks,e6d6539f068113fb92cd8a0d7334bce2a3580cf94054f5a86589e5971491cd6a,d4d4e32f16475700,200.0,200.0,RGB,RGB,False,64658.0
caltech_BACKGROUND_Google_005,data/raw/caltech_BACKGROUND_Google_005.jpg,data/processed/caltech_BACKGROUND_Google_005.png,VALID,KEPT_UNCHANGED,Passed all integrity and duplicate checks,69490e33c3e0c607b6060ee863c1c7867cc3889752ed438ec2371e1452d4f128,58191e89e9494848,180.0,199.0,RGB,RGB,False,63644.0
caltech_BACKGROUND_Google_006,data/raw/caltech_BACKGROUND_Google_006.jpg,data/processed/caltech_BACKGROUND_Google_006.png,VALID,CONVERTED_FROM_GRAYSCALE,Passed all integrity and duplicate checks,15c9c17f53c36ce2a903d4e0f1c4dab3fb005d86549dad0422c78e99991f885b,0fbdadadbd2d2db3,700.0,889.0,L,RGB,True,573329.0
caltech_BACKGROUND_Google_007,data/raw/caltech_BACKGROUND_Google_007.jpg,data/processed/caltech_BACKGROUND_Google_007.png,VALID,KEPT_UNCHANGED,Passed all integrity and duplicate checks,8e9edb9988a80fa24a526b26c57490fcce6201f398cee9773cee7d8ee302842e,fc7dc9cdcc6aeded,150.0,176.0,RGB,RGB,False,53491.0
caltech_BACKGROUND_Google_008,data/raw/caltech_BACKGROUND_Google_008.jpg,data/processed/caltech_BACKGROUND_Google_008.png,VALID,KEPT_UNCHANGED,Passed all integrity and duplicate checks,9ac0afc2869f06e7be7ef694fa22d52c76fc38a11575022fe48223389d55c8fd,d2d2d6d2d6d2d2d6,439.0,382.0,RGB,RGB,False,196689.0
caltech_BACKGROUND_Google_009,data/raw/caltech_BACKGROUND_Google_009.jpg,data/processed/caltech_BACKGROUND_Google_009.png,VALID,KEPT_UNCHANGED,Passed all integrity and duplicate checks,0eb0ed1f4feab72d461ed18a962b71862ffb7d580570333068fd412f293debbc,4aca686929293420,500.0,296.0,RGB,RGB,False,275942.0
caltech_BACKGROUND_Google_010,data/raw/caltech_BACKGROUND_Google_010.jpg,data/processed/caltech_BACKGROUND_Google_010.png,VALID,KEPT_UNCHANGED,Passed all integrity and duplicate checks,f1b812708cd6e53baff6074e3563af5224caf205a61f1fcfeda7f9bf6f35ac8c,4e5dd9682d6ee284,500.0,500.0,RGB,RGB,False,214765.0
caltech_Faces_001,data/raw/caltech_Faces_001.jpg,data/processed/caltech_Faces_001.png,VALID,KEPT_UNCHANGED,Passed all integrity and duplicate checks,c159b0d530f8baeee65501c99baffb40e603b907666f25045d0754ceafffd027,d4dc5a6be8b90941,510.0,337.0,RGB,RGB,False,235915.0
caltech_Faces_002,data/raw/caltech_Faces_002.jpg,data/processed/caltech_Faces_002.png,VALID,KEPT_UNCHANGED,Passed all integrity and duplicate checks,396c1f5fa95e700dd272b039102072753d8d34ad9097545b97422c0bed70a6ff,bd9553726b696d66,519.0,343.0,RGB,RGB,False,304971.0
caltech_Faces_003,data/raw/caltech_Faces_003.jpg,data/processed/caltech_Faces_003.png,VALID,KEPT_UNCHANGED,Passed all integrity and duplicate checks,058b13aeb7d8b5b4fd37ed55bbc163b78a17809e3f8ffb5a1523fee6bb38f15f,2a1e2f2676663d89,492.0,325.0,RGB,RGB,False,270781.0
caltech_Faces_004,data/raw/caltech_Faces_004.jpg,data/processed/caltech_Faces_004.png,VALID,KEPT_UNCHANGED,Passed all integrity and duplicate checks,f46b7a7981cc183694c86a2b8c53922a25fbdf026010de537f08b17369e93f3c,03a1c16564726266,538.0,355.0,RGB,RGB,False,312809.0
caltech_Faces_005,data/raw/caltech_Faces_005.jpg,data/processed/caltech_Faces_005.png,VALID,KEPT_UNCHANGED,Passed all integrity and duplicate checks,fb3fe288594cb04cdfdd60f73399335be184be3d432b530994ffbb37cc012d53,7c7c49b9f1f979d1,528.0,349.0,RGB,RGB,False,235098.0
caltech_Faces_006,data/raw/caltech_Faces_006.jpg,data/processed/caltech_Faces_006.png,VALID,KEPT_UNCHANGED,Passed all integrity and duplicate checks,21c367e9c582d837befb8dffe599bd02313157c3b67b0d801c3fb0c37032dc0b,f04e63c3c1f16123,513.0,339.0,RGB,RGB,False,286650.0
caltech_Faces_007,data/raw/caltech_Faces_007.jpg,data/processed/caltech_Faces_007.png,VALID,KEPT_UNCHANGED,Passed all integrity and duplicate checks,ef0f00fb2161ac05d9261b9d352ffe968ee35bbb9a0007a2d9715aa5d539c8d4,4733a6f2ebdad8cc,545.0,360.0,RGB,RGB,False,266682.0
caltech_Faces_008,data/raw/caltech_Faces_008.jpg,data/processed/caltech_Faces_008.png,VALID,KEPT_UNCHANGED,Passed all integrity and duplicate checks,538bfa2912b104385c0eadf08fc8571cfba8e35a72b044632a96b52c9fe1a512,8307878581898981,555.0,367.0,RGB,RGB,False,228275.0
caltech_Faces_009,data/raw/caltech_Faces_009.jpg,data/processed/caltech_Faces_009.png,VALID,KEPT_UNCHANGED,Passed all integrity and duplicate checks,98510af92b9e7d24c34314a0abd239dafacefe83f082038be292188c1a35cdc0,b495535212525246,504.0,333.0,RGB,RGB,False,180176.0
caltech_Faces_010,data/raw/caltech_Faces_010.jpg,data/processed/caltech_Faces_010.png,VALID,KEPT_UNCHANGED,Passed all integrity and duplicate checks,9f3fde35249c1c5b245510e2616e048a42c6109979e8cf5da8ed4e2623aff612,03834346664c4c60,532.0,351.0,RGB,RGB,False,218273.0
caltech_Faces_easy_001,data/raw/caltech_Faces_easy_001.jpg,data/processed/caltech_Faces_easy_001.png,VALID,KEPT_UNCHANGED,Passed all integrity and duplicate checks,24816e6276239ad0b51ad2e145ebe33d095f88535e07b409334ed5e51f69a619,620eccc80959ec68,290.0,334.0,RGB,RGB,False,141481.0
caltech_Faces_easy_002,data/raw/caltech_Faces_easy_002.jpg,data/processed/caltech_Faces_easy_002.png,VALID,KEPT_UNCHANGED,Passed all integrity and duplicate checks,9bf205526e80a2b2089600b52322ce8a18be17063513f14bea94e567ace683ba,2507cce8b97dfc68,263.0,332.0,RGB,RGB,False,149890.0
caltech_Faces_easy_003,data/raw/caltech_Faces_easy_003.jpg,data/processed/caltech_Faces_easy_003.png,VALID,KEPT_UNCHANGED,Passed all integrity and duplicate checks,0ee2a32fda88d396249592d86a50321092abf64aba2ff48f6a1c472de58dbd22,02178d8e8f978fc9,279.0,308.0,RGB,RGB,False,146383.0
caltech_Faces_easy_004,data/raw/caltech_Faces_easy_004.jpg,data/processed/caltech_Faces_easy_004.png,VALID,KEPT_UNCHANGED,Passed all integrity and duplicate checks,987b4147265647b1eef6ff370ab8873a2993a7296a96be5d7e76b7b58afdd871,6d0fcdf87149e868,261.0,322.0,RGB,RGB,False,131018.0
caltech_Faces_easy_005,data/raw/caltech_Faces_easy_005.jpg,data/processed/caltech_Faces_easy_005.png,VALID,KEPT_UNCHANGED,Passed all integrity and duplicate checks,0074b1ab3425ce272807243f81bb962211879735c53cb87998fd4e498063e965,0c0ec8e86969ece8,290.0,330.0,RGB,RGB,False,142702.0
caltech_Faces_easy_006,data/raw/caltech_Faces_easy_006.jpg,data/processed/caltech_Faces_easy_006.png,VALID,KEPT_UNCHANGED,Passed all integrity and duplicate checks,b1bcd8341e78e96b33402e691211e174145460684ab90ab2ce4a4f8feefe6b32,080bc9e87869e0c4,289.0,329.0,RGB,RGB,False,161883.0
caltech_Faces_easy_007,data/raw/caltech_Faces_easy_007.jpg,data/processed/caltech_Faces_easy_007.png,VALID,KEPT_UNCHANGED,Passed all integrity and duplicate checks,38b9cc99364b3bd53cfbdce6e5a7d6bc02c998736c7046e72e86f37933c49662,7317cdecbd7df869,276.0,342.0,RGB,RGB,False,138602.0
caltech_Faces_easy_008,data/raw/caltech_Faces_easy_008.jpg,data/processed/caltech_Faces_easy_008.png,VALID,KEPT_UNCHANGED,Passed all integrity and duplicate checks,852ef80b6f727a2551ffbbe24bad416fbccc596465f3248e62f6ea96a1f13fa9,fb87ecf839696868,287.0,335.0,RGB,RGB,False,132426.0
caltech_Faces_easy_009,data/raw/caltech_Faces_easy_009.jpg,data/processed/caltech_Faces_easy_009.png,VALID,KEPT_UNCHANGED,Passed all integrity and duplicate checks,8a6d7f1bfc2526e53ed6f3a1ed726cf5636aeb76ab3a1a0b817ea47c4919d032,230fccc84959c8e9,263.0,324.0,RGB,RGB,False,110427.0
caltech_Faces_easy_010,data/raw/caltech_Faces_easy_010.jpg,data/processed/caltech_Faces_easy_010.png,VALID,KEPT_UNCHANGED,Passed all integrity and duplicate checks,e8a4ef82dbe9274a27b004232780ef094bb361632d707c2670ae0cccc513586b,4f8f4de823616061,264.0,331.0,RGB,RGB,False,120933.0
caltech_Leopards_001,data/raw/caltech_Leopards_001.jpg,data/processed/caltech_Leopards_001.png,VALID,KEPT_UNCHANGED,Passed all integrity and duplicate checks,59253b1af0f08e623d7ab21dddbf689be4e703ea8dd7ec8c459a646c86a07a8f,9191f0d4513512d2,192.0,128.0,RGB,RGB,False,44698.0
caltech_Leopards_002,data/raw/caltech_Leopards_002.jpg,data/processed/caltech_Leopards_002.png,VALID,KEPT_UNCHANGED,Passed all integrity and duplicate checks,30d31b3e27f09420ea04406c69c2a9c216b74a0ed145d27e37f11bdd83ee3295,31b1d0d050d1b030,192.0,128.0,RGB,RGB,False,47996.0
caltech_Leopards_003,data/raw/caltech_Leopards_003.jpg,data/processed/caltech_Leopards_003.png,VALID,KEPT_UNCHANGED,Passed all integrity and duplicate checks,35048eb13198d8cf5123d40fe67077d4f993c73dc6afb49c420d6cb74c40e0d8,70b1b49c867661e4,192.0,128.0,RGB,RGB,False,46603.0
caltech_Leopards_004,data/raw/caltech_Leopards_004.jpg,data/processed/caltech_Leopards_004.png,VALID,KEPT_UNCHANGED,Passed all integrity and duplicate checks,60db2f6038b46aa8d05d9c4c57dba44cde8f7254da20bda77d05a8cd8951ade0,75d5931617179395,192.0,128.0,RGB,RGB,False,47572.0
caltech_Leopards_005,data/raw/caltech_Leopards_005.jpg,data/processed/caltech_Leopards_005.png,VALID,KEPT_UNCHANGED,Passed all integrity and duplicate checks,0447fec09688c436aa9ec071bc68e8387b6df812352e59420cad6941a1e7ef90,3515725656363611,192.0,128.0,RGB,RGB,False,46140.0
caltech_Leopards_006,data/raw/caltech_Leopards_006.jpg,data/processed/caltech_Leopards_006.png,VALID,KEPT_UNCHANGED,Passed all integrity and duplicate checks,473f31441c7804432231e4c5970f72a635ccb3f5d565a02b8c42c6e1f605dd05,f0f2f33617939191,192.0,128.0,RGB,RGB,False,49620.0
caltech_Leopards_007,data/raw/caltech_Leopards_007.jpg,data/processed/caltech_Leopards_007.png,VALID,KEPT_UNCHANGED,Passed all integrity and duplicate checks,3f69662ac9b43e69163b60d6777b076d3ef93167eec804f0a142e1644bdcc667,f1f0d26762626152,192.0,128.0,RGB,RGB,False,49030.0
caltech_Leopards_008,data/raw/caltech_Leopards_008.jpg,data/processed/caltech_Leopards_008.png,VALID,KEPT_UNCHANGED,Passed all integrity and duplicate checks,40bea9e210a5bc2ef7cac985fb5dde0a817a374ecec812cfdc7c2f23351edc8b,90b03153941172d0,192.0,128.0,RGB,RGB,False,50238.0
caltech_Leopards_009,data/raw/caltech_Leopards_009.jpg,data/processed/caltech_Leopards_009.png,VALID,KEPT_UNCHANGED,Passed all integrity and duplicate checks,2d799dcc5014a9d0c9057f91a1357f003e63c3cbcecb563c0d8fc6eb95752d34,71f071f076f2f4f3,192.0,128.0,RGB,RGB,False,42860.0
caltech_Leopards_010,data/raw/caltech_Leopards_010.jpg,data/processed/caltech_Leopards_010.png,VALID,KEPT_UNCHANGED,Passed all integrity and duplicate checks,bcd8ca492fd1aad9cf9a8a03e33433c91438fd0f0f32b9a55b77104e81acd138,d070717272529470,192.0,128.0,RGB,RGB,False,37733.0
caltech_Motorbikes_001,data/raw/caltech_Motorbikes_001.jpg,data/processed/caltech_Motorbikes_001.png,VALID,KEPT_UNCHANGED,Passed all integrity and duplicate checks,0f5658383dbe4349075164d7ac5597adbca84389f8c646c6345f42f5436f8913,06822646cdcf49cc,262.0,161.0,RGB,RGB,False,33067.0
caltech_Motorbikes_002,data/raw/caltech_Motorbikes_002.jpg,data/processed/caltech_Motorbikes_002.png,VALID,KEPT_UNCHANGED,Passed all integrity and duplicate checks,234e344a0587edfb957017efe9c3c3a834aeb8278ff037993f5f24ead2606e2d,040326468dcfc9cc,263.0,162.0,RGB,RGB,False,34894.0
caltech_Motorbikes_003,data/raw/caltech_Motorbikes_003.jpg,data/processed/caltech_Motorbikes_003.png,VALID,KEPT_UNCHANGED,Passed all integrity and duplicate checks,61576c996c49e93146986e290fafb016080faba0ece731d983b789d7a28d536c,44114cc68f8dc9cc,263.0,163.0,RGB,RGB,False,40234.0
caltech_Motorbikes_004,data/raw/caltech_Motorbikes_004.jpg,data/processed/caltech_Motorbikes_004.png,VALID,KEPT_UNCHANGED,Passed all integrity and duplicate checks,0eff09c59249388234019a70bd301995f10ed29d514d7b2d14acbb1e0dd0260a,c412c4c68d8d898c,262.0,150.0,RGB,RGB,False,35294.0
caltech_Motorbikes_005,data/raw/caltech_Motorbikes_005.jpg,data/processed/caltech_Motorbikes_005.png,VALID,KEPT_UNCHANGED,Passed all integrity and duplicate checks,dc9370f390b173a0fa7a2caaeada4dfcc7b655411c2c7a4d4de7007eb4f05791,048326d68dcccd4c,262.0,166.0,RGB,RGB,False,33492.0
caltech_Motorbikes_006,data/raw/caltech_Motorbikes_006.jpg,data/processed/caltech_Motorbikes_006.png,VALID,KEPT_UNCHANGED,Passed all integrity and duplicate checks,723587d68f473eafb3af2daeea1da8b48d28b5a8351976803415f061ac076346,44026e46cfcfcd4c,262.0,163.0,RGB,RGB,False,31686.0
caltech_Motorbikes_007,data/raw/caltech_Motorbikes_007.jpg,data/processed/caltech_Motorbikes_007.png,VALID,KEPT_UNCHANGED,Passed all integrity and duplicate checks,28e03605ec57503cacc35e04b0769561c8382c1b5dacdc49c9e6e57d07662fcc,442a46ce898fcd4c,262.0,138.0,RGB,RGB,False,29744.0
caltech_Motorbikes_008,data/raw/caltech_Motorbikes_008.jpg,data/processed/caltech_Motorbikes_008.png,VALID,KEPT_UNCHANGED,Passed all integrity and duplicate checks,84598b459f85a46a587311093bb593b345894eceedac3d6c10760f58f99ec7b6,802e46cecdcfcd4c,262.0,143.0,RGB,RGB,False,32916.0
caltech_Motorbikes_009,data/raw/caltech_Motorbikes_009.jpg,data/processed/caltech_Motorbikes_009.png,VALID,KEPT_UNCHANGED,Passed all integrity and duplicate checks,4d317447bd5f4a5965209e7dfb8950ceace775fcc467177b26e321edb231a000,028d2c8e8dcfcd4c,262.0,153.0,RGB,RGB,False,37658.0
caltech_Motorbikes_010,data/raw/caltech_Motorbikes_010.jpg,data/processed/caltech_Motorbikes_010.png,VALID,KEPT_UNCHANGED,Passed all integrity and duplicate checks,9c27aa3f94e06f4750cfa71ff33c3b6e9a7e03798a5efac3bfd522c51789f61b,000a064ecd4f4dcc,263.0,148.0,RGB,RGB,False,32514.0
caltech_accordion_001,data/raw/caltech_accordion_001.jpg,data/processed/caltech_accordion_001.png,VALID,KEPT_UNCHANGED,Passed all integrity and duplicate checks,e1f77ff1e327056e0a3998a8b60b347c2d2ac325458fb959cb097d797c05648f,3012ce8e071c3c62,260.0,300.0,RGB,RGB,False,144830.0
caltech_accordion_002,data/raw/caltech_accordion_002.jpg,data/processed/caltech_accordion_002.png,VALID,KEPT_UNCHANGED,Passed all integrity and duplicate checks,aa8e1a5f36e43a4d075da5bbd451e2d446fabe70e6334e6c332b9c94033cc4db,31d0e1d39572fce1,232.0,300.0,RGB,RGB,False,119763.0
caltech_accordion_003,data/raw/caltech_accordion_003.jpg,data/processed/caltech_accordion_003.png,VALID,KEPT_UNCHANGED,Passed all integrity and duplicate checks,c4a46049990aee726c12be448cd1df928fec9d9b2f39ed6eb6c14a4e0f58feec,b396cd64c88d1632,300.0,282.0,RGB,RGB,False,168517.0
caltech_accordion_004,data/raw/caltech_accordion_004.jpg,data/processed/caltech_accordion_004.png,VALID,KEPT_UNCHANGED,Passed all integrity and duplicate checks,9fe627df37dd9584d1237d8efad00fe656de7e0da43e8dba3068ec2cbb55ba56,643c3d5a464601b9,300.0,199.0,RGB,RGB,False,117437.0
caltech_accordion_005,data/raw/caltech_accordion_005.jpg,data/processed/caltech_accordion_005.png,VALID,KEPT_UNCHANGED,Passed all integrity and duplicate checks,987c1753c43180c5dcc2629a0b1fdf708fe25a7d85458592e808c0128271c385,32103273b479e281,223.0,300.0,RGB,RGB,False,63624.0
caltech_accordion_006,data/raw/caltech_accordion_006.jpg,data/processed/caltech_accordion_006.png,VALID,KEPT_UNCHANGED,Passed all integrity and duplicate checks,ac39f7e4433c96860af4d9f564383152c4348c43068385d48cd5df2f07561533,33970f2ecc0d1632,300.0,270.0,RGB,RGB,False,134584.0
caltech_accordion_007,data/raw/caltech_accordion_007.jpg,data/processed/caltech_accordion_007.png,VALID,CONVERTED_FROM_GRAYSCALE,Passed all integrity and duplicate checks,5f64f0a709d9f984b914d1b12f59a8f13445b244dc41e378ebf7165da1f29519,67361e468c0552b8,300.0,225.0,L,RGB,True,90352.0
caltech_accordion_008,data/raw/caltech_accordion_008.jpg,data/processed/caltech_accordion_008.png,VALID,KEPT_UNCHANGED,Passed all integrity and duplicate checks,9f9c536d9053d042f3f1d67942308d482e6533ed98f03b49a4f7cfcc724ceab8,63b695232ec4963a,300.0,238.0,RGB,RGB,False,96794.0
caltech_accordion_009,data/raw/caltech_accordion_009.jpg,data/processed/caltech_accordion_009.png,VALID,KEPT_UNCHANGED,Passed all integrity and duplicate checks,b4c68ddd0c8ee224ff589ec5f689e26c1da246a6aacd688c6b18c3161c1a3786,78d1930f9c38f8c5,209.0,300.0,RGB,RGB,False,124829.0
caltech_accordion_010,data/raw/caltech_accordion_010.jpg,data/processed/caltech_accordion_010.png,VALID,KEPT_UNCHANGED,Passed all integrity and duplicate checks,e1a018d351aac8fb1b7d47c4ae883b66d47ce5cc8101b490e2d77cfc36343e22,6376dc392864d2b8,300.0,225.0,RGB,RGB,False,113775.0
caltech_airplanes_001,data/raw/caltech_airplanes_001.jpg,data/processed/caltech_airplanes_001.png,VALID,KEPT_UNCHANGED,Passed all integrity and duplicate checks,419fea6bcbd205a1549501bdef64d1e8285a86a78480766cd29b92faadfa268c,09694ac9698d298a,398.0,164.0,RGB,RGB,False,79572.0
caltech_airplanes_002,data/raw/caltech_airplanes_002.jpg,data/processed/caltech_airplanes_002.png,VALID,KEPT_UNCHANGED,Passed all integrity and duplicate checks,6f6ffd46f512349193c9ab7c6570ff18de5c790f8537ee35da2b61d562da873c,8040424e0e060000,401.0,184.0,RGB,RGB,False,68058.0
caltech_airplanes_003,data/raw/caltech_airplanes_003.jpg,data/processed/caltech_airplanes_003.png,VALID,KEPT_UNCHANGED,Passed all integrity and duplicate checks,1c9befbaf31fefd5434093dd3430e72b652cd2606890b13cbd4d3e2aed8bfdab,2848696ece4e4e88,393.0,165.0,RGB,RGB,False,86145.0
caltech_airplanes_004,data/raw/caltech_airplanes_004.jpg,data/processed/caltech_airplanes_004.png,VALID,KEPT_UNCHANGED,Passed all integrity and duplicate checks,b6a17ef0390f18e2d98191e574c2a342f320916749e0b17a7bfa6ba48341fd91,0800c3224b4e0700,393.0,170.0,RGB,RGB,False,114914.0
caltech_airplanes_005,data/raw/caltech_airplanes_005.jpg,data/processed/caltech_airplanes_005.png,VALID,KEPT_UNCHANGED,Passed all integrity and duplicate checks,f6f335854d6b30c9c7c95935c54d55c516eb168c744b09887de922df700c363d,888a08cccecc4e88,395.0,176.0,RGB,RGB,False,111345.0
caltech_airplanes_006,data/raw/caltech_airplanes_006.jpg,data/processed/caltech_airplanes_006.png,VALID,KEPT_UNCHANGED,Passed all integrity and duplicate checks,8177f28cbb3a91b6dfeb5ef349355d276cf9649abeefae4f9c7ba762a1d7587b,0e4e8e8d2aee8c4e,393.0,147.0,RGB,RGB,False,66554.0
caltech_airplanes_007,data/raw/caltech_airplanes_007.jpg,data/processed/caltech_airplanes_007.png,VALID,KEPT_UNCHANGED,Passed all integrity and duplicate checks,3689745d9cd12b42521fc9df017043f53938d3419bbc689e1ac5a884be00b8ef,cfef69ee6e0fceca,391.0,148.0,RGB,RGB,False,65844.0
caltech_airplanes_008,data/raw/caltech_airplanes_008.jpg,data/processed/caltech_airplanes_008.png,VALID,KEPT_UNCHANGED,Passed all integrity and duplicate checks,6b8eec29276c61d209a7beb06071145b9c11e76437ebdea2c0b802f66c6e9aa2,0ace842d23c20cce,395.0,149.0,RGB,RGB,False,101154.0
caltech_airplanes_009,data/raw/caltech_airplanes_009.jpg,data/processed/caltech_airplanes_009.png,VALID,KEPT_UNCHANGED,Passed all integrity and duplicate checks,39e7a1ff20d08ddc2a919020403b7066a58522998708cc3bf787906acd8470e5,4bed6c4e4b4c4c4c,392.0,161.0,RGB,RGB,False,79880.0
caltech_airplanes_010,data/raw/caltech_airplanes_010.jpg,data/processed/caltech_airplanes_010.png,VALID,KEPT_UNCHANGED,Passed all integrity and duplicate checks,1eacc0ce23cf75c4b5ba759d2b0e47a1a87dfe46ddf5483feec475114a98ceaf,0c0d4c4c4e8e2e0a,397.0,137.0,RGB,RGB,False,64837.0
caltech_anchor_001,data/raw/caltech_anchor_001.jpg,data/processed/caltech_anchor_001.png,VALID,KEPT_UNCHANGED,Passed all integrity and duplicate checks,82a3b9c7a9731541b73b68617ed511b57427f2ea79419eabd3a6d54b9416529d,060d4c3ba83c0520,300.0,187.0,RGB,RGB,False,31786.0
caltech_anchor_002,data/raw/caltech_anchor_002.jpg,data/processed/caltech_anchor_002.png,VALID,KEPT_UNCHANGED,Passed all integrity and duplicate checks,8b09d54dbde8a273fa38ff41a0ebeaa61d4cb54b9bcabfe2008ded8d80361db4,165ed91919d95c56,300.0,234.0,RGB,RGB,False,82533.0
caltech_anchor_003,data/raw/caltech_anchor_003.jpg,data/processed/caltech_anchor_003.png,VALID,CONVERTED_FROM_GRAYSCALE,Passed all integrity and duplicate checks,6b62e365cd9db267a1c77945a43978ea84119c6679bdc1947eaab0b660d84fd2,0e0d29c8488b252d,300.0,270.0,L,RGB,True,116519.0
caltech_anchor_004,data/raw/caltech_anchor_004.jpg,data/processed/caltech_anchor_004.png,VALID,KEPT_UNCHANGED,Passed all integrity and duplicate checks,85f856ab4ecef3e52a60b1ec34ae8a7b5d10b2dce550320111699dadce11b9fd,11d1c396b0c888bd,300.0,263.0,RGB,RGB,False,126876.0
caltech_anchor_005,data/raw/caltech_anchor_005.jpg,data/processed/caltech_anchor_005.png,VALID,KEPT_UNCHANGED,Passed all integrity and duplicate checks,45d016a3d525402b8a0e691066a5c81383afb1208999ac9529274e0f3076a741,044c88a0a208ac04,265.0,300.0,RGB,RGB,False,29487.0
caltech_anchor_006,data/raw/caltech_anchor_006.jpg,data/processed/caltech_anchor_006.png,VALID,KEPT_UNCHANGED,Passed all integrity and duplicate checks,9a2d62a036a676bc602bce31e4d91ccff6f9bb12ca6345ffbbc019a724a959bf,1152614553d1fdf0,300.0,255.0,RGB,RGB,False,153676.0
caltech_anchor_007,data/raw/caltech_anchor_007.jpg,data/processed/caltech_anchor_007.png,VALID,KEPT_UNCHANGED,Passed all integrity and duplicate checks,414ed79ccee911a0e10a6c4baf9343115c4342246c24ffcbe34fecf25aea63fd,62d6cc682cf878f9,300.0,269.0,RGB,RGB,False,119148.0
caltech_anchor_008,data/raw/caltech_anchor_008.jpg,data/processed/caltech_anchor_008.png,VALID,KEPT_UNCHANGED,Passed all integrity and duplicate checks,8d5ab9bfb7b8a92b6be348a14a8a673b38059404d5c2b568ab8d2618f3fd2277,4d4968a32470384e,300.0,252.0,RGB,RGB,False,63698.0
caltech_anchor_009,data/raw/caltech_anchor_009.jpg,data/processed/caltech_anchor_009.png,VALID,KEPT_UNCHANGED,Passed all integrity and duplicate checks,81c67500d7ae2962bf35c814764a4b4c90eaa185b0a53a0a4d36c41ea0af88b2,305c7840d1d044f4,300.0,297.0,RGB,RGB,False,50932.0
caltech_anchor_010,data/raw/caltech_anchor_010.jpg,data/processed/caltech_anchor_010.png,VALID,KEPT_UNCHANGED,Passed all integrity and duplicate checks,8c8a1ea6852c9b52970041583fe2336b886b3b88254d7a10b9325ca8e671a9b5,34088c6dc3ed9aa9,270.0,300.0,RGB,RGB,False,115288.0
caltech_ant_001,data/raw/caltech_ant_001.jpg,data/processed/caltech_ant_001.png,VALID,KEPT_UNCHANGED,Passed all integrity and duplicate checks,d0ed203b490efa13b89928e082c3728fdc4c5a13340d9a205f2856affd7b00a5,3f169ec84dcd79f9,300.0,205.0,RGB,RGB,False,84205.0
caltech_ant_002,data/raw/caltech_ant_002.jpg,data/processed/caltech_ant_002.png,VALID,KEPT_UNCHANGED,Passed all integrity and duplicate checks,b9329b847b27856d22460d7459dc3e5cd49099e6e66b76a41de193e313c7b4a7,b9110129a43635c4,300.0,200.0,RGB,RGB,False,79158.0
caltech_ant_003,data/raw/caltech_ant_003.jpg,data/processed/caltech_ant_003.png,VALID,KEPT_UNCHANGED,Passed all integrity and duplicate checks,ffeb366419a3725053fc2495d5e55a2402848ca0e78ed6ce52da0780cbd51a1f,723367faa29ab370,273.0,300.0,RGB,RGB,False,156085.0
caltech_ant_004,data/raw/caltech_ant_004.jpg,data/processed/caltech_ant_004.png,VALID,KEPT_UNCHANGED,Passed all integrity and duplicate checks,e6ada6ff5368a97e153e9f4337b90592c2742182d45fd1787e08762850984c45,5594f416a7e19575,300.0,235.0,RGB,RGB,False,66990.0
caltech_ant_005,data/raw/caltech_ant_005.jpg,data/processed/caltech_ant_005.png,VALID,CONVERTED_FROM_GRAYSCALE,Passed all integrity and duplicate checks,f17752168b7ccdd7f63342a06d41e093031cb969186ef3e19a59b02a3a5dd086,3031f4dc465d31e3,300.0,225.0,L,RGB,True,88802.0
caltech_ant_006,data/raw/caltech_ant_006.jpg,data/processed/caltech_ant_006.png,VALID,KEPT_UNCHANGED,Passed all integrity and duplicate checks,f2aa345a20bf68c0f50ad89f49aa1af1e8aeabbf2773e85d2cddb66de30e6d55,7991f2f3872d1a88,300.0,256.0,RGB,RGB,False,86291.0
caltech_ant_007,data/raw/caltech_ant_007.jpg,data/processed/caltech_ant_007.png,VALID,KEPT_UNCHANGED,Passed all integrity and duplicate checks,1c4acf1c3feb102d11463e9eb48bcce849f594b8d6afb15bc47864d3e50816a9,4145583fb67e5845,300.0,289.0,RGB,RGB,False,114067.0
caltech_ant_008,data/raw/caltech_ant_008.jpg,data/processed/caltech_ant_008.png,VALID,KEPT_UNCHANGED,Passed all integrity and duplicate checks,f044c303b38868afab933e723bdf71b111bbd4a1816a890e8e5ea86699ead14e,e3f0b0f07232b1f1,300.0,241.0,RGB,RGB,False,56899.0
caltech_ant_009,data/raw/caltech_ant_009.jpg,data/processed/caltech_ant_009.png,VALID,KEPT_UNCHANGED,Passed all integrity and duplicate checks,57aeb5da726ed9871dcdcc02919c87dd0c40994d8f79f27021e7d6474dd13f69,6321979b1f1e4f47,300.0,103.0,RGB,RGB,False,51613.0
caltech_ant_010,data/raw/caltech_ant_010.jpg,data/processed/caltech_ant_010.png,VALID,KEPT_UNCHANGED,Passed all integrity and duplicate checks,11d3c88db0c776e8a8cb8d8b9cb83f533dec35bb2785ea5dae28e7815fa70b2f,9d998dcccecdc9cb,300.0,177.0,RGB,RGB,False,69760.0
caltech_barrel_001,data/raw/caltech_barrel_001.jpg,data/processed/caltech_barrel_001.png,VALID,KEPT_UNCHANGED,Passed all integrity and duplicate checks,dd83b2dbb0cc33a2dbb32cb007686e9ad57c051e1fea7a569f0b1187bf4fb382,cee8496000e868ec,252.0,300.0,RGB,RGB,False,108195.0
caltech_barrel_002,data/raw/caltech_barrel_002.jpg,data/processed/caltech_barrel_002.png,VALID,KEPT_UNCHANGED,Passed all integrity and duplicate checks,9c34f61fb62ba20c6aa13074aecfd8efd66391917348b8c08107a8aa4c869b8d,b3c4cc8d8d8f8778,225.0,300.0,RGB,RGB,False,85299.0
caltech_barrel_003,data/raw/caltech_barrel_003.jpg,data/processed/caltech_barrel_003.png,VALID,KEPT_UNCHANGED,Passed all integrity and duplicate checks,7ba1f3337eef21abf8cc10e46bf10c6f3b42b5cd19a304b0351ab2c3d5e59882,cfe94a485a0a0c4e,215.0,300.0,RGB,RGB,False,97164.0
caltech_barrel_004,data/raw/caltech_barrel_004.jpg,data/processed/caltech_barrel_004.png,VALID,KEPT_UNCHANGED,Passed all integrity and duplicate checks,0e7fa07e6084004b5ffe3af284169cf0bc34f1d8aac200b01c9c86dbeac63606,d3ec69ecbfab8733,256.0,300.0,RGB,RGB,False,113588.0
caltech_barrel_005,data/raw/caltech_barrel_005.jpg,data/processed/caltech_barrel_005.png,VALID,KEPT_UNCHANGED,Passed all integrity and duplicate checks,b6cfed1ad09a484d08bd7ed7c2f0b18042f09bb815378a124ef11c7001ba9b87,e8f93070b03068c4,293.0,300.0,RGB,RGB,False,65875.0
caltech_barrel_006,data/raw/caltech_barrel_006.jpg,data/processed/caltech_barrel_006.png,VALID,KEPT_UNCHANGED,Passed all integrity and duplicate checks,7b7aa21a8fd7283aa103a6128ace9fe05316a98e7ac373f17f449751ec7854a2,c44c6a33a9a89c1e,205.0,300.0,RGB,RGB,False,114499.0
caltech_barrel_007,data/raw/caltech_barrel_007.jpg,data/processed/caltech_barrel_007.png,VALID,KEPT_UNCHANGED,Passed all integrity and duplicate checks,9a4a77ef5092085d564a5977f1d64aef3a6a7c315319975f12bd3a4f124068cc,00e1e9f9f9e9e9c0,300.0,300.0,RGB,RGB,False,44358.0
caltech_barrel_008,data/raw/caltech_barrel_008.jpg,data/processed/caltech_barrel_008.png,VALID,KEPT_UNCHANGED,Passed all integrity and duplicate checks,c69464643c586ceace194a9281c4d64f84a1515504dedbac2b4ed26dc629b60f,80c1c1212d6d7c0e,272.0,300.0,RGB,RGB,False,129231.0
caltech_barrel_009,data/raw/caltech_barrel_009.jpg,data/processed/caltech_barrel_009.png,VALID,KEPT_UNCHANGED,Passed all integrity and duplicate checks,83e07a4c26ee425050c9e94219cf7fc8a792ad274a9d3d4cb1c92bb1f06f874e,707071d0f4f1f1c9,280.0,300.0,RGB,RGB,False,110729.0
caltech_barrel_010,data/raw/caltech_barrel_010.jpg,data/processed/caltech_barrel_010.png,VALID,KEPT_UNCHANGED,Passed all integrity and duplicate checks,8bf4517185ab38c6140d299f3f5ed97769f2065c6f18afd565c7b185942e7f6e,e132955dddbda563,259.0,300.0,RGB,RGB,False,116776.0
caltech_bass_001,data/raw/caltech_bass_001.jpg,data/processed/caltech_bass_001.png,VALID,KEPT_UNCHANGED,Passed all integrity and duplicate checks,87d4bb2ec5f30a0cf761d9d396b951400b2d57758211b02c45a22ce4820ffcd6,1361f8b1f66d3954,300.0,171.0,RGB,RGB,False,67398.0
caltech_bass_002,data/raw/caltech_bass_002.jpg,data/processed/caltech_bass_002.png,VALID,KEPT_UNCHANGED,Passed all integrity and duplicate checks,0bb1205749e65d4691fdc9ed04eb60e4af8ab1084fb214c826e59bca79b350e5,0fcc69b292aa4d0f,300.0,300.0,RGB,RGB,False,119060.0
caltech_bass_003,data/raw/caltech_bass_003.jpg,data/processed/caltech_bass_003.png,VALID,KEPT_UNCHANGED,Passed all integrity and duplicate checks,f16e9743c1941dabc93af64b17a09b46a1b88b148ba951c103f5b98bbe9d2ac6,3c743901a41ca335,300.0,146.0,RGB,RGB,False,96860.0
caltech_bass_004,data/raw/caltech_bass_004.jpg,data/processed/caltech_bass_004.png,VALID,KEPT_UNCHANGED,Passed all integrity and duplicate checks,93b6144022a09054ee291ae5be17716bb737d5cb29d3c448c641ec2a2134464a,175dcdcaa18d8292,300.0,217.0,RGB,RGB,False,74709.0
caltech_bass_005,data/raw/caltech_bass_005.jpg,data/processed/caltech_bass_005.png,VALID,KEPT_UNCHANGED,Passed all integrity and duplicate checks,86a98ae78794184be315cf1244fd83555d94378958d462edc169f9e74611e829,4026820b8b829620,300.0,179.0,RGB,RGB,False,47583.0
caltech_bass_006,data/raw/caltech_bass_006.jpg,data/processed/caltech_bass_006.png,VALID,KEPT_UNCHANGED,Passed all integrity and duplicate checks,102d04293ed9cadd6d681ef4a272a3e14ff46f98366c78144775bd70ae73a511,81d3e3a131b63e66,300.0,236.0,RGB,RGB,False,119982.0
caltech_bass_007,data/raw/caltech_bass_007.jpg,data/processed/caltech_bass_007.png,VALID,KEPT_UNCHANGED,Passed all integrity and duplicate checks,62aa0d66b5d03075c28816869d7eb99af43e8c54307e00a6ebbf3f02ac5bf8a9,f8911b3677a93c37,300.0,173.0,RGB,RGB,False,92816.0
caltech_bass_008,data/raw/caltech_bass_008.jpg,data/processed/caltech_bass_008.png,VALID,KEPT_UNCHANGED,Passed all integrity and duplicate checks,47948a27acd041b7430f1bcaef84ee17bb68d1603db8841f1061c998ef58af04,634f525878f4a5c1,300.0,163.0,RGB,RGB,False,97486.0
caltech_bass_009,data/raw/caltech_bass_009.jpg,data/processed/caltech_bass_009.png,VALID,KEPT_UNCHANGED,Passed all integrity and duplicate checks,4414678698ef329eb15cf89fa93f59be76d7dda213f0f4a36863e00de1829784,2cb9d5657c74824b,300.0,204.0,RGB,RGB,False,78433.0
caltech_bass_010,data/raw/caltech_bass_010.jpg,data/processed/caltech_bass_010.png,VALID,KEPT_UNCHANGED,Passed all integrity and duplicate checks,5363368ee5465d5681ec8fc2a831e468e56e709feb3161b65aae5bb785e05a5c,80830a8840d03432,300.0,158.0,RGB,RGB,False,65713.0
caltech_beaver_001,data/raw/caltech_beaver_001.jpg,data/processed/caltech_beaver_001.png,VALID,KEPT_UNCHANGED,Passed all integrity and duplicate checks,eb7ad5c2a7412ba3d27de10e1275bebec13a3ca47fe879a11b28430755540f1b,e1c7ce8c8e4d6900,283.0,300.0,RGB,RGB,False,78216.0
caltech_beaver_002,data/raw/caltech_beaver_002.jpg,data/processed/caltech_beaver_002.png,VALID,KEPT_UNCHANGED,Passed all integrity and duplicate checks,ea4f878afbc78b55349107df5134de19c73104069177344ccd96996a3c75568a,741c9ccccccc161f,300.0,200.0,RGB,RGB,False,108849.0
caltech_beaver_003,data/raw/caltech_beaver_003.jpg,data/processed/caltech_beaver_003.png,VALID,KEPT_UNCHANGED,Passed all integrity and duplicate checks,5a7679300930ea1d1ebb2ea75631ae98b59951b7381289e25e5d5fde796cf463,001216361381b070,300.0,225.0,RGB,RGB,False,87296.0
caltech_beaver_004,data/raw/caltech_beaver_004.jpg,data/processed/caltech_beaver_004.png,VALID,KEPT_UNCHANGED,Passed all integrity and duplicate checks,2c738e272b38cf0f21225b3457f0797109cfa53f5e6642e45b01d205d29c3912,c2850b0b27072f08,300.0,230.0,RGB,RGB,False,56331.0
caltech_beaver_005,data/raw/caltech_beaver_005.jpg,data/processed/caltech_beaver_005.png,VALID,KEPT_UNCHANGED,Passed all integrity and duplicate checks,823293a8b141e5cf7a12844789da67f027800a0dbf346528e741df5c75972e83,33169ddc8a2f2583,300.0,282.0,RGB,RGB,False,168271.0
caltech_beaver_006,data/raw/caltech_beaver_006.jpg,data/processed/caltech_beaver_006.png,VALID,KEPT_UNCHANGED,Passed all integrity and duplicate checks,0abd5ae6b4d25c122d55bd36e12867d397dbcaa7ba8a310a69f0fa773cd34f88,5e0ea20606060e08,300.0,227.0,RGB,RGB,False,96585.0
caltech_beaver_007,data/raw/caltech_beaver_007.jpg,data/processed/caltech_beaver_007.png,VALID,KEPT_UNCHANGED,Passed all integrity and duplicate checks,627e10092a17853e0e0c230d816af5d36b0ac27cda23adc469cdfce9fbe81f31,32c103460e8383c1,300.0,253.0,RGB,RGB,False,143101.0
caltech_beaver_008,data/raw/caltech_beaver_008.jpg,data/processed/caltech_beaver_008.png,VALID,KEPT_UNCHANGED,Passed all integrity and duplicate checks,58d9778d1431e5825a163eefbea037f7bfdd5d7ccb8e23cbc16f93fbab54ad1f,ccc0d0caf8789b99,285.0,300.0,RGB,RGB,False,167928.0
caltech_beaver_009,data/raw/caltech_beaver_009.jpg,data/processed/caltech_beaver_009.png,VALID,KEPT_UNCHANGED,Passed all integrity and duplicate checks,b41fc945a4fb4b27046a16d9a14a9c4d94b5310b8fc4c7430b1be3f26fbda3a8,b103664606b4b4b1,300.0,188.0,RGB,RGB,False,118302.0
caltech_beaver_010,data/raw/caltech_beaver_010.jpg,data/processed/caltech_beaver_010.png,VALID,KEPT_UNCHANGED,Passed all integrity and duplicate checks,2b97f929a53b352dbd43d70078b7bd32499c681cd00c6875b34aff1b8807bb49,4140e03460d1916c,300.0,175.0,RGB,RGB,False,72831.0
caltech_binocular_001,data/raw/caltech_binocular_001.jpg,data/processed/caltech_binocular_001.png,VALID,KEPT_UNCHANGED,Passed all integrity and duplicate checks,3f80394e7c4bf7f0849f4f4af9e6d90841de0b33ba1c0fb0bc6b540952326034,2449c285898d8d87,300.0,272.0,RGB,RGB,False,130439.0
caltech_binocular_002,data/raw/caltech_binocular_002.jpg,data/processed/caltech_binocular_002.png,VALID,KEPT_UNCHANGED,Passed all integrity and duplicate checks,2bb2b88eefede9819ed43fac8123acb8e69c79c852e673ff585e45505900475c,f0d4cc4cccccd8f0,300.0,283.0,RGB,RGB,False,74466.0
caltech_binocular_003,data/raw/caltech_binocular_003.jpg,data/processed/caltech_binocular_003.png,VALID,CONVERTED_FROM_GRAYSCALE,Passed all integrity and duplicate checks,ad253283afc6afa65b283873d85e3843f8a4d141eaac126e645673e239f7a0af,638e8e0ececce849,277.0,300.0,L,RGB,True,70720.0
caltech_binocular_004,data/raw/caltech_binocular_004.jpg,data/processed/caltech_binocular_004.png,VALID,KEPT_UNCHANGED,Passed all integrity and duplicate checks,3f029e14b3254126872483e269c8e2454971336c540229d8e70cb7f321d8a8fc,f05356c74e96b2f0,300.0,300.0,RGB,RGB,False,130358.0
caltech_binocular_005,data/raw/caltech_binocular_005.jpg,data/processed/caltech_binocular_005.png,VALID,KEPT_UNCHANGED,Passed all integrity and duplicate checks,c35a7d8c2d35f246f3761efea8a73f06fd09728ec7d04b2acea803d1f3d08af5,b017168f031787f3,240.0,300.0,RGB,RGB,False,57847.0
caltech_binocular_006,data/raw/caltech_binocular_006.jpg,data/processed/caltech_binocular_006.png,VALID,KEPT_UNCHANGED,Passed all integrity and duplicate checks,b09a161c59ff128e0d4adbfaa69e1bc8059a13bdb81615c72d202286d0f87b24,8f096a6272767242,193.0,300.0,RGB,RGB,False,98703.0
caltech_binocular_007,data/raw/caltech_binocular_007.jpg,data/processed/caltech_binocular_007.png,VALID,KEPT_UNCHANGED,Passed all integrity and duplicate checks,0e8466ebb0abcaf620f61a736977313209a9810518f96d0c5aa3b3337fec3970,43c69e0b4acacd73,300.0,298.0,RGB,RGB,False,139282.0
caltech_binocular_008,data/raw/caltech_binocular_008.jpg,data/processed/caltech_binocular_008.png,VALID,KEPT_UNCHANGED,Passed all integrity and duplicate checks,82cfb169aba4cbaa2b5078d4db024f201064cf029e9c3cc4290cd8eb30eb988a,0cac1c1c0d4d4e4e,163.0,300.0,RGB,RGB,False,67374.0
caltech_binocular_009,data/raw/caltech_binocular_009.jpg,data/processed/caltech_binocular_009.png,VALID,KEPT_UNCHANGED,Passed all integrity and duplicate checks,ebd577a8231210cd109853a8122c9a9f8f18e6240575b15120ad03a5bb383531,761e9e8c0eccc0c0,179.0,300.0,RGB,RGB,False,69814.0
caltech_binocular_010,data/raw/caltech_binocular_010.jpg,data/processed/caltech_binocular_010.png,VALID,KEPT_UNCHANGED,Passed all integrity and duplicate checks,41284b82d0503870e7bc6562010087105ca217d8d83bee2f76c042ac15f90d49,e4949eccccccc4d0,300.0,235.0,RGB,RGB,False,64481.0
caltech_bonsai_001,data/raw/caltech_bonsai_001.jpg,data/processed/caltech_bonsai_001.png,VALID,KEPT_UNCHANGED,Passed all integrity and duplicate checks,4f15eb409db04e0a8a555ee999ce0dae3fb47258356ef822dc8b9c8a8eec092a,cc23078f038ded93,280.0,300.0,RGB,RGB,False,123150.0
caltech_bonsai_002,data/raw/caltech_bonsai_002.jpg,data/processed/caltech_bonsai_002.png,VALID,KEPT_UNCHANGED,Passed all integrity and duplicate checks,b1685bb0c5b303ecf346c9876aea343395e238f97097a2768e5ab24e50e452f6,bb370faf3f174e0e,265.0,300.0,RGB,RGB,False,106696.0
caltech_bonsai_003,data/raw/caltech_bonsai_003.jpg,data/processed/caltech_bonsai_003.png,VALID,KEPT_UNCHANGED,Passed all integrity and duplicate checks,bbe0da4bb5c0cc40d2339886fa9b956bfc499e184c1d501d11bf7587f5210920,31874717e468189f,230.0,300.0,RGB,RGB,False,148602.0
caltech_bonsai_004,data/raw/caltech_bonsai_004.jpg,data/processed/caltech_bonsai_004.png,VALID,KEPT_UNCHANGED,Passed all integrity and duplicate checks,c75ea82ad8bb8400859d6a108489cbfcb71adbc8744676a04181a40c66aca9e5,371e0eefce761e0d,245.0,300.0,RGB,RGB,False,105681.0
caltech_bonsai_005,data/raw/caltech_bonsai_005.jpg,data/processed/caltech_bonsai_005.png,VALID,KEPT_UNCHANGED,Passed all integrity and duplicate checks,91c9a26e212407000e3b3096158b52e8a230941f74b291ff6fa70bddf7906f37,0e4c2c0cc8680a4a,300.0,269.0,RGB,RGB,False,122736.0
caltech_bonsai_006,data/raw/caltech_bonsai_006.jpg,data/processed/caltech_bonsai_006.png,VALID,KEPT_UNCHANGED,Passed all integrity and duplicate checks,a44de02fcf6941d3b1476472d80106c6f86894ee6e1bcb5c932d89a9636420f0,3c7c7e3e1e834343,208.0,300.0,RGB,RGB,False,88611.0
caltech_bonsai_007,data/raw/caltech_bonsai_007.jpg,data/processed/caltech_bonsai_007.png,VALID,KEPT_UNCHANGED,Passed all integrity and duplicate checks,052c7a155a08f1d92d1047c4d368dd06dc3cd93ab42d66bf84c07e5f3c7259ad,454be6a59d0c0c2f,300.0,164.0,RGB,RGB,False,68909.0
caltech_bonsai_008,data/raw/caltech_bonsai_008.jpg,data/processed/caltech_bonsai_008.png,VALID,KEPT_UNCHANGED,Passed all integrity and duplicate checks,876f4cd3ad59bb4952144733a9a0357490e9f68e06e6220cb094a3a905f7effc,6417c5c61372c6c9,300.0,202.0,RGB,RGB,False,93812.0
caltech_bonsai_009,data/raw/caltech_bonsai_009.jpg,data/processed/caltech_bonsai_009.png,VALID,KEPT_UNCHANGED,Passed all integrity and duplicate checks,d045a2b6c6c0c56f0d458946daae412ae82bf3ae8d0ef1a7cac93861101472aa,1d8c4c8a29491347,255.0,300.0,RGB,RGB,False,166723.0
caltech_bonsai_010,data/raw/caltech_bonsai_010.jpg,data/processed/caltech_bonsai_010.png,VALID,KEPT_UNCHANGED,Passed all integrity and duplicate checks,5b590435567cd1800300fa0cca4d5c14721a6ca75e0e9cd87cb043558afd5daa,e8e83e0e8b6b4b4f,300.0,225.0,RGB,RGB,False,148510.0
caltech_brain_001,data/raw/caltech_brain_001.jpg,data/processed/caltech_brain_001.png,VALID,KEPT_UNCHANGED,Passed all integrity and duplicate checks,cccf86376a9770cf9ae9901fe2b35e9d3d679a3fa26667123efbd025893c3f02,d0e8313031f8e561,300.0,215.0,RGB,RGB,False,76950.0
caltech_brain_002,data/raw/caltech_brain_002.jpg,data/processed/caltech_brain_002.png,VALID,KEPT_UNCHANGED,Passed all integrity and duplicate checks,19d901e5f599eee15397ee85add46523f3cb6e8e72f304e452a13aaf87b39c0f,1e8c49491928de96,300.0,261.0,RGB,RGB,False,138981.0
caltech_brain_003,data/raw/caltech_brain_003.jpg,data/processed/caltech_brain_003.png,VALID,KEPT_UNCHANGED,Passed all integrity and duplicate checks,d29e5727f4d3e296fc63a86312982bb2a6edc3f47e9b65fd0ee67dae39375383,c4ec6969c899bdb5,300.0,197.0,RGB,RGB,False,110952.0
caltech_brain_004,data/raw/caltech_brain_004.jpg,data/processed/caltech_brain_004.png,VALID,KEPT_UNCHANGED,Passed all integrity and duplicate checks,1618456f7b29dea44dfe6b0525f7c01e19b4ac6ed848a2a77005e415950d380a,170de84a680c1c52,300.0,251.0,RGB,RGB,False,84312.0
caltech_brain_005,data/raw/caltech_brain_005.jpg,data/processed/caltech_brain_005.png,VALID,KEPT_UNCHANGED,Passed all integrity and duplicate checks,41a02e9a466b02514d408be67df5e0becf96b8ddca66b7f59b1141b50c1819d2,0e4d2bb1e1481ce6,300.0,233.0,RGB,RGB,False,125988.0
caltech_brain_006,data/raw/caltech_brain_006.jpg,data/processed/caltech_brain_006.png,VALID,KEPT_UNCHANGED,Passed all integrity and duplicate checks,d7aaf44141dd2ad3a12bc5cebc52dadcc913345a7b0396fff047c3cfa8e13cbd,03cf6cad8d8c6f6e,300.0,265.0,RGB,RGB,False,150364.0
caltech_brain_007,data/raw/caltech_brain_007.jpg,data/processed/caltech_brain_007.png,VALID,KEPT_UNCHANGED,Passed all integrity and duplicate checks,2e4a728ccb02817e1d2e36b0eb5bcd07dd4ac3ae3db93e32c30c95e2f0cbbc0d,c0703030f031e0c6,300.0,198.0,RGB,RGB,False,83494.0
caltech_brain_008,data/raw/caltech_brain_008.jpg,data/processed/caltech_brain_008.png,VALID,KEPT_UNCHANGED,Passed all integrity and duplicate checks,71631468eb00ed08f0cf88eb184ddd4d86dc570c63aec9c379086ed7d885be54,bffdd9d999f8fefe,300.0,218.0,RGB,RGB,False,92759.0
caltech_brain_009,data/raw/caltech_brain_009.jpg,data/processed/caltech_brain_009.png,VALID,KEPT_UNCHANGED,Passed all integrity and duplicate checks,0eaebe09a064bacc68a4d08a9bea858dbad56ad6563da7a68630e16a2e2c5704,3094f9e1e3d1b144,300.0,275.0,RGB,RGB,False,71237.0
caltech_brain_010,data/raw/caltech_brain_010.jpg,data/processed/caltech_brain_010.png,VALID,KEPT_UNCHANGED,Passed all integrity and duplicate checks,e5015da22c915134e39e76888c26ccc3436f9175bb0560548d7474e3a5a1ef0d,06cca9ab0a0c6e78,300.0,282.0,RGB,RGB,False,140939.0
caltech_brontosaurus_001,data/raw/caltech_brontosaurus_001.jpg,data/processed/caltech_brontosaurus_001.png,VALID,KEPT_UNCHANGED,Passed all integrity and duplicate checks,b2611a2b94a49169808b5a7d8c828f36c102ac038b4eedf1c694b0ae7c9096f6,3070688c99dab010,300.0,179.0,RGB,RGB,False,116007.0
caltech_brontosaurus_002,data/raw/caltech_brontosaurus_002.jpg,data/processed/caltech_brontosaurus_002.png,VALID,KEPT_UNCHANGED,Passed all integrity and duplicate checks,93cf4d08197eb09cb4abecbcfe731e18681696754102df4d61462e01f3d365e4,34896291d5c4e4ad,232.0,300.0,RGB,RGB,False,173327.0
caltech_brontosaurus_003,data/raw/caltech_brontosaurus_003.jpg,data/processed/caltech_brontosaurus_003.png,VALID,KEPT_UNCHANGED,Passed all integrity and duplicate checks,ceba76b8f50945647704c39d4f8f1ec2ab778abf4175ada3fce2f4f4fe368a64,37c8da83072e9eda,215.0,300.0,RGB,RGB,False,164984.0
caltech_brontosaurus_004,data/raw/caltech_brontosaurus_004.jpg,data/processed/caltech_brontosaurus_004.png,VALID,KEPT_UNCHANGED,Passed all integrity and duplicate checks,fe238f4ad166e66ed10b4fc684addc7f4615452d228f28913da4bcf30968cda1,c68703072d39220e,300.0,220.0,RGB,RGB,False,83507.0
caltech_brontosaurus_005,data/raw/caltech_brontosaurus_005.jpg,data/processed/caltech_brontosaurus_005.png,VALID,KEPT_UNCHANGED,Passed all integrity and duplicate checks,7e5b66a3ef9dc3afb8e60004bb60db653f79aec19c72749d810b49a60454259e,f6ffa3873fbe8863,297.0,300.0,RGB,RGB,False,119266.0
caltech_brontosaurus_006,data/raw/caltech_brontosaurus_006.jpg,data/processed/caltech_brontosaurus_006.png,VALID,CONVERTED_FROM_GRAYSCALE,Passed all integrity and duplicate checks,faa41dfd5649e5a71b3e7b80052a32578a3b14f45692652a5e46cef9f137077a,83499a9e0d86a335,300.0,195.0,L,RGB,True,79605.0
caltech_brontosaurus_007,data/raw/caltech_brontosaurus_007.jpg,data/processed/caltech_brontosaurus_007.png,VALID,CONVERTED_FROM_GRAYSCALE,Passed all integrity and duplicate checks,b7ce9856c51f70254d597988fdaf34ae0746de12abc48e5f67b204543aefea54,a94bd61d1d78a1a7,300.0,184.0,L,RGB,True,85763.0
caltech_brontosaurus_008,data/raw/caltech_brontosaurus_008.jpg,data/processed/caltech_brontosaurus_008.png,VALID,CONVERTED_FROM_GRAYSCALE,Passed all integrity and duplicate checks,00d02ac2b1e880cb985d484dd69a7bbeb3409ccd4a74b19e9a5d90a3b3014205,6c6a59992f2c68e8,300.0,193.0,L,RGB,True,50026.0
caltech_brontosaurus_009,data/raw/caltech_brontosaurus_009.jpg,data/processed/caltech_brontosaurus_009.png,VALID,KEPT_UNCHANGED,Passed all integrity and duplicate checks,0571d603150709b6ea2eb214e5115e42ff3ab01ac406908a8dc5df9d9408ec11,263c1c8d0d4d5949,300.0,223.0,RGB,RGB,False,121315.0
caltech_brontosaurus_010,data/raw/caltech_brontosaurus_010.jpg,data/processed/caltech_brontosaurus_010.png,VALID,KEPT_UNCHANGED,Passed all integrity and duplicate checks,7ed68b1978bbaf1ad6c393b3c9b8c7fb2fe6f1513437914598114a619da6afc8,35346b57973ea660,300.0,206.0,RGB,RGB,False,57245.0
caltech_buddha_001,data/raw/caltech_buddha_001.jpg,data/processed/caltech_buddha_001.png,VALID,KEPT_UNCHANGED,Passed all integrity and duplicate checks,e282e2a0bc3af3de5613ff4b7854adb37369e05509b6be7610303c32ab487cfc,f07073377a623731,167.0,300.0,RGB,RGB,False,91599.0
caltech_buddha_002,data/raw/caltech_buddha_002.jpg,data/processed/caltech_buddha_002.png,VALID,KEPT_UNCHANGED,Passed all integrity and duplicate checks,ea859b11c1fc09634655f05d66183fa67767e6435828fab1975ccb9ecf04208f,070f0f8e4c4ccd2b,261.0,300.0,RGB,RGB,False,140297.0
caltech_buddha_003,data/raw/caltech_buddha_003.jpg,data/processed/caltech_buddha_003.png,VALID,KEPT_UNCHANGED,Passed all integrity and duplicate checks,d4ea91b8efa73d3f98a5d2fa373bdf6bb4d24bfd8ee15039ee2b74f2d18d1d34,311317969f896814,231.0,300.0,RGB,RGB,False,89286.0
caltech_buddha_004,data/raw/caltech_buddha_004.jpg,data/processed/caltech_buddha_004.png,VALID,KEPT_UNCHANGED,Passed all integrity and duplicate checks,7ff4e213258280fe86a70c12cfb54b1370312005554988eab521e72437870fd6,e0e8e069e8f03271,297.0,300.0,RGB,RGB,False,100910.0
caltech_buddha_005,data/raw/caltech_buddha_005.jpg,data/processed/caltech_buddha_005.png,VALID,KEPT_UNCHANGED,Passed all integrity and duplicate checks,07049929d5d83da8cb65844495e5057ac39e09e8aabb3099ceab8a183014dcf6,0f2b0e4c0f4d0c0e,180.0,300.0,RGB,RGB,False,63625.0
caltech_buddha_006,data/raw/caltech_buddha_006.jpg,data/processed/caltech_buddha_006.png,VALID,KEPT_UNCHANGED,Passed all integrity and duplicate checks,10dc668b6fb09688f872cd350dfa9bc197f4b1eb1b4f57a9a6a28136140345ba,d2f070b1b2969461,200.0,300.0,RGB,RGB,False,103868.0
caltech_buddha_007,data/raw/caltech_buddha_007.jpg,data/processed/caltech_buddha_007.png,VALID,KEPT_UNCHANGED,Passed all integrity and duplicate checks,77cf24befb23c58d3ff1c6c70289dcb2167be849001988cabe050e7a6ae443aa,86070f0f0f0e9603,300.0,219.0,RGB,RGB,False,49559.0
caltech_buddha_008,data/raw/caltech_buddha_008.jpg,data/processed/caltech_buddha_008.png,VALID,KEPT_UNCHANGED,Passed all integrity and duplicate checks,63b6b5f59463d5c0b1b8ac6c811775a68bed17397288b7446e695c98ca113ac4,0f2b0fcccc0e2b28,300.0,300.0,RGB,RGB,False,87545.0
caltech_buddha_009,data/raw/caltech_buddha_009.jpg,data/processed/caltech_buddha_009.png,VALID,KEPT_UNCHANGED,Passed all integrity and duplicate checks,75092a01c4740b9dbe8b8b79f3600beb55bbc215a2304284cb66cc4a611e11f7,0b0f0f06b4b60b48,277.0,300.0,RGB,RGB,False,121117.0
caltech_buddha_010,data/raw/caltech_buddha_010.jpg,data/processed/caltech_buddha_010.png,VALID,CONVERTED_FROM_GRAYSCALE,Passed all integrity and duplicate checks,fd1fef26d8b77e1f4dbb7a14b3d509c9a151d424936032bc9b2a6c9caf67402d,ccccc869e86bf055,300.0,280.0,L,RGB,True,63952.0
caltech_butterfly_001,data/raw/caltech_butterfly_001.jpg,data/processed/caltech_butterfly_001.png,VALID,KEPT_UNCHANGED,Passed all integrity and duplicate checks,991dda014e12c5098a6da84268503b96ee9d7613047e09225b0f8357495f56fb,39e8e82d0d2dccc4,300.0,198.0,RGB,RGB,False,85601.0
caltech_butterfly_002,data/raw/caltech_butterfly_002.jpg,data/processed/caltech_butterfly_002.png,VALID,KEPT_UNCHANGED,Passed all integrity and duplicate checks,606ffad838aad89cbe912a28487940c2af09f37dc4947f8c22a34a283ea54bde,707184b9f57e7bc1,221.0,300.0,RGB,RGB,False,103438.0
caltech_butterfly_003,data/raw/caltech_butterfly_003.jpg,data/processed/caltech_butterfly_003.png,VALID,KEPT_UNCHANGED,Passed all integrity and duplicate checks,e9813c9c2e192a13b9d56720c7f3075b852c0b7f6cba986349409af70c337825,65ca2e6969692911,300.0,192.0,RGB,RGB,False,126020.0
caltech_butterfly_004,data/raw/caltech_butterfly_004.jpg,data/processed/caltech_butterfly_004.png,VALID,KEPT_UNCHANGED,Passed all integrity and duplicate checks,632b6f65e8504aade5377c20975948bdb08939f609ef1dad0ca760413501e265,6b69a68e4e4c4c0d,300.0,271.0,RGB,RGB,False,120094.0
caltech_butterfly_005,data/raw/caltech_butterfly_005.jpg,data/processed/caltech_butterfly_005.png,VALID,KEPT_UNCHANGED,Passed all integrity and duplicate checks,e9a7c0337bd2d67c896a8ae39340e27c1d4c6ecb0c8c3b0bc68268e4c6b218f7,e4688c1faea3257d,300.0,278.0,RGB,RGB,False,165227.0
caltech_butterfly_006,data/raw/caltech_butterfly_006.jpg,data/processed/caltech_butterfly_006.png,VALID,KEPT_UNCHANGED,Passed all integrity and duplicate checks,6eefe20aee36b4a6257bafcab2ce173b7682a5f23ab6054a28b1770461df9b81,680260e88e9a9dad,300.0,271.0,RGB,RGB,False,80255.0
caltech_butterfly_007,data/raw/caltech_butterfly_007.jpg,data/processed/caltech_butterfly_007.png,VALID,KEPT_UNCHANGED,Passed all integrity and duplicate checks,8be1c064909da37011b0acdf8425a34ed8be65466538cd383a87103028d4dcd5,c0327171e0f0b0a0,300.0,200.0,RGB,RGB,False,61652.0
caltech_butterfly_008,data/raw/caltech_butterfly_008.jpg,data/processed/caltech_butterfly_008.png,VALID,KEPT_UNCHANGED,Passed all integrity and duplicate checks,bb7d51cc2500b870c737ba3721c6fa183adbdf13c37371848fcc6abb15f580de,10e0e84b4bc99db5,300.0,252.0,RGB,RGB,False,91898.0
caltech_butterfly_009,data/raw/caltech_butterfly_009.jpg,data/processed/caltech_butterfly_009.png,VALID,CONVERTED_FROM_GRAYSCALE,Passed all integrity and duplicate checks,723a1eba5b3ca950ad4e94f73be8a4de77006ddc390a858be3637934a792edf8,11cccccc96964c29,300.0,253.0,L,RGB,True,25461.0
caltech_butterfly_010,data/raw/caltech_butterfly_010.jpg,data/processed/caltech_butterfly_010.png,VALID,KEPT_UNCHANGED,Passed all integrity and duplicate checks,467a4443018131fb727d301892ca3d6e33e51cf2169db3d73ccb0ff80e69841c,bc9879a1ec6571d2,300.0,200.0,RGB,RGB,False,102470.0
caltech_camera_001,data/raw/caltech_camera_001.jpg,data/processed/caltech_camera_001.png,VALID,KEPT_UNCHANGED,Passed all integrity and duplicate checks,e5cbfef2298025638f11003e122a7b35ccfcefd00877a5037486fcb865a03042,0e0e0f89cc44090d,287.0,300.0,RGB,RGB,False,73584.0
caltech_camera_002,data/raw/caltech_camera_002.jpg,data/processed/caltech_camera_002.png,VALID,KEPT_UNCHANGED,Passed all integrity and duplicate checks,66f5d8a5cbcf626d7150343c8ac00415fdd1fd4257f1053b3b7eee67dc982180,df4d4b6a6b69696f,300.0,178.0,RGB,RGB,False,60799.0
caltech_camera_003,data/raw/caltech_camera_003.jpg,data/processed/caltech_camera_003.png,VALID,KEPT_UNCHANGED,Passed all integrity and duplicate checks,70a30a5cb631fb4db32eba464b81efc0d4655b7ee13c70c5a2275c1b52d6496a,2c09692d1b5f2fe0,300.0,300.0,RGB,RGB,False,87271.0
caltech_camera_004,data/raw/caltech_camera_004.jpg,data/processed/caltech_camera_004.png,VALID,KEPT_UNCHANGED,Passed all integrity and duplicate checks,89f43c4ec9b2583cbc8c8defef1670f4a648cb6a6a1dc049d4cc7f234d02e669,cd6e2f8ba88c0c0e,300.0,282.0,RGB,RGB,False,101743.0
caltech_camera_005,data/raw/caltech_camera_005.jpg,data/processed/caltech_camera_005.png,VALID,KEPT_UNCHANGED,Passed all integrity and duplicate checks,f3ba11400c0f6774dcd3930fd5665e38f0ca907e4e5feaf8c997499bb4421c31,afe9a96d29e9e82f,276.0,300.0,RGB,RGB,False,92880.0
caltech_camera_006,data/raw/caltech_camera_006.jpg,data/processed/caltech_camera_006.png,VALID,KEPT_UNCHANGED,Passed all integrity and duplicate checks,eaf1747d6e509f2d732477918b305e5196cd1d6a66257d364e46668a7d1466c1,2b080f890acaec01,271.0,300.0,RGB,RGB,False,92418.0
caltech_camera_007,data/raw/caltech_camera_007.jpg,data/processed/caltech_camera_007.png,VALID,KEPT_UNCHANGED,Passed all integrity and duplicate checks,036460bed601d1f8999aefcc29d6c1b8ac65972583e7ff73756468535596d4d3,1717cecc8cdc1c9c,300.0,232.0,RGB,RGB,False,96205.0
caltech_camera_008,data/raw/caltech_camera_008.jpg,data/processed/caltech_camera_008.png,VALID,KEPT_UNCHANGED,Passed all integrity and duplicate checks,ddd1d2da18995dea1056f6574372be0d63b714ec60b37b22f0d35061251c8b3b,73f3f2d0d93ceee2,300.0,156.0,RGB,RGB,False,59705.0
caltech_camera_009,data/raw/caltech_camera_009.jpg,data/processed/caltech_camera_009.png,VALID,KEPT_UNCHANGED,Passed all integrity and duplicate checks,2d401b7aaa4aaccc5e8a6037a020e1c3b8283680ff1167fdac3c87d36d5b6aa6,034bc6c6c68e0e06,300.0,276.0,RGB,RGB,False,78603.0
caltech_camera_010,data/raw/caltech_camera_010.jpg,data/processed/caltech_camera_010.png,VALID,KEPT_UNCHANGED,Passed all integrity and duplicate checks,b997849c9229d2e9feee4ed746e5f5081c316351910f09a345dee704c648f7a4,0a8f666e7e6c2ee1,300.0,198.0,RGB,RGB,False,60669.0
caltech_cannon_001,data/raw/caltech_cannon_001.jpg,data/processed/caltech_cannon_001.png,VALID,KEPT_UNCHANGED,Passed all integrity and duplicate checks,54f8fedfae6b28e39aa1402a0a0f88ebbf221df2a193d82f454a1e0b0dd7b77e,9b8c4a4e1dca6e0f,300.0,183.0,RGB,RGB,False,95278.0
caltech_cannon_002,data/raw/caltech_cannon_002.jpg,data/processed/caltech_cannon_002.png,VALID,KEPT_UNCHANGED,Passed all integrity and duplicate checks,336184c75dc9e953e3c66b9826b4c6b66a354c1348af037d221db1f57a790788,1800084c469b85ca,300.0,222.0,RGB,RGB,False,73758.0
caltech_cannon_003,data/raw/caltech_cannon_003.jpg,data/processed/caltech_cannon_003.png,VALID,CONVERTED_FROM_GRAYSCALE,Passed all integrity and duplicate checks,bee3c2f323ce505ef68026ec91bcc611282c0b151a141553e218147a0ff8fa2f,40080c478e8c0929,300.0,183.0,L,RGB,True,30612.0
caltech_cannon_004,data/raw/caltech_cannon_004.jpg,data/processed/caltech_cannon_004.png,VALID,CONVERTED_FROM_GRAYSCALE,Passed all integrity and duplicate checks,bed99711a3c4d97b3fe438b27c878c6676ae8707743ac59f6c534890bd7fc6cb,10969e4e4ecf97f3,300.0,239.0,L,RGB,True,76945.0
caltech_cannon_005,data/raw/caltech_cannon_005.jpg,data/processed/caltech_cannon_005.png,VALID,KEPT_UNCHANGED,Passed all integrity and duplicate checks,1c0c1c784b371a5ccbe7908e6aae50421688298c7c1e070529af1b23858e3782,a428cc0e87cce40b,300.0,300.0,RGB,RGB,False,178001.0
caltech_cannon_006,data/raw/caltech_cannon_006.jpg,data/processed/caltech_cannon_006.png,VALID,KEPT_UNCHANGED,Passed all integrity and duplicate checks,a178e14bca85a30cbeb5953f14a5aeb0ca3457970c458b76c6fa369ee378faec,2aa88d0f88894d91,280.0,300.0,RGB,RGB,False,89120.0
caltech_cannon_007,data/raw/caltech_cannon_007.jpg,data/processed/caltech_cannon_007.png,VALID,KEPT_UNCHANGED,Passed all integrity and duplicate checks,9633b4f0e26b65d2cd3d045863040d31afc0a63167001f3f1bf94c4632380b34,03cc368e9c9cc869,300.0,263.0,RGB,RGB,False,87713.0
caltech_cannon_008,data/raw/caltech_cannon_008.jpg,data/processed/caltech_cannon_008.png,VALID,KEPT_UNCHANGED,Passed all integrity and duplicate checks,cae8c5b1d3e6c86d9cfd81ad83ff8ea5aeb92afe2a4216910ba5cd3581b373b5,219c1383524b2eb6,300.0,207.0,RGB,RGB,False,100942.0
caltech_cannon_009,data/raw/caltech_cannon_009.jpg,data/processed/caltech_cannon_009.png,VALID,KEPT_UNCHANGED,Passed all integrity and duplicate checks,31d771c25c86ce6f95ca694b763397ebe2fcd6b925ba028cb2947ce86d1dfb24,76e7cc6f479dbcfc,299.0,237.0,RGB,RGB,False,68140.0
caltech_cannon_010,data/raw/caltech_cannon_010.jpg,data/processed/caltech_cannon_010.png,VALID,KEPT_UNCHANGED,Passed all integrity and duplicate checks,67ad94f37d3e27afbd1a810ad8dcc40aeddd6798471fd10afe322699d0bea587,f3f87c76534e2de3,300.0,229.0,RGB,RGB,False,115510.0
caltech_car_side_001,data/raw/caltech_car_side_001.jpg,data/processed/caltech_car_side_001.png,VALID,CONVERTED_FROM_GRAYSCALE,Passed all integrity and duplicate checks,df72db7fd8c5e53a4c0777c5e6abe6d58d752a6a81d9e1b228b8afdb2da213d8,0124e5717acef1f2,300.0,197.0,L,RGB,True,57298.0
caltech_car_side_002,data/raw/caltech_car_side_002.jpg,data/processed/caltech_car_side_002.png,VALID,CONVERTED_FROM_GRAYSCALE,Passed all integrity and duplicate checks,4063dd99bf70727667fb1aaac4dc4c90155c46637285e1a8c78fd78c5c86bada,633a3236461f7070,300.0,197.0,L,RGB,True,40337.0
caltech_car_side_003,data/raw/caltech_car_side_003.jpg,data/processed/caltech_car_side_003.png,VALID,CONVERTED_FROM_GRAYSCALE,Passed all integrity and duplicate checks,0db9d0ead9745cc7139241b2d160289b3887b2528a601eeffc3ef3021a4e29cc,f1d97932d67770f0,300.0,197.0,L,RGB,True,42126.0
caltech_car_side_004,data/raw/caltech_car_side_004.jpg,data/processed/caltech_car_side_004.png,VALID,CONVERTED_FROM_GRAYSCALE,Passed all integrity and duplicate checks,f321582109f99c4316e1ebc13a29843622eddf9ead7bdef72d755dd3858dd16b,67afab16973270f0,300.0,197.0,L,RGB,True,44398.0
caltech_car_side_005,data/raw/caltech_car_side_005.jpg,data/processed/caltech_car_side_005.png,VALID,CONVERTED_FROM_GRAYSCALE,Passed all integrity and duplicate checks,418fafe2ffb4aa94c5addef8f0db0ab34f96395a6f86786ba521b7b5b3152b06,9c31393c17364ac2,300.0,197.0,L,RGB,True,46409.0
caltech_car_side_006,data/raw/caltech_car_side_006.jpg,data/processed/caltech_car_side_006.png,VALID,CONVERTED_FROM_GRAYSCALE,Passed all integrity and duplicate checks,9a29fd50a24bca3b16bf2ff85004313e9a86dd7143edbf69859f8050a2de0173,78d8981697920201,300.0,197.0,L,RGB,True,51697.0
caltech_car_side_007,data/raw/caltech_car_side_007.jpg,data/processed/caltech_car_side_007.png,VALID,CONVERTED_FROM_GRAYSCALE,Passed all integrity and duplicate checks,a53060b28184bfd79a63cc4706c217180c919b02b32f3e1d80cad871a826441b,b173d678dc97f72c,300.0,197.0,L,RGB,True,51597.0
caltech_car_side_008,data/raw/caltech_car_side_008.jpg,data/processed/caltech_car_side_008.png,VALID,CONVERTED_FROM_GRAYSCALE,Passed all integrity and duplicate checks,aab079e82c91e1208f7113cdaedffdf2f92cf3bc766ac5814514a9db8312b7e4,6519197c1e173670,300.0,197.0,L,RGB,True,44849.0
caltech_car_side_009,data/raw/caltech_car_side_009.jpg,data/processed/caltech_car_side_009.png,VALID,CONVERTED_FROM_GRAYSCALE,Passed all integrity and duplicate checks,a605b7a3f46fbbbd787f509363b88a5ea9d83c7e22be04cc016fd7c2c07250e9,d0c8d0b13193f337,300.0,197.0,L,RGB,True,51694.0
caltech_car_side_010,data/raw/caltech_car_side_010.jpg,data/processed/caltech_car_side_010.png,VALID,CONVERTED_FROM_GRAYSCALE,Passed all integrity and duplicate checks,0dba074e3887f21a8417b68ac9f87d708ec137b73390f687bb38a95d9aff5c09,4d6199b43d19f9f4,300.0,197.0,L,RGB,True,51244.0
caltech_ceiling_fan_001,data/raw/caltech_ceiling_fan_001.jpg,data/processed/caltech_ceiling_fan_001.png,VALID,KEPT_UNCHANGED,Passed all integrity and duplicate checks,77ef2811068702c256445e36fd267faa14acba6ff5cef65c6e1819a04fdc2c0a,d0d0d09919c8e8b1,300.0,186.0,RGB,RGB,False,77015.0
caltech_ceiling_fan_002,data/raw/caltech_ceiling_fan_002.jpg,data/processed/caltech_ceiling_fan_002.png,VALID,CONVERTED_FROM_GRAYSCALE,Passed all integrity and duplicate checks,a238590ec43be936e725002480dc555ea863120a4ac01027c60e403d4bee8764,336b4f8e271f4960,300.0,166.0,L,RGB,True,31554.0
caltech_ceiling_fan_003,data/raw/caltech_ceiling_fan_003.jpg,data/processed/caltech_ceiling_fan_003.png,VALID,KEPT_UNCHANGED,Passed all integrity and duplicate checks,1df3db37eb777549a9a383017f3b6261b0579a670a81201d6b193854cbb5f296,62c20e0a02464fef,300.0,184.0,RGB,RGB,False,74694.0
caltech_ceiling_fan_004,data/raw/caltech_ceiling_fan_004.jpg,data/processed/caltech_ceiling_fan_004.png,VALID,KEPT_UNCHANGED,Passed all integrity and duplicate checks,17c3a83244442ae6b81c343fa0a87c15af9cfaa359c13e5ee536ad184381c5cf,4a5e0c3c660f0981,300.0,183.0,RGB,RGB,False,52256.0
caltech_ceiling_fan_005,data/raw/caltech_ceiling_fan_005.jpg,data/processed/caltech_ceiling_fan_005.png,VALID,KEPT_UNCHANGED,Passed all integrity and duplicate checks,cf6797309adec879124c8ab5e00797be05b84caec28d2d873461805339dff115,41c0d8d09c3c3d4c,300.0,166.0,RGB,RGB,False,51494.0
caltech_ceiling_fan_006,data/raw/caltech_ceiling_fan_006.jpg,data/processed/caltech_ceiling_fan_006.png,VALID,KEPT_UNCHANGED,Passed all integrity and duplicate checks,f3f48243185a2fe76ab1072cd8a06502e336786260987d2803c6145b981d42af,b9bb39c15e6d222c,300.0,225.0,RGB,RGB,False,140300.0
caltech_ceiling_fan_007,data/raw/caltech_ceiling_fan_007.jpg,data/processed/caltech_ceiling_fan_007.png,VALID,KEPT_UNCHANGED,Passed all integrity and duplicate checks,2883a186d679f01cdc6c4be7a43cba496675c0d554575d22c33a0b57761663c3,7868c83b7481ea72,300.0,233.0,RGB,RGB,False,83373.0
caltech_ceiling_fan_008,data/raw/caltech_ceiling_fan_008.jpg,data/processed/caltech_ceiling_fan_008.png,VALID,KEPT_UNCHANGED,Passed all integrity and duplicate checks,d3b4eef56505825d1471a111f89dcda718c9776f44249407f9c53b8e8c7305f0,060637230f8b632a,300.0,150.0,RGB,RGB,False,31587.0
caltech_ceiling_fan_009,data/raw/caltech_ceiling_fan_009.jpg,data/processed/caltech_ceiling_fan_009.png,VALID,KEPT_UNCHANGED,Passed all integrity and duplicate checks,2e43960a880a8a361dc65420660ecab80312c4e7343d48c28c4bfc23bb9c709a,9836631396eca9d8,300.0,121.0,RGB,RGB,False,46013.0
caltech_ceiling_fan_010,data/raw/caltech_ceiling_fan_010.jpg,data/processed/caltech_ceiling_fan_010.png,VALID,KEPT_UNCHANGED,Passed all integrity and duplicate checks,751eb90d3b665acea8d67b7052ab4927d3e4548dd844796bd4435ec6ac98f68a,01433b316321c0c0,300.0,163.0,RGB,RGB,False,22445.0
caltech_cellphone_001,data/raw/caltech_cellphone_001.jpg,data/processed/caltech_cellphone_001.png,VALID,KEPT_UNCHANGED,Passed all integrity and duplicate checks,0808c5c8753bb345552f23d729fe9be6deca5ead11c14ab7a08699a6d31cb57d,b0f018898fe730f2,300.0,290.0,RGB,RGB,False,70948.0
caltech_cellphone_002,data/raw/caltech_cellphone_002.jpg,data/processed/caltech_cellphone_002.png,VALID,KEPT_UNCHANGED,Passed all integrity and duplicate checks,511bc6cf5f345a2ed13f4d19a6944ea4054f71015bdedc51a0decbd9015ebed9,b052148d2e9374e0,300.0,225.0,RGB,RGB,False,109085.0
caltech_cellphone_003,data/raw/caltech_cellphone_003.jpg,data/processed/caltech_cellphone_003.png,VALID,KEPT_UNCHANGED,Passed all integrity and duplicate checks,3b6dd567de3c6011b221fa22d2f0442ab1711e188df8519bd97a0de9b3c841f9,61b7d1363fb7f079,209.0,300.0,RGB,RGB,False,50390.0
caltech_cellphone_004,data/raw/caltech_cellphone_004.jpg,data/processed/caltech_cellphone_004.png,VALID,KEPT_UNCHANGED,Passed all integrity and duplicate checks,2a465dc4723ee29e186978eb4821b312d31949a0734222d662f8861151987cb2,9993c294949c7767,300.0,225.0,RGB,RGB,False,99019.0
caltech_cellphone_005,data/raw/caltech_cellphone_005.jpg,data/processed/caltech_cellphone_005.png,VALID,KEPT_UNCHANGED,Passed all integrity and duplicate checks,7434e66c4036fcfc9d614512cfbab478570887ecc76f0be72de9ea7b2ab3fc50,f113d46472707161,300.0,248.0,RGB,RGB,False,128876.0
caltech_cellphone_006,data/raw/caltech_cellphone_006.jpg,data/processed/caltech_cellphone_006.png,VALID,KEPT_UNCHANGED,Passed all integrity and duplicate checks,31176999b1914e47962b9d0994905b74adb12df9e0aafd4c2599d3452dffe07e,f1361bcb9e873270,262.0,300.0,RGB,RGB,False,98531.0
caltech_cellphone_007,data/raw/caltech_cellphone_007.jpg,data/processed/caltech_cellphone_007.png,VALID,KEPT_UNCHANGED,Passed all integrity and duplicate checks,0ca38fbc7f8a823f972585c9627cb73a3b4a5626711708ec4dbf7e692b94b318,98323b5e6e9e36e4,300.0,206.0,RGB,RGB,False,122271.0
caltech_cellphone_008,data/raw/caltech_cellphone_008.jpg,data/processed/caltech_cellphone_008.png,VALID,KEPT_UNCHANGED,Passed all integrity and duplicate checks,9a7b08a95a39f926b726390eec7276cc1b45eb9283877f50cda86f5202bf4c4e,61b912833df7d0b9,196.0,300.0,RGB,RGB,False,109934.0
caltech_cellphone_009,data/raw/caltech_cellphone_009.jpg,data/processed/caltech_cellphone_009.png,VALID,KEPT_UNCHANGED,Passed all integrity and duplicate checks,224e1acdfa72dba7ad0a1d415fae39a053879dfef535365e63ec2b48be585c96,6972541c40600880,211.0,300.0,RGB,RGB,False,67327.0
caltech_cellphone_010,data/raw/caltech_cellphone_010.jpg,data/processed/caltech_cellphone_010.png,VALID,KEPT_UNCHANGED,Passed all integrity and duplicate checks,d3fc04be91490b9b30c8c45047b493693f019c5458487e7644156798038606c1,f1301c8de3e130f0,266.0,300.0,RGB,RGB,False,96952.0
caltech_chair_001,data/raw/caltech_chair_001.jpg,data/processed/caltech_chair_001.png,VALID,KEPT_UNCHANGED,Passed all integrity and duplicate checks,834901ec97ca78abb24399221522197186c354a94bffd99c50d17d4196fca3cd,85a5634e5642e206,223.0,300.0,RGB,RGB,False,73833.0
caltech_chair_002,data/raw/caltech_chair_002.jpg,data/processed/caltech_chair_002.png,VALID,KEPT_UNCHANGED,Passed all integrity and duplicate checks,141f1577834d8f5b4839b345fe8ddc049f578909b8b210a4c4fdbc22ad054676,c74bc79d0e421b32,200.0,300.0,RGB,RGB,False,50649.0
caltech_chair_003,data/raw/caltech_chair_003.jpg,data/processed/caltech_chair_003.png,VALID,KEPT_UNCHANGED,Passed all integrity and duplicate checks,d6082bba47b31ea29ffebe2f860dcfa7995705dd47b0c40cab89e1680049bba7,d162cedc9f8b8ba5,230.0,300.0,RGB,RGB,False,75659.0
caltech_chair_004,data/raw/caltech_chair_004.jpg,data/processed/caltech_chair_004.png,VALID,KEPT_UNCHANGED,Passed all integrity and duplicate checks,d1cb0b682e2ed5d1598be691da2691c2923bc2b3a81aed7d76db1e347a255ffa,f6b4379c1f0fca0e,198.0,300.0,RGB,RGB,False,108967.0
caltech_chair_005,data/raw/caltech_chair_005.jpg,data/processed/caltech_chair_005.png,VALID,KEPT_UNCHANGED,Passed all integrity and duplicate checks,ca5ba8aeea8a294481c2ec0e5910d5d261af9ba0f191a94d4c85b173c090a8c1,8d6d7eccc4d48cad,250.0,300.0,RGB,RGB,False,101223.0
caltech_chair_006,data/raw/caltech_chair_006.jpg,data/processed/caltech_chair_006.png,VALID,KEPT_UNCHANGED,Passed all integrity and duplicate checks,449ee5a5ca819f0a46d94aa17b1c6c75a2c974d55d3e8ca1a16f6c34318192ea,4b9b113dbcfc7bfd,300.0,276.0,RGB,RGB,False,139120.0
caltech_chair_007,data/raw/caltech_chair_007.jpg,data/processed/caltech_chair_007.png,VALID,KEPT_UNCHANGED,Passed all integrity and duplicate checks,1f53ca8345c16d206749b9a626aad60af38615a26cbb829072b03d6f3a77a87a,c6c68d0f96ccc8d2,199.0,300.0,RGB,RGB,False,44447.0
caltech_chair_008,data/raw/caltech_chair_008.jpg,data/processed/caltech_chair_008.png,VALID,KEPT_UNCHANGED,Passed all integrity and duplicate checks,37472e4476a832296c89a5abe667cc674cc89d49d78df3da26fdf2096a04530e,3006cfcc8d060e99,239.0,300.0,RGB,RGB,False,72396.0
caltech_chair_009,data/raw/caltech_chair_009.jpg,data/processed/caltech_chair_009.png,VALID,KEPT_UNCHANGED,Passed all integrity and duplicate checks,48c72931f529a98f8b8ba5036c75827fb88e3893bd6dbadfe83ebc718e64f361,e0f0d00e0f64442e,203.0,300.0,RGB,RGB,False,81478.0
caltech_chair_010,data/raw/caltech_chair_010.jpg,data/processed/caltech_chair_010.png,VALID,KEPT_UNCHANGED,Passed all integrity and duplicate checks,209d939399668465e84fa3c6e3556cdba2c6e6f199812f3c8c15998442cc9942,276f6f6e2e2b2baf,198.0,300.0,RGB,RGB,False,72146.0
caltech_chandelier_001,data/raw/caltech_chandelier_001.jpg,data/processed/caltech_chandelier_001.png,VALID,KEPT_UNCHANGED,Passed all integrity and duplicate checks,7999f477e40bcaae628e68f5774f158cf2f7f12420093c315db0cf334a393a7d,c8cce8b27171e0c4,228.0,300.0,RGB,RGB,False,101847.0
caltech_chandelier_002,data/raw/caltech_chandelier_002.jpg,data/processed/caltech_chandelier_002.png,VALID,KEPT_UNCHANGED,Passed all integrity and duplicate checks,55f8e6cd52b26347104b2bd0156396336519c8ef348357aae377677840fc0d6f,c08ccccccc94b6f0,300.0,224.0,RGB,RGB,False,52840.0
caltech_chandelier_003,data/raw/caltech_chandelier_003.jpg,data/processed/caltech_chandelier_003.png,VALID,KEPT_UNCHANGED,Passed all integrity and duplicate checks,d0f81f0b4b74f4193ed93bfcc0b6b9b35b0bda45d0bc8e8711b4d808d0e13ba5,88e0729436121939,277.0,300.0,RGB,RGB,False,142860.0
caltech_chandelier_004,data/raw/caltech_chandelier_004.jpg,data/processed/caltech_chandelier_004.png,VALID,KEPT_UNCHANGED,Passed all integrity and duplicate checks,864d45dc7cb592d1ade2511eeb779fd18a3f147c6cfbe21ee71873b16b511315,31191b9b9a9b3b21,232.0,300.0,RGB,RGB,False,88563.0
caltech_chandelier_005,data/raw/caltech_chandelier_005.jpg,data/processed/caltech_chandelier_005.png,VALID,KEPT_UNCHANGED,Passed all integrity and duplicate checks,d1a1bad14ea0df750876f5546edd24db9b0560cd19080c5678e3c90d7bb81acf,80b2b2a2eaccf0e0,300.0,225.0,RGB,RGB,False,51298.0
caltech_chandelier_006,data/raw/caltech_chandelier_006.jpg,data/processed/caltech_chandelier_006.png,VALID,KEPT_UNCHANGED,Passed all integrity and duplicate checks,a1b17ec3bf4dc3602a0daefed46d11e6147d573ddaa3b7260de2038f809c13ff,00e0e0e0f0f0f000,282.0,300.0,RGB,RGB,False,70480.0
caltech_chandelier_007,data/raw/caltech_chandelier_007.jpg,data/processed/caltech_chandelier_007.png,VALID,KEPT_UNCHANGED,Passed all integrity and duplicate checks,3d474a4ff0695333763c398026fd5191076a49c0801007820b1737310802ed6e,37370f96452f0f2f,216.0,300.0,RGB,RGB,False,96658.0
caltech_chandelier_008,data/raw/caltech_chandelier_008.jpg,data/processed/caltech_chandelier_008.png,VALID,KEPT_UNCHANGED,Passed all integrity and duplicate checks,1e6ee87c1e11640a8efa6e31cc086ab2cf96d5e0499b1536395f8e4a40d8eb70,333133858d4e0a23,300.0,199.0,RGB,RGB,False,105915.0
caltech_chandelier_009,data/raw/caltech_chandelier_009.jpg,data/processed/caltech_chandelier_009.png,VALID,KEPT_UNCHANGED,Passed all integrity and duplicate checks,bbc0849ed1ebad38ef56a2af127339621d05c7700026b27b5dc582a097a182e8,313b0f3f8faa8e0f,218.0,300.0,RGB,RGB,False,106297.0
caltech_chandelier_010,data/raw/caltech_chandelier_010.jpg,data/processed/caltech_chandelier_010.png,VALID,KEPT_UNCHANGED,Passed all integrity and duplicate checks,3c95b9d5eb990aee1ad0be3f93be66f871fa683ff2f4ebdb34a0f995b391eb0f,d0f0f0a22379adad,300.0,225.0,RGB,RGB,False,125847.0
caltech_cougar_body_001,data/raw/caltech_cougar_body_001.jpg,data/processed/caltech_cougar_body_001.png,VALID,KEPT_UNCHANGED,Passed all integrity and duplicate checks,4836976197a7db9fa61dfbc081b0038349fe2af85b266159e2df7eb8027450a7,bca5ecc868fad2df,300.0,288.0,RGB,RGB,False,164588.0
caltech_cougar_body_002,data/raw/caltech_cougar_body_002.jpg,data/processed/caltech_cougar_body_002.png,VALID,KEPT_UNCHANGED,Passed all integrity and duplicate checks,2476c56b4077d7aab30de100b51c64ead8f461a3cde6df2568df8ac882d38ca4,96387dfdf1717531,248.0,300.0,RGB,RGB,False,131450.0
caltech_cougar_body_003,data/raw/caltech_cougar_body_003.jpg,data/processed/caltech_cougar_body_003.png,VALID,KEPT_UNCHANGED,Passed all integrity and duplicate checks,1657e2ed95aa0c35b9714afa88bda4f656c34a3a35c60ca05655174028a3e2b7,09082dc862674060,300.0,170.0,RGB,RGB,False,43934.0
caltech_cougar_body_004,data/raw/caltech_cougar_body_004.jpg,data/processed/caltech_cougar_body_004.png,VALID,KEPT_UNCHANGED,Passed all integrity and duplicate checks,fcdacf248fb07da6279572876e87fad105c0500822f064a070f72b6c83a205a7,e0d06d3c70100119,300.0,188.0,RGB,RGB,False,141425.0
caltech_cougar_body_005,data/raw/caltech_cougar_body_005.jpg,data/processed/caltech_cougar_body_005.png,VALID,KEPT_UNCHANGED,Passed all integrity and duplicate checks,2a1f1bce3d54201f7ab2b2428322cb0261f658c8879ff312c6fc5b37cbbbdc8a,a981c1e4b1c1c37b,297.0,300.0,RGB,RGB,False,178500.0
caltech_cougar_body_006,data/raw/caltech_cougar_body_006.jpg,data/processed/caltech_cougar_body_006.png,VALID,KEPT_UNCHANGED,Passed all integrity and duplicate checks,140dfb3f6501627fb998e47523732c2fae05a9742131aa7c67032bda1c3937e4,913c393870414336,251.0,300.0,RGB,RGB,False,147373.0
caltech_cougar_body_007,data/raw/caltech_cougar_body_007.jpg,data/processed/caltech_cougar_body_007.png,VALID,KEPT_UNCHANGED,Passed all integrity and duplicate checks,5c1b22ab4b80af8eb2fef0b366943da5385a7f10c078e98febd76dce99ac8cde,7171b4b13b337449,300.0,186.0,RGB,RGB,False,120455.0
caltech_cougar_body_008,data/raw/caltech_cougar_body_008.jpg,data/processed/caltech_cougar_body_008.png,VALID,KEPT_UNCHANGED,Passed all integrity and duplicate checks,80383d9676d7ec2f38adb572f21a2c24178083871149a550b676f1c139cd6ef4,52616a6af9fddccd,300.0,202.0,RGB,RGB,False,147960.0
caltech_cougar_body_009,data/raw/caltech_cougar_body_009.jpg,data/processed/caltech_cougar_body_009.png,VALID,KEPT_UNCHANGED,Passed all integrity and duplicate checks,cfb7d53b53a9de85ac1366ea5d619a6ea9b52275e4ddd361325ba45585dfbd10,cb818f3f4c8d1c40,300.0,262.0,RGB,RGB,False,92227.0
caltech_cougar_body_010,data/raw/caltech_cougar_body_010.jpg,data/processed/caltech_cougar_body_010.png,VALID,KEPT_UNCHANGED,Passed all integrity and duplicate checks,6e0b129c7efc554e050ef6960412dcbcbc84f438715bd6a57176cbd26978b7a2,08092913a3e1a876,300.0,178.0,RGB,RGB,False,74938.0
caltech_cougar_face_001,data/raw/caltech_cougar_face_001.jpg,data/processed/caltech_cougar_face_001.png,VALID,KEPT_UNCHANGED,Passed all integrity and duplicate checks,26e1ea70c73c7e6afce18b6aac5e1710d4126a894428584df4d4b3984c3c98ad,ec07533331b1f656,300.0,278.0,RGB,RGB,False,139462.0
caltech_cougar_face_002,data/raw/caltech_cougar_face_002.jpg,data/processed/caltech_cougar_face_002.png,VALID,CONVERTED_FROM_GRAYSCALE,Passed all integrity and duplicate checks,5d06a68338cce227645705bb24dce2eb3f82bacf1b40244ba444b2667e26d285,7231b537332b3934,300.0,216.0,L,RGB,True,76923.0
caltech_cougar_face_003,data/raw/caltech_cougar_face_003.jpg,data/processed/caltech_cougar_face_003.png,VALID,KEPT_UNCHANGED,Passed all integrity and duplicate checks,394376b85728fa4f5d12fe8ec1151e957918d7d384d4788218fed9cf11a00bc9,d9d03838b0303232,300.0,268.0,RGB,RGB,False,196343.0
caltech_cougar_face_004,data/raw/caltech_cougar_face_004.jpg,data/processed/caltech_cougar_face_004.png,VALID,KEPT_UNCHANGED,Passed all integrity and duplicate checks,14a367aa8f378bbfc7975c684a816abad72d3ad2d16071b942bbce8d410886fe,bdb76e5bd9f1627d,300.0,262.0,RGB,RGB,False,128960.0
caltech_cougar_face_005,data/raw/caltech_cougar_face_005.jpg,data/processed/caltech_cougar_face_005.png,VALID,KEPT_UNCHANGED,Passed all integrity and duplicate checks,83341ddc8c0c8adcb5a5d1519b8b0555b8247927cdc47dccad094026c65b8077,7c6a6d767a79b939,300.0,250.0,RGB,RGB,False,105855.0
caltech_cougar_face_006,data/raw/caltech_cougar_face_006.jpg,data/processed/caltech_cougar_face_006.png,VALID,KEPT_UNCHANGED,Passed all integrity and duplicate checks,b8aba0338cc939a71194d8767527ebf5518df62fed49519c444e498d83f7a08d,b73ff5f5b6f3f2f9,254.0,300.0,RGB,RGB,False,150010.0
caltech_cougar_face_007,data/raw/caltech_cougar_face_007.jpg,data/processed/caltech_cougar_face_007.png,VALID,KEPT_UNCHANGED,Passed all integrity and duplicate checks,1768885421e74e8a07a044f4f8680658fc98f14ae8d95a2b5257166821e1ec37,81c2622ef455cdc4,300.0,289.0,RGB,RGB,False,114316.0
caltech_cougar_face_008,data/raw/caltech_cougar_face_008.jpg,data/processed/caltech_cougar_face_008.png,VALID,KEPT_UNCHANGED,Passed all integrity and duplicate checks,921e4b07180b51ebaab6432d2f6cf3b1dfdcc9f55797e080ad7c8ccfbf87c238,c4682e6c6466e2ac,298.0,300.0,RGB,RGB,False,145462.0
caltech_cougar_face_009,data/raw/caltech_cougar_face_009.jpg,data/processed/caltech_cougar_face_009.png,VALID,KEPT_UNCHANGED,Passed all integrity and duplicate checks,dc585d366107b4de2b018fd1a06bbdf1b6d4ab0b55405bbfc492b1aa9d1ffadc,7a97ececcc98a999,300.0,260.0,RGB,RGB,False,160074.0
caltech_cougar_face_010,data/raw/caltech_cougar_face_010.jpg,data/processed/caltech_cougar_face_010.png,VALID,CONVERTED_FROM_GRAYSCALE,Passed all integrity and duplicate checks,542e2b17592d4c9479f9e0fd4788497a9945c52241ee69d406805730e52b7bb5,ec420c0e56173b21,300.0,246.0,L,RGB,True,62655.0
caltech_crab_001,data/raw/caltech_crab_001.jpg,data/processed/caltech_crab_001.png,VALID,KEPT_UNCHANGED,Passed all integrity and duplicate checks,48eefebe90399016c38d3676de806eb50b879a82556c096f3eb7ee486aceef0f,61f4f1f1e1631250,300.0,187.0,RGB,RGB,False,105262.0
caltech_crab_002,data/raw/caltech_crab_002.jpg,data/processed/caltech_crab_002.png,VALID,KEPT_UNCHANGED,Passed all integrity and duplicate checks,b858b667a8236f2a636ef6187d9b3013091c52bb9ffeab7cc659967285f8d02f,6645cdc94ed6d4d0,300.0,238.0,RGB,RGB,False,148613.0
caltech_crab_003,data/raw/caltech_crab_003.jpg,data/processed/caltech_crab_003.png,VALID,KEPT_UNCHANGED,Passed all integrity and duplicate checks,0f72ce6f808c03147e8ac69ddb83cdd42ca380a0f85c9821668fc732ba94850c,aa8ecc8ecc0fccd4,300.0,250.0,RGB,RGB,False,91762.0
caltech_crab_004,data/raw/caltech_crab_004.jpg,data/processed/caltech_crab_004.png,VALID,KEPT_UNCHANGED,Passed all integrity and duplicate checks,5eee58daf3004d272828be19ac85df78ae4d7b6dcad6c21a5e9665ecd8ef1b73,b1914c280a483070,282.0,300.0,RGB,RGB,False,123635.0
caltech_crab_005,data/raw/caltech_crab_005.jpg,data/processed/caltech_crab_005.png,VALID,KEPT_UNCHANGED,Passed all integrity and duplicate checks,9d3d374d590f5c934ae57c85380bbf53098bf66f9bcb083c4f09e1554a59f18e,52921c062f0f0f1f,300.0,182.0,RGB,RGB,False,132975.0
caltech_crab_006,data/raw/caltech_crab_006.jpg,data/processed/caltech_crab_006.png,VALID,KEPT_UNCHANGED,Passed all integrity and duplicate checks,9f7bb0bf4e37cdc6ba625212ab2605c8e9755a387acdadeeb7a15d9b262b879c,2b6b2aaccc8cc9cc,300.0,254.0,RGB,RGB,False,97911.0
caltech_crab_007,data/raw/caltech_crab_007.jpg,data/processed/caltech_crab_007.png,VALID,KEPT_UNCHANGED,Passed all integrity and duplicate checks,283708e854d555807d81701f6da4995e7074de3dbe6eea02afcfeedbd078b409,19484c0e8e0e260b,300.0,226.0,RGB,RGB,False,82066.0
caltech_crab_008,data/raw/caltech_crab_008.jpg,data/processed/caltech_crab_008.png,VALID,KEPT_UNCHANGED,Passed all integrity and duplicate checks,998e2195d8fe29e05801d645558add102f02b173ab4d64bf55add6640d0a7ec3,d0920a0cce87f7f7,300.0,224.0,RGB,RGB,False,158633.0
caltech_crab_009,data/raw/caltech_crab_009.jpg,data/processed/caltech_crab_009.png,VALID,KEPT_UNCHANGED,Passed all integrity and duplicate checks,a46812f2817798dd60fda2d3580cb3935444e976923127f6e829615526efee0e,0ecc8d0f49cc6d06,300.0,281.0,RGB,RGB,False,125282.0
caltech_crab_010,data/raw/caltech_crab_010.jpg,data/processed/caltech_crab_010.png,VALID,KEPT_UNCHANGED,Passed all integrity and duplicate checks,ed26924382dbac08675ea458b03b2d46c0de9fa777e4224aec9f5aa9b40a5d6a,ed4f0b2b29fc87cd,300.0,245.0,RGB,RGB,False,151554.0
caltech_crayfish_001,data/raw/caltech_crayfish_001.jpg,data/processed/caltech_crayfish_001.png,VALID,KEPT_UNCHANGED,Passed all integrity and duplicate checks,69271cef286a2cb1071e0c487209e67294ac29ee44eb9b2e6ac1d0e6b2eaadb1,70000020c519363c,300.0,225.0,RGB,RGB,False,100481.0
caltech_crayfish_002,data/raw/caltech_crayfish_002.jpg,data/processed/caltech_crayfish_002.png,VALID,KEPT_UNCHANGED,Passed all integrity and duplicate checks,9a9fb4afd9711f8282a923e919d42a5dac0249f146a75130b5582beb033183d4,a94c2ca3871b4e56,300.0,177.0,RGB,RGB,False,64191.0
caltech_crayfish_003,data/raw/caltech_crayfish_003.jpg,data/processed/caltech_crayfish_003.png,VALID,KEPT_UNCHANGED,Passed all integrity and duplicate checks,306150c527c1a6f40471ebacca833b37652984cf39084354dd5f00cf97a432b9,871660160f6e0745,300.0,222.0,RGB,RGB,False,138933.0
caltech_crayfish_004,data/raw/caltech_crayfish_004.jpg,data/processed/caltech_crayfish_004.png,VALID,CONVERTED_FROM_GRAYSCALE,Passed all integrity and duplicate checks,e9c423c979bc5a7c51a12e0436fe647c74b38e039d7b3454b2a918dcce8a95d4,7030000586821c9c,300.0,217.0,L,RGB,True,97466.0
caltech_crayfish_005,data/raw/caltech_crayfish_005.jpg,data/processed/caltech_crayfish_005.png,VALID,KEPT_UNCHANGED,Passed all integrity and duplicate checks,5fec5303d23c1b01bae02d3094fa54583044f45096354c16faa6741971218649,669d72c48d6754be,300.0,225.0,RGB,RGB,False,104884.0
caltech_crayfish_006,data/raw/caltech_crayfish_006.jpg,data/processed/caltech_crayfish_006.png,VALID,CONVERTED_FROM_GRAYSCALE,Passed all integrity and duplicate checks,7606a8a143ac8be7c0cdd89a74943e1a199673845bfa183310a3889dd521285b,3d8f569c9da5ad92,300.0,200.0,L,RGB,True,116524.0
caltech_crayfish_007,data/raw/caltech_crayfish_007.jpg,data/processed/caltech_crayfish_007.png,VALID,KEPT_UNCHANGED,Passed all integrity and duplicate checks,756425ab9dfb2f6d0066411066e767293243a6a80547d2a9b2ab1bbcb80a0ca4,8c1c3bef231e8c33,300.0,209.0,RGB,RGB,False,70947.0
caltech_crayfish_008,data/raw/caltech_crayfish_008.jpg,data/processed/caltech_crayfish_008.png,VALID,KEPT_UNCHANGED,Passed all integrity and duplicate checks,3e7f8ed0692a650e272287bb9a4d22ec6d9bbdddc8e2f28e008158b8bab0c7ae,c5352fa7bc9cce6e,300.0,240.0,RGB,RGB,False,91054.0
caltech_crayfish_009,data/raw/caltech_crayfish_009.jpg,data/processed/caltech_crayfish_009.png,VALID,KEPT_UNCHANGED,Passed all integrity and duplicate checks,80b3ebf3b7e9ba889b9ebd06009c911b746cc38133e5d01d9f4107ef69a9482d,8c68383f2f8f0c04,300.0,181.0,RGB,RGB,False,85404.0
caltech_crayfish_010,data/raw/caltech_crayfish_010.jpg,data/processed/caltech_crayfish_010.png,VALID,KEPT_UNCHANGED,Passed all integrity and duplicate checks,b75dc54e214cc94b6506c10f98846b8e146e9f80d108aa914e31d76b89645d19,13ec4e3daea737d0,300.0,211.0,RGB,RGB,False,92771.0
caltech_crocodile_001,data/raw/caltech_crocodile_001.jpg,data/processed/caltech_crocodile_001.png,VALID,KEPT_UNCHANGED,Passed all integrity and duplicate checks,c42b0cd235d935a35dc802590eff84274450b946255a094fea33bf98d1363397,1044cac9cfcfc643,300.0,239.0,RGB,RGB,False,172899.0
caltech_crocodile_002,data/raw/caltech_crocodile_002.jpg,data/processed/caltech_crocodile_002.png,VALID,KEPT_UNCHANGED,Passed all integrity and duplicate checks,78a5872ae0128c201a5616bc64ec42e4a5e9d97bbdba102279ed289416c9ae83,683843c8c95c3c3f,300.0,185.0,RGB,RGB,False,124879.0
caltech_crocodile_003,data/raw/caltech_crocodile_003.jpg,data/processed/caltech_crocodile_003.png,VALID,KEPT_UNCHANGED,Passed all integrity and duplicate checks,aaecc30580e99c5a27f7ce14818394c0e15b10e121666f12d43740e90210b305,4669c80e080c3e43,300.0,240.0,RGB,RGB,False,84007.0
caltech_crocodile_004,data/raw/caltech_crocodile_004.jpg,data/processed/caltech_crocodile_004.png,VALID,KEPT_UNCHANGED,Passed all integrity and duplicate checks,8e0bf1390429734e2abb728504cbe7c0097bba9a77baed587286e051f1ec9a39,646462696c6642c2,300.0,209.0,RGB,RGB,False,183057.0
caltech_crocodile_005,data/raw/caltech_crocodile_005.jpg,data/processed/caltech_crocodile_005.png,VALID,KEPT_UNCHANGED,Passed all integrity and duplicate checks,b1a5a314cb10cd24f2958cdd2dc954d5b02075ec0e7a94f1feced4c13fef8ebb,589b9ad1bf6ca12e,300.0,172.0,RGB,RGB,False,81124.0
caltech_crocodile_006,data/raw/caltech_crocodile_006.jpg,data/processed/caltech_crocodile_006.png,VALID,KEPT_UNCHANGED,Passed all integrity and duplicate checks,b3c72578a7e04aba18dbe9113c43eca5247c7cfcabda985fd64fd5c762b25214,71f170e8f0707171,300.0,195.0,RGB,RGB,False,95221.0
caltech_crocodile_007,data/raw/caltech_crocodile_007.jpg,data/processed/caltech_crocodile_007.png,VALID,KEPT_UNCHANGED,Passed all integrity and duplicate checks,8584dc7b66ca86bc912362660ffdc9690e3f7159c52e913b66c18d21d9673a7e,7cee974ee995c9cb,300.0,180.0,RGB,RGB,False,124731.0
caltech_crocodile_008,data/raw/caltech_crocodile_008.jpg,data/processed/caltech_crocodile_008.png,VALID,KEPT_UNCHANGED,Passed all integrity and duplicate checks,3d89f41270a827955c9c381c73c66e1dbea4d7876a1a57a88ae2b3dc2304be92,d6b64a43990c6ccb,300.0,209.0,RGB,RGB,False,107613.0
caltech_crocodile_009,data/raw/caltech_crocodile_009.jpg,data/processed/caltech_crocodile_009.png,VALID,KEPT_UNCHANGED,Passed all integrity and duplicate checks,26fa260709fcbcdc1a9d87c62fdffe1b64fdd3368e13365c0d08b5fe48491a8a,317831b1d1c07466,300.0,192.0,RGB,RGB,False,113513.0
caltech_crocodile_010,data/raw/caltech_crocodile_010.jpg,data/processed/caltech_crocodile_010.png,VALID,KEPT_UNCHANGED,Passed all integrity and duplicate checks,8ddf95501abe723a4e685f85ba7197db308dc6504ce7ed950175a7a7e09b0250,e0f0703078a1b172,300.0,179.0,RGB,RGB,False,117624.0
caltech_crocodile_head_001,data/raw/caltech_crocodile_head_001.jpg,data/processed/caltech_crocodile_head_001.png,VALID,KEPT_UNCHANGED,Passed all integrity and duplicate checks,af3d8036267edc641fea8bca825081d36827844473c6bacd9c3b86c0438b04e1,5931a366ec989331,300.0,239.0,RGB,RGB,False,171853.0
caltech_crocodile_head_002,data/raw/caltech_crocodile_head_002.jpg,data/processed/caltech_crocodile_head_002.png,VALID,KEPT_UNCHANGED,Passed all integrity and duplicate checks,4f0479b2560c8de7a3f8f58c4475b00cb0aef547b2c0518bc0b4b0b957d361b4,f4c1cbfdef777cf1,300.0,225.0,RGB,RGB,False,149795.0
caltech_crocodile_head_003,data/raw/caltech_crocodile_head_003.jpg,data/processed/caltech_crocodile_head_003.png,VALID,KEPT_UNCHANGED,Passed all integrity and duplicate checks,c740d54a88f5b4f45a373cf3227b076966a707949566d9aa03f8c1cb16bee9df,fdd6f27a3b78f071,300.0,214.0,RGB,RGB,False,112641.0
caltech_crocodile_head_004,data/raw/caltech_crocodile_head_004.jpg,data/processed/caltech_crocodile_head_004.png,VALID,KEPT_UNCHANGED,Passed all integrity and duplicate checks,f051b5754de7283526a294c1b60e9d9ee9e0aa3b08c3a9748636f1d8d7a090af,f07070d2c4363484,300.0,225.0,RGB,RGB,False,154848.0
caltech_crocodile_head_005,data/raw/caltech_crocodile_head_005.jpg,data/processed/caltech_crocodile_head_005.png,VALID,KEPT_UNCHANGED,Passed all integrity and duplicate checks,cc1ec3c36399224fe84efb79f660f61142a9b8904822b13833a976974c4f0c29,393c7f7a736349c8,300.0,225.0,RGB,RGB,False,98810.0
caltech_crocodile_head_006,data/raw/caltech_crocodile_head_006.jpg,data/processed/caltech_crocodile_head_006.png,VALID,KEPT_UNCHANGED,Passed all integrity and duplicate checks,9a6c4f306ed89db031c455b23292a6cd3d3df4c323116460c1f838ac596d31fb,03afec6eb9ee693c,300.0,184.0,RGB,RGB,False,120192.0
caltech_crocodile_head_007,data/raw/caltech_crocodile_head_007.jpg,data/processed/caltech_crocodile_head_007.png,VALID,KEPT_UNCHANGED,Passed all integrity and duplicate checks,d07765942e72cf1a47ca6a539978825bf3d7b6950eeb54874c118187a9ac5f52,80894e5b1878841f,300.0,288.0,RGB,RGB,False,146679.0
caltech_crocodile_head_008,data/raw/caltech_crocodile_head_008.jpg,data/processed/caltech_crocodile_head_008.png,VALID,KEPT_UNCHANGED,Passed all integrity and duplicate checks,a3904affc3b51468afa07756f320d7fcfcd8fe490835a274584997b2d9ffc186,ea132a995f7f8f08,300.0,268.0,RGB,RGB,False,106603.0
caltech_crocodile_head_009,data/raw/caltech_crocodile_head_009.jpg,data/processed/caltech_crocodile_head_009.png,VALID,KEPT_UNCHANGED,Passed all integrity and duplicate checks,adcd106416cdbcd59b02d4357f173917aab1510ddf334209ea5186267e33ca89,9e3b6b761cec4c9c,300.0,285.0,RGB,RGB,False,160389.0
caltech_crocodile_head_010,data/raw/caltech_crocodile_head_010.jpg,data/processed/caltech_crocodile_head_010.png,VALID,KEPT_UNCHANGED,Passed all integrity and duplicate checks,ccd7f57e9660cff816e81b979f2f6f181bbb1237c04234926d29ed1cda527a75,e80c06a3a96c6781,300.0,236.0,RGB,RGB,False,131249.0
caltech_cup_001,data/raw/caltech_cup_001.jpg,data/processed/caltech_cup_001.png,VALID,KEPT_UNCHANGED,Passed all integrity and duplicate checks,e9436cf6428e7f9c64b24e95dda7dfcff80bdf50a3366a4897470a86ee2bf1f4,4647c8044c4e1a0c,300.0,198.0,RGB,RGB,False,44411.0
caltech_cup_002,data/raw/caltech_cup_002.jpg,data/processed/caltech_cup_002.png,VALID,KEPT_UNCHANGED,Passed all integrity and duplicate checks,402aafb008497a2c8b4c6300d9212a53687d4850cf88304695cbb9c1a38095ed,7531061fcd898f8f,300.0,260.0,RGB,RGB,False,97703.0
caltech_cup_003,data/raw/caltech_cup_003.jpg,data/processed/caltech_cup_003.png,VALID,KEPT_UNCHANGED,Passed all integrity and duplicate checks,130a303afd130d574619ed787a254485210f761710a0c3531514c0d3b2c71c6b,cad26160d4717096,300.0,296.0,RGB,RGB,False,83699.0
caltech_cup_004,data/raw/caltech_cup_004.jpg,data/processed/caltech_cup_004.png,VALID,KEPT_UNCHANGED,Passed all integrity and duplicate checks,5cb8707c094fa2df3cd233062c4195556d732a95040b885e4e6e84ab1ec0bee9,a1c10b8fc6479b6c,300.0,250.0,RGB,RGB,False,125415.0
caltech_cup_005,data/raw/caltech_cup_005.jpg,data/processed/caltech_cup_005.png,VALID,KEPT_UNCHANGED,Passed all integrity and duplicate checks,001927a3e77912ca65626a9d1949f23287504135210024ba600a7b40a21732ca,369e9b9787878f07,300.0,221.0,RGB,RGB,False,42732.0
caltech_cup_006,data/raw/caltech_cup_006.jpg,data/processed/caltech_cup_006.png,VALID,KEPT_UNCHANGED,Passed all integrity and duplicate checks,d979bcffe7ffa40c56abff00a75fbc93010a314831d74a55905c8911a3af1048,f38b294c2e2e0208,300.0,269.0,RGB,RGB,False,110284.0
caltech_cup_007,data/raw/caltech_cup_007.jpg,data/processed/caltech_cup_007.png,VALID,CONVERTED_FROM_GRAYSCALE,Passed all integrity and duplicate checks,44d59e73151a402d5ca26e3c63e7b293b3d7dbd140283dca0890d6f249315934,20020f0e6cb80e81,300.0,300.0,L,RGB,True,33610.0
caltech_cup_008,data/raw/caltech_cup_008.jpg,data/processed/caltech_cup_008.png,VALID,KEPT_UNCHANGED,Passed all integrity and duplicate checks,38b77ce7c8fb37610e1462492638b784e3fa3c3511b9a090659e81896a5d8d4c,d2d461617131f951,300.0,250.0,RGB,RGB,False,122225.0
caltech_cup_009,data/raw/caltech_cup_009.jpg,data/processed/caltech_cup_009.png,VALID,KEPT_UNCHANGED,Passed all integrity and duplicate checks,973d042e4268d39b532318f9d37b5e663b5e38de633fc9c3e62fc2705e37ffcb,b093706f0f8e6e4a,300.0,262.0,RGB,RGB,False,124555.0
caltech_cup_010,data/raw/caltech_cup_010.jpg,data/processed/caltech_cup_010.png,VALID,KEPT_UNCHANGED,Passed all integrity and duplicate checks,23077bc563165c40a36dc665ec178f1afd15a5dc783501d0359bd0c5fbc80508,4334bc020e8fc110,191.0,300.0,RGB,RGB,False,57438.0
caltech_dalmatian_001,data/raw/caltech_dalmatian_001.jpg,data/processed/caltech_dalmatian_001.png,VALID,KEPT_UNCHANGED,Passed all integrity and duplicate checks,c59c798baf534f5f5dac0957bbb1953342b938f46f30e9856dec3ee744e10eac,4b2b2b4aceea4e3c,300.0,249.0,RGB,RGB,False,61781.0
caltech_dalmatian_002,data/raw/caltech_dalmatian_002.jpg,data/processed/caltech_dalmatian_002.png,VALID,KEPT_UNCHANGED,Passed all integrity and duplicate checks,6bbe4430235cbbd2dca9d089f316117f7797bb6c01d63ec8ac5fd42507894a0a,f66464c6520fb6bd,300.0,300.0,RGB,RGB,False,148971.0
caltech_dalmatian_003,data/raw/caltech_dalmatian_003.jpg,data/processed/caltech_dalmatian_003.png,VALID,KEPT_UNCHANGED,Passed all integrity and duplicate checks,8b9acc3c6ead3e306c966cbb4e779f8e5e12d537dbd4a888f883e39d2991e0dd,62646cb86bc392b3,300.0,262.0,RGB,RGB,False,151274.0
caltech_dalmatian_004,data/raw/caltech_dalmatian_004.jpg,data/processed/caltech_dalmatian_004.png,VALID,KEPT_UNCHANGED,Passed all integrity and duplicate checks,4e52ab0cd78474f0af82e39d49836dfd11d1c25fff716054d292601fd478b47d,154dc80d971e1fcd,244.0,300.0,RGB,RGB,False,63353.0
caltech_dalmatian_005,data/raw/caltech_dalmatian_005.jpg,data/processed/caltech_dalmatian_005.png,VALID,KEPT_UNCHANGED,Passed all integrity and duplicate checks,dbd055bb370a5f6925419858bdc2bf0238f6df037bbf762bd9df1e1878e355e1,f0f0f1f1e9e357f0,225.0,300.0,RGB,RGB,False,105876.0
caltech_dalmatian_006,data/raw/caltech_dalmatian_006.jpg,data/processed/caltech_dalmatian_006.png,VALID,KEPT_UNCHANGED,Passed all integrity and duplicate checks,cfff78cba0a39b278eb93700241151f6466d1f2309f1aa33e4882ef8f77a88dd,cd4cf44766afa323,243.0,300.0,RGB,RGB,False,59050.0
caltech_dalmatian_007,data/raw/caltech_dalmatian_007.jpg,data/processed/caltech_dalmatian_007.png,VALID,KEPT_UNCHANGED,Passed all integrity and duplicate checks,771d886a5efe509400473b3d73798d3973bf9d4b366877d34b707759d4899a4d,dcf0e8696dfa7793,285.0,300.0,RGB,RGB,False,112614.0
caltech_dalmatian_008,data/raw/caltech_dalmatian_008.jpg,data/processed/caltech_dalmatian_008.png,VALID,KEPT_UNCHANGED,Passed all integrity and duplicate checks,c1c8c9cd6c885b38e15c8261b06a674076813b964784fd247a3aed7f49f0b1fe,e460e1e8e1e7e9e1,300.0,259.0,RGB,RGB,False,89760.0
caltech_dalmatian_009,data/raw/caltech_dalmatian_009.jpg,data/processed/caltech_dalmatian_009.png,VALID,KEPT_UNCHANGED,Passed all integrity and duplicate checks,576d0657e35586bfe3899c508a5754b11546b913ad3704af8139454e6c22331f,dce8eae8d88d9515,300.0,241.0,RGB,RGB,False,133866.0
caltech_dalmatian_010,data/raw/caltech_dalmatian_010.jpg,data/processed/caltech_dalmatian_010.png,VALID,KEPT_UNCHANGED,Passed all integrity and duplicate checks,523c37b3461fa67ba48c5fb8654207467003df027a71792dadff2c7b4dda4b26,23a0232b2b292929,300.0,283.0,RGB,RGB,False,108391.0
caltech_dollar_bill_001,data/raw/caltech_dollar_bill_001.jpg,data/processed/caltech_dollar_bill_001.png,VALID,KEPT_UNCHANGED,Passed all integrity and duplicate checks,a12ddab301ae5c63a036cd2da2a9b952a3842ac3dab8b1aefbf5ea4831c006a9,5ce8355b8b96e329,300.0,190.0,RGB,RGB,False,114848.0
caltech_dollar_bill_002,data/raw/caltech_dollar_bill_002.jpg,data/processed/caltech_dollar_bill_002.png,VALID,KEPT_UNCHANGED,Passed all integrity and duplicate checks,02286c1f1344642b4cf8b560033656f0ac7614d35c93b71e9ec8e20a8d2859a4,613333131533330c,300.0,127.0,RGB,RGB,False,92422.0
caltech_dollar_bill_003,data/raw/caltech_dollar_bill_003.jpg,data/processed/caltech_dollar_bill_003.png,VALID,KEPT_UNCHANGED,Passed all integrity and duplicate checks,03722b9774afcfdad319287ee91e3541c105e6b7e32f22c957c5f077670bcb7b,28e8683968e8a8ab,300.0,126.0,RGB,RGB,False,92292.0
caltech_dollar_bill_004,data/raw/caltech_dollar_bill_004.jpg,data/processed/caltech_dollar_bill_004.png,VALID,KEPT_UNCHANGED,Passed all integrity and duplicate checks,233fd7605fa3a579536f5ec279777daa4e69e5e9228d697bccfd8fed76fd31cf,17cc492d294bcf82,300.0,190.0,RGB,RGB,False,95964.0
caltech_dollar_bill_005,data/raw/caltech_dollar_bill_005.jpg,data/processed/caltech_dollar_bill_005.png,VALID,KEPT_UNCHANGED,Passed all integrity and duplicate checks,7df4897899a6002523701c5f21a2c58ad7c39514df860b26f6cd6354bdf01fe1,aa69635a4e96cae8,300.0,125.0,RGB,RGB,False,97341.0
caltech_dollar_bill_006,data/raw/caltech_dollar_bill_006.jpg,data/processed/caltech_dollar_bill_006.png,VALID,KEPT_UNCHANGED,Passed all integrity and duplicate checks,a78bf0988083683ca0d7e89e8e4e902f12aa19b7abe9faede9ddcbee066eaf6c,e86971551d372bab,300.0,121.0,RGB,RGB,False,91387.0
caltech_dollar_bill_007,data/raw/caltech_dollar_bill_007.jpg,data/processed/caltech_dollar_bill_007.png,VALID,KEPT_UNCHANGED,Passed all integrity and duplicate checks,dce98435677477df597c059b4fd4411f3840810ae775b29b6bd9f22a8b8bc3fc,07ce2b0755332b1a,300.0,146.0,RGB,RGB,False,94162.0
caltech_dollar_bill_008,data/raw/caltech_dollar_bill_008.jpg,data/processed/caltech_dollar_bill_008.png,VALID,KEPT_UNCHANGED,Passed all integrity and duplicate checks,5cf4be8204d48ef95d43aacb5c6324b56bbec4db7636ebea17a812af6b6566b3,276133571733c40c,300.0,172.0,RGB,RGB,False,119872.0
caltech_dollar_bill_009,data/raw/caltech_dollar_bill_009.jpg,data/processed/caltech_dollar_bill_009.png,VALID,KEPT_UNCHANGED,Passed all integrity and duplicate checks,efae7e68a77014fff92d6c90d3537cfb2a392247310ab7f9d11f098e05d5bbb1,2ebddd5b630a4d92,300.0,202.0,RGB,RGB,False,137414.0
caltech_dollar_bill_010,data/raw/caltech_dollar_bill_010.jpg,data/processed/caltech_dollar_bill_010.png,VALID,KEPT_UNCHANGED,Passed all integrity and duplicate checks,3ab9b503634ae4334b0348ee1f90145476e2aa6f2cadd5dcce2e9ea63763a1c2,eee82b3b15332bcc,300.0,138.0,RGB,RGB,True,77202.0
caltech_dolphin_001,data/raw/caltech_dolphin_001.jpg,data/processed/caltech_dolphin_001.png,VALID,KEPT_UNCHANGED,Passed all integrity and duplicate checks,0fd2d024e09416ea89c7c59e26c98f9df4e950d67022b1e423bada6182f43592,319647ecec83c2cc,300.0,179.0,RGB,RGB,False,101562.0
caltech_dolphin_002,data/raw/caltech_dolphin_002.jpg,data/processed/caltech_dolphin_002.png,VALID,KEPT_UNCHANGED,Passed all integrity and duplicate checks,02423d9d09712e9a2c764e9b4cbbe5e78d6156b481fc8ee840c3a1298fe88b1e,8c221dec3c37c8af,300.0,179.0,RGB,RGB,False,106553.0
caltech_dolphin_003,data/raw/caltech_dolphin_003.jpg,data/processed/caltech_dolphin_003.png,VALID,KEPT_UNCHANGED,Passed all integrity and duplicate checks,6c1c6adc40473c0d36e719c8cf63a8e5195af7d4b53ec76763c1dccdf298afa2,70f0711393f2f4f0,300.0,166.0,RGB,RGB,False,59208.0
caltech_dolphin_004,data/raw/caltech_dolphin_004.jpg,data/processed/caltech_dolphin_004.png,VALID,KEPT_UNCHANGED,Passed all integrity and duplicate checks,49e639d61bed3a098b0e105a444e3359346ba0c4fa1aa9c689d93d226da9154b,62351c01b5651239,300.0,259.0,RGB,RGB,False,76222.0
caltech_dolphin_005,data/raw/caltech_dolphin_005.jpg,data/processed/caltech_dolphin_005.png,VALID,KEPT_UNCHANGED,Passed all integrity and duplicate checks,92836c0321b683c3bad897819baf0b7e16f113b9bb5444325e4e35c427fe1024,631e6ac999f7362a,300.0,225.0,RGB,RGB,False,102645.0
caltech_dolphin_006,data/raw/caltech_dolphin_006.jpg,data/processed/caltech_dolphin_006.png,VALID,KEPT_UNCHANGED,Passed all integrity and duplicate checks,a0860a711c3e66db60058180414c1d5a105b974cdeddcc48c56de75e1bb70b58,339449c7ce4d1633,300.0,277.0,RGB,RGB,False,112108.0
caltech_dolphin_007,data/raw/caltech_dolphin_007.jpg,data/processed/caltech_dolphin_007.png,VALID,KEPT_UNCHANGED,Passed all integrity and duplicate checks,c23ee41c73890a2a2cc00f581b9b4de28422d1a980736ee07a92ca6a7324e60d,a0299fd444038a88,300.0,183.0,RGB,RGB,False,100793.0
caltech_dolphin_008,data/raw/caltech_dolphin_008.jpg,data/processed/caltech_dolphin_008.png,VALID,KEPT_UNCHANGED,Passed all integrity and duplicate checks,a3b1b59f916765df8cd38ac7f5ea358bae2a728feaa7b6f58a4550aba0188a4a,8013c4e8430639b9,300.0,225.0,RGB,RGB,False,86019.0
caltech_dolphin_009,data/raw/caltech_dolphin_009.jpg,data/processed/caltech_dolphin_009.png,VALID,KEPT_UNCHANGED,Passed all integrity and duplicate checks,dc612d86a1ea4ab09790af0c7f0cced8fb74379c9ec380d9e7acc88ddd501320,6230301006420038,300.0,214.0,RGB,RGB,False,102100.0
caltech_dolphin_010,data/raw/caltech_dolphin_010.jpg,data/processed/caltech_dolphin_010.png,VALID,KEPT_UNCHANGED,Passed all integrity and duplicate checks,393fa4497c3da939ca7e4bf8ed81aa92696f276109157c472285bdfcb95c7105,43a49b47cc6d1d62,300.0,223.0,RGB,RGB,False,52367.0
caltech_dragonfly_001,data/raw/caltech_dragonfly_001.jpg,data/processed/caltech_dragonfly_001.png,VALID,CONVERTED_FROM_GRAYSCALE,Passed all integrity and duplicate checks,bef9ebb79f76883c6c031cb41311dc0adefca0872d554da37f0c017f1a653160,8ac78d8c8591171b,275.0,300.0,L,RGB,True,62911.0
caltech_dragonfly_002,data/raw/caltech_dragonfly_002.jpg,data/processed/caltech_dragonfly_002.png,VALID,KEPT_UNCHANGED,Passed all integrity and duplicate checks,09367ba29c6744b80b30d7534d21b3fe9799a99647ecbf1118498f9277948c3c,253901979f01830b,300.0,295.0,RGB,RGB,False,68513.0
caltech_dragonfly_003,data/raw/caltech_dragonfly_003.jpg,data/processed/caltech_dragonfly_003.png,VALID,KEPT_UNCHANGED,Passed all integrity and duplicate checks,e0655a30d384638b79f47591d3816091a1f6037327ff0ff90121074a54c3f9b6,850303c74f4e56be,300.0,262.0,RGB,RGB,False,106685.0
caltech_dragonfly_004,data/raw/caltech_dragonfly_004.jpg,data/processed/caltech_dragonfly_004.png,VALID,KEPT_UNCHANGED,Passed all integrity and duplicate checks,dbaf7c652ff9aeff2dabf5b8ab4063373837fdab8e92a141341b9d9af0b73a6e,a06060e0e46064a4,300.0,300.0,RGB,RGB,False,54704.0
caltech_dragonfly_005,data/raw/caltech_dragonfly_005.jpg,data/processed/caltech_dragonfly_005.png,VALID,CONVERTED_FROM_GRAYSCALE,Passed all integrity and duplicate checks,ebd7318b7e3292a628dc6391628d5ad54ef13bb20504015e65d5173a653e95da,d0d1d1c28d8985f5,260.0,300.0,L,RGB,True,65700.0
caltech_dragonfly_006,data/raw/caltech_dragonfly_006.jpg,data/processed/caltech_dragonfly_006.png,VALID,KEPT_UNCHANGED,Passed all integrity and duplicate checks,e406dbe725719fb0604aae1520ff11ecc60794c66b582a09c22f98a04fcdddb6,5341d181c3814141,195.0,300.0,RGB,RGB,False,89006.0
caltech_dragonfly_007,data/raw/caltech_dragonfly_007.jpg,data/processed/caltech_dragonfly_007.png,VALID,KEPT_UNCHANGED,Passed all integrity and duplicate checks,d7d37ecba8175674b0a4d454696965d7feba844ad942c98801e96a96a8d4855f,8cae8d8c9707440e,258.0,300.0,RGB,RGB,False,148083.0
caltech_dragonfly_008,data/raw/caltech_dragonfly_008.jpg,data/processed/caltech_dragonfly_008.png,VALID,KEPT_UNCHANGED,Passed all integrity and duplicate checks,9ec7f36bc8b522a67511cbb7749520838c171b52f4ee74f82c3ba559636cedc9,605a783030785c4c,209.0,300.0,RGB,RGB,False,75473.0
caltech_dragonfly_009,data/raw/caltech_dragonfly_009.jpg,data/processed/caltech_dragonfly_009.png,VALID,CONVERTED_FROM_GRAYSCALE,Passed all integrity and duplicate checks,731297cf2e9cc1c5e55ef8075bdec8e6cf08b9c2ebbeb1b27ecbb3a2e5b11d1f,411b939f9d81cd00,202.0,300.0,L,RGB,True,22842.0
caltech_dragonfly_010,data/raw/caltech_dragonfly_010.jpg,data/processed/caltech_dragonfly_010.png,VALID,KEPT_UNCHANGED,Passed all integrity and duplicate checks,6c956253a5cd27cd7edb062a095fced4198f23a8f72fbef42c2eabd9eef33cf9,3232f8d9d3f2f2d0,225.0,300.0,RGB,RGB,False,128368.0
caltech_electric_guitar_001,data/raw/caltech_electric_guitar_001.jpg,data/processed/caltech_electric_guitar_001.png,VALID,KEPT_UNCHANGED,Passed all integrity and duplicate checks,c7d9cfc4d643e13f2e6a5d4ff094978729f152d27cf2d8534c6259679177e862,13407f5010410040,300.0,212.0,RGB,RGB,False,39514.0
caltech_electric_guitar_002,data/raw/caltech_electric_guitar_002.jpg,data/processed/caltech_electric_guitar_002.png,VALID,KEPT_UNCHANGED,Passed all integrity and duplicate checks,eadf9e1eac013da271da41a8ca89441b3645a86941d70d6795ebc815db9a8562,0156c24804400000,300.0,224.0,RGB,RGB,False,35536.0
caltech_electric_guitar_003,data/raw/caltech_electric_guitar_003.jpg,data/processed/caltech_electric_guitar_003.png,VALID,KEPT_UNCHANGED,Passed all integrity and duplicate checks,c4459424300d46bcfd2fb3d74bd8a9edf8e42558b982607608707505cfd3c41a,a424c1c16147c2c0,300.0,176.0,RGB,RGB,False,59232.0
caltech_electric_guitar_004,data/raw/caltech_electric_guitar_004.jpg,data/processed/caltech_electric_guitar_004.png,VALID,KEPT_UNCHANGED,Passed all integrity and duplicate checks,cc48b1e67061cf1d65acd6535912cca254c71b997b061fcc2f00f8ff74a1952d,a1d1312fa931c5c7,300.0,144.0,RGB,RGB,False,79601.0
caltech_electric_guitar_005,data/raw/caltech_electric_guitar_005.jpg,data/processed/caltech_electric_guitar_005.png,VALID,KEPT_UNCHANGED,Passed all integrity and duplicate checks,7a82f71e01fcca3cdbcc11e62968ec60f7fe9490c012a9b3f6475d983f860670,f8eccad8cec4e968,300.0,150.0,RGB,RGB,False,83385.0
caltech_electric_guitar_006,data/raw/caltech_electric_guitar_006.jpg,data/processed/caltech_electric_guitar_006.png,VALID,KEPT_UNCHANGED,Passed all integrity and duplicate checks,0bf31a0a8277f1472ec97e2802f69bfa08b6013922a7b0429861689fafc65256,e3c8ee1fb6fb79b9,300.0,134.0,RGB,RGB,False,70156.0
caltech_electric_guitar_007,data/raw/caltech_electric_guitar_007.jpg,data/processed/caltech_electric_guitar_007.png,VALID,KEPT_UNCHANGED,Passed all integrity and duplicate checks,de2117e836bffaeae8af91f11f85e6ea29f05376baf4e8d034dd91c656e1337a,7013327436bc6d70,300.0,225.0,RGB,RGB,False,53092.0
caltech_electric_guitar_008,data/raw/caltech_electric_guitar_008.jpg,data/processed/caltech_electric_guitar_008.png,VALID,KEPT_UNCHANGED,Passed all integrity and duplicate checks,6e5463875f7673a5cd8de3170414e8a1b14633aa32043bc5e11bc334532028a3,2e5a3d34b24333e9,300.0,199.0,RGB,RGB,False,95478.0
caltech_electric_guitar_009,data/raw/caltech_electric_guitar_009.jpg,data/processed/caltech_electric_guitar_009.png,VALID,KEPT_UNCHANGED,Passed all integrity and duplicate checks,f1ee6ce9ea27357fb529c88b63d901bf80c9043dfe929235adc833dbe7a91ead,e274f1a185d5f130,300.0,223.0,RGB,RGB,False,52699.0
caltech_electric_guitar_010,data/raw/caltech_electric_guitar_010.jpg,data/processed/caltech_electric_guitar_010.png,VALID,KEPT_UNCHANGED,Passed all integrity and duplicate checks,97106e35221123b1b2a4c7f407ec293fdb7930f488bfaa53f24e6cf18e297408,50b333b4921b3de1,300.0,225.0,RGB,RGB,False,125356.0
caltech_elephant_001,data/raw/caltech_elephant_001.jpg,data/processed/caltech_elephant_001.png,VALID,KEPT_UNCHANGED,Passed all integrity and duplicate checks,49495b8fd3e0fa113a0c6cbdb1162cd70cf51413303d29ccf76747efce6f28e5,08749cce4e28aaa9,300.0,225.0,RGB,RGB,False,127705.0
caltech_elephant_002,data/raw/caltech_elephant_002.jpg,data/processed/caltech_elephant_002.png,VALID,KEPT_UNCHANGED,Passed all integrity and duplicate checks,823766732caeec68069aebbfc849cd6a74d36ef944ac1d7368a13629505f8d01,b5555fc7c687f570,300.0,225.0,RGB,RGB,False,152632.0
caltech_elephant_003,data/raw/caltech_elephant_003.jpg,data/processed/caltech_elephant_003.png,VALID,KEPT_UNCHANGED,Passed all integrity and duplicate checks,98c420b6b17af31793b9032afd51d68829a04039964b313f44cb197f062b5ef8,2f89e1ecacb9a9c5,300.0,264.0,RGB,RGB,False,106729.0
caltech_elephant_004,data/raw/caltech_elephant_004.jpg,data/processed/caltech_elephant_004.png,VALID,KEPT_UNCHANGED,Passed all integrity and duplicate checks,0cabf708d84cbc0a18cc9d5f14b6aa341f6c26391273446231ac78b47d86794e,71f6c68fad9e8afb,300.0,243.0,RGB,RGB,False,90115.0
caltech_elephant_005,data/raw/caltech_elephant_005.jpg,data/processed/caltech_elephant_005.png,VALID,KEPT_UNCHANGED,Passed all integrity and duplicate checks,2425158a146e1225457bd5829624472525055d29cf4cd0893390ca67d7168afa,b461f34e6c092959,300.0,188.0,RGB,RGB,False,80743.0
caltech_elephant_006,data/raw/caltech_elephant_006.jpg,data/processed/caltech_elephant_006.png,VALID,KEPT_UNCHANGED,Passed all integrity and duplicate checks,d80b9d42aa0fb0910309483440c84d976ea1f563cc2f2fa7bee88a7f0b35b563,6ce9e3acaa8909eb,300.0,212.0,RGB,RGB,False,116972.0
caltech_elephant_007,data/raw/caltech_elephant_007.jpg,data/processed/caltech_elephant_007.png,VALID,KEPT_UNCHANGED,Passed all integrity and duplicate checks,03bcf3440a2330bb016d4e92b86953f40c1dfa219338fea392b9a48e865bc21b,68e2c66a4b49494b,239.0,300.0,RGB,RGB,False,111043.0
caltech_elephant_008,data/raw/caltech_elephant_008.jpg,data/processed/caltech_elephant_008.png,VALID,KEPT_UNCHANGED,Passed all integrity and duplicate checks,ef8c49d29a9c602f2e52e1aad218693328fbd47ba5b9f26568ecbe40a41239b1,613f9c041c0f5eca,300.0,225.0,RGB,RGB,False,145657.0
caltech_elephant_009,data/raw/caltech_elephant_009.jpg,data/processed/caltech_elephant_009.png,VALID,KEPT_UNCHANGED,Passed all integrity and duplicate checks,aeb7e34e465a704b92216682fb1f20b8947cec4c653e6922de90f4cfd43a4527,4240e68dc90d8999,300.0,291.0,RGB,RGB,False,108052.0
caltech_elephant_010,data/raw/caltech_elephant_010.jpg,data/processed/caltech_elephant_010.png,VALID,KEPT_UNCHANGED,Passed all integrity and duplicate checks,c576e5680d7e018ecb828feb8c97ba299d2bd55c404d7c39929274b5699cebe2,3813378d6c7674e2,300.0,195.0,RGB,RGB,False,72333.0
caltech_emu_001,data/raw/caltech_emu_001.jpg,data/processed/caltech_emu_001.png,VALID,KEPT_UNCHANGED,Passed all integrity and duplicate checks,6540cafa2dc99fdb130432c9f4494f77a03bf760a40db19eb8f95ff606e2d7d4,dad09492979d1b3b,300.0,248.0,RGB,RGB,False,131632.0
caltech_emu_002,data/raw/caltech_emu_002.jpg,data/processed/caltech_emu_002.png,VALID,KEPT_UNCHANGED,Passed all integrity and duplicate checks,af150383d888cc1b0a9b7a6d46cfa946731401dcb186fcfb50994e2b9efdd19d,63470f0f1715b5b6,300.0,220.0,RGB,RGB,False,152266.0
caltech_emu_003,data/raw/caltech_emu_003.jpg,data/processed/caltech_emu_003.png,VALID,KEPT_UNCHANGED,Passed all integrity and duplicate checks,a88830ebdf4e42568f1bc0979d6e735ec2a7f8ba41509a8fbd3cd0b06e1631c3,b7b46c1f632ad7fb,272.0,300.0,RGB,RGB,False,115303.0
caltech_emu_004,data/raw/caltech_emu_004.jpg,data/processed/caltech_emu_004.png,VALID,KEPT_UNCHANGED,Passed all integrity and duplicate checks,cc8fd9c4cc1bb431e5c82fbb763038b8d55317d42dc9fdb7c52e5463885e72bc,c49181464e86c606,300.0,288.0,RGB,RGB,False,138314.0
caltech_emu_005,data/raw/caltech_emu_005.jpg,data/processed/caltech_emu_005.png,VALID,KEPT_UNCHANGED,Passed all integrity and duplicate checks,5041e25aca28d76aae026049c546250cb22faa9725f2c65a1cf50b8ed8e336ea,221fcceb621ecf63,300.0,300.0,RGB,RGB,False,158147.0
caltech_emu_006,data/raw/caltech_emu_006.jpg,data/processed/caltech_emu_006.png,VALID,KEPT_UNCHANGED,Passed all integrity and duplicate checks,cb5cdff4b2b26028a60bf546239538cc3c8e566326a385bf92df32f30c23610f,25656fe8a989bf7b,189.0,300.0,RGB,RGB,False,126247.0
caltech_emu_007,data/raw/caltech_emu_007.jpg,data/processed/caltech_emu_007.png,VALID,KEPT_UNCHANGED,Passed all integrity and duplicate checks,01161af87a9b81b83ee9f99f1d9e341a4c08f883aa9a7527ecbecf5c6df10e93,69d0561a5e2e0f27,300.0,240.0,RGB,RGB,False,149433.0
caltech_emu_008,data/raw/caltech_emu_008.jpg,data/processed/caltech_emu_008.png,VALID,KEPT_UNCHANGED,Passed all integrity and duplicate checks,a46ebd8ab75cca824c349bf53991326d73c1d2996673a12cf27122f3507e727b,19c1de7eb7929090,300.0,225.0,RGB,RGB,False,161753.0
caltech_emu_009,data/raw/caltech_emu_009.jpg,data/processed/caltech_emu_009.png,VALID,KEPT_UNCHANGED,Passed all integrity and duplicate checks,21add12bac11e1d2322de04d9a6ab1d33bce35194edd698eca8f5b54538d365c,a0a08d470290cd57,300.0,253.0,RGB,RGB,False,135056.0
caltech_emu_010,data/raw/caltech_emu_010.jpg,data/processed/caltech_emu_010.png,VALID,KEPT_UNCHANGED,Passed all integrity and duplicate checks,061d3b7adf8d4c35832cfaff64efb6c359c92b540c5e6f8c3aeb64466e9da374,bd9a989e2b681203,300.0,260.0,RGB,RGB,False,144036.0
caltech_euphonium_001,data/raw/caltech_euphonium_001.jpg,data/processed/caltech_euphonium_001.png,VALID,KEPT_UNCHANGED,Passed all integrity and duplicate checks,14ce5eb2e294f7fa7cb7df9964f289dcdf8074d00914d2d779dfb78159fc6159,08078399bfd3f833,300.0,208.0,RGB,RGB,False,96426.0
caltech_euphonium_002,data/raw/caltech_euphonium_002.jpg,data/processed/caltech_euphonium_002.png,VALID,KEPT_UNCHANGED,Passed all integrity and duplicate checks,242d12faea2465427e89fdcd4545e4ed0247b98cd37dbd6ed421cc4adb2c452b,e2b1f0ecb0f0b1b0,300.0,225.0,RGB,RGB,False,123408.0
caltech_euphonium_003,data/raw/caltech_euphonium_003.jpg,data/processed/caltech_euphonium_003.png,VALID,KEPT_UNCHANGED,Passed all integrity and duplicate checks,1bde82b549583d8c33916957a104d5405e508938104955245ea4576fd8e6c262,0ea7b9931f6ff098,300.0,160.0,RGB,RGB,False,68488.0
caltech_euphonium_004,data/raw/caltech_euphonium_004.jpg,data/processed/caltech_euphonium_004.png,VALID,KEPT_UNCHANGED,Passed all integrity and duplicate checks,b8575a781702a3cc9ffd6513ee24575810480bc54278f052ed5207cb443b7000,c823737e7c104061,300.0,225.0,RGB,RGB,False,113831.0
caltech_euphonium_005,data/raw/caltech_euphonium_005.jpg,data/processed/caltech_euphonium_005.png,VALID,KEPT_UNCHANGED,Passed all integrity and duplicate checks,aa37da16aa406a9819a81d8c1712f957af7c536ce77cc8a65d46dccc482eb9af,570f2f312fefb0bc,300.0,187.0,RGB,RGB,False,76848.0
caltech_euphonium_006,data/raw/caltech_euphonium_006.jpg,data/processed/caltech_euphonium_006.png,VALID,KEPT_UNCHANGED,Passed all integrity and duplicate checks,67277f93f3b6ac5658909a3fc33b36c72fa7da43fb31091c91d2753510f0cee3,1e0b33b3a3bbb1b0,300.0,174.0,RGB,RGB,False,74972.0
caltech_euphonium_007,data/raw/caltech_euphonium_007.jpg,data/processed/caltech_euphonium_007.png,VALID,KEPT_UNCHANGED,Passed all integrity and duplicate checks,da2d2a9bafa56693cea41482ce97c0ad6c408c8c021c84a685087d48cf153ad8,9e9e0faf1f175fb7,300.0,199.0,RGB,RGB,False,110115.0
caltech_euphonium_008,data/raw/caltech_euphonium_008.jpg,data/processed/caltech_euphonium_008.png,VALID,KEPT_UNCHANGED,Passed all integrity and duplicate checks,fc6aec0a568c8d087ba86b0af92ab7a7f66190415d1040567ebc5e5370ef9117,69cc46373bcdf318,300.0,181.0,RGB,RGB,False,80219.0
caltech_euphonium_009,data/raw/caltech_euphonium_009.jpg,data/processed/caltech_euphonium_009.png,VALID,KEPT_UNCHANGED,Passed all integrity and duplicate checks,5d693037c007a42f941050650e030b9506a5833df7daa9763a1330bfe5e79cd0,180783b3bbd7f036,300.0,185.0,RGB,RGB,False,84876.0
caltech_euphonium_010,data/raw/caltech_euphonium_010.jpg,data/processed/caltech_euphonium_010.png,VALID,KEPT_UNCHANGED,Passed all integrity and duplicate checks,0c5b2db3432dea6245f9d261b3ce918751ed341e9f96434761dee6635c4cf539,64f0f8d8b0304860,300.0,170.0,RGB,RGB,False,74159.0
caltech_ewer_001,data/raw/caltech_ewer_001.jpg,data/processed/caltech_ewer_001.png,VALID,KEPT_UNCHANGED,Passed all integrity and duplicate checks,f02dcd523be8f327d399c32a7ed29ff2d502ac3849e5798ca17e5f2e863984ed,b181991435070d04,172.0,300.0,RGB,RGB,False,87809.0
caltech_ewer_002,data/raw/caltech_ewer_002.jpg,data/processed/caltech_ewer_002.png,VALID,KEPT_UNCHANGED,Passed all integrity and duplicate checks,98633a6d2da316106f22e18ab2ced9700742e06522b2bfec06ad69c5064f3906,a5959042467281c7,187.0,300.0,RGB,RGB,False,111294.0
caltech_ewer_003,data/raw/caltech_ewer_003.jpg,data/processed/caltech_ewer_003.png,VALID,KEPT_UNCHANGED,Passed all integrity and duplicate checks,e0c2bc1f8c8772305ee9683abf5e1b84df41251041a6cef821fb19b17ce483c0,0d51723839646a89,200.0,300.0,RGB,RGB,False,47188.0
caltech_ewer_004,data/raw/caltech_ewer_004.jpg,data/processed/caltech_ewer_004.png,VALID,KEPT_UNCHANGED,Passed all integrity and duplicate checks,5016a9cf14f50572c4a80d81e571073b171a2c9d2599d2ca284276ac0cb0e4b9,28480b4e56626c70,192.0,300.0,RGB,RGB,False,69848.0
caltech_ewer_005,data/raw/caltech_ewer_005.jpg,data/processed/caltech_ewer_005.png,VALID,KEPT_UNCHANGED,Passed all integrity and duplicate checks,bc5f130daba4cf3799a65a181fae5621110233f9b062ae391a24092950043f71,85a12f2b9e9e1796,228.0,300.0,RGB,RGB,False,101004.0
caltech_ewer_006,data/raw/caltech_ewer_006.jpg,data/processed/caltech_ewer_006.png,VALID,KEPT_UNCHANGED,Passed all integrity and duplicate checks,691fe0a06cf20e06e34ffd862c0ebace483e3f7b1c06e5056b3a8c6945ea1c4c,ecd4b9e066224332,236.0,300.0,RGB,RGB,False,143802.0
caltech_ewer_007,data/raw/caltech_ewer_007.jpg,data/processed/caltech_ewer_007.png,VALID,KEPT_UNCHANGED,Passed all integrity and duplicate checks,72e9bec994c345a3e88670f2e9fa9a44df7ec5118319113ced2e80cdc5edd05a,79353731f0f0f8f8,205.0,300.0,RGB,RGB,False,83628.0
caltech_ewer_008,data/raw/caltech_ewer_008.jpg,data/processed/caltech_ewer_008.png,VALID,KEPT_UNCHANGED,Passed all integrity and duplicate checks,b137b4c1b8519eaf4b237c7e78b75b4a7d2f30426a1947c806e912e3dcbbd77e,66e4e0263232f0f0,241.0,300.0,RGB,RGB,False,103789.0
caltech_ewer_009,data/raw/caltech_ewer_009.jpg,data/processed/caltech_ewer_009.png,VALID,KEPT_UNCHANGED,Passed all integrity and duplicate checks,a5e4a366e6e719399fa08a3fa283bb0df65ed51c47481e3736ccbc4620ac5ec7,d49d9cd035949617,300.0,225.0,RGB,RGB,False,84715.0
caltech_ewer_010,data/raw/caltech_ewer_010.jpg,data/processed/caltech_ewer_010.png,VALID,KEPT_UNCHANGED,Passed all integrity and duplicate checks,b1d1639c910f68a7c084bee8cdb1a16a5e468791de65ba3d7af0d4d279028c3f,7cd8938bcf838f8f,215.0,300.0,RGB,RGB,False,98481.0
caltech_ferry_001,data/raw/caltech_ferry_001.jpg,data/processed/caltech_ferry_001.png,VALID,KEPT_UNCHANGED,Passed all integrity and duplicate checks,595577ec572f00e6e4da046cf4b464d0d26b2d49bb46aa0be636eb17ec4742f5,aaaa2b6af0e81c88,300.0,244.0,RGB,RGB,False,123190.0
caltech_ferry_002,data/raw/caltech_ferry_002.jpg,data/processed/caltech_ferry_002.png,VALID,KEPT_UNCHANGED,Passed all integrity and duplicate checks,6654ec646240c17552764af30f40f44cabad1670146d2e7ce5f75736ef459c6e,f1f171f1b3636198,300.0,193.0,RGB,RGB,False,69876.0
caltech_ferry_003,data/raw/caltech_ferry_003.jpg,data/processed/caltech_ferry_003.png,VALID,KEPT_UNCHANGED,Passed all integrity and duplicate checks,5f732c3701ab59fba7a1dac5b09d72d4e00e360d1c849f2c173c12dff4fc3289,0402eaecb1f8cefc,300.0,163.0,RGB,RGB,False,94251.0
caltech_ferry_004,data/raw/caltech_ferry_004.jpg,data/processed/caltech_ferry_004.png,VALID,KEPT_UNCHANGED,Passed all integrity and duplicate checks,93a05fde99a83ea1f91db5a79cf583d88a82babcf58c598c1c72044fc42998b8,390706311746060e,300.0,225.0,RGB,RGB,False,97049.0
caltech_ferry_005,data/raw/caltech_ferry_005.jpg,data/processed/caltech_ferry_005.png,VALID,KEPT_UNCHANGED,Passed all integrity and duplicate checks,efcc5aee769400fedc8087d854550956b4e6c8884ad8f5cc7773602f0cb2c0bc,70f0703190b0d198,300.0,178.0,RGB,RGB,False,87522.0
caltech_ferry_006,data/raw/caltech_ferry_006.jpg,data/processed/caltech_ferry_006.png,VALID,KEPT_UNCHANGED,Passed all integrity and duplicate checks,51413428704414f0498a8ffc573184c18070aed20037f6b511cb23a763daa760,1e19ff5b511a797d,300.0,180.0,RGB,RGB,False,68626.0
caltech_ferry_007,data/raw/caltech_ferry_007.jpg,data/processed/caltech_ferry_007.png,VALID,KEPT_UNCHANGED,Passed all integrity and duplicate checks,46707f083e3ebdbe860425f47802f3bbd87552a99d8f9d9718d2541f50989b51,0f030381b1008612,300.0,151.0,RGB,RGB,False,60614.0
caltech_ferry_008,data/raw/caltech_ferry_008.jpg,data/processed/caltech_ferry_008.png,VALID,KEPT_UNCHANGED,Passed all integrity and duplicate checks,116aa1d529a69925556a54d82b0581171b1b66ff83ede9e602e1805fe91ca464,dcdc62646c4e0d1c,300.0,179.0,RGB,RGB,False,113084.0
caltech_ferry_009,data/raw/caltech_ferry_009.jpg,data/processed/caltech_ferry_009.png,VALID,KEPT_UNCHANGED,Passed all integrity and duplicate checks,1c53d6d34a42c0b4c65c62d15f7764ac3ae602309ea429cfbcb6271cb2648c2d,39793303a3ef6fef,300.0,186.0,RGB,RGB,False,100843.0
caltech_ferry_010,data/raw/caltech_ferry_010.jpg,data/processed/caltech_ferry_010.png,VALID,KEPT_UNCHANGED,Passed all integrity and duplicate checks,af34ac54bbfb608e8c80f3fbc47429f4bc1c9081f2315025377b9fc5f4b24eae,000030835657c7c3,300.0,225.0,RGB,RGB,False,50928.0
caltech_flamingo_001,data/raw/caltech_flamingo_001.jpg,data/processed/caltech_flamingo_001.png,VALID,KEPT_UNCHANGED,Passed all integrity and duplicate checks,ff0cc066339e049d81726f4536fb8e4427554d59174f0247a5d75962e82d2e2d,c4430e0d0d030101,250.0,300.0,RGB,RGB,False,49026.0
caltech_flamingo_002,data/raw/caltech_flamingo_002.jpg,data/processed/caltech_flamingo_002.png,VALID,KEPT_UNCHANGED,Passed all integrity and duplicate checks,05661e1a37d670d612b20ce2870a0662aacdc2d678a91044c88972c541c02831,0d2d2d0c76fd8549,80.0,300.0,RGB,RGB,False,42033.0
caltech_flamingo_003,data/raw/caltech_flamingo_003.jpg,data/processed/caltech_flamingo_003.png,VALID,KEPT_UNCHANGED,Passed all integrity and duplicate checks,1dafe4728d416cdddb3edacba243cda48b66bffa6c9c110067e90f54b7a5b055,786881b47d33d647,225.0,300.0,RGB,RGB,False,122788.0
caltech_flamingo_004,data/raw/caltech_flamingo_004.jpg,data/processed/caltech_flamingo_004.png,VALID,KEPT_UNCHANGED,Passed all integrity and duplicate checks,f880ef9b45d383329e4fe885a2f064a8d75c47e3e5fa1d93d3c0da51a076d34e,585a5bda426de4e5,300.0,225.0,RGB,RGB,False,142976.0
caltech_flamingo_005,data/raw/caltech_flamingo_005.jpg,data/processed/caltech_flamingo_005.png,VALID,KEPT_UNCHANGED,Passed all integrity and duplicate checks,7c6ba59c588a64de2ae8fe8918315517a26431a0c034cfb51d8b7615dc8008ec,d9e2311370707272,300.0,300.0,RGB,RGB,False,97975.0
caltech_flamingo_006,data/raw/caltech_flamingo_006.jpg,data/processed/caltech_flamingo_006.png,VALID,KEPT_UNCHANGED,Passed all integrity and duplicate checks,25a639e25838a90e560be7cab60c1e12c50385014b7e572cc58bde77cf81548c,802470c08343c349,277.0,300.0,RGB,RGB,False,47170.0
caltech_flamingo_007,data/raw/caltech_flamingo_007.jpg,data/processed/caltech_flamingo_007.png,VALID,KEPT_UNCHANGED,Passed all integrity and duplicate checks,98ca91125de63bbdec60e88f685fb96ed3808f5b42b4415e3db6b5cf09f16394,102230e0d3234b89,212.0,300.0,RGB,RGB,False,36379.0
caltech_flamingo_008,data/raw/caltech_flamingo_008.jpg,data/processed/caltech_flamingo_008.png,VALID,KEPT_UNCHANGED,Passed all integrity and duplicate checks,0b393e474e1be3e2f41f94314e094c5315d2d85264d422e1a251b19460944a37,4010b13274c12134,181.0,300.0,RGB,RGB,False,56235.0
caltech_flamingo_009,data/raw/caltech_flamingo_009.jpg,data/processed/caltech_flamingo_009.png,VALID,KEPT_UNCHANGED,Passed all integrity and duplicate checks,9066d9b7895465e267619bafcd0a8c77b10b2723f273c91fcdd395606898c7a1,702f2f470b0b430b,182.0,300.0,RGB,RGB,False,42120.0
caltech_flamingo_010,data/raw/caltech_flamingo_010.jpg,data/processed/caltech_flamingo_010.png,VALID,KEPT_UNCHANGED,Passed all integrity and duplicate checks,f62c5e12b535edc7f8ab74ae57e2b7fa768b7d5b197d2f9c5e24cc2754b18e76,b4d9f0b539b1b571,300.0,219.0,RGB,RGB,False,95802.0
caltech_flamingo_head_001,data/raw/caltech_flamingo_head_001.jpg,data/processed/caltech_flamingo_head_001.png,VALID,KEPT_UNCHANGED,Passed all integrity and duplicate checks,e2ed194dd20dabc2ed50c53d062796c52749b44facfe5dbee4fc98148c8b51b1,03c1e473607e1f9e,200.0,300.0,RGB,RGB,False,76850.0
caltech_flamingo_head_002,data/raw/caltech_flamingo_head_002.jpg,data/processed/caltech_flamingo_head_002.png,VALID,KEPT_UNCHANGED,Passed all integrity and duplicate checks,ccbce72a26e7dd564730fc4f6921c879a767e416b8367a5fb93a66cccfbfc9ed,cc3c0db999ccc677,205.0,300.0,RGB,RGB,False,128175.0
caltech_flamingo_head_003,data/raw/caltech_flamingo_head_003.jpg,data/processed/caltech_flamingo_head_003.png,VALID,KEPT_UNCHANGED,Passed all integrity and duplicate checks,186299a746291e5ee5400f3b8245a5933dd410237c1ce163cba3a80a36802a31,d9737232337b2b67,217.0,300.0,RGB,RGB,False,69258.0
caltech_flamingo_head_004,data/raw/caltech_flamingo_head_004.jpg,data/processed/caltech_flamingo_head_004.png,VALID,KEPT_UNCHANGED,Passed all integrity and duplicate checks,142e79ca427e18f21bc5cc612050e0993d3ad11121ebe409ec15423c8386e9cf,1410040993021307,300.0,249.0,RGB,RGB,False,50494.0
caltech_flamingo_head_005,data/raw/caltech_flamingo_head_005.jpg,data/processed/caltech_flamingo_head_005.png,VALID,KEPT_UNCHANGED,Passed all integrity and duplicate checks,0f1e30cbad39b50400776dded0ec5c0d61008f7316520dfd0b2d8a4ffc6450a0,1fb5d0727e8a400a,300.0,278.0,RGB,RGB,False,111927.0
caltech_flamingo_head_006,data/raw/caltech_flamingo_head_006.jpg,data/processed/caltech_flamingo_head_006.png,VALID,KEPT_UNCHANGED,Passed all integrity and duplicate checks,1cf0fb743e733b53067e36c128f380cf31409098321cdd5fbc9bc2e28d3722ed,109153373139d014,300.0,283.0,RGB,RGB,False,35402.0
caltech_flamingo_head_007,data/raw/caltech_flamingo_head_007.jpg,data/processed/caltech_flamingo_head_007.png,VALID,KEPT_UNCHANGED,Passed all integrity and duplicate checks,ede69eafb2a644f318e22d2733a35dcc5fff4e72f0c1586558ac5e84a2e9d8ae,c4555c9693936363,300.0,236.0,RGB,RGB,False,119136.0
caltech_flamingo_head_008,data/raw/caltech_flamingo_head_008.jpg,data/processed/caltech_flamingo_head_008.png,VALID,KEPT_UNCHANGED,Passed all integrity and duplicate checks,a617640cec3d4b353f6f3d615d7e21a8e680d3da3d388ac28dd16036b20ad494,1e3e93d6c6cf97ad,300.0,214.0,RGB,RGB,False,94109.0
caltech_flamingo_head_009,data/raw/caltech_flamingo_head_009.jpg,data/processed/caltech_flamingo_head_009.png,VALID,KEPT_UNCHANGED,Passed all integrity and duplicate checks,58b37c12b1b6590ad50ebeb9f433b914ac0a6cd978394437099567cd609ece61,10d476f666337361,196.0,300.0,RGB,RGB,False,84934.0
caltech_flamingo_head_010,data/raw/caltech_flamingo_head_010.jpg,data/processed/caltech_flamingo_head_010.png,VALID,KEPT_UNCHANGED,Passed all integrity and duplicate checks,1b6bce6a9def53dfe3d90ae2fc89de986550cf4848b115568aec020a09ea207d,89e199dd67bf9de9,225.0,300.0,RGB,RGB,False,123457.0
caltech_garfield_001,data/raw/caltech_garfield_001.jpg,data/processed/caltech_garfield_001.png,VALID,CONVERTED_FROM_GRAYSCALE,Passed all integrity and duplicate checks,e433576b1bbebe83408ded62f1a5d2e95b2291c4f1da8470501926971421d0f0,07c6468f8ca66ba9,221.0,300.0,L,RGB,True,39856.0
caltech_garfield_002,data/raw/caltech_garfield_002.jpg,data/processed/caltech_garfield_002.png,VALID,KEPT_UNCHANGED,Passed all integrity and duplicate checks,f0127c8266716f10acd363bc01c9f4b9f18b6da14b542077b8bd88fb60e0d39b,31b2d2d6d64745c4,266.0,300.0,RGB,RGB,False,158645.0
caltech_garfield_003,data/raw/caltech_garfield_003.jpg,data/processed/caltech_garfield_003.png,VALID,KEPT_UNCHANGED,Passed all integrity and duplicate checks,0a57d7801f322216ce542b9158813755bb32e1fca3fdd95b9b807e428359c6a2,9f4e7fae2f46df9b,143.0,300.0,RGB,RGB,False,87522.0
caltech_garfield_004,data/raw/caltech_garfield_004.jpg,data/processed/caltech_garfield_004.png,VALID,KEPT_UNCHANGED,Passed all integrity and duplicate checks,336540482f5f6a5a9f29d507b95e10de89ccb16184c14f198945cdb52b0214b1,31f0d093b373f272,194.0,300.0,RGB,RGB,False,112115.0
caltech_garfield_005,data/raw/caltech_garfield_005.jpg,data/processed/caltech_garfield_005.png,VALID,KEPT_UNCHANGED,Passed all integrity and duplicate checks,ac5eefbdb1251066b39a27a7ed2245894dfeca5138febb8a2b439068a4e7d513,6e6062f4d4c47938,300.0,300.0,RGB,RGB,False,87178.0
caltech_garfield_006,data/raw/caltech_garfield_006.jpg,data/processed/caltech_garfield_006.png,VALID,KEPT_UNCHANGED,Passed all integrity and duplicate checks,a9dca328a8e5ee126de02636012adfaa82f629d5c7a60d166c35fffdce8deee9,9f6766ead9d2e464,225.0,300.0,RGB,RGB,False,127868.0
caltech_garfield_007,data/raw/caltech_garfield_007.jpg,data/processed/caltech_garfield_007.png,VALID,KEPT_UNCHANGED,Passed all integrity and duplicate checks,b6e36bc6f6398eb678363bde53e7af3f26a65925519b89b57ecfa77cb1f8d7b9,4b3d2d2e2a6a4cec,262.0,300.0,RGB,RGB,False,107240.0
caltech_garfield_008,data/raw/caltech_garfield_008.jpg,data/processed/caltech_garfield_008.png,VALID,KEPT_UNCHANGED,Passed all integrity and duplicate checks,3c1d314a6b7ebdb96caf614868f8b927c894a8cfe5ea2198c1cf16af97b2821a,63d392d393f2f3a3,300.0,298.0,RGB,RGB,False,115535.0
caltech_garfield_009,data/raw/caltech_garfield_009.jpg,data/processed/caltech_garfield_009.png,VALID,KEPT_UNCHANGED,Passed all integrity and duplicate checks,b1b00ea720b52a1af1ac252a1c2b0381d3de81b5a9a19b5449193e0c46e8489a,00306161716171f1,292.0,300.0,RGB,RGB,False,48739.0
caltech_garfield_010,data/raw/caltech_garfield_010.jpg,data/processed/caltech_garfield_010.png,VALID,KEPT_UNCHANGED,Passed all integrity and duplicate checks,b364a62d223f040f71d97e1d0d5d80a9247b068c31c250ba3c0a8d6ce9e96c43,0c3e15d86a402422,227.0,300.0,RGB,RGB,False,124094.0
caltech_gerenuk_001,data/raw/caltech_gerenuk_001.jpg,data/processed/caltech_gerenuk_001.png,VALID,KEPT_UNCHANGED,Passed all integrity and duplicate checks,c3913eb31b9916eb847cc0e3031bcf816937fb5274422b774d5d4629a7429e3b,3d3d3d5303c0920d,295.0,300.0,RGB,RGB,False,187417.0
caltech_gerenuk_002,data/raw/caltech_gerenuk_002.jpg,data/processed/caltech_gerenuk_002.png,VALID,KEPT_UNCHANGED,Passed all integrity and duplicate checks,2daf09d9c11f368f1ebfc26158264e3431141bb1de034b76cd2d8054d60968d3,e9d16166e9bc66ae,300.0,300.0,RGB,RGB,False,153961.0
caltech_gerenuk_003,data/raw/caltech_gerenuk_003.jpg,data/processed/caltech_gerenuk_003.png,VALID,KEPT_UNCHANGED,Passed all integrity and duplicate checks,aea0edf3f2202a40d7350f2321401ac6ad720f8d194eced3b02c60f3b380c2f6,9d951717c9696d09,274.0,300.0,RGB,RGB,False,133922.0
caltech_gerenuk_004,data/raw/caltech_gerenuk_004.jpg,data/processed/caltech_gerenuk_004.png,VALID,KEPT_UNCHANGED,Passed all integrity and duplicate checks,c999dd67aff9321b06dcedb07c82248cff9a75f715b0322ca83dc7a9786fea36,d4f2d271714849b9,265.0,300.0,RGB,RGB,False,192155.0
caltech_gerenuk_005,data/raw/caltech_gerenuk_005.jpg,data/processed/caltech_gerenuk_005.png,VALID,KEPT_UNCHANGED,Passed all integrity and duplicate checks,5f12ba875046abad00778a7e3d98c41647052da791047489a0c9e15eb9dc659c,e8dcfef66ede84a1,257.0,300.0,RGB,RGB,False,114071.0
caltech_gerenuk_006,data/raw/caltech_gerenuk_006.jpg,data/processed/caltech_gerenuk_006.png,VALID,KEPT_UNCHANGED,Passed all integrity and duplicate checks,3453d4a8bdd011ea71063178935981a4e424818058ec11d6869ab55b26567de9,9c91a3e17d29acb4,261.0,300.0,RGB,RGB,False,161595.0
caltech_gerenuk_007,data/raw/caltech_gerenuk_007.jpg,data/processed/caltech_gerenuk_007.png,VALID,KEPT_UNCHANGED,Passed all integrity and duplicate checks,b8a20235ed5382fd2965657fdb5c9128075007f5cfbd3bebbd1fa7d3a6c56688,baba7472793b2362,300.0,180.0,RGB,RGB,False,123842.0
caltech_gerenuk_008,data/raw/caltech_gerenuk_008.jpg,data/processed/caltech_gerenuk_008.png,VALID,KEPT_UNCHANGED,Passed all integrity and duplicate checks,5d995f030ee22fa5d2c86be6ddb272ae11904a338beb48aa5754ea56e714173e,cad6c8cad5d99195,300.0,223.0,RGB,RGB,False,115552.0
caltech_gerenuk_009,data/raw/caltech_gerenuk_009.jpg,data/processed/caltech_gerenuk_009.png,VALID,KEPT_UNCHANGED,Passed all integrity and duplicate checks,d8596cc4c99080a335416f5b115a3535a4a27c022594dbab13dff03bfdec3fdd,3e36362524343636,300.0,176.0,RGB,RGB,False,114646.0
caltech_gerenuk_010,data/raw/caltech_gerenuk_010.jpg,data/processed/caltech_gerenuk_010.png,VALID,KEPT_UNCHANGED,Passed all integrity and duplicate checks,cb08ec5c94f97ae04d73040cfb35484d495078c0c47ded0fb4c95d1ee34ff484,000c6cc48c8c8c8a,300.0,161.0,RGB,RGB,False,73830.0
caltech_gramophone_001,data/raw/caltech_gramophone_001.jpg,data/processed/caltech_gramophone_001.png,VALID,KEPT_UNCHANGED,Passed all integrity and duplicate checks,1ca40ab58b12107e5f05f00e61eb01a7037b365d7ccf62071bac74c48971b1bd,7e77f6f3535e6e4a,272.0,300.0,RGB,RGB,False,128815.0
caltech_gramophone_002,data/raw/caltech_gramophone_002.jpg,data/processed/caltech_gramophone_002.png,VALID,KEPT_UNCHANGED,Passed all integrity and duplicate checks,b0276cd720b8e1e287e2aebe6d443aeda1c1eb94f522d33cbe0922775dd6be28,0dcc060ee0d30787,266.0,300.0,RGB,RGB,False,78716.0
caltech_gramophone_003,data/raw/caltech_gramophone_003.jpg,data/processed/caltech_gramophone_003.png,VALID,KEPT_UNCHANGED,Passed all integrity and duplicate checks,0cf09f51e6b81dd8ec6df1ed8a66ec3d944a2a2177ca99176d3730c37f650f8c,a908cccace4d2606,300.0,246.0,RGB,RGB,False,86320.0
caltech_gramophone_004,data/raw/caltech_gramophone_004.jpg,data/processed/caltech_gramophone_004.png,VALID,KEPT_UNCHANGED,Passed all integrity and duplicate checks,394c4ba9f7ffaeb25e880c60fc71a4dbf6c051f7b12126b9e77316aa3dc52bb0,71a437773f3e8696,261.0,300.0,RGB,RGB,False,130343.0
caltech_gramophone_005,data/raw/caltech_gramophone_005.jpg,data/processed/caltech_gramophone_005.png,VALID,KEPT_UNCHANGED,Passed all integrity and duplicate checks,761b8d2913d6f9b60025fedcc5a83a4a00d8b90c0bf6f236a200aeb7d4c332f9,fcfc380728cb479b,234.0,300.0,RGB,RGB,False,81167.0
caltech_gramophone_006,data/raw/caltech_gramophone_006.jpg,data/processed/caltech_gramophone_006.png,VALID,KEPT_UNCHANGED,Passed all integrity and duplicate checks,761d7b70d544a453c083fc90a82e37d02c276388606f78457a148b7f72c53a86,0c46082991874746,264.0,300.0,RGB,RGB,False,75160.0
caltech_gramophone_007,data/raw/caltech_gramophone_007.jpg,data/processed/caltech_gramophone_007.png,VALID,CONVERTED_FROM_GRAYSCALE,Passed all integrity and duplicate checks,80e0855493c7fade8d8ff01f7e3679b5bb1bee5fac1fa820bd8d508bafd79b21,2dac0c0ccc8b8f8f,292.0,300.0,L,RGB,True,138122.0
caltech_gramophone_008,data/raw/caltech_gramophone_008.jpg,data/processed/caltech_gramophone_008.png,VALID,KEPT_UNCHANGED,Passed all integrity and duplicate checks,93f3db27188268ce6d0542dccdebf286c9faace31b349999b913b2594ad6b564,5e501353d4363c78,230.0,300.0,RGB,RGB,False,109785.0
caltech_gramophone_009,data/raw/caltech_gramophone_009.jpg,data/processed/caltech_gramophone_009.png,VALID,KEPT_UNCHANGED,Passed all integrity and duplicate checks,3999629edb2ac035e184e2cfcb8e9aa9fae7437ddb4a6413799b94094edd3ab6,ef7f136a2f4ccc8c,204.0,300.0,RGB,RGB,False,114773.0
caltech_gramophone_010,data/raw/caltech_gramophone_010.jpg,data/processed/caltech_gramophone_010.png,VALID,KEPT_UNCHANGED,Passed all integrity and duplicate checks,0a68ee6091b794db1d0217ae2fee6261bec6f3efd2a74d9ed2c809bf593f66f8,b6daf97c0c8a979e,300.0,300.0,RGB,RGB,False,137553.0
caltech_grand_piano_001,data/raw/caltech_grand_piano_001.jpg,data/processed/caltech_grand_piano_001.png,VALID,KEPT_UNCHANGED,Passed all integrity and duplicate checks,21dcea06bee85ba169634130dfe5b0efc8b44f05decea440ce159df274a0ee3a,e1c0e06160f86060,300.0,271.0,RGB,RGB,False,90361.0
caltech_grand_piano_002,data/raw/caltech_grand_piano_002.jpg,data/processed/caltech_grand_piano_002.png,VALID,KEPT_UNCHANGED,Passed all integrity and duplicate checks,0cf7eaa08d7804539cbb109bb673ffc9c445de8cb0381a22c978648240372ae8,460e0d8d8b2b6b2b,300.0,234.0,RGB,RGB,False,59306.0
caltech_grand_piano_003,data/raw/caltech_grand_piano_003.jpg,data/processed/caltech_grand_piano_003.png,VALID,KEPT_UNCHANGED,Passed all integrity and duplicate checks,e4b9384dab03fcdc40a8b88bcafe9d657f742450d664028514337fc38895b07c,09cc2e9b9eceecac,300.0,299.0,RGB,RGB,False,95320.0
caltech_grand_piano_004,data/raw/caltech_grand_piano_004.jpg,data/processed/caltech_grand_piano_004.png,VALID,KEPT_UNCHANGED,Passed all integrity and duplicate checks,8b2b583872fa3631048d44325d497f267b92cdbc69c70c55920a9767c4b31461,41a9d8f860c0a541,300.0,225.0,RGB,RGB,False,38495.0
caltech_grand_piano_005,data/raw/caltech_grand_piano_005.jpg,data/processed/caltech_grand_piano_005.png,VALID,KEPT_UNCHANGED,Passed all integrity and duplicate checks,5f8eab44caa68d9fb8efc2b731142bc7bc2123e88bf5fbcd6eae3c7851185672,8c4c2e8b0e6a67a6,300.0,288.0,RGB,RGB,False,92295.0
caltech_grand_piano_006,data/raw/caltech_grand_piano_006.jpg,data/processed/caltech_grand_piano_006.png,VALID,KEPT_UNCHANGED,Passed all integrity and duplicate checks,f04afaa7a18675d41051acd2b8928f218829faabdcdf529321b8903f837821fb,678572621670c169,233.0,300.0,RGB,RGB,False,80071.0
caltech_grand_piano_007,data/raw/caltech_grand_piano_007.jpg,data/processed/caltech_grand_piano_007.png,VALID,KEPT_UNCHANGED,Passed all integrity and duplicate checks,5a07e3d3b8fb19683e51a01e002db14657cbeb9861a2fab488df325230edad59,627235959373e1f0,300.0,234.0,RGB,RGB,False,52794.0
caltech_grand_piano_008,data/raw/caltech_grand_piano_008.jpg,data/processed/caltech_grand_piano_008.png,VALID,KEPT_UNCHANGED,Passed all integrity and duplicate checks,cadb4924c6c352dab3920f5c085878bf5153b378def6fa02969dc7d8de445937,804e0e8c0f998501,300.0,246.0,RGB,RGB,False,53760.0
caltech_grand_piano_009,data/raw/caltech_grand_piano_009.jpg,data/processed/caltech_grand_piano_009.png,VALID,KEPT_UNCHANGED,Passed all integrity and duplicate checks,247ccf40048cb8127f6c0c5c039de72cc4ce9ffd97d47e696ac15cb28b08463b,846c1e0d0ecb8242,300.0,300.0,RGB,RGB,False,75301.0
caltech_grand_piano_010,data/raw/caltech_grand_piano_010.jpg,data/processed/caltech_grand_piano_010.png,VALID,KEPT_UNCHANGED,Passed all integrity and duplicate checks,0c2744b5c7e7cd181e3fe12a8cb761fad5ceea22d7a438294b4a3b0d196e8ab9,565e190d0e1bbbd6,300.0,284.0,RGB,RGB,False,132623.0
caltech_hawksbill_001,data/raw/caltech_hawksbill_001.jpg,data/processed/caltech_hawksbill_001.png,VALID,KEPT_UNCHANGED,Passed all integrity and duplicate checks,9ffcf5c1988b9bc04e79498ff36b2fe2f0f7543dd4c585c994fe64f93a3b86e2,713b33f3bc9774f8,300.0,223.0,RGB,RGB,False,86866.0
caltech_hawksbill_002,data/raw/caltech_hawksbill_002.jpg,data/processed/caltech_hawksbill_002.png,VALID,KEPT_UNCHANGED,Passed all integrity and duplicate checks,f2de4019e15d7ddacd1af4dc72759be7ccd1d75c41b933628b98259fadf2b24b,f0b11fce07bc76e4,300.0,230.0,RGB,RGB,False,175683.0
caltech_hawksbill_003,data/raw/caltech_hawksbill_003.jpg,data/processed/caltech_hawksbill_003.png,VALID,KEPT_UNCHANGED,Passed all integrity and duplicate checks,21577caabb607c24fa8795f907dadaa3ef8723d15f1f3af9b2ea3ffd1def6224,72f0d6d2326470f0,300.0,198.0,RGB,RGB,False,91490.0
caltech_hawksbill_004,data/raw/caltech_hawksbill_004.jpg,data/processed/caltech_hawksbill_004.png,VALID,KEPT_UNCHANGED,Passed all integrity and duplicate checks,b349f5209a39fcf33fa1bfb8a1c2e0a61e307bad59f3684dcc41751609a1ee22,f3fd77d3da3c3f3e,300.0,256.0,RGB,RGB,False,140556.0
caltech_hawksbill_005,data/raw/caltech_hawksbill_005.jpg,data/processed/caltech_hawksbill_005.png,VALID,KEPT_UNCHANGED,Passed all integrity and duplicate checks,d056fffc9dd3bdb5b7b7141cba4ba5f2a4db4e781fc58b400b63f1fc7168e66a,68c63b7fe7eb8938,300.0,230.0,RGB,RGB,False,105017.0
caltech_hawksbill_006,data/raw/caltech_hawksbill_006.jpg,data/processed/caltech_hawksbill_006.png,VALID,KEPT_UNCHANGED,Passed all integrity and duplicate checks,0454a181bd3889910e7f541f804bc84837c9d43fcb41cce28fe92f6b096b0f78,402064b7c394557e,300.0,215.0,RGB,RGB,False,111219.0
caltech_hawksbill_007,data/raw/caltech_hawksbill_007.jpg,data/processed/caltech_hawksbill_007.png,VALID,KEPT_UNCHANGED,Passed all integrity and duplicate checks,e05692793e246f5dd8ed2e4c67e4db15641c55c511a493020d05d0dab3c898d6,130f49e1f6b4380f,299.0,234.0,RGB,RGB,False,142101.0
caltech_hawksbill_008,data/raw/caltech_hawksbill_008.jpg,data/processed/caltech_hawksbill_008.png,VALID,KEPT_UNCHANGED,Passed all integrity and duplicate checks,e9f2ea7c81b2238da46f1836a284f4a6daa438cef7b1606b40718da7374e3bb1,c41bb9e1b1f83e3e,300.0,262.0,RGB,RGB,False,97498.0
caltech_hawksbill_009,data/raw/caltech_hawksbill_009.jpg,data/processed/caltech_hawksbill_009.png,VALID,KEPT_UNCHANGED,Passed all integrity and duplicate checks,da3d68831d5da85f84cc0e5464567d62d16c60eaa127dc127d9fb847bd6b7109,b7dc93e9799e864f,300.0,204.0,RGB,RGB,False,111267.0
caltech_hawksbill_010,data/raw/caltech_hawksbill_010.jpg,data/processed/caltech_hawksbill_010.png,VALID,KEPT_UNCHANGED,Passed all integrity and duplicate checks,5f25a98acb457fba696e1abcf16d5f3612a9f73aaa52a76a0bacc001cae620fa,7773721331d2c2c3,299.0,152.0,RGB,RGB,False,126918.0
caltech_headphone_001,data/raw/caltech_headphone_001.jpg,data/processed/caltech_headphone_001.png,VALID,KEPT_UNCHANGED,Passed all integrity and duplicate checks,d73a475438a996d4a3c6421677bf62c36f8e3cbf7f2f6bcfc08c3d0005c4551c,2d9d4c64c6c64617,300.0,300.0,RGB,RGB,False,44422.0
caltech_headphone_002,data/raw/caltech_headphone_002.jpg,data/processed/caltech_headphone_002.png,VALID,KEPT_UNCHANGED,Passed all integrity and duplicate checks,6b5085a4308f9930825d9652f1c70c0e3bdf67cbc24a274d2e41f91ad4cd4a1c,804e29a99d8f964b,250.0,300.0,RGB,RGB,False,51722.0
caltech_headphone_003,data/raw/caltech_headphone_003.jpg,data/processed/caltech_headphone_003.png,VALID,KEPT_UNCHANGED,Passed all integrity and duplicate checks,5d8ef7922c4c39bd84a46e278c91104c26e263d865b782d68a866f9eb1a228ea,548894cccccc9733,225.0,300.0,RGB,RGB,False,61749.0
caltech_headphone_004,data/raw/caltech_headphone_004.jpg,data/processed/caltech_headphone_004.png,VALID,KEPT_UNCHANGED,Passed all integrity and duplicate checks,473b4611fa1e4053ae9423e3fc808223841cc410edaf34b557a74db56be0d853,2baa0b2766870b4b,300.0,297.0,RGB,RGB,False,51660.0
caltech_headphone_005,data/raw/caltech_headphone_005.jpg,data/processed/caltech_headphone_005.png,VALID,KEPT_UNCHANGED,Passed all integrity and duplicate checks,5bc045488741d2c82e38c111808312ea6128227a10209f4ae68ce4d914c67b8b,0f5747eba7cb8f1e,300.0,280.0,RGB,RGB,False,72297.0
caltech_headphone_006,data/raw/caltech_headphone_006.jpg,data/processed/caltech_headphone_006.png,VALID,KEPT_UNCHANGED,Passed all integrity and duplicate checks,0b56392595e384fc81d40fbf1d8f05e6b603684f872dad5d6f086d4ecfd5bc95,1fc968ac6a6acc60,260.0,300.0,RGB,RGB,False,92037.0
caltech_headphone_007,data/raw/caltech_headphone_007.jpg,data/processed/caltech_headphone_007.png,VALID,KEPT_UNCHANGED,Passed all integrity and duplicate checks,4de7d0a591ec370430107bbc46ed5554fe4430208fe6d720af364bda1c0d4af4,2b2b96972b282969,279.0,300.0,RGB,RGB,True,30478.0
caltech_headphone_008,data/raw/caltech_headphone_008.jpg,data/processed/caltech_headphone_008.png,VALID,KEPT_UNCHANGED,Passed all integrity and duplicate checks,7dc8089049f2d76462b8ee0261472b45cb6085e6d5a49e9d79eeebe7d5b25a42,6f76fcd9747672cc,210.0,300.0,RGB,RGB,False,72538.0
caltech_headphone_009,data/raw/caltech_headphone_009.jpg,data/processed/caltech_headphone_009.png,VALID,KEPT_UNCHANGED,Passed all integrity and duplicate checks,333ffdab9970462c2899701a22759e8e29251ce20f8f6787fd5f6604d2a965d5,0de81928ae8e8e96,300.0,292.0,RGB,RGB,False,83036.0
caltech_headphone_010,data/raw/caltech_headphone_010.jpg,data/processed/caltech_headphone_010.png,VALID,KEPT_UNCHANGED,Passed all integrity and duplicate checks,e8a5d3be6734d123370550883d6a2bd70147c08611eec0fc6de2a1a8f55259e3,1cc9c99b9a1e37e6,300.0,264.0,RGB,RGB,False,84592.0
caltech_hedgehog_001,data/raw/caltech_hedgehog_001.jpg,data/processed/caltech_hedgehog_001.png,VALID,KEPT_UNCHANGED,Passed all integrity and duplicate checks,77cb0800ffc76813bcebdc049d5811e40c34cc0a74edf505ef4ddb740e20f912,c9e362e8f4bc3af5,300.0,225.0,RGB,RGB,False,148951.0
caltech_hedgehog_002,data/raw/caltech_hedgehog_002.jpg,data/processed/caltech_hedgehog_002.png,VALID,KEPT_UNCHANGED,Passed all integrity and duplicate checks,c404c48065601cb6c9aa54dfcc5cfb6c0ab3b4536d30925b2449fc2d62055160,2199d2373330c86e,300.0,255.0,RGB,RGB,False,203398.0
caltech_hedgehog_003,data/raw/caltech_hedgehog_003.jpg,data/processed/caltech_hedgehog_003.png,VALID,KEPT_UNCHANGED,Passed all integrity and duplicate checks,3ccea8d7039607f2c1d8ec0e33675e248d77aa246b976ff1bb7c4ec2a530c86d,178fcd0b4a8ccc17,300.0,272.0,RGB,RGB,False,104796.0
caltech_hedgehog_004,data/raw/caltech_hedgehog_004.jpg,data/processed/caltech_hedgehog_004.png,VALID,KEPT_UNCHANGED,Passed all integrity and duplicate checks,713b3ca8563f98da95a7cb085e1a05faaf57cab0fd84cc8eed49b8241a0ff87e,28138e4c2c8a40ea,300.0,262.0,RGB,RGB,False,90754.0
caltech_hedgehog_005,data/raw/caltech_hedgehog_005.jpg,data/processed/caltech_hedgehog_005.png,VALID,KEPT_UNCHANGED,Passed all integrity and duplicate checks,9ce984417ddb676f200500dbfcbbd50169439f6bcc1cf606524eca677a1ef532,c42781d09031c273,300.0,222.0,RGB,RGB,False,135534.0
caltech_hedgehog_006,data/raw/caltech_hedgehog_006.jpg,data/processed/caltech_hedgehog_006.png,VALID,KEPT_UNCHANGED,Passed all integrity and duplicate checks,e05fbe9a04415a74f7f38279c84e9ba74d7d0f2edc14f6a9b47f485bd48bc02f,0b69395b973d2d6c,300.0,202.0,RGB,RGB,False,147538.0
caltech_hedgehog_007,data/raw/caltech_hedgehog_007.jpg,data/processed/caltech_hedgehog_007.png,VALID,KEPT_UNCHANGED,Passed all integrity and duplicate checks,a5654291b7824ca45a0d0a9e91d5c781ff5c1c5a0ef6cf20d930848c45db1076,83e63e84c607c3d1,300.0,169.0,RGB,RGB,False,85902.0
caltech_hedgehog_008,data/raw/caltech_hedgehog_008.jpg,data/processed/caltech_hedgehog_008.png,VALID,KEPT_UNCHANGED,Passed all integrity and duplicate checks,a6d40ae43742c31ff8e5c54cafd9512191f093bf494c61105fb0b0a1c7b391d1,64e0d2f662052750,300.0,264.0,RGB,RGB,False,158449.0
caltech_hedgehog_009,data/raw/caltech_hedgehog_009.jpg,data/processed/caltech_hedgehog_009.png,VALID,KEPT_UNCHANGED,Passed all integrity and duplicate checks,52fd42fd2dd9968b78aced405c3eee36734014b5758b8a1604a60a3e2f1769b3,462e0f0e4ecdadae,300.0,260.0,RGB,RGB,False,116554.0
caltech_hedgehog_010,data/raw/caltech_hedgehog_010.jpg,data/processed/caltech_hedgehog_010.png,VALID,KEPT_UNCHANGED,Passed all integrity and duplicate checks,6a8489a59385d624fc8f3d1c15fbe3f0e8490f416f85c87f0e0e39052e504195,c9e362e8f4fc72f5,300.0,225.0,RGB,RGB,False,153993.0
caltech_helicopter_001,data/raw/caltech_helicopter_001.jpg,data/processed/caltech_helicopter_001.png,VALID,KEPT_UNCHANGED,Passed all integrity and duplicate checks,c456d716a40232d2ae58bb8afc832e78a05b4831d455df3c183e703402d93e3a,2010c4951792e3ee,300.0,193.0,RGB,RGB,False,77309.0
caltech_helicopter_002,data/raw/caltech_helicopter_002.jpg,data/processed/caltech_helicopter_002.png,VALID,KEPT_UNCHANGED,Passed all integrity and duplicate checks,0f9c3ea64439b81b930c94434f08d0592b61393cf86c41c9a47c2f9ad95834ac,7440213be47c0c24,300.0,196.0,RGB,RGB,False,150892.0
caltech_helicopter_003,data/raw/caltech_helicopter_003.jpg,data/processed/caltech_helicopter_003.png,VALID,KEPT_UNCHANGED,Passed all integrity and duplicate checks,3660d9a9fea11ec8cf5f4ea27466491d27b55777242792826069961939e0192e,df63f5b90bf6381a,300.0,236.0,RGB,RGB,False,106499.0
caltech_helicopter_004,data/raw/caltech_helicopter_004.jpg,data/processed/caltech_helicopter_004.png,VALID,KEPT_UNCHANGED,Passed all integrity and duplicate checks,73c1278a0f5c6326d136a10b6d3ece00d5afe92692b2495e2d08ab4702c465c2,f25223ce6a199370,300.0,180.0,RGB,RGB,False,39579.0
caltech_helicopter_005,data/raw/caltech_helicopter_005.jpg,data/processed/caltech_helicopter_005.png,VALID,KEPT_UNCHANGED,Passed all integrity and duplicate checks,0bcdb092fa4c8ba0e8eb1ab4747547dae9f6e386e99732ed17db95c504fe8f5e,70f07226a491f1f0,300.0,165.0,RGB,RGB,False,66164.0
caltech_helicopter_006,data/raw/caltech_helicopter_006.jpg,data/processed/caltech_helicopter_006.png,VALID,KEPT_UNCHANGED,Passed all integrity and duplicate checks,90aeaf26d6b231843032b0f34dbbc1ad9f9c80315aa34b2679ba7734f41e8854,01f00d0b9e97080f,300.0,183.0,RGB,RGB,False,31489.0
caltech_helicopter_007,data/raw/caltech_helicopter_007.jpg,data/processed/caltech_helicopter_007.png,VALID,KEPT_UNCHANGED,Passed all integrity and duplicate checks,3cdb8e690a151d24d712172be88c7514ab98540b1c1d477743fe0d5ee91c1800,230341b19b5d6174,300.0,221.0,RGB,RGB,False,153105.0
caltech_helicopter_008,data/raw/caltech_helicopter_008.jpg,data/processed/caltech_helicopter_008.png,VALID,KEPT_UNCHANGED,Passed all integrity and duplicate checks,bac95361e01b498579d6083a80eb5cbc4a6d26d561f535b8786502018031efea,215103c38d0961a9,300.0,231.0,RGB,RGB,False,97226.0
caltech_helicopter_009,data/raw/caltech_helicopter_009.jpg,data/processed/caltech_helicopter_009.png,VALID,KEPT_UNCHANGED,Passed all integrity and duplicate checks,504a5fd421efa2e5fba5bdbd684d7553462cc7c5a1d4d7c16095b537323f4ce7,601f73571bcecd4e,300.0,195.0,RGB,RGB,False,67182.0
caltech_helicopter_010,data/raw/caltech_helicopter_010.jpg,data/processed/caltech_helicopter_010.png,VALID,KEPT_UNCHANGED,Passed all integrity and duplicate checks,bc1b2c606b03b55a5984571361d8e326b4f8d6ca278e7b1b47838e0be7eb51ec,eff97bb633237a1f,300.0,254.0,RGB,RGB,False,151774.0
caltech_ibis_001,data/raw/caltech_ibis_001.jpg,data/processed/caltech_ibis_001.png,VALID,KEPT_UNCHANGED,Passed all integrity and duplicate checks,6bb8d303b42c4283a2e74ab64cc440f1b19a34678dce99e2db30ab00a913916d,79e1e9e983b57372,186.0,300.0,RGB,RGB,False,119805.0
caltech_ibis_002,data/raw/caltech_ibis_002.jpg,data/processed/caltech_ibis_002.png,VALID,KEPT_UNCHANGED,Passed all integrity and duplicate checks,a1d6b5ed009f8f759645b6b9e297a1ed0bfe5630459b28317941c428f8f034b3,d0c0d2dc78197773,300.0,259.0,RGB,RGB,False,118049.0
caltech_ibis_003,data/raw/caltech_ibis_003.jpg,data/processed/caltech_ibis_003.png,VALID,KEPT_UNCHANGED,Passed all integrity and duplicate checks,5d2c694b97d2275e25b2518d1045ec169e9047ea5eb16b1b6cb74a697310bd31,2839c84852991e9a,300.0,287.0,RGB,RGB,False,111282.0
caltech_ibis_004,data/raw/caltech_ibis_004.jpg,data/processed/caltech_ibis_004.png,VALID,KEPT_UNCHANGED,Passed all integrity and duplicate checks,3a1b8fcbd9a7f27fb22a97f14baa243d6e5073bfbeafd5e04df5e5db5ae0bc4a,a5d8daecf1d20815,300.0,265.0,RGB,RGB,False,166523.0
caltech_ibis_005,data/raw/caltech_ibis_005.jpg,data/processed/caltech_ibis_005.png,VALID,KEPT_UNCHANGED,Passed all integrity and duplicate checks,8cbaf2a604997808568916e81f83c8b2e2ef5f6302fb54e5371e2e1917304ce7,9b6a31f3919180c0,280.0,300.0,RGB,RGB,False,121510.0
caltech_ibis_006,data/raw/caltech_ibis_006.jpg,data/processed/caltech_ibis_006.png,VALID,KEPT_UNCHANGED,Passed all integrity and duplicate checks,c634120112eea0bb1b18015dee262495eb7e3f3bf1091ac2d0420d6bec5e1a69,d975f4e0c5784868,213.0,300.0,RGB,RGB,False,106163.0
caltech_ibis_007,data/raw/caltech_ibis_007.jpg,data/processed/caltech_ibis_007.png,VALID,KEPT_UNCHANGED,Passed all integrity and duplicate checks,8058c267fe30443be58d1beefca04c1f43cbce34eb5fdea1966947490f2395be,33d6c4e9ac423e1e,300.0,244.0,RGB,RGB,False,154986.0
caltech_ibis_008,data/raw/caltech_ibis_008.jpg,data/processed/caltech_ibis_008.png,VALID,KEPT_UNCHANGED,Passed all integrity and duplicate checks,7ce9ee50fb7a12d6579da1831c7294ae0924f7a961750dd0dd88dc15fdef2e86,4b49cba1a1421a05,300.0,274.0,RGB,RGB,False,146379.0
caltech_ibis_009,data/raw/caltech_ibis_009.jpg,data/processed/caltech_ibis_009.png,VALID,KEPT_UNCHANGED,Passed all integrity and duplicate checks,ef62c8993f55fe03abe9d2156b3fb00795434bd7804e84309f0f732dce6a8b7c,7b7ed8f1b357e77a,253.0,300.0,RGB,RGB,False,117460.0
caltech_ibis_010,data/raw/caltech_ibis_010.jpg,data/processed/caltech_ibis_010.png,VALID,KEPT_UNCHANGED,Passed all integrity and duplicate checks,2db4a351659d2bc2a7dc941c15181b56851cd0119f5a3de753322a60e48d40b8,733b2cf0f387f0e0,300.0,233.0,RGB,RGB,False,81623.0
caltech_inline_skate_001,data/raw/caltech_inline_skate_001.jpg,data/processed/caltech_inline_skate_001.png,VALID,KEPT_UNCHANGED,Passed all integrity and duplicate checks,1d13606b529d108f4e3d92ed90fd4d12302636624ad992ea15251cce72fc5281,9591959347461434,300.0,257.0,RGB,RGB,False,79799.0
caltech_inline_skate_002,data/raw/caltech_inline_skate_002.jpg,data/processed/caltech_inline_skate_002.png,VALID,KEPT_UNCHANGED,Passed all integrity and duplicate checks,7c15669f410308ab35c393ce1450b24713f3f4e276ea8937acc5e63af20c24c9,8d8d03198ccecfe3,288.0,300.0,RGB,RGB,False,124866.0
caltech_inline_skate_003,data/raw/caltech_inline_skate_003.jpg,data/processed/caltech_inline_skate_003.png,VALID,KEPT_UNCHANGED,Passed all integrity and duplicate checks,6c4a816c51f210beccecf358d0a76eeeeacfd53f34a21371f5bd991cb924bd5d,99990e0e0fcdcfe2,291.0,300.0,RGB,RGB,False,131552.0
caltech_inline_skate_004,data/raw/caltech_inline_skate_004.jpg,data/processed/caltech_inline_skate_004.png,VALID,KEPT_UNCHANGED,Passed all integrity and duplicate checks,240e810ba5306904cfb02df21404fe4993e86c151a16f227b8800cd4198fa3a3,4806268686460608,300.0,274.0,RGB,RGB,False,70455.0
caltech_inline_skate_005,data/raw/caltech_inline_skate_005.jpg,data/processed/caltech_inline_skate_005.png,VALID,KEPT_UNCHANGED,Passed all integrity and duplicate checks,60e1fd39d0c7bb3f3f17119f1abd19201abec62a954c4cd68a898fefcf754702,4b0f070f0e677109,300.0,300.0,RGB,RGB,False,105391.0
caltech_inline_skate_006,data/raw/caltech_inline_skate_006.jpg,data/processed/caltech_inline_skate_006.png,VALID,KEPT_UNCHANGED,Passed all integrity and duplicate checks,ba76b4fd0ff1278d6a0bfdffb6ece109e49e44d89a7426d4f3e8b492f8befb5e,3b3fb89a4b6b89b2,300.0,286.0,RGB,RGB,False,112242.0
caltech_inline_skate_007,data/raw/caltech_inline_skate_007.jpg,data/processed/caltech_inline_skate_007.png,VALID,KEPT_UNCHANGED,Passed all integrity and duplicate checks,2fb61bdcb7f62a8c5905948c1b1bf2b399a14cb1cb7508a4865e4f9fc7a9c11f,0c0c2c0cce4ecc4e,300.0,300.0,RGB,RGB,False,72073.0
caltech_inline_skate_008,data/raw/caltech_inline_skate_008.jpg,data/processed/caltech_inline_skate_008.png,VALID,KEPT_UNCHANGED,Passed all integrity and duplicate checks,5a582a0fb73aad76c5665f01c07b4905cdb11fbbd3a307b3b8530b8da2b07301,464e0e0c0c4c4c0c,300.0,250.0,RGB,RGB,False,73221.0
caltech_inline_skate_009,data/raw/caltech_inline_skate_009.jpg,data/processed/caltech_inline_skate_009.png,VALID,KEPT_UNCHANGED,Passed all integrity and duplicate checks,c97614025ee036f96b7557837f1cb7c4466ea1078d3172f3f49260ef4897d053,89c9a9c9f0711352,300.0,225.0,RGB,RGB,False,69234.0
caltech_inline_skate_010,data/raw/caltech_inline_skate_010.jpg,data/processed/caltech_inline_skate_010.png,VALID,KEPT_UNCHANGED,Passed all integrity and duplicate checks,49858ca4621d26593feb7dd2865d83d10493ba5da9a69ebc57c89624a8fa4a37,0c4c2c0c8ccc4aba,300.0,277.0,RGB,RGB,False,111360.0
caltech_joshua_tree_001,data/raw/caltech_joshua_tree_001.jpg,data/processed/caltech_joshua_tree_001.png,VALID,KEPT_UNCHANGED,Passed all integrity and duplicate checks,3d4d068416b2257db9f8150caf1ed1adde30e5ce0826a8ef564519c825b62d68,7151e4ad9196b298,232.0,300.0,RGB,RGB,False,142376.0
caltech_joshua_tree_002,data/raw/caltech_joshua_tree_002.jpg,data/processed/caltech_joshua_tree_002.png,VALID,KEPT_UNCHANGED,Passed all integrity and duplicate checks,72bef330aa8194b171d550487adb68a780b729a7d8896e0bf1a7d4a99e43ec50,4286862606034094,285.0,300.0,RGB,RGB,False,134739.0
caltech_joshua_tree_003,data/raw/caltech_joshua_tree_003.jpg,data/processed/caltech_joshua_tree_003.png,VALID,KEPT_UNCHANGED,Passed all integrity and duplicate checks,456ed0fa0e23343b9d0080a68dd147e57af12d22d939ff8673e900c7314f8c19,14357c4672726523,300.0,268.0,RGB,RGB,False,116894.0
caltech_joshua_tree_004,data/raw/caltech_joshua_tree_004.jpg,data/processed/caltech_joshua_tree_004.png,VALID,KEPT_UNCHANGED,Passed all integrity and duplicate checks,793368c139726fd74d87cdaa6e94516eac0d70016f817dcc9b056bebb229ae68,e387abaa1ebec903,214.0,300.0,RGB,RGB,False,113945.0
caltech_joshua_tree_005,data/raw/caltech_joshua_tree_005.jpg,data/processed/caltech_joshua_tree_005.png,VALID,CONVERTED_FROM_GRAYSCALE,Passed all integrity and duplicate checks,99e1351df1515bd331f2b1d3d6660073f3c54006f7845bbf1828af4737a92377,71b68dcd4a9a83c7,300.0,273.0,L,RGB,True,81828.0
caltech_joshua_tree_006,data/raw/caltech_joshua_tree_006.jpg,data/processed/caltech_joshua_tree_006.png,VALID,KEPT_UNCHANGED,Passed all integrity and duplicate checks,1383b7e6b9d49ddda38fd5a27230256a91e6914f5941ea1a3ba3dae607d03940,4b038dcd818562e7,258.0,300.0,RGB,RGB,False,147721.0
caltech_joshua_tree_007,data/raw/caltech_joshua_tree_007.jpg,data/processed/caltech_joshua_tree_007.png,VALID,KEPT_UNCHANGED,Passed all integrity and duplicate checks,605766adab38288ac97d7d7932e1f78fe46013359fbe6df4d614b805ac999124,8446a6254e2c1d0a,297.0,300.0,RGB,RGB,False,79942.0
caltech_joshua_tree_008,data/raw/caltech_joshua_tree_008.jpg,data/processed/caltech_joshua_tree_008.png,VALID,KEPT_UNCHANGED,Passed all integrity and duplicate checks,1b5970698012174a5f58ec8b70bd5f864a7c276f1bbb7abe2ab0ff982309977f,446abe96de3f134b,252.0,300.0,RGB,RGB,False,171543.0
caltech_joshua_tree_009,data/raw/caltech_joshua_tree_009.jpg,data/processed/caltech_joshua_tree_009.png,VALID,KEPT_UNCHANGED,Passed all integrity and duplicate checks,56d6797d3d1d0bfc1e2c1e0baf90621370ca952601311b71acfe6e4beabfe015,86960ece8e2d8fe6,293.0,300.0,RGB,RGB,False,158276.0
caltech_joshua_tree_010,data/raw/caltech_joshua_tree_010.jpg,data/processed/caltech_joshua_tree_010.png,VALID,KEPT_UNCHANGED,Passed all integrity and duplicate checks,abd0334a7d75a0148d92e88f166708382a7a29d566c9a8ce308733e8a0206234,f0707a7270b10529,209.0,300.0,RGB,RGB,False,124818.0
caltech_kangaroo_001,data/raw/caltech_kangaroo_001.jpg,data/processed/caltech_kangaroo_001.png,VALID,KEPT_UNCHANGED,Passed all integrity and duplicate checks,80b88ffa0e7e1069245ef4cc271efd385920a4108d00ad0e0b407b84f89f91a7,e1b4b5e781119c8e,300.0,204.0,RGB,RGB,False,80569.0
caltech_kangaroo_002,data/raw/caltech_kangaroo_002.jpg,data/processed/caltech_kangaroo_002.png,VALID,KEPT_UNCHANGED,Passed all integrity and duplicate checks,84aa260ada39ce0aa772513dc2d1452c92ff122d82a42d22f1613176c781fafb,d2527272331393b2,300.0,254.0,RGB,RGB,False,161934.0
caltech_kangaroo_003,data/raw/caltech_kangaroo_003.jpg,data/processed/caltech_kangaroo_003.png,VALID,KEPT_UNCHANGED,Passed all integrity and duplicate checks,1cd1ad2c97d646600d8ab6b3d5f8fc97c5dd3fdd3c89f73d1c4a8c10deebfb51,2620ccee56171e5e,279.0,300.0,RGB,RGB,False,198362.0
caltech_kangaroo_004,data/raw/caltech_kangaroo_004.jpg,data/processed/caltech_kangaroo_004.png,VALID,KEPT_UNCHANGED,Passed all integrity and duplicate checks,243672d7fdcef6362a6024a5126a736b76b5f20f86f5f7fee552f709d8406488,4b43422b8999ed2e,300.0,248.0,RGB,RGB,False,149326.0
caltech_kangaroo_005,data/raw/caltech_kangaroo_005.jpg,data/processed/caltech_kangaroo_005.png,VALID,KEPT_UNCHANGED,Passed all integrity and duplicate checks,6e9a5fdd6677fc62f751f7a54327d5138f5b71fba66bc4d6e041058929d5c479,d6f9e8fd6d766667,276.0,300.0,RGB,RGB,False,138067.0
caltech_kangaroo_006,data/raw/caltech_kangaroo_006.jpg,data/processed/caltech_kangaroo_006.png,VALID,KEPT_UNCHANGED,Passed all integrity and duplicate checks,fab5363ac583a1d4c87b864b19d7fb193e0db49c91c9b1a57318c4c27746c671,2386460389837ef9,245.0,300.0,RGB,RGB,False,90663.0
caltech_kangaroo_007,data/raw/caltech_kangaroo_007.jpg,data/processed/caltech_kangaroo_007.png,VALID,KEPT_UNCHANGED,Passed all integrity and duplicate checks,59fa7a18b646434234132d330acabebed201beff3cea6e542d8c8c1bcb0bf86a,dde2c45e66fcfc3e,164.0,300.0,RGB,RGB,False,81299.0
caltech_kangaroo_008,data/raw/caltech_kangaroo_008.jpg,data/processed/caltech_kangaroo_008.png,VALID,KEPT_UNCHANGED,Passed all integrity and duplicate checks,50d96739913fbf8555ee174dd29c50796d4d93f4a4abdb8826e8c9d950bc2b3e,6f637633a9b49d8d,287.0,300.0,RGB,RGB,False,135299.0
caltech_kangaroo_009,data/raw/caltech_kangaroo_009.jpg,data/processed/caltech_kangaroo_009.png,VALID,KEPT_UNCHANGED,Passed all integrity and duplicate checks,66f5067df708a99cd59c68923554d2a7c7eaddbf46c61ba4cd4c03ce540336ee,583a3e37979381c9,283.0,300.0,RGB,RGB,False,96482.0
caltech_kangaroo_010,data/raw/caltech_kangaroo_010.jpg,data/processed/caltech_kangaroo_010.png,VALID,KEPT_UNCHANGED,Passed all integrity and duplicate checks,ad9b67297d13c20c1501b4723d113982491c75d30b108d4040d61922411bba9c,75f2b391d4dedc64,274.0,300.0,RGB,RGB,False,204328.0
caltech_ketch_001,data/raw/caltech_ketch_001.jpg,data/processed/caltech_ketch_001.png,VALID,KEPT_UNCHANGED,Passed all integrity and duplicate checks,e2a4bd398f1b1e00d1481d454e0636ae5c472c878249fda3e3fa471f9e59591b,2361653531b9f476,300.0,225.0,RGB,RGB,False,89391.0
caltech_ketch_002,data/raw/caltech_ketch_002.jpg,data/processed/caltech_ketch_002.png,VALID,CONVERTED_FROM_GRAYSCALE,Passed all integrity and duplicate checks,a18a8d64fd7301c33943b10466cf6774fb2df34bf4c8cbb0d7ce50efe3c8fd8d,c3e3eb6bada4d303,246.0,300.0,L,RGB,True,85715.0
caltech_ketch_003,data/raw/caltech_ketch_003.jpg,data/processed/caltech_ketch_003.png,VALID,KEPT_UNCHANGED,Passed all integrity and duplicate checks,588f4c0c9b457fc9f6823202d4c0cd105d74dec6e82525cf78d7523ca477eb9d,be3d6a6c615950ed,220.0,300.0,RGB,RGB,False,156920.0
caltech_ketch_004,data/raw/caltech_ketch_004.jpg,data/processed/caltech_ketch_004.png,VALID,KEPT_UNCHANGED,Passed all integrity and duplicate checks,a3421afac384ad1a09717534340c67c22ecfc02a490c174717c00eadce037cd5,7071b171e0a0f971,192.0,300.0,RGB,RGB,False,51758.0
caltech_ketch_005,data/raw/caltech_ketch_005.jpg,data/processed/caltech_ketch_005.png,VALID,KEPT_UNCHANGED,Passed all integrity and duplicate checks,142744007d8ec295fb7482a1a08ff48679b796f0a28066b0ab4640ed279960b0,74f4d5515355c527,300.0,239.0,RGB,RGB,False,83730.0
caltech_ketch_006,data/raw/caltech_ketch_006.jpg,data/processed/caltech_ketch_006.png,VALID,KEPT_UNCHANGED,Passed all integrity and duplicate checks,e2dde28bf4641dcbb214cd742dbbdccff72bd9deaa86e03d6ad6d4f712fe2f80,9495a9aba296bc2d,223.0,300.0,RGB,RGB,False,60822.0
caltech_ketch_007,data/raw/caltech_ketch_007.jpg,data/processed/caltech_ketch_007.png,VALID,KEPT_UNCHANGED,Passed all integrity and duplicate checks,ccf272599227af8c8216183faf9c115c84431b5e607448ca7f875849ebde9939,78a1636363617058,300.0,236.0,RGB,RGB,False,148858.0
caltech_ketch_008,data/raw/caltech_ketch_008.jpg,data/processed/caltech_ketch_008.png,VALID,KEPT_UNCHANGED,Passed all integrity and duplicate checks,5156ec9fc7333f2182d14eb7e78ba53955daee5054cd29d8889c98901bc79c88,282b4b4969ac68e8,233.0,300.0,RGB,RGB,False,98569.0
caltech_ketch_009,data/raw/caltech_ketch_009.jpg,data/processed/caltech_ketch_009.png,VALID,KEPT_UNCHANGED,Passed all integrity and duplicate checks,3bfeac34b25ea6f936c71e3e635e23c52287c224d063c2c2e73c57aafd3bc4e7,18b8a8ad85811d49,300.0,212.0,RGB,RGB,False,103477.0
caltech_ketch_010,data/raw/caltech_ketch_010.jpg,data/processed/caltech_ketch_010.png,VALID,KEPT_UNCHANGED,Passed all integrity and duplicate checks,6fd54c5947f3c38f42783eb52bd36005d9747289361d81796ce6ebae625645da,fdb5b9b09296c6c7,283.0,300.0,RGB,RGB,False,88045.0
caltech_lamp_001,data/raw/caltech_lamp_001.jpg,data/processed/caltech_lamp_001.png,VALID,KEPT_UNCHANGED,Passed all integrity and duplicate checks,fb36149a6e3b2636f3040778ca4ec99128373ce4729c1df168675d86ff9e7abf,1f8d4b030f4b0727,225.0,300.0,RGB,RGB,False,44811.0
caltech_lamp_002,data/raw/caltech_lamp_002.jpg,data/processed/caltech_lamp_002.png,VALID,KEPT_UNCHANGED,Passed all integrity and duplicate checks,98faad781df54052b4d7b8292d88f75c90a7478fb35cd4c03a39536226ccbdcb,b2f0687115711392,198.0,300.0,RGB,RGB,False,123797.0
caltech_lamp_003,data/raw/caltech_lamp_003.jpg,data/processed/caltech_lamp_003.png,VALID,KEPT_UNCHANGED,Passed all integrity and duplicate checks,8afec727bf5649cd9417870069e4b63febed3d5d8c03be51cb658265b83fd942,f0f079791761030b,229.0,300.0,RGB,RGB,False,37841.0
caltech_lamp_004,data/raw/caltech_lamp_004.jpg,data/processed/caltech_lamp_004.png,VALID,KEPT_UNCHANGED,Passed all integrity and duplicate checks,e60db7560c2a19e7679b3329042cb484db2520e146deb5097e92a837ebfcf74d,76363c5b23236123,204.0,300.0,RGB,RGB,False,52895.0
caltech_lamp_005,data/raw/caltech_lamp_005.jpg,data/processed/caltech_lamp_005.png,VALID,KEPT_UNCHANGED,Passed all integrity and duplicate checks,d6c3011a2187dc694df3e7b753161d07851e0fac51fc19465f3cd5d51bfc29bf,91f1f36363631333,203.0,300.0,RGB,RGB,False,80925.0
caltech_lamp_006,data/raw/caltech_lamp_006.jpg,data/processed/caltech_lamp_006.png,VALID,KEPT_UNCHANGED,Passed all integrity and duplicate checks,e8e3ca954807486d6d1bbdb988dda577201e1d37569dde821c44c5ea4ce4918a,7070313331230396,216.0,300.0,RGB,RGB,False,102116.0
caltech_lamp_007,data/raw/caltech_lamp_007.jpg,data/processed/caltech_lamp_007.png,VALID,KEPT_UNCHANGED,Passed all integrity and duplicate checks,4fcacee7c2cfd189171d5bf9dcd7ce5317091b6a9257cd75e810560b4d52f3e3,f77392d6a9cdce3e,210.0,300.0,RGB,RGB,False,98592.0
caltech_lamp_008,data/raw/caltech_lamp_008.jpg,data/processed/caltech_lamp_008.png,VALID,KEPT_UNCHANGED,Passed all integrity and duplicate checks,2066e2a72e6f317fd043daf5bb5cfb54b4ea6af263c070414e09ffc0c3fed63b,f8f1d3f1f8f8f80f,192.0,300.0,RGB,RGB,False,96969.0
caltech_lamp_009,data/raw/caltech_lamp_009.jpg,data/processed/caltech_lamp_009.png,VALID,KEPT_UNCHANGED,Passed all integrity and duplicate checks,872234de3df946786a59a7d6ef24d5312246e756ab44c63ba28bea1f6940f9bb,3694c8b2b6b2b2e8,288.0,300.0,RGB,RGB,False,122069.0
caltech_lamp_010,data/raw/caltech_lamp_010.jpg,data/processed/caltech_lamp_010.png,VALID,KEPT_UNCHANGED,Passed all integrity and duplicate checks,f98079cc03dc6419fbd8d9d1e570b1b606a5502d5369c8e2d53287c0ea62230d,1c8dc9cf0d8dcd8f,222.0,300.0,RGB,RGB,False,91903.0
caltech_laptop_001,data/raw/caltech_laptop_001.jpg,data/processed/caltech_laptop_001.png,VALID,KEPT_UNCHANGED,Passed all integrity and duplicate checks,17bac0bd8704e8b195d8a593fc7f6e5b97a9747b42d316748ceaf8a3a5b49d42,460c080c8c2f0f03,300.0,300.0,RGB,RGB,False,82404.0
caltech_laptop_002,data/raw/caltech_laptop_002.jpg,data/processed/caltech_laptop_002.png,VALID,KEPT_UNCHANGED,Passed all integrity and duplicate checks,f1e001568e0edc25b69bc3be1ba0318e8b6ce54761590cfac8f8779bdd5e3f60,878686868686c647,300.0,225.0,RGB,RGB,False,56952.0
caltech_laptop_003,data/raw/caltech_laptop_003.jpg,data/processed/caltech_laptop_003.png,VALID,CONVERTED_FROM_GRAYSCALE,Passed all integrity and duplicate checks,65e3426200513571bd8967e39535270d0f0f9e08392af354223b102862c5171e,edfddd5ddee8cf43,300.0,254.0,L,RGB,True,81180.0
caltech_laptop_004,data/raw/caltech_laptop_004.jpg,data/processed/caltech_laptop_004.png,VALID,KEPT_UNCHANGED,Passed all integrity and duplicate checks,dd8884f7f4aab8dc055e278749bf5612fdf031cefb3085992c248e41ab6ce91a,064e080c8d1d6e8c,300.0,265.0,RGB,RGB,False,79451.0
caltech_laptop_005,data/raw/caltech_laptop_005.jpg,data/processed/caltech_laptop_005.png,VALID,KEPT_UNCHANGED,Passed all integrity and duplicate checks,78fd272345437d1322eedc52b749bc6588d1c5c4bcd419398666ad7e2ed649f0,2d80928a8b08e90e,300.0,245.0,RGB,RGB,False,77628.0
caltech_laptop_006,data/raw/caltech_laptop_006.jpg,data/processed/caltech_laptop_006.png,VALID,KEPT_UNCHANGED,Passed all integrity and duplicate checks,889de209773bb6955863ec0fe4f54862f15c1d8506b15276673314983c8d45ff,474c6c4c6cf0f02e,300.0,266.0,RGB,RGB,False,75697.0
caltech_laptop_007,data/raw/caltech_laptop_007.jpg,data/processed/caltech_laptop_007.png,VALID,KEPT_UNCHANGED,Passed all integrity and duplicate checks,353875cc3d9dbcd7d9a0010b15bfe38577dde688816ec39da601d9f929cfb86e,29292b2f088c0f06,300.0,259.0,RGB,RGB,False,79448.0
caltech_laptop_008,data/raw/caltech_laptop_008.jpg,data/processed/caltech_laptop_008.png,VALID,KEPT_UNCHANGED,Passed all integrity and duplicate checks,135716edbb11da52c4a7d1a25fb1b1462e7e242952eb385c608b67b34b4b7422,4d4f0f8dcd6c29a9,265.0,300.0,RGB,RGB,False,98883.0
caltech_laptop_009,data/raw/caltech_laptop_009.jpg,data/processed/caltech_laptop_009.png,VALID,KEPT_UNCHANGED,Passed all integrity and duplicate checks,cf6f6d5afca26b2bc254da4eedf44fdd737d1226ed0c4f1e8c3be7ac542e3077,898a0a4949cbec0c,284.0,300.0,RGB,RGB,False,125975.0
caltech_laptop_010,data/raw/caltech_laptop_010.jpg,data/processed/caltech_laptop_010.png,VALID,KEPT_UNCHANGED,Passed all integrity and duplicate checks,2446dc527af28231365e2686e40bb2fc7569b7b03842d2765d86cc50f46b777b,23a48c198f8c8c06,300.0,291.0,RGB,RGB,False,114164.0
caltech_llama_001,data/raw/caltech_llama_001.jpg,data/processed/caltech_llama_001.png,VALID,KEPT_UNCHANGED,Passed all integrity and duplicate checks,c6b3855ab0f63e761315938bd8dca72f8cac8c4283b177968c0d9bf3ebd50621,f87b33115a525856,184.0,300.0,RGB,RGB,False,97105.0
caltech_llama_002,data/raw/caltech_llama_002.jpg,data/processed/caltech_llama_002.png,VALID,KEPT_UNCHANGED,Passed all integrity and duplicate checks,b5cb437244b15368657a7518861baf53932f3043bf8cb15e2463804779cd07b0,1a1eb6ca12111216,300.0,225.0,RGB,RGB,False,134758.0
caltech_llama_003,data/raw/caltech_llama_003.jpg,data/processed/caltech_llama_003.png,VALID,KEPT_UNCHANGED,Passed all integrity and duplicate checks,b860bbf0e9134efc10634684f51bb07e750381c7ecafdfde99fd7840f49afbc1,373ddccc864753cf,300.0,234.0,RGB,RGB,False,101337.0
caltech_llama_004,data/raw/caltech_llama_004.jpg,data/processed/caltech_llama_004.png,VALID,KEPT_UNCHANGED,Passed all integrity and duplicate checks,a9df8707907b122b00ce66bb460c835de4a148c3a483aeb443bdb3477aee92e8,9b1b78a14ae9c9c8,300.0,226.0,RGB,RGB,False,137427.0
caltech_llama_005,data/raw/caltech_llama_005.jpg,data/processed/caltech_llama_005.png,VALID,KEPT_UNCHANGED,Passed all integrity and duplicate checks,7abdc5b848899d9a39a1faabe77748f35c17b3b3c3fe4b5a07e16ae2f817df32,3796133383c64343,260.0,300.0,RGB,RGB,False,131865.0
caltech_llama_006,data/raw/caltech_llama_006.jpg,data/processed/caltech_llama_006.png,VALID,KEPT_UNCHANGED,Passed all integrity and duplicate checks,35140cbf11d938a471a7161c9f76f656045dfec6e1a5b43c23bdfe4767b3416f,19d18b2cf0b3b5bd,224.0,300.0,RGB,RGB,False,169227.0
caltech_llama_007,data/raw/caltech_llama_007.jpg,data/processed/caltech_llama_007.png,VALID,KEPT_UNCHANGED,Passed all integrity and duplicate checks,136b805cbd503110df5e0ae0da8027fe5bbe02bec1cea57f78a1ec5da8eb9267,09498969e4f0d020,210.0,300.0,RGB,RGB,False,84709.0
caltech_llama_008,data/raw/caltech_llama_008.jpg,data/processed/caltech_llama_008.png,VALID,KEPT_UNCHANGED,Passed all integrity and duplicate checks,5c1ef9fee18f8bc8ccc2bdaadc92b0cd82cd5884c353149eab7fa6f3d5884634,33dad232f1d8dc49,266.0,300.0,RGB,RGB,False,154541.0
caltech_llama_009,data/raw/caltech_llama_009.jpg,data/processed/caltech_llama_009.png,VALID,KEPT_UNCHANGED,Passed all integrity and duplicate checks,e6ba3fe2988fe8fa937b6de932256a59d77e3b8c3681ebaf550e265512fb6685,ce2e07436b79190a,202.0,300.0,RGB,RGB,False,134898.0
caltech_llama_010,data/raw/caltech_llama_010.jpg,,VISUAL_DUPLICATE,SKIPPED,Exact perceptual duplicate (dHash match) of caltech_llama_001,ba204c0e43564218390d6d28480ad8dc74e1e8976d3d59f0f6dfad94e06f61e2,f87b33115a525856,,,,,False,
caltech_lobster_001,data/raw/caltech_lobster_001.jpg,data/processed/caltech_lobster_001.png,VALID,KEPT_UNCHANGED,Passed all integrity and duplicate checks,82e6dd429d228fc548f0b6048735b50284ff48ed0ad817abfd1e6cb87446088d,68e3899e23232c4c,300.0,276.0,RGB,RGB,False,106328.0
caltech_lobster_002,data/raw/caltech_lobster_002.jpg,data/processed/caltech_lobster_002.png,VALID,KEPT_UNCHANGED,Passed all integrity and duplicate checks,a94bd90c8f940b16e6aa8dfcd1a62f53560fc315c6a531f2e47479028ff27385,cc8f0b9f4bbc9c4f,300.0,280.0,RGB,RGB,False,141493.0
caltech_lobster_003,data/raw/caltech_lobster_003.jpg,data/processed/caltech_lobster_003.png,VALID,KEPT_UNCHANGED,Passed all integrity and duplicate checks,a0907c76590ed821c35477d7a8f745269637b8d0d61e8d98b18c18c956244c98,f3906078f0d0993b,300.0,197.0,RGB,RGB,False,127189.0
caltech_lobster_004,data/raw/caltech_lobster_004.jpg,data/processed/caltech_lobster_004.png,VALID,KEPT_UNCHANGED,Passed all integrity and duplicate checks,565f2f634fff5e765b5a7c1fdceb58e69a21aa71cf0ba4d0881f43fdac823e6b,68e1890a03232c0c,300.0,282.0,RGB,RGB,False,102478.0
caltech_lobster_005,data/raw/caltech_lobster_005.jpg,data/processed/caltech_lobster_005.png,VALID,KEPT_UNCHANGED,Passed all integrity and duplicate checks,bb63c09c983ec2d94899434cefeac6be6df5bde21292276bd0091b69b68c6cd3,f3b1acc997071697,300.0,273.0,RGB,RGB,False,150863.0
caltech_lobster_006,data/raw/caltech_lobster_006.jpg,data/processed/caltech_lobster_006.png,VALID,KEPT_UNCHANGED,Passed all integrity and duplicate checks,34229802b391607184bea1ba9033ab142ff5eb4078f6e23057b7a5bbc3d6b7ea,0c4c2c0e2f2e4a2d,299.0,227.0,RGB,RGB,False,57254.0
caltech_lobster_007,data/raw/caltech_lobster_007.jpg,data/processed/caltech_lobster_007.png,VALID,KEPT_UNCHANGED,Passed all integrity and duplicate checks,5dbaa41a398f947df3fc7a70e888a113f83638fda0c6b34c44b6aebb6d9e960f,6cca93132b2e4e8c,300.0,205.0,RGB,RGB,False,83656.0
caltech_lobster_008,data/raw/caltech_lobster_008.jpg,data/processed/caltech_lobster_008.png,VALID,KEPT_UNCHANGED,Passed all integrity and duplicate checks,3c4d23a4a712918fa035da22d6c3f9ff7cd43d962dcd1c50003343de3d6dc860,00078fad4e810105,300.0,195.0,RGB,RGB,False,48707.0
caltech_lobster_009,data/raw/caltech_lobster_009.jpg,data/processed/caltech_lobster_009.png,VALID,KEPT_UNCHANGED,Passed all integrity and duplicate checks,e2bd1f927977728adcfb73a5275101740cd19bfedc7ecefd51306f1602a2b975,04c013f4ec736600,300.0,300.0,RGB,RGB,False,63355.0
caltech_lobster_010,data/raw/caltech_lobster_010.jpg,data/processed/caltech_lobster_010.png,VALID,KEPT_UNCHANGED,Passed all integrity and duplicate checks,fb58210751522bffb35d0e91edc016f2513556a729dd37eed11f36869c94609a,e3f676cecdad3370,300.0,225.0,RGB,RGB,False,108618.0
caltech_lotus_001,data/raw/caltech_lotus_001.jpg,data/processed/caltech_lotus_001.png,VALID,KEPT_UNCHANGED,Passed all integrity and duplicate checks,c0c00f54d914a211a0a22ec9216eda0ccac3f71b8aded2f27ec223e3aa102827,168fcc4ccd8f8f16,237.0,300.0,RGB,RGB,False,104924.0
caltech_lotus_002,data/raw/caltech_lotus_002.jpg,data/processed/caltech_lotus_002.png,VALID,KEPT_UNCHANGED,Passed all integrity and duplicate checks,0f4deda74e1dffdf34e6512118cab84ba015eab0725f282b3857ebffbba1ecb9,e94bc0422c7d978f,300.0,296.0,RGB,RGB,False,146421.0
caltech_lotus_003,data/raw/caltech_lotus_003.jpg,data/processed/caltech_lotus_003.png,VALID,KEPT_UNCHANGED,Passed all integrity and duplicate checks,20790064d6a54f9caf2c1bb13f9bcd9b999931ce2d8de0088adb5e11ddc7f289,98121769b132259d,300.0,218.0,RGB,RGB,False,130547.0
caltech_lotus_004,data/raw/caltech_lotus_004.jpg,data/processed/caltech_lotus_004.png,VALID,KEPT_UNCHANGED,Passed all integrity and duplicate checks,c28a4d006fc3eb318abc2673c5147b7a2530d3990f6cf0e97a4fed718121872f,a0b8f84999e3c430,184.0,300.0,RGB,RGB,False,54876.0
caltech_lotus_005,data/raw/caltech_lotus_005.jpg,data/processed/caltech_lotus_005.png,VALID,KEPT_UNCHANGED,Passed all integrity and duplicate checks,4417d37084672a11755b17623e274399edec892accae16d578675125e5108b28,bbe061ca1e28e86a,234.0,300.0,RGB,RGB,False,105158.0
caltech_lotus_006,data/raw/caltech_lotus_006.jpg,data/processed/caltech_lotus_006.png,VALID,KEPT_UNCHANGED,Passed all integrity and duplicate checks,1e4e8c06a5f13881c144b7c147b354c2cc31dbff6f8c70bb0636d7886f3a343e,b4f871b391b3b076,294.0,300.0,RGB,RGB,False,111161.0
caltech_lotus_007,data/raw/caltech_lotus_007.jpg,data/processed/caltech_lotus_007.png,VALID,KEPT_UNCHANGED,Passed all integrity and duplicate checks,4e3357e0331b416243d419b315bda514dfb78bb744c8a15b6d2e76412f81247f,55e043645677be46,243.0,300.0,RGB,RGB,False,98630.0
caltech_lotus_008,data/raw/caltech_lotus_008.jpg,data/processed/caltech_lotus_008.png,VALID,KEPT_UNCHANGED,Passed all integrity and duplicate checks,84f47b56152726dd696be6f4ae8cec04bafd27152560a889f5e7f24f840b9e08,e989686869ecc8ca,300.0,229.0,RGB,RGB,False,134471.0
caltech_lotus_009,data/raw/caltech_lotus_009.jpg,data/processed/caltech_lotus_009.png,VALID,KEPT_UNCHANGED,Passed all integrity and duplicate checks,58379bb2c386e19453b36d163bd1e7b49ec98ec9edb45bffe244db9a47e2664f,c8c8cde8c8e8c94f,300.0,200.0,RGB,RGB,False,70723.0
caltech_lotus_010,data/raw/caltech_lotus_010.jpg,data/processed/caltech_lotus_010.png,VALID,KEPT_UNCHANGED,Passed all integrity and duplicate checks,06737a5720f585555865ddca8905de8d240b0c5bd8b6497f044945488404b815,303cdc7079743ab8,300.0,225.0,RGB,RGB,False,93186.0
caltech_mandolin_001,data/raw/caltech_mandolin_001.jpg,data/processed/caltech_mandolin_001.png,VALID,KEPT_UNCHANGED,Passed all integrity and duplicate checks,682a1697d63eaad0edd5b99badbdf3d40e42bdfb8fa19219dc01992de755e8eb,8003620c6c2a4c8d,300.0,203.0,RGB,RGB,False,48880.0
caltech_mandolin_002,data/raw/caltech_mandolin_002.jpg,data/processed/caltech_mandolin_002.png,VALID,KEPT_UNCHANGED,Passed all integrity and duplicate checks,dfecc2132f55bf79e46f6335ad359ade33622f01fb07da23aca4f437b5fc8f0b,aca9cc6a68ccc9e8,300.0,230.0,RGB,RGB,False,124620.0
caltech_mandolin_003,data/raw/caltech_mandolin_003.jpg,data/processed/caltech_mandolin_003.png,VALID,KEPT_UNCHANGED,Passed all integrity and duplicate checks,7407872965355cce472921fceefc9dc0f2797184a1859fde8b17fa1c3a3589b9,399191e1a9999cdd,300.0,256.0,RGB,RGB,False,107932.0
caltech_mandolin_004,data/raw/caltech_mandolin_004.jpg,data/processed/caltech_mandolin_004.png,VALID,KEPT_UNCHANGED,Passed all integrity and duplicate checks,b90d85873a756ad09536cf565d50f5b465c9acda58dc7000eca090442e2dc6b5,901203d5d58373c0,300.0,191.0,RGB,RGB,False,47008.0
caltech_mandolin_005,data/raw/caltech_mandolin_005.jpg,data/processed/caltech_mandolin_005.png,VALID,KEPT_UNCHANGED,Passed all integrity and duplicate checks,a9fa58f39ee10f1e903e97c85db36d5b77a21dbb0024323bdaffbe2600cdbf5e,696c96636909969e,300.0,172.0,RGB,RGB,False,82611.0
caltech_mandolin_006,data/raw/caltech_mandolin_006.jpg,data/processed/caltech_mandolin_006.png,VALID,KEPT_UNCHANGED,Passed all integrity and duplicate checks,6f132740b81dfdb2b6611880cbc04de9a1541c2308514697bfed8d1f3177fe58,35bc7a270a78080d,300.0,164.0,RGB,RGB,False,57888.0
caltech_mandolin_007,data/raw/caltech_mandolin_007.jpg,data/processed/caltech_mandolin_007.png,VALID,KEPT_UNCHANGED,Passed all integrity and duplicate checks,e940423321fd7c01d7f1d203e2051ef08b700c8dc0783335e7fd8e54a4b74a1a,3ede3db9b9b919de,300.0,191.0,RGB,RGB,False,73263.0
caltech_mandolin_008,data/raw/caltech_mandolin_008.jpg,data/processed/caltech_mandolin_008.png,VALID,KEPT_UNCHANGED,Passed all integrity and duplicate checks,7c4db3035279e6a8096c6179205e4f68a55cfffeac858f39080cd2b1e7135733,56dbe96963525637,300.0,206.0,RGB,RGB,False,97065.0
caltech_mandolin_009,data/raw/caltech_mandolin_009.jpg,data/processed/caltech_mandolin_009.png,VALID,KEPT_UNCHANGED,Passed all integrity and duplicate checks,6e7328ce4d6768cfab0094be29aeb34e555fc7e23236eb27a565b54d56ccb0f0,7c72727272747474,300.0,180.0,RGB,RGB,False,113652.0
caltech_mandolin_010,data/raw/caltech_mandolin_010.jpg,data/processed/caltech_mandolin_010.png,VALID,KEPT_UNCHANGED,Passed all integrity and duplicate checks,9d516f6965d43f97029098588f89643dc4ecdb87432acf7eb71ea5ca53290912,ac4e1eb3b73363cd,300.0,197.0,RGB,RGB,False,113947.0
caltech_mayfly_001,data/raw/caltech_mayfly_001.jpg,data/processed/caltech_mayfly_001.png,VALID,KEPT_UNCHANGED,Passed all integrity and duplicate checks,eabf37bd4a002eb482e38e94ce6eaf28f9ce1435bfd87e0ff48ecb724873bef0,12949c3693c070b0,300.0,219.0,RGB,RGB,False,36249.0
caltech_mayfly_002,data/raw/caltech_mayfly_002.jpg,data/processed/caltech_mayfly_002.png,VALID,KEPT_UNCHANGED,Passed all integrity and duplicate checks,1f13b80102325d75702ae00a0fbfcb6dbdb7e325a3e3750251255d8bac47f385,1113235a1ae6c1e2,300.0,177.0,RGB,RGB,False,64780.0
caltech_mayfly_003,data/raw/caltech_mayfly_003.jpg,data/processed/caltech_mayfly_003.png,VALID,KEPT_UNCHANGED,Passed all integrity and duplicate checks,790004e5629cf6da1aad28f09570d9282c8d52cc0ade29d55428d967d747aed2,79b2b0ed2363e1e2,300.0,201.0,RGB,RGB,False,95074.0
caltech_mayfly_004,data/raw/caltech_mayfly_004.jpg,data/processed/caltech_mayfly_004.png,VALID,KEPT_UNCHANGED,Passed all integrity and duplicate checks,467a03ef69b63529b88fecf4dfd63aa57aeab2a10bd235708052c6fa3cd67bd3,5d659c0989290184,300.0,169.0,RGB,RGB,False,93107.0
caltech_mayfly_005,data/raw/caltech_mayfly_005.jpg,data/processed/caltech_mayfly_005.png,VALID,KEPT_UNCHANGED,Passed all integrity and duplicate checks,50fc8d0d86e1a78b226374e601c4edbcc775338ad89f9d3d65b001855040fc46,2b2b6b0362e3236c,300.0,261.0,RGB,RGB,False,100172.0
caltech_mayfly_006,data/raw/caltech_mayfly_006.jpg,data/processed/caltech_mayfly_006.png,VALID,CONVERTED_FROM_GRAYSCALE,Passed all integrity and duplicate checks,fd04830c98945a0db5360fca6f8aca0ae7f55a9e7331951a67d696653599e132,03236b4b4a92060d,300.0,172.0,L,RGB,True,28579.0
caltech_mayfly_007,data/raw/caltech_mayfly_007.jpg,data/processed/caltech_mayfly_007.png,VALID,KEPT_UNCHANGED,Passed all integrity and duplicate checks,f217b07ed87674a95b83247b91495497d9ba103cf15f8cba6a5993a365da202b,ffffffffbf3f36fe,282.0,300.0,RGB,RGB,False,94338.0
caltech_mayfly_008,data/raw/caltech_mayfly_008.jpg,data/processed/caltech_mayfly_008.png,VALID,CONVERTED_FROM_GRAYSCALE,Passed all integrity and duplicate checks,f777ce9dde14f27763fb89a0b0c929169d35de4d3656ed15551afaec0263defc,82918b230e1e4b05,300.0,234.0,L,RGB,True,51776.0
caltech_mayfly_009,data/raw/caltech_mayfly_009.jpg,data/processed/caltech_mayfly_009.png,VALID,KEPT_UNCHANGED,Passed all integrity and duplicate checks,01682b115344963dbf2e1acd2225b478ce1657285abb76b27a914c5cb4a9d01f,69a8acacecc9a9ec,300.0,199.0,RGB,RGB,False,38871.0
caltech_mayfly_010,data/raw/caltech_mayfly_010.jpg,data/processed/caltech_mayfly_010.png,VALID,KEPT_UNCHANGED,Passed all integrity and duplicate checks,650a679b3c61b738cc1ebcaa52c12e82b4ce8f2e67a00aa78f9f71ff8a3004ce,3a7c7c7cfcfce8e0,300.0,205.0,RGB,RGB,False,115729.0
caltech_menorah_001,data/raw/caltech_menorah_001.jpg,data/processed/caltech_menorah_001.png,VALID,KEPT_UNCHANGED,Passed all integrity and duplicate checks,aefb3a459ee58321faa6a28da671ac0fc8dc62bb59c953f71a8a0c412f8e0eb3,105054551555d4d4,272.0,300.0,RGB,RGB,False,138038.0
caltech_menorah_002,data/raw/caltech_menorah_002.jpg,data/processed/caltech_menorah_002.png,VALID,KEPT_UNCHANGED,Passed all integrity and duplicate checks,ae6370e3e363b3a51c36eea4698ba14f8e92520c9b3153ab6f609b2f26f8b32e,170f0f4d4f0f1787,259.0,300.0,RGB,RGB,False,51983.0
caltech_menorah_003,data/raw/caltech_menorah_003.jpg,data/processed/caltech_menorah_003.png,VALID,KEPT_UNCHANGED,Passed all integrity and duplicate checks,1a73473b1aaf19e02a356b04029982a3dc4d8f3412139e6e45888b39f01d106a,15119696cacce8c4,208.0,300.0,RGB,RGB,False,139113.0
caltech_menorah_004,data/raw/caltech_menorah_004.jpg,data/processed/caltech_menorah_004.png,VALID,CONVERTED_FROM_GRAYSCALE,Passed all integrity and duplicate checks,7b6221bc520a1af154da2c8ff16628bc5db2d2b6bd28b3bab90bf80b034b7ae2,c9cd4d1f23178f0d,268.0,300.0,L,RGB,True,45091.0
caltech_menorah_005,data/raw/caltech_menorah_005.jpg,data/processed/caltech_menorah_005.png,VALID,KEPT_UNCHANGED,Passed all integrity and duplicate checks,bc70af75db769fff39544ec56a1a3df3637ef5922acf19d0146bd9ef4584ab92,ec4d2b4d0f030796,300.0,272.0,RGB,RGB,False,103804.0
caltech_menorah_006,data/raw/caltech_menorah_006.jpg,data/processed/caltech_menorah_006.png,VALID,KEPT_UNCHANGED,Passed all integrity and duplicate checks,da2c54bdbc9663a525178c62347632bf05244250d21de010cd1a369dee489f66,efefccfcfccce8e0,208.0,300.0,RGB,RGB,False,101338.0
caltech_menorah_007,data/raw/caltech_menorah_007.jpg,data/processed/caltech_menorah_007.png,VALID,KEPT_UNCHANGED,Passed all integrity and duplicate checks,96889b3c4e557991f6e356591f8bd44fff0ef2a6cda9e06f66c6d1e21ce36736,6f0253636f5f1606,201.0,300.0,RGB,RGB,False,110175.0
caltech_menorah_008,data/raw/caltech_menorah_008.jpg,data/processed/caltech_menorah_008.png,VALID,KEPT_UNCHANGED,Passed all integrity and duplicate checks,626eb8f477447eedbc148a99a65d62042cb92850a0de06c314e1868d0a010625,d455650907090796,261.0,300.0,RGB,RGB,False,92713.0
caltech_menorah_009,data/raw/caltech_menorah_009.jpg,data/processed/caltech_menorah_009.png,VALID,CONVERTED_FROM_GRAYSCALE,Passed all integrity and duplicate checks,79592080d822f5665b991d22fc18c49c0f889a2eb1b7e74df69e2d61529b0e80,a1664f0f4b4b0606,216.0,300.0,L,RGB,True,30375.0
caltech_menorah_010,data/raw/caltech_menorah_010.jpg,data/processed/caltech_menorah_010.png,VALID,KEPT_UNCHANGED,Passed all integrity and duplicate checks,3a699a5b6e1c124ec37536010797b0361fd4a298f45c54f0824eb9e7901ccb66,0e1e8d331f169607,292.0,300.0,RGB,RGB,False,113831.0
caltech_metronome_001,data/raw/caltech_metronome_001.jpg,data/processed/caltech_metronome_001.png,VALID,KEPT_UNCHANGED,Passed all integrity and duplicate checks,5378b3450da5c630647a037d718fbe9403f3f62a3747c528a008563ec991b362,000b2f06a6169c00,218.0,300.0,RGB,RGB,False,29076.0
caltech_metronome_002,data/raw/caltech_metronome_002.jpg,data/processed/caltech_metronome_002.png,VALID,KEPT_UNCHANGED,Passed all integrity and duplicate checks,1a5b110b018b4e1d8c19cff67aca618686e05e4cfff0e940e15226312f58e112,2b2737a6961d0d8c,258.0,300.0,RGB,RGB,False,63400.0
caltech_metronome_003,data/raw/caltech_metronome_003.jpg,data/processed/caltech_metronome_003.png,VALID,KEPT_UNCHANGED,Passed all integrity and duplicate checks,6358286dcd29abba79c558f27b595ff4c7eb70dab9470455180ace8d1e25f294,2b2f27969e1d0d8c,258.0,300.0,RGB,RGB,False,62708.0
caltech_metronome_004,data/raw/caltech_metronome_004.jpg,data/processed/caltech_metronome_004.png,VALID,KEPT_UNCHANGED,Passed all integrity and duplicate checks,f91061b4a4cba2ff70204c76f6d0966533aac1e27b20e10c08ef237f125990bc,2b272786969d0d8c,258.0,300.0,RGB,RGB,False,58754.0
caltech_metronome_005,data/raw/caltech_metronome_005.jpg,data/processed/caltech_metronome_005.png,VALID,KEPT_UNCHANGED,Passed all integrity and duplicate checks,5d8f46cd4c35fc6c738191b8e151ca91e1e40b1e436a683eba893f62daf79274,2b9a9e8dcdccaa8f,188.0,300.0,RGB,RGB,False,82470.0
caltech_metronome_006,data/raw/caltech_metronome_006.jpg,data/processed/caltech_metronome_006.png,VALID,KEPT_UNCHANGED,Passed all integrity and duplicate checks,e0a493fb5c284c5e8de24cc5ca8c9fbc9e034a00cbcfaa8c82d2d28fd450a04c,2b86968dcdccaa8f,188.0,300.0,RGB,RGB,False,81788.0
caltech_metronome_007,data/raw/caltech_metronome_007.jpg,data/processed/caltech_metronome_007.png,VALID,CONVERTED_FROM_GRAYSCALE,Passed all integrity and duplicate checks,085ef20105ff5fa38af83a3fbd9d2a276a6bcbec169a438d03ab6d97b0ccdb64,230b2e86ccadada5,242.0,300.0,L,RGB,True,39965.0
caltech_metronome_008,data/raw/caltech_metronome_008.jpg,data/processed/caltech_metronome_008.png,VALID,KEPT_UNCHANGED,Passed all integrity and duplicate checks,ece7ed1a8a428aff8a46b693f50b87003ede283572fdf7f0b59c529c7855e867,6169692b2a699671,300.0,300.0,RGB,RGB,False,67355.0
caltech_metronome_009,data/raw/caltech_metronome_009.jpg,data/processed/caltech_metronome_009.png,VALID,KEPT_UNCHANGED,Passed all integrity and duplicate checks,3a6b9c2f71a35897608b36134dbba01aa0b2fa6a40e460a8a79a38dbc82a605f,2103011103a2a4f4,257.0,300.0,RGB,RGB,False,114618.0
caltech_metronome_010,data/raw/caltech_metronome_010.jpg,data/processed/caltech_metronome_010.png,VALID,KEPT_UNCHANGED,Passed all integrity and duplicate checks,8ef67f2de8ccb917b06b74346ec2e16c89bb051f368c8e72ab6f96a45a5cbd13,2b86968dcdcdaa8f,185.0,300.0,RGB,RGB,False,67795.0
caltech_minaret_001,data/raw/caltech_minaret_001.jpg,data/processed/caltech_minaret_001.png,VALID,KEPT_UNCHANGED,Passed all integrity and duplicate checks,9f68ade4ffb87806b1abb74a799023a97e7425c1cef3a8e1bb1fd1e0bd033573,0ee77e0eff70300c,161.0,300.0,RGB,RGB,False,49857.0
caltech_minaret_002,data/raw/caltech_minaret_002.jpg,data/processed/caltech_minaret_002.png,VALID,KEPT_UNCHANGED,Passed all integrity and duplicate checks,4289a9fe04c9250ad84521e8fcd8f1bcfaa20b71006067fcba34f4031b11d9e5,87f53c1ae0300010,206.0,300.0,RGB,RGB,False,66948.0
caltech_minaret_003,data/raw/caltech_minaret_003.jpg,data/processed/caltech_minaret_003.png,VALID,KEPT_UNCHANGED,Passed all integrity and duplicate checks,6e11afe9b2231c724563f9a738951d1da9180238cfb45d9cef9edd211f699935,f9e3c3c7959fbb26,300.0,226.0,RGB,RGB,False,83595.0
caltech_minaret_004,data/raw/caltech_minaret_004.jpg,data/processed/caltech_minaret_004.png,VALID,KEPT_UNCHANGED,Passed all integrity and duplicate checks,66a3f88f0969a1fa2fa511de4166aac957f98bd770187a9949c2829bc9849c7c,87f932c178a17018,199.0,300.0,RGB,RGB,False,76790.0
caltech_minaret_005,data/raw/caltech_minaret_005.jpg,data/processed/caltech_minaret_005.png,VALID,KEPT_UNCHANGED,Passed all integrity and duplicate checks,55cd21e62ac66aae87f754c56c19dbcee2208494b7716c7c07c62a7e85d56ec1,c17050e070e0d290,237.0,300.0,RGB,RGB,False,94733.0
caltech_minaret_006,data/raw/caltech_minaret_006.jpg,data/processed/caltech_minaret_006.png,VALID,KEPT_UNCHANGED,Passed all integrity and duplicate checks,1179bba62696f3c7df3d7349159a1f6ed6b34d27a4a8456fd05c65d72812ef12,87f13ec37893d048,196.0,300.0,RGB,RGB,False,54164.0
caltech_minaret_007,data/raw/caltech_minaret_007.jpg,data/processed/caltech_minaret_007.png,VALID,KEPT_UNCHANGED,Passed all integrity and duplicate checks,bf394314a4db9d42e7a693f0f27c13d2ab41d64bd12fc75e305e9464262d4bb0,c5f3f110b9e08111,225.0,300.0,RGB,RGB,False,99365.0
caltech_minaret_008,data/raw/caltech_minaret_008.jpg,data/processed/caltech_minaret_008.png,VALID,KEPT_UNCHANGED,Passed all integrity and duplicate checks,8fb07a24055066b493b51343093a60ffd06ecd9fc135f147c8c636211d4b8126,c7f9381fdff2f030,210.0,300.0,RGB,RGB,False,72986.0
caltech_minaret_009,data/raw/caltech_minaret_009.jpg,data/processed/caltech_minaret_009.png,VALID,KEPT_UNCHANGED,Passed all integrity and duplicate checks,80dc8f1c4845f11eab5849db83942aaafa3fd20646f82c21e5eb942834ebe660,c3fc3ff3dec73130,225.0,300.0,RGB,RGB,False,73270.0
caltech_minaret_010,data/raw/caltech_minaret_010.jpg,data/processed/caltech_minaret_010.png,VALID,KEPT_UNCHANGED,Passed all integrity and duplicate checks,a72326476597864c1888426da3f8ddc7450ec3f7776a1367a1b1df8b565c7c13,c7f8387ef0b31338,207.0,300.0,RGB,RGB,False,90363.0
caltech_nautilus_001,data/raw/caltech_nautilus_001.jpg,data/processed/caltech_nautilus_001.png,VALID,CONVERTED_FROM_GRAYSCALE,Passed all integrity and duplicate checks,0e2df8f6c6d220b1434ffb73ac47fc12b09316291414d9d98ab966246f1e4e64,7691b19191281413,300.0,297.0,L,RGB,True,89373.0
caltech_nautilus_002,data/raw/caltech_nautilus_002.jpg,data/processed/caltech_nautilus_002.png,VALID,KEPT_UNCHANGED,Passed all integrity and duplicate checks,f5cc7d3c5954bf14dc7b670b8dc65e6b7e6c542b419291009265c966accb9550,0e9902c72729ec8f,244.0,300.0,RGB,RGB,False,129223.0
caltech_nautilus_003,data/raw/caltech_nautilus_003.jpg,data/processed/caltech_nautilus_003.png,VALID,KEPT_UNCHANGED,Passed all integrity and duplicate checks,78ce8ab95414378976f8165a2a7e0dfbfded36aab8b764254fdebc1f345efba3,170d8b8848484c4c,300.0,239.0,RGB,RGB,False,79724.0
caltech_nautilus_004,data/raw/caltech_nautilus_004.jpg,data/processed/caltech_nautilus_004.png,VALID,KEPT_UNCHANGED,Passed all integrity and duplicate checks,39b1ff740fc9a8983000936975ba66b8eab7d6009cb13bb3441b283b96de11ff,c26468796162c008,300.0,200.0,RGB,RGB,False,55991.0
caltech_nautilus_005,data/raw/caltech_nautilus_005.jpg,data/processed/caltech_nautilus_005.png,VALID,KEPT_UNCHANGED,Passed all integrity and duplicate checks,4b3d53bc24c812a2c51a448ebb12c29cd4e519cf16c09e8e4c7809796391ab1c,e8e0f0d1d1392a28,300.0,292.0,RGB,RGB,False,123107.0
caltech_nautilus_006,data/raw/caltech_nautilus_006.jpg,data/processed/caltech_nautilus_006.png,VALID,CONVERTED_FROM_GRAYSCALE,Passed all integrity and duplicate checks,e289d54957acf82eb5473f00f9e6bc91f96b2fb743bb66df913fad7aa91100b1,ce2e3a2e2ac8cc0e,300.0,239.0,L,RGB,True,93026.0
caltech_nautilus_007,data/raw/caltech_nautilus_007.jpg,data/processed/caltech_nautilus_007.png,VALID,KEPT_UNCHANGED,Passed all integrity and duplicate checks,40bc0b1c6641bd8c1333e62444894cc0003f256eb9739606f322c81566676183,6870b0d1707274e0,300.0,268.0,RGB,RGB,False,116887.0
caltech_nautilus_008,data/raw/caltech_nautilus_008.jpg,data/processed/caltech_nautilus_008.png,VALID,KEPT_UNCHANGED,Passed all integrity and duplicate checks,0dabf7872afe1904c545c3cca56307c5b303713211d6e3612f3dac407cfdddc0,1f99cb820b1b3b3c,300.0,215.0,RGB,RGB,False,113057.0
caltech_nautilus_009,data/raw/caltech_nautilus_009.jpg,data/processed/caltech_nautilus_009.png,VALID,KEPT_UNCHANGED,Passed all integrity and duplicate checks,a60e3c461caaeb54d9d5779f0a2084e6b0e6b77c7c14b28d956e7ad91c9ca86b,074c4b69292989cc,300.0,252.0,RGB,RGB,False,154095.0
caltech_nautilus_010,data/raw/caltech_nautilus_010.jpg,data/processed/caltech_nautilus_010.png,VALID,KEPT_UNCHANGED,Passed all integrity and duplicate checks,7a348a79dc773d9f9a29c8c32de32c3b76db17d40a062883545fced9955c8874,0a1c3a1b244b4e0e,297.0,300.0,RGB,RGB,False,174946.0
caltech_octopus_001,data/raw/caltech_octopus_001.jpg,data/processed/caltech_octopus_001.png,VALID,KEPT_UNCHANGED,Passed all integrity and duplicate checks,8b421afa72f541496dfdf0e4f5fa175d457cdf648744722dfe8b931cfc6dd5f2,626262646270b033,300.0,223.0,RGB,RGB,False,68151.0
caltech_octopus_002,data/raw/caltech_octopus_002.jpg,,VISUAL_DUPLICATE,SKIPPED,Exact perceptual duplicate (dHash match) of caltech_octopus_001,76bb0273c3883430fc1350b0649682d164d4a724cca331e73ab8b6128520b0f2,626262646270b033,,,,,False,
caltech_octopus_003,data/raw/caltech_octopus_003.jpg,,VISUAL_DUPLICATE,SKIPPED,Exact perceptual duplicate (dHash match) of caltech_octopus_001,58c5223f6afefc6d8fae223494f4f1ce074523b933d91aaa91064e293f75fd60,626262646270b033,,,,,False,
caltech_octopus_004,data/raw/caltech_octopus_004.jpg,data/processed/caltech_octopus_004.png,VALID,KEPT_UNCHANGED,Passed all integrity and duplicate checks,c49c25b19a045b7b222ade805baf8502fbcf4171ba3518f9a059d934776874d4,526262646270b033,300.0,223.0,RGB,RGB,False,66681.0
caltech_octopus_005,data/raw/caltech_octopus_005.jpg,,VISUAL_DUPLICATE,SKIPPED,Exact perceptual duplicate (dHash match) of caltech_octopus_004,2cdff2de24f89c6e80a2ea95380bb8a2ee805d05d04d136a49bce7599919913a,526262646270b033,,,,,False,
caltech_octopus_006,data/raw/caltech_octopus_006.jpg,data/processed/caltech_octopus_006.png,VALID,KEPT_UNCHANGED,Passed all integrity and duplicate checks,165cbc79a173747162f6d0de8d01565e3e107b020985a64b7b5dd42fe07d6879,627072646270b033,300.0,223.0,RGB,RGB,False,68837.0
caltech_octopus_007,data/raw/caltech_octopus_007.jpg,data/processed/caltech_octopus_007.png,VALID,KEPT_UNCHANGED,Passed all integrity and duplicate checks,3b24009492adfeb2ee5e0121a754b5b44ffc22f6d02f0262c8f8493213c762a4,4162f0f4d1726691,300.0,239.0,RGB,RGB,False,60784.0
caltech_octopus_008,data/raw/caltech_octopus_008.jpg,data/processed/caltech_octopus_008.png,VALID,KEPT_UNCHANGED,Passed all integrity and duplicate checks,32bc3db66966660bee77439644bb03bf668e4d3381124d49acfacb99bc5b4f37,767434271959cd94,300.0,186.0,RGB,RGB,False,95048.0
caltech_octopus_009,data/raw/caltech_octopus_009.jpg,data/processed/caltech_octopus_009.png,VALID,KEPT_UNCHANGED,Passed all integrity and duplicate checks,2e6c5f76daed328e69ca96f1531dbc72d680fd3f3ec1256bcccea43357460935,212d072e0a0fbad6,300.0,157.0,RGB,RGB,False,57336.0
caltech_octopus_010,data/raw/caltech_octopus_010.jpg,data/processed/caltech_octopus_010.png,VALID,CONVERTED_FROM_GRAYSCALE,Passed all integrity and duplicate checks,ae0774e5e8a684a3e3001822a46ebac3748df727342ba41235f87b81b10b47d4,958bc6ee8c8b6fe2,300.0,188.0,L,RGB,True,65374.0
caltech_okapi_001,data/raw/caltech_okapi_001.jpg,data/processed/caltech_okapi_001.png,VALID,KEPT_UNCHANGED,Passed all integrity and duplicate checks,a6e82bf164f6d72f3d56a44d881774eb151c6378c54d33667c553a19fae8c783,759c14361795d4d5,300.0,233.0,RGB,RGB,False,153758.0
caltech_okapi_002,data/raw/caltech_okapi_002.jpg,data/processed/caltech_okapi_002.png,VALID,KEPT_UNCHANGED,Passed all integrity and duplicate checks,c6ec7a4bf85892b80fde2b0a06e8985ceea7550f9c58aacf3af5e7ef59d6434b,a6b48793bb968713,300.0,202.0,RGB,RGB,False,124082.0
caltech_okapi_003,data/raw/caltech_okapi_003.jpg,data/processed/caltech_okapi_003.png,VALID,KEPT_UNCHANGED,Passed all integrity and duplicate checks,324d7b999035ae6d617dedeac202c6be571d9d7767b55285d183c627a9f51640,32260d0157231259,300.0,250.0,RGB,RGB,False,122584.0
caltech_okapi_004,data/raw/caltech_okapi_004.jpg,data/processed/caltech_okapi_004.png,VALID,KEPT_UNCHANGED,Passed all integrity and duplicate checks,ebc52c138b7303b568dfb623652b8089406ca6a3c780fafd55d0896c67d19bd5,717731a10131b2a2,300.0,221.0,RGB,RGB,False,129042.0
caltech_okapi_005,data/raw/caltech_okapi_005.jpg,data/processed/caltech_okapi_005.png,VALID,KEPT_UNCHANGED,Passed all integrity and duplicate checks,4a6c8401c46b994087c188f82efbc1fc8f36502d7bc3493847efc58a4c21cbe8,da5423039133b181,300.0,198.0,RGB,RGB,False,117008.0
caltech_okapi_006,data/raw/caltech_okapi_006.jpg,data/processed/caltech_okapi_006.png,VALID,KEPT_UNCHANGED,Passed all integrity and duplicate checks,cf0ff2028398e8c02d63604e53952610b497fb88acf7e0fe145a1e16dc7f8cd8,89810f8da1a1ace6,300.0,225.0,RGB,RGB,False,155275.0
caltech_okapi_007,data/raw/caltech_okapi_007.jpg,data/processed/caltech_okapi_007.png,VALID,KEPT_UNCHANGED,Passed all integrity and duplicate checks,2cd5cf823b45f7dada227927e4973862edad727489fe90579a99b12233c9bbb1,ccc9c7c6c7955597,300.0,229.0,RGB,RGB,False,138003.0
caltech_okapi_008,data/raw/caltech_okapi_008.jpg,data/processed/caltech_okapi_008.png,VALID,KEPT_UNCHANGED,Passed all integrity and duplicate checks,6518e63250524b0cdd7de7057cc06b048c9b4bab7aedf1239645d0cfe03e66f4,36139199591195f3,300.0,198.0,RGB,RGB,False,111684.0
caltech_okapi_009,data/raw/caltech_okapi_009.jpg,data/processed/caltech_okapi_009.png,VALID,KEPT_UNCHANGED,Passed all integrity and duplicate checks,6f9f7f4036de2d4d39796562db9638804223483990dff9907074b160eebc3ae4,1d1d464b832300eb,300.0,266.0,RGB,RGB,False,186033.0
caltech_okapi_010,data/raw/caltech_okapi_010.jpg,data/processed/caltech_okapi_010.png,VALID,KEPT_UNCHANGED,Passed all integrity and duplicate checks,c213408b068ecf004be7b433106db7cf8c0972cc96811dcea2924461db9953fa,6d292d2cbada9382,300.0,240.0,RGB,RGB,False,175350.0
caltech_pagoda_001,data/raw/caltech_pagoda_001.jpg,data/processed/caltech_pagoda_001.png,VALID,KEPT_UNCHANGED,Passed all integrity and duplicate checks,f497c16c7be1b313076175dc425df8c8aa16b8cab7536968b25e38eb5b8b9088,c2703e1f9fe7c159,203.0,300.0,RGB,RGB,False,84402.0
caltech_pagoda_002,data/raw/caltech_pagoda_002.jpg,data/processed/caltech_pagoda_002.png,VALID,KEPT_UNCHANGED,Passed all integrity and duplicate checks,aa8960b3705e4df1131fea4407f4b23754b232b2199c3eeb6e9c4fbfb50197c9,59336333679e3562,300.0,237.0,RGB,RGB,False,142292.0
caltech_pagoda_003,data/raw/caltech_pagoda_003.jpg,data/processed/caltech_pagoda_003.png,VALID,KEPT_UNCHANGED,Passed all integrity and duplicate checks,67d5c15a218143874e91f9f37c0fa0f62b2abb2d4a8bee4a52049a2d5e7590c4,b19385b8c193b373,300.0,285.0,RGB,RGB,False,134580.0
caltech_pagoda_004,data/raw/caltech_pagoda_004.jpg,data/processed/caltech_pagoda_004.png,VALID,KEPT_UNCHANGED,Passed all integrity and duplicate checks,5b7f6c2748b90a7f8aabb844656c1fc4b693fdc3b5221ac5a089f08666a22197,71325e160781f0f1,282.0,300.0,RGB,RGB,False,112532.0
caltech_pagoda_005,data/raw/caltech_pagoda_005.jpg,data/processed/caltech_pagoda_005.png,VALID,KEPT_UNCHANGED,Passed all integrity and duplicate checks,ee1a1f34ffdae7f4944d4db0c75c25e26040e2019a97bdc871e3680ab3e8f020,987162643c3d7666,300.0,192.0,RGB,RGB,False,81553.0
caltech_pagoda_006,data/raw/caltech_pagoda_006.jpg,data/processed/caltech_pagoda_006.png,VALID,KEPT_UNCHANGED,Passed all integrity and duplicate checks,0de0947e691f7415582ca1f439cfc6d4dc11ea873399221f241c3f761017a2c2,61b517864f87f1f1,266.0,300.0,RGB,RGB,False,96242.0
caltech_pagoda_007,data/raw/caltech_pagoda_007.jpg,data/processed/caltech_pagoda_007.png,VALID,KEPT_UNCHANGED,Passed all integrity and duplicate checks,d371af99a5a43645378f436ef37078184540662e7a7d55924573358c3b8817df,e0713f9e27838138,228.0,300.0,RGB,RGB,False,96662.0
caltech_pagoda_008,data/raw/caltech_pagoda_008.jpg,data/processed/caltech_pagoda_008.png,VALID,KEPT_UNCHANGED,Passed all integrity and duplicate checks,e135704c32b5980f64145f9295ed025387fd7cc986066a33cee0ba0062b8f031,c0763e0e87f3d0c8,196.0,300.0,RGB,RGB,False,85573.0
caltech_pagoda_009,data/raw/caltech_pagoda_009.jpg,data/processed/caltech_pagoda_009.png,VALID,KEPT_UNCHANGED,Passed all integrity and duplicate checks,294b82b4f5de7d7a827aecdb6a2dea680c1610dd1fbf3dc63075c1b73d5020da,f8b03237d7bb3366,300.0,199.0,RGB,RGB,False,119640.0
caltech_pagoda_010,data/raw/caltech_pagoda_010.jpg,data/processed/caltech_pagoda_010.png,VALID,KEPT_UNCHANGED,Passed all integrity and duplicate checks,c6d4061540a7d0454e88768426f8e9b986ad98b348545f426ace25dad0d6acae,c2743c039d93c1b8,203.0,300.0,RGB,RGB,False,77691.0
caltech_panda_001,data/raw/caltech_panda_001.jpg,data/processed/caltech_panda_001.png,VALID,KEPT_UNCHANGED,Passed all integrity and duplicate checks,200693464ec67baaac319804045e5035a2d020210072cab25dceac93299cdf9a,d99a286c4c4e06cb,207.0,300.0,RGB,RGB,False,88545.0
caltech_panda_002,data/raw/caltech_panda_002.jpg,data/processed/caltech_panda_002.png,VALID,KEPT_UNCHANGED,Passed all integrity and duplicate checks,cbba27179825a863f42dc7f68d89a6089e58cc8e89a81a636a68892b00f02777,c4b931e2cb298939,277.0,300.0,RGB,RGB,False,138861.0
caltech_panda_003,data/raw/caltech_panda_003.jpg,data/processed/caltech_panda_003.png,VALID,KEPT_UNCHANGED,Passed all integrity and duplicate checks,58d8f21a9d6ca7879e4837666781e4c5495e4c91ddb7f385d3037c52f6724a59,4ad64e0dcde8cb81,209.0,300.0,RGB,RGB,False,35605.0
caltech_panda_004,data/raw/caltech_panda_004.jpg,data/processed/caltech_panda_004.png,VALID,KEPT_UNCHANGED,Passed all integrity and duplicate checks,5ed2b51342de934532e2dddd836a0435ff22b7b81b072673f1a011d0c5fcb07e,448e9e4dcc6c48ce,206.0,300.0,RGB,RGB,False,62764.0
caltech_panda_005,data/raw/caltech_panda_005.jpg,data/processed/caltech_panda_005.png,VALID,KEPT_UNCHANGED,Passed all integrity and duplicate checks,bbc21f575cd8260c2e3c66027fcc9eea81be007e40960a774a87888d076fbefd,e3b39595333fcccf,184.0,300.0,RGB,RGB,False,68132.0
caltech_panda_006,data/raw/caltech_panda_006.jpg,data/processed/caltech_panda_006.png,VALID,KEPT_UNCHANGED,Passed all integrity and duplicate checks,f910d79065a740fffff911caac21d6e8ae45c6b5ec7d3215203848c501ae2587,96c8ccd4e9a9ae96,224.0,300.0,RGB,RGB,False,141878.0
caltech_panda_007,data/raw/caltech_panda_007.jpg,data/processed/caltech_panda_007.png,VALID,KEPT_UNCHANGED,Passed all integrity and duplicate checks,c8b68834d89ad954884180f5424c2fa1433d413da3b1d4435c1d6e5321736106,446a7c7c4ecc9e99,253.0,300.0,RGB,RGB,False,120986.0
caltech_panda_008,data/raw/caltech_panda_008.jpg,data/processed/caltech_panda_008.png,VALID,KEPT_UNCHANGED,Passed all integrity and duplicate checks,9d89f27649bc5299b2e51cb3d2da31e8809b3cf4a41d96a6fb87bfd1f0e19b7c,42c8d1c2cc0c8dad,300.0,300.0,RGB,RGB,False,135262.0
caltech_panda_009,data/raw/caltech_panda_009.jpg,data/processed/caltech_panda_009.png,VALID,KEPT_UNCHANGED,Passed all integrity and duplicate checks,8aa8de0a2f1fbe78cd4350578c0402d864c301c40b66676e6e4f82e2c1ed2b51,f9f1760ccc460e07,243.0,300.0,RGB,RGB,False,131354.0
caltech_panda_010,data/raw/caltech_panda_010.jpg,data/processed/caltech_panda_010.png,VALID,KEPT_UNCHANGED,Passed all integrity and duplicate checks,ae9a7cf41ed9bbbe60c1e4f911cd1b875a5f59ad42f1ec2d5413773e18fce63b,623054b0e4ec8c6d,261.0,300.0,RGB,RGB,False,181024.0
caltech_pigeon_001,data/raw/caltech_pigeon_001.jpg,data/processed/caltech_pigeon_001.png,VALID,KEPT_UNCHANGED,Passed all integrity and duplicate checks,29bcbf55c5f659a61a10f57534eddfffea00419e0bdfb368e15767e46e9f100b,89c809cfe66e0d8c,300.0,300.0,RGB,RGB,False,160319.0
caltech_pigeon_002,data/raw/caltech_pigeon_002.jpg,data/processed/caltech_pigeon_002.png,VALID,KEPT_UNCHANGED,Passed all integrity and duplicate checks,a9cb8358bd01b0dd0910dd5da4295e27d36c15715587ff16ed51f6fcea0a463c,3578b9d061e9a9e1,300.0,258.0,RGB,RGB,False,147638.0
caltech_pigeon_003,data/raw/caltech_pigeon_003.jpg,data/processed/caltech_pigeon_003.png,VALID,KEPT_UNCHANGED,Passed all integrity and duplicate checks,0eb565c397fda559dde1ac178643c4d971a429defba3f7f289ba916e3e1e016d,0a09480c0e260206,299.0,242.0,RGB,RGB,False,52504.0
caltech_pigeon_004,data/raw/caltech_pigeon_004.jpg,data/processed/caltech_pigeon_004.png,VALID,KEPT_UNCHANGED,Passed all integrity and duplicate checks,dca31b9b3d1561193ffbd7ec2351f1f9a070029f08449a4b57d71f7b907077a2,f9f9f80a15c7270f,300.0,185.0,RGB,RGB,False,120423.0
caltech_pigeon_005,data/raw/caltech_pigeon_005.jpg,data/processed/caltech_pigeon_005.png,VALID,KEPT_UNCHANGED,Passed all integrity and duplicate checks,25e27079e3844620c2842c36b78f8a60d26554a1073524a4d1a852be958287ec,73f9cd4c1d3d60f0,300.0,202.0,RGB,RGB,False,104224.0
caltech_pigeon_006,data/raw/caltech_pigeon_006.jpg,data/processed/caltech_pigeon_006.png,VALID,KEPT_UNCHANGED,Passed all integrity and duplicate checks,1332255d7a916414b74258ed29449d840b96b2bc9dafbb1989c61bc22c6d94cc,3d78b9d061e9a9e1,300.0,258.0,RGB,RGB,False,100788.0
caltech_pigeon_007,data/raw/caltech_pigeon_007.jpg,data/processed/caltech_pigeon_007.png,VALID,KEPT_UNCHANGED,Passed all integrity and duplicate checks,c44eb1209aa5f6e18165b5e678469f9cab72266ddbef0cc8723fa43a35371ac4,49c98ce82d8f476e,300.0,259.0,RGB,RGB,False,118691.0
caltech_pigeon_008,data/raw/caltech_pigeon_008.jpg,data/processed/caltech_pigeon_008.png,VALID,KEPT_UNCHANGED,Passed all integrity and duplicate checks,4b85ce3529d719593fbb39befc4656624cc01ecce9ef7d05a408b16fbbfdb690,36124e06436d370b,300.0,225.0,RGB,RGB,False,93485.0
caltech_pigeon_009,data/raw/caltech_pigeon_009.jpg,data/processed/caltech_pigeon_009.png,VALID,KEPT_UNCHANGED,Passed all integrity and duplicate checks,93d6854dfe00389a38006ff311f450e13d2be68c6fc9dfd1a09dd98045c45fe5,d0c053436e0e37ed,300.0,259.0,RGB,RGB,False,211878.0
caltech_pigeon_010,data/raw/caltech_pigeon_010.jpg,data/processed/caltech_pigeon_010.png,VALID,KEPT_UNCHANGED,Passed all integrity and duplicate checks,db771e35c3b8cb44c831222e9b4ba4c0f8349391c8b68e0197f3bb60ad7b95e6,872a29688a0a6c06,300.0,254.0,RGB,RGB,False,88655.0
caltech_pizza_001,data/raw/caltech_pizza_001.jpg,data/processed/caltech_pizza_001.png,VALID,KEPT_UNCHANGED,Passed all integrity and duplicate checks,690aaec2e238b2fd3817be782b8c63403a03f7e83e6db60c99588280c7e2a7c3,f4f03113f0b1b170,300.0,225.0,RGB,RGB,False,117663.0
caltech_pizza_002,data/raw/caltech_pizza_002.jpg,data/processed/caltech_pizza_002.png,VALID,KEPT_UNCHANGED,Passed all integrity and duplicate checks,e158d7f64fbe017417f2189cea4d9139e07058652671ad923adb88724922fbc3,713737a42656d633,300.0,231.0,RGB,RGB,False,135829.0
caltech_pizza_003,data/raw/caltech_pizza_003.jpg,data/processed/caltech_pizza_003.png,VALID,KEPT_UNCHANGED,Passed all integrity and duplicate checks,cce62cf64b06c9809e4def3ccccf0f2726e31dec9feafa3ae07ed4ba9315ca8b,0f4e68a9aaea8e0f,300.0,285.0,RGB,RGB,False,172027.0
caltech_pizza_004,data/raw/caltech_pizza_004.jpg,data/processed/caltech_pizza_004.png,VALID,KEPT_UNCHANGED,Passed all integrity and duplicate checks,04fbba236de09fb39a30ad3fbbf7702f0417d1ebe5257420e0a178f8239c9ea7,676c8c6b2976999e,255.0,300.0,RGB,RGB,False,143596.0
caltech_pizza_005,data/raw/caltech_pizza_005.jpg,data/processed/caltech_pizza_005.png,VALID,KEPT_UNCHANGED,Passed all integrity and duplicate checks,988cbf8bc7997b6b25df0cd96fb4332ab38d6ba7981d9f110536274671005d99,b9b131373795f1e8,276.0,300.0,RGB,RGB,False,127343.0
caltech_pizza_006,data/raw/caltech_pizza_006.jpg,data/processed/caltech_pizza_006.png,VALID,KEPT_UNCHANGED,Passed all integrity and duplicate checks,8b7bff179130f9b634766a1356a53235ffa03ec088a6ed512572906c27d064a2,2e2b69f3e4684d87,300.0,170.0,RGB,RGB,False,77612.0
caltech_pizza_007,data/raw/caltech_pizza_007.jpg,data/processed/caltech_pizza_007.png,VALID,KEPT_UNCHANGED,Passed all integrity and duplicate checks,70045179d48a6dfce11cba6cae99ee398fc1d45379559870eb232cf995aa22aa,72df8fc291782fe9,300.0,287.0,RGB,RGB,False,136044.0
caltech_pizza_008,data/raw/caltech_pizza_008.jpg,data/processed/caltech_pizza_008.png,VALID,KEPT_UNCHANGED,Passed all integrity and duplicate checks,22d024a162c4a8bc003fa3f24ee06eddc9c4293818b04f42413ed852900a7b73,e252ecec6b0b8e1f,300.0,225.0,RGB,RGB,False,120914.0
caltech_pizza_009,data/raw/caltech_pizza_009.jpg,data/processed/caltech_pizza_009.png,VALID,KEPT_UNCHANGED,Passed all integrity and duplicate checks,94e57bc8009557a391725d20baa11855f4d76b453f56d7e9c2e1187f661972e6,66686942608c0c70,300.0,225.0,RGB,RGB,False,105998.0
caltech_pizza_010,data/raw/caltech_pizza_010.jpg,data/processed/caltech_pizza_010.png,VALID,KEPT_UNCHANGED,Passed all integrity and duplicate checks,e3369d3cd5d7762a79dba5ed1ad958716f24a2dce7e808eb78eb93382dfb0084,c8b171e0f47170a8,300.0,225.0,RGB,RGB,False,118628.0
caltech_platypus_001,data/raw/caltech_platypus_001.jpg,data/processed/caltech_platypus_001.png,VALID,KEPT_UNCHANGED,Passed all integrity and duplicate checks,aa28ebfdec45bbd21c5e45da6203744a927708cb847cffd49f5a9cc07b985b1a,898387ef8c0c9c29,300.0,189.0,RGB,RGB,False,67983.0
caltech_platypus_002,data/raw/caltech_platypus_002.jpg,data/processed/caltech_platypus_002.png,VALID,KEPT_UNCHANGED,Passed all integrity and duplicate checks,48c9bb337188460c84b173a7dfcb174746abfcc2a381f4ec31b98a3c8514f1e8,63361c6e667c489a,225.0,300.0,RGB,RGB,False,191869.0
caltech_platypus_003,data/raw/caltech_platypus_003.jpg,data/processed/caltech_platypus_003.png,VALID,KEPT_UNCHANGED,Passed all integrity and duplicate checks,28edf4547e088cfa41248aabb554d58fad289a8e05a4ae806ff9db044bb1cae3,9547c38317161c3b,240.0,300.0,RGB,RGB,False,159155.0
caltech_platypus_004,data/raw/caltech_platypus_004.jpg,data/processed/caltech_platypus_004.png,VALID,KEPT_UNCHANGED,Passed all integrity and duplicate checks,450c5554be4cc4d78ef2ddd7ccb1fc739c028c515f0516a215f02ba6acaee973,9034b0f9e3c6d609,300.0,201.0,RGB,RGB,False,79320.0
caltech_platypus_005,data/raw/caltech_platypus_005.jpg,data/processed/caltech_platypus_005.png,VALID,KEPT_UNCHANGED,Passed all integrity and duplicate checks,ed379388f5608afef16b24f617779e5593ef507d2ef73f884fa223b55a168cea,53927a79e9d87cb1,300.0,252.0,RGB,RGB,False,174001.0
caltech_platypus_006,data/raw/caltech_platypus_006.jpg,data/processed/caltech_platypus_006.png,VALID,KEPT_UNCHANGED,Passed all integrity and duplicate checks,e388643644fbe8543a993e11a9a32eba4b160b439e34acc4d27b59c20276e3ef,21acc9cc1e2d0992,300.0,295.0,RGB,RGB,False,69031.0
caltech_platypus_007,data/raw/caltech_platypus_007.jpg,data/processed/caltech_platypus_007.png,VALID,KEPT_UNCHANGED,Passed all integrity and duplicate checks,c21f6532ecbf81dede74220e5cd25eedce9526076de164ef32b7150ed31b389a,60e08197337a7472,290.0,300.0,RGB,RGB,False,125107.0
caltech_platypus_008,data/raw/caltech_platypus_008.jpg,data/processed/caltech_platypus_008.png,VALID,KEPT_UNCHANGED,Passed all integrity and duplicate checks,133bbe55f1382c278269a5caeb64abc4a8591e02d9c7947b0f53f9cba6cbc169,1114f0e1c6d691d0,300.0,300.0,RGB,RGB,False,125943.0
caltech_platypus_009,data/raw/caltech_platypus_009.jpg,data/processed/caltech_platypus_009.png,VALID,KEPT_UNCHANGED,Passed all integrity and duplicate checks,3552e9a7acbd437f8dd14e8b5dbe147c392305716fbf07d16ffba254800d2977,cd436f0d8e9c8809,300.0,232.0,RGB,RGB,False,84280.0
caltech_platypus_010,data/raw/caltech_platypus_010.jpg,data/processed/caltech_platypus_010.png,VALID,KEPT_UNCHANGED,Passed all integrity and duplicate checks,8be41437b51edeabfd619e73dbf3f591584e07ad6292766899289dfe29ed0ed2,1e4b4e23227cecec,300.0,264.0,RGB,RGB,False,127444.0
caltech_pyramid_001,data/raw/caltech_pyramid_001.jpg,data/processed/caltech_pyramid_001.png,VALID,KEPT_UNCHANGED,Passed all integrity and duplicate checks,09d008bb6ffb4216e658653706a0f466dd0cafc5537a851aed7b5bac2b63a9e4,503303164c0c88b1,300.0,189.0,RGB,RGB,False,63753.0
caltech_pyramid_002,data/raw/caltech_pyramid_002.jpg,data/processed/caltech_pyramid_002.png,VALID,KEPT_UNCHANGED,Passed all integrity and duplicate checks,6aceb4cdfec0d9dc16c5a00b75df8763e0bca1feb886a4e8e7246143179a6ff5,78554b662ebcbcac,300.0,241.0,RGB,RGB,False,126838.0
caltech_pyramid_003,data/raw/caltech_pyramid_003.jpg,data/processed/caltech_pyramid_003.png,VALID,KEPT_UNCHANGED,Passed all integrity and duplicate checks,8f2d18812526792b9136093300f526080a0782520397be97154b809e34b22e30,79bb9f858181a1f8,300.0,206.0,RGB,RGB,False,129121.0
caltech_pyramid_004,data/raw/caltech_pyramid_004.jpg,data/processed/caltech_pyramid_004.png,VALID,KEPT_UNCHANGED,Passed all integrity and duplicate checks,aaf0dd8aa7dbf3744b7a9eda5f72fd2b0a481948153d783323c7a0a21fed51c7,a50b1b464f6e6acf,300.0,261.0,RGB,RGB,False,90817.0
caltech_pyramid_005,data/raw/caltech_pyramid_005.jpg,data/processed/caltech_pyramid_005.png,VALID,KEPT_UNCHANGED,Passed all integrity and duplicate checks,f18bc663832e4c053513522c5561f33a16700a02959c5d3a4851ed901d75b184,835a6b3f3fd33bb3,300.0,271.0,RGB,RGB,False,135164.0
caltech_pyramid_006,data/raw/caltech_pyramid_006.jpg,data/processed/caltech_pyramid_006.png,VALID,KEPT_UNCHANGED,Passed all integrity and duplicate checks,2803d63662ae7bc0c0d41bbf57ad066a323373aee2ec2d3a426230dc477d797b,02c063070f8d8a60,282.0,300.0,RGB,RGB,False,73085.0
caltech_pyramid_007,data/raw/caltech_pyramid_007.jpg,data/processed/caltech_pyramid_007.png,VALID,KEPT_UNCHANGED,Passed all integrity and duplicate checks,4cb1d3f400a3df1e456464349f57bb99189f5e1dec1bb556915f3a18de9946d9,020281830b464ed8,300.0,188.0,RGB,RGB,False,73225.0
caltech_pyramid_008,data/raw/caltech_pyramid_008.jpg,data/processed/caltech_pyramid_008.png,VALID,KEPT_UNCHANGED,Passed all integrity and duplicate checks,898b9d6dacb07732acd4fe7f42b3aebc3ce146764895069358fb988be757e9b0,ad1b07868c8e8ecf,298.0,300.0,RGB,RGB,False,81790.0
caltech_pyramid_009,data/raw/caltech_pyramid_009.jpg,data/processed/caltech_pyramid_009.png,VALID,KEPT_UNCHANGED,Passed all integrity and duplicate checks,245cbe69bf366f027350e25981fc07fd21e30fa37150e87b9814eec489c1f872,0b0b160e0c6a4c06,300.0,206.0,RGB,RGB,False,86923.0
caltech_pyramid_010,data/raw/caltech_pyramid_010.jpg,data/processed/caltech_pyramid_010.png,VALID,KEPT_UNCHANGED,Passed all integrity and duplicate checks,9513ab6dbddaa9d34d0f99f9992307fff065a3490823759dbe55ef3cffd556d3,3030307070723410,300.0,173.0,RGB,RGB,False,77682.0
caltech_revolver_001,data/raw/caltech_revolver_001.jpg,data/processed/caltech_revolver_001.png,VALID,KEPT_UNCHANGED,Passed all integrity and duplicate checks,f26bb0e8622a62551d5420c55b7161a3983ddb728f85b8292f969489a00d6740,03988b83c5a330a0,300.0,154.0,RGB,RGB,False,39207.0
caltech_revolver_002,data/raw/caltech_revolver_002.jpg,data/processed/caltech_revolver_002.png,VALID,KEPT_UNCHANGED,Passed all integrity and duplicate checks,6fd2b0ac15ed985096958183ab310818d08a2a2be4be1337850c1cc4838eb0f3,4309890fcfeb6b62,300.0,162.0,RGB,RGB,False,61754.0
caltech_revolver_003,data/raw/caltech_revolver_003.jpg,data/processed/caltech_revolver_003.png,VALID,KEPT_UNCHANGED,Passed all integrity and duplicate checks,cd28bfc435e5c801665214c95d7dc28c7e9fc924e709080ab9773b68c45fbcaf,030d0bc3a5b130b0,300.0,180.0,RGB,RGB,False,55640.0
caltech_revolver_004,data/raw/caltech_revolver_004.jpg,data/processed/caltech_revolver_004.png,VALID,KEPT_UNCHANGED,Passed all integrity and duplicate checks,89e880ea4485304355ce8ac0597be65b95bc3db8d0ec2dbb4b63456087ffcb90,8c57919b9bc343e0,300.0,207.0,RGB,RGB,False,50929.0
caltech_revolver_005,data/raw/caltech_revolver_005.jpg,data/processed/caltech_revolver_005.png,VALID,KEPT_UNCHANGED,Passed all integrity and duplicate checks,dfd0c45fe908700a6d94e0cc58cc1ec8316afedc818d6dee82dcf8ef5b54a42e,18b46272b59c1d2d,300.0,206.0,RGB,RGB,False,75922.0
caltech_revolver_006,data/raw/caltech_revolver_006.jpg,data/processed/caltech_revolver_006.png,VALID,KEPT_UNCHANGED,Passed all integrity and duplicate checks,99695a8d157fd582bee630deb4413b35b236956292899823f30e4095c091a930,1fcfe0984e87c962,300.0,242.0,RGB,RGB,False,88843.0
caltech_revolver_007,data/raw/caltech_revolver_007.jpg,data/processed/caltech_revolver_007.png,VALID,CONVERTED_FROM_GRAYSCALE,Passed all integrity and duplicate checks,98a47df518d84cd928a40978e470583dcdab1efed2fbc7ad3a787f5915492264,cd811f83e5a960a1,300.0,231.0,L,RGB,True,62891.0
caltech_revolver_008,data/raw/caltech_revolver_008.jpg,data/processed/caltech_revolver_008.png,VALID,KEPT_UNCHANGED,Passed all integrity and duplicate checks,bcdf384129fb9f156b736cb011521fb67c8fa7eca0d54c08308232987f2ee295,2a3802cffd7e9dab,230.0,300.0,RGB,RGB,False,150975.0
caltech_revolver_009,data/raw/caltech_revolver_009.jpg,data/processed/caltech_revolver_009.png,VALID,KEPT_UNCHANGED,Passed all integrity and duplicate checks,8ee873a355aa9b64f30063bce93f1af74b9a433ac0378321bd3288ae8eb6794f,0c00988c8793c6c2,300.0,207.0,RGB,RGB,False,48145.0
caltech_revolver_010,data/raw/caltech_revolver_010.jpg,data/processed/caltech_revolver_010.png,VALID,KEPT_UNCHANGED,Passed all integrity and duplicate checks,0353ff31d19ee90f83dce22c7f8caf23b3ea76ab25129e8fb0324067da2714fd,0800988c9793c6c2,300.0,207.0,RGB,RGB,False,47904.0
caltech_rhino_001,data/raw/caltech_rhino_001.jpg,data/processed/caltech_rhino_001.png,VALID,KEPT_UNCHANGED,Passed all integrity and duplicate checks,04ca14a080d91d5def64718613e5d8709afcf80294c839ccc986f1e3b476ba75,5261639e9f7dbcc0,300.0,255.0,RGB,RGB,False,140976.0
caltech_rhino_002,data/raw/caltech_rhino_002.jpg,data/processed/caltech_rhino_002.png,VALID,KEPT_UNCHANGED,Passed all integrity and duplicate checks,e819782a1141c649ff8faec19c2224f8552b1d44c498bc2737435eeb316f8b91,047171d2d6959100,300.0,259.0,RGB,RGB,False,45775.0
caltech_rhino_003,data/raw/caltech_rhino_003.jpg,data/processed/caltech_rhino_003.png,VALID,KEPT_UNCHANGED,Passed all integrity and duplicate checks,5ed74b3605c8c1c57ea606834e4f17172113d11d9319f9509e8c8c14936c26ac,1313346563390170,300.0,200.0,RGB,RGB,False,139076.0
caltech_rhino_004,data/raw/caltech_rhino_004.jpg,data/processed/caltech_rhino_004.png,VALID,KEPT_UNCHANGED,Passed all integrity and duplicate checks,fae34112f2cf2720b95ddd7af9da50eb79ba0766641a169da00477b638e28e4f,7286b1343450aa3c,300.0,197.0,RGB,RGB,False,76529.0
caltech_rhino_005,data/raw/caltech_rhino_005.jpg,data/processed/caltech_rhino_005.png,VALID,KEPT_UNCHANGED,Passed all integrity and duplicate checks,e8a8e5467853e888e9b27757b30362cffbdbcef917ecad9b453abeb0ebabeb20,b7f9339789d9f1b1,300.0,187.0,RGB,RGB,False,79698.0
caltech_rhino_006,data/raw/caltech_rhino_006.jpg,data/processed/caltech_rhino_006.png,VALID,KEPT_UNCHANGED,Passed all integrity and duplicate checks,787dac11a296e21473a1035cd7c31502fd8fbebf69b48bb3c8606130480b1c15,b4b4e0cbcbc6daec,300.0,204.0,RGB,RGB,False,135738.0
caltech_rhino_007,data/raw/caltech_rhino_007.jpg,data/processed/caltech_rhino_007.png,VALID,KEPT_UNCHANGED,Passed all integrity and duplicate checks,043606ba0d404a8993e45ce000b792f3c96658316cd90cf742392ae4905e8e84,e4f8f83276d4b0f0,300.0,205.0,RGB,RGB,False,92316.0
caltech_rhino_008,data/raw/caltech_rhino_008.jpg,data/processed/caltech_rhino_008.png,VALID,KEPT_UNCHANGED,Passed all integrity and duplicate checks,2fd24ce9013ecb2a3807613b2d575f7ef65bdef173eef596c02c46fbacb5a3ca,76168d2dab632b0e,300.0,167.0,RGB,RGB,False,64951.0
caltech_rhino_009,data/raw/caltech_rhino_009.jpg,data/processed/caltech_rhino_009.png,VALID,KEPT_UNCHANGED,Passed all integrity and duplicate checks,ddd03d4d33494f8c077f99b157baee74b3c3049f0239f8e6327e81b7d85155d8,a43262ce4f834549,300.0,155.0,RGB,RGB,False,85889.0
caltech_rhino_010,data/raw/caltech_rhino_010.jpg,data/processed/caltech_rhino_010.png,VALID,KEPT_UNCHANGED,Passed all integrity and duplicate checks,4e8dc62b50c75198033530a3fca772d3ff5ab3c11d78f4309b96d1170b721d89,0b6e76174b476921,300.0,208.0,RGB,RGB,False,76268.0
caltech_rooster_001,data/raw/caltech_rooster_001.jpg,data/processed/caltech_rooster_001.png,VALID,KEPT_UNCHANGED,Passed all integrity and duplicate checks,ba3b8e79e6571d4d251515d4cd1e4af3a02631faf6921f0849fd2ed49e5fc025,bcbce8c85f39ebd6,269.0,300.0,RGB,RGB,False,158667.0
caltech_rooster_002,data/raw/caltech_rooster_002.jpg,data/processed/caltech_rooster_002.png,VALID,KEPT_UNCHANGED,Passed all integrity and duplicate checks,0842b132c01cf8cec284366836b29ac46b0d29da43f60e40de6e2c8000d4e6ae,346cecec8e177372,300.0,257.0,RGB,RGB,False,137672.0
caltech_rooster_003,data/raw/caltech_rooster_003.jpg,data/processed/caltech_rooster_003.png,VALID,KEPT_UNCHANGED,Passed all integrity and duplicate checks,355ff96748b85b2d8c6ef11fb4dd90936b887f01b7fb96cb8733ae2a2d2fa90d,6373b9f95c36721f,300.0,265.0,RGB,RGB,False,152679.0
caltech_rooster_004,data/raw/caltech_rooster_004.jpg,data/processed/caltech_rooster_004.png,VALID,CONVERTED_FROM_GRAYSCALE,Passed all integrity and duplicate checks,39c5f625c4c7c6b9f28f6062aa8508d2d8093cb2cbec5495cffaf971a91732e7,4ccdcccc0c1f2bae,240.0,300.0,L,RGB,True,61066.0
caltech_rooster_005,data/raw/caltech_rooster_005.jpg,data/processed/caltech_rooster_005.png,VALID,KEPT_UNCHANGED,Passed all integrity and duplicate checks,eb76f18b5b7ecb788e0975ae1faebe225bbc32fcbe2ea19ebef6b4456c7d7080,6ac8c90a1d06060e,292.0,300.0,RGB,RGB,False,97699.0
caltech_rooster_006,data/raw/caltech_rooster_006.jpg,data/processed/caltech_rooster_006.png,VALID,KEPT_UNCHANGED,Passed all integrity and duplicate checks,b2bd3d5a4c08f2fd8fd9e93cd0424947f3e263789b362c02e658a8dc3ba7c4e4,c818c8c9cb8d168e,300.0,300.0,RGB,RGB,False,101563.0
caltech_rooster_007,data/raw/caltech_rooster_007.jpg,data/processed/caltech_rooster_007.png,VALID,KEPT_UNCHANGED,Passed all integrity and duplicate checks,bc531caa26ff6aeb9a19a0b2cb3a59fa60b9fae20260ed07bd8b215c80a9e354,8666664607131186,300.0,285.0,RGB,RGB,False,118512.0
caltech_rooster_008,data/raw/caltech_rooster_008.jpg,data/processed/caltech_rooster_008.png,VALID,KEPT_UNCHANGED,Passed all integrity and duplicate checks,a61888cfe2eec622f5fced81e733ee047a17612efe5cbf79d8f920cf0c118ff4,d60a424a4f1b2313,300.0,225.0,RGB,RGB,False,156760.0
caltech_rooster_009,data/raw/caltech_rooster_009.jpg,data/processed/caltech_rooster_009.png,VALID,KEPT_UNCHANGED,Passed all integrity and duplicate checks,7ebc0a3aa2fd939624e24bfb2a038131d339af50ea1259fc2066272cba68f91e,14d4d6064793b1c0,300.0,293.0,RGB,RGB,False,151426.0
caltech_rooster_010,data/raw/caltech_rooster_010.jpg,data/processed/caltech_rooster_010.png,VALID,KEPT_UNCHANGED,Passed all integrity and duplicate checks,8b47f7ae807d780cfe54767f564c080b73d325ebea690ae6a3e4a7a7a4754b1c,f9f3f773b6b7e8ed,218.0,300.0,RGB,RGB,False,98096.0
caltech_saxophone_001,data/raw/caltech_saxophone_001.jpg,data/processed/caltech_saxophone_001.png,VALID,KEPT_UNCHANGED,Passed all integrity and duplicate checks,e8a755b7f66e84f937c65fa30c2282686022b4d39eefb96d5335c1d2b508f52f,306052d0d6e2a3a1,178.0,300.0,RGB,RGB,False,40415.0
caltech_saxophone_002,data/raw/caltech_saxophone_002.jpg,data/processed/caltech_saxophone_002.png,VALID,KEPT_UNCHANGED,Passed all integrity and duplicate checks,e21c166a8eb0e228e4ffa802697796f961745a208cadd8daeddfe0ea116c20b1,52f2d09165e59909,300.0,261.0,RGB,RGB,False,145994.0
caltech_saxophone_003,data/raw/caltech_saxophone_003.jpg,data/processed/caltech_saxophone_003.png,VALID,KEPT_UNCHANGED,Passed all integrity and duplicate checks,a8b7b68e73f7dedaf82afa5ac06c287eeee91e2ab181f73da110e7c36019df32,683c76f0f0b793af,229.0,300.0,RGB,RGB,False,122467.0
caltech_saxophone_004,data/raw/caltech_saxophone_004.jpg,data/processed/caltech_saxophone_004.png,VALID,KEPT_UNCHANGED,Passed all integrity and duplicate checks,127e5d005d0718787ab59cb993d9c8b241a40db3040f6c32d26cad0e70091b18,f0cb9bd5c5c24030,217.0,300.0,RGB,RGB,False,47210.0
caltech_saxophone_005,data/raw/caltech_saxophone_005.jpg,data/processed/caltech_saxophone_005.png,VALID,KEPT_UNCHANGED,Passed all integrity and duplicate checks,3a09ee459c6f45f63f2e2c787d93491fd4f776efce85700c86e33601486500a9,637373733f3d3f36,178.0,300.0,RGB,RGB,False,74806.0
caltech_saxophone_006,data/raw/caltech_saxophone_006.jpg,data/processed/caltech_saxophone_006.png,VALID,KEPT_UNCHANGED,Passed all integrity and duplicate checks,69799a85fa8e5f3bfdceac3f61dfe9a527f7daaefd34760d95f027b2f374eaae,6b63aee8d0c0cafa,134.0,300.0,RGB,RGB,False,63822.0
caltech_saxophone_007,data/raw/caltech_saxophone_007.jpg,data/processed/caltech_saxophone_007.png,VALID,KEPT_UNCHANGED,Passed all integrity and duplicate checks,e72856e07aa82ca2dae2e19c559c59955a999763e5f96819e94f87a7e0686423,52561e1a28adccce,300.0,221.0,RGB,RGB,False,124106.0
caltech_saxophone_008,data/raw/caltech_saxophone_008.jpg,data/processed/caltech_saxophone_008.png,VALID,KEPT_UNCHANGED,Passed all integrity and duplicate checks,394c0a272a190be2335428dc925e5e8d685c4b736ae7c25542bcdd12301a311b,e181a12d07270703,264.0,300.0,RGB,RGB,False,76454.0
caltech_saxophone_009,data/raw/caltech_saxophone_009.jpg,data/processed/caltech_saxophone_009.png,VALID,KEPT_UNCHANGED,Passed all integrity and duplicate checks,89ad248383bc4ec9c1f8a31d936c918a23d78fd024601deab80e5328090167c1,8531390f26260b6b,270.0,300.0,RGB,RGB,False,67321.0
caltech_saxophone_010,data/raw/caltech_saxophone_010.jpg,data/processed/caltech_saxophone_010.png,VALID,KEPT_UNCHANGED,Passed all integrity and duplicate checks,c5642848b60a6eac629cd66595a354a357f92903547566dc3bc7ba7533174a76,3b793da3c685cb47,189.0,300.0,RGB,RGB,False,112651.0
caltech_schooner_001,data/raw/caltech_schooner_001.jpg,data/processed/caltech_schooner_001.png,VALID,KEPT_UNCHANGED,Passed all integrity and duplicate checks,888b7f3751e985bf5cfb2ac39217d28ac382cb6df2cacd6f35cd07e1e61357b3,0646ce8e8e9aaec7,300.0,215.0,RGB,RGB,False,90511.0
caltech_schooner_002,data/raw/caltech_schooner_002.jpg,data/processed/caltech_schooner_002.png,VALID,CONVERTED_FROM_GRAYSCALE,Passed all integrity and duplicate checks,892345e0e63af3e06a75abb97167815dcb69d9769d97c352ab4018e59a388cca,90111216169c1c1c,300.0,246.0,L,RGB,True,80258.0
caltech_schooner_003,data/raw/caltech_schooner_003.jpg,data/processed/caltech_schooner_003.png,VALID,KEPT_UNCHANGED,Passed all integrity and duplicate checks,a84a90bb144365aed4b02d3b0fa768142bbfe8a1c478573a1d710f02518e47e9,f03162f4e0f0d191,300.0,221.0,RGB,RGB,False,118936.0
caltech_schooner_004,data/raw/caltech_schooner_004.jpg,data/processed/caltech_schooner_004.png,VALID,KEPT_UNCHANGED,Passed all integrity and duplicate checks,0b9893af3c78ce2a7fd6b7e30ef4b7ae09703b3a0440f0239e6d16f55ae8e64c,1753135373535349,300.0,216.0,RGB,RGB,False,86339.0
caltech_schooner_005,data/raw/caltech_schooner_005.jpg,data/processed/caltech_schooner_005.png,VALID,CONVERTED_FROM_GRAYSCALE,Passed all integrity and duplicate checks,95da8643b73e607878262729d2618a67d2aab81315a4c130150511e44879ba2e,fe43636a4768ae47,300.0,207.0,L,RGB,True,56014.0
caltech_schooner_006,data/raw/caltech_schooner_006.jpg,data/processed/caltech_schooner_006.png,VALID,KEPT_UNCHANGED,Passed all integrity and duplicate checks,1f28f9bbf917a0adcfc64c08266f1a3bca44dc30fac51a922c982a00f54f2dd2,3e36aa0c8d0a8c8d,300.0,287.0,RGB,RGB,False,90036.0
caltech_schooner_007,data/raw/caltech_schooner_007.jpg,data/processed/caltech_schooner_007.png,VALID,KEPT_UNCHANGED,Passed all integrity and duplicate checks,b3a519af62af7386a76cd50c7db9942a961bc49e016a7de5cce4b911529a54b3,f0f233b371965657,300.0,213.0,RGB,RGB,False,111893.0
caltech_schooner_008,data/raw/caltech_schooner_008.jpg,data/processed/caltech_schooner_008.png,VALID,KEPT_UNCHANGED,Passed all integrity and duplicate checks,57ec0635cd08f045da38abc37a0e3ee02a46b389a42c5232d7227c421d629463,747c5d999988cd1c,257.0,300.0,RGB,RGB,False,105964.0
caltech_schooner_009,data/raw/caltech_schooner_009.jpg,data/processed/caltech_schooner_009.png,VALID,CONVERTED_FROM_GRAYSCALE,Passed all integrity and duplicate checks,0d57d6ff9963aa9539d04a27dbe5b25ca47e7d37880caa22132c6215ec8dd67e,0bc8c063a2b28f2f,300.0,232.0,L,RGB,True,56233.0
caltech_schooner_010,data/raw/caltech_schooner_010.jpg,data/processed/caltech_schooner_010.png,VALID,KEPT_UNCHANGED,Passed all integrity and duplicate checks,17e7492a4ab971874e85c52c866efea2ee21452c81d98c0f4dc2c2bbc950739d,fc7d7d595b513811,300.0,279.0,RGB,RGB,False,122099.0
caltech_scissors_001,data/raw/caltech_scissors_001.jpg,data/processed/caltech_scissors_001.png,VALID,KEPT_UNCHANGED,Passed all integrity and duplicate checks,83473c6428bfea4865421354ab4253ad5c8cf9f9e6f5c67d9d378f1980f933c8,85ada52527071783,300.0,289.0,RGB,RGB,False,27378.0
caltech_scissors_002,data/raw/caltech_scissors_002.jpg,data/processed/caltech_scissors_002.png,VALID,KEPT_UNCHANGED,Passed all integrity and duplicate checks,a67f7a1400f9506ebad0f2aec3e26c0a12a4a0305a814fcd4f27f31ddb64beb2,2226264636abb99c,119.0,300.0,RGB,RGB,False,38160.0
caltech_scissors_003,data/raw/caltech_scissors_003.jpg,data/processed/caltech_scissors_003.png,VALID,CONVERTED_FROM_GRAYSCALE,Passed all integrity and duplicate checks,93d6da17d44cae8c0b9750e20533924cdfbef7b87387244890bda28b4b843fb1,9797890b9ac6ccda,105.0,300.0,L,RGB,True,25474.0
caltech_scissors_004,data/raw/caltech_scissors_004.jpg,data/processed/caltech_scissors_004.png,VALID,KEPT_UNCHANGED,Passed all integrity and duplicate checks,5605083460da998eb8fe7ca1f7157cdc01451f65e1c4b5dc118270d158d21896,2b2b2b0b962f2baa,155.0,300.0,RGB,RGB,False,36940.0
caltech_scissors_005,data/raw/caltech_scissors_005.jpg,data/processed/caltech_scissors_005.png,VALID,KEPT_UNCHANGED,Passed all integrity and duplicate checks,5315c2bbab0491983b520916fe3b22df44d4ddeedb181ce50aad444d76335004,2d1b0b968e8eb6aa,150.0,300.0,RGB,RGB,False,56185.0
caltech_scissors_006,data/raw/caltech_scissors_006.jpg,data/processed/caltech_scissors_006.png,VALID,KEPT_UNCHANGED,Passed all integrity and duplicate checks,125ea5beb6cf0388358432b997a953eca250e4086203b3050c68ef957ded501d,b5b5d6919b0f939f,114.0,300.0,RGB,RGB,False,37604.0
caltech_scissors_007,data/raw/caltech_scissors_007.jpg,data/processed/caltech_scissors_007.png,VALID,KEPT_UNCHANGED,Passed all integrity and duplicate checks,db2cb9a24c5723401611b207c0a5a0fb7df27fd9700928ed601a42d77a0551f4,81c04242c4da53c4,161.0,300.0,RGB,RGB,False,57217.0
caltech_scissors_008,data/raw/caltech_scissors_008.jpg,data/processed/caltech_scissors_008.png,VALID,KEPT_UNCHANGED,Passed all integrity and duplicate checks,f8d85917711493143529cc89149112b187383464c7ba8c169bf8dd2f5f0426e4,3031432303031b34,300.0,300.0,RGB,RGB,False,58052.0
caltech_scissors_009,data/raw/caltech_scissors_009.jpg,data/processed/caltech_scissors_009.png,VALID,KEPT_UNCHANGED,Passed all integrity and duplicate checks,632bf7fb17ee1b9fab52c2b7260b78365ebb00e20df22a65c7737072f417dc49,40c0c1d0c3929261,221.0,300.0,RGB,RGB,False,25335.0
caltech_scissors_010,data/raw/caltech_scissors_010.jpg,data/processed/caltech_scissors_010.png,VALID,KEPT_UNCHANGED,Passed all integrity and duplicate checks,e56a6629de87ef19543adbac59b7d6adf2bede4ceccd203734e802d0e22be9ef,c6c2c299974a8adc,154.0,300.0,RGB,RGB,False,49437.0
caltech_scorpion_001,data/raw/caltech_scorpion_001.jpg,data/processed/caltech_scorpion_001.png,VALID,KEPT_UNCHANGED,Passed all integrity and duplicate checks,ec2f63f7f71e637bc2da327340cb350770db0ef7a80b6e1edd4be0eb68cdc0c9,0c02022a2c971f47,290.0,300.0,RGB,RGB,False,117579.0
caltech_scorpion_002,data/raw/caltech_scorpion_002.jpg,data/processed/caltech_scorpion_002.png,VALID,KEPT_UNCHANGED,Passed all integrity and duplicate checks,90620d4af44982fe5b94a0fb8642fbd18d4883fc4e1834a01332988dc00879d1,174d6e2e6f8fcd17,300.0,281.0,RGB,RGB,False,103106.0
caltech_scorpion_003,data/raw/caltech_scorpion_003.jpg,data/processed/caltech_scorpion_003.png,VALID,KEPT_UNCHANGED,Passed all integrity and duplicate checks,34936ea45b5c5ed723b62bc9d072e186e315c06eb3ebcf56e8488c146d6e242b,a1d2f223c0d060a1,300.0,294.0,RGB,RGB,False,74022.0
caltech_scorpion_004,data/raw/caltech_scorpion_004.jpg,data/processed/caltech_scorpion_004.png,VALID,KEPT_UNCHANGED,Passed all integrity and duplicate checks,afec979b9697fbb7fc768b9ab9750f74d605c4b88d59388c1b9b2492c6366163,963ebdb472383a1e,300.0,231.0,RGB,RGB,False,173217.0
caltech_scorpion_005,data/raw/caltech_scorpion_005.jpg,data/processed/caltech_scorpion_005.png,VALID,KEPT_UNCHANGED,Passed all integrity and duplicate checks,9aabe5ccde1778a33a62eb8a0c72b32a21ff37dbf7df318988bb78f54335e925,8c88608a8f0f858b,300.0,209.0,RGB,RGB,False,60666.0
caltech_scorpion_006,data/raw/caltech_scorpion_006.jpg,data/processed/caltech_scorpion_006.png,VALID,KEPT_UNCHANGED,Passed all integrity and duplicate checks,dccd1b25b8c793e62ad97f05e12cae0001e16ed1c1459ac23d273b327bda26c4,a7cc29aa090e2da4,300.0,200.0,RGB,RGB,False,132058.0
caltech_scorpion_007,data/raw/caltech_scorpion_007.jpg,data/processed/caltech_scorpion_007.png,VALID,KEPT_UNCHANGED,Passed all integrity and duplicate checks,3d125bebfb28225f306263af7c5eac7bf570bd239d7a95a0cc6909ff102ff206,e7f7e7ec4f959198,300.0,199.0,RGB,RGB,False,110871.0
caltech_scorpion_008,data/raw/caltech_scorpion_008.jpg,data/processed/caltech_scorpion_008.png,VALID,KEPT_UNCHANGED,Passed all integrity and duplicate checks,0a8ec31520eb507615731ade1cb78b2e7846294de2e76b9c2ae67ab4ace4460d,eee6f6be56c64e74,300.0,174.0,RGB,RGB,False,86838.0
caltech_scorpion_009,data/raw/caltech_scorpion_009.jpg,data/processed/caltech_scorpion_009.png,VALID,KEPT_UNCHANGED,Passed all integrity and duplicate checks,0ce5770741689ec6eb086743714a8bdf5cd7e92ce8cac9ef83231a5d4eb6dbe6,299a2ba94fc7eb65,300.0,153.0,RGB,RGB,False,53160.0
caltech_scorpion_010,data/raw/caltech_scorpion_010.jpg,data/processed/caltech_scorpion_010.png,VALID,KEPT_UNCHANGED,Passed all integrity and duplicate checks,b2c1adf080c808785a69c62f44d6bd51de6ac86b95d94a1e659170d511e98015,363d6e6fd66c8253,300.0,210.0,RGB,RGB,False,148928.0
caltech_sea_horse_001,data/raw/caltech_sea_horse_001.jpg,data/processed/caltech_sea_horse_001.png,VALID,KEPT_UNCHANGED,Passed all integrity and duplicate checks,4d6446fe4c68fca666927ead32324e9f7cf4db95615e5772e1591902dd7c5171,b012177e6d1172e2,300.0,242.0,RGB,RGB,False,98075.0
caltech_sea_horse_002,data/raw/caltech_sea_horse_002.jpg,data/processed/caltech_sea_horse_002.png,VALID,KEPT_UNCHANGED,Passed all integrity and duplicate checks,829d6d8711f47023e04b98146eb81eb6f73882d06f80a9e6d18099b47749a1d5,75603194eccc4e6c,200.0,300.0,RGB,RGB,False,89696.0
caltech_sea_horse_003,data/raw/caltech_sea_horse_003.jpg,data/processed/caltech_sea_horse_003.png,VALID,KEPT_UNCHANGED,Passed all integrity and duplicate checks,c2436f164c628993b91dab9f5573357cabb0a264a490058e8210ffbb8aead92b,707033b3b1b1a273,212.0,300.0,RGB,RGB,False,118013.0
caltech_sea_horse_004,data/raw/caltech_sea_horse_004.jpg,data/processed/caltech_sea_horse_004.png,VALID,KEPT_UNCHANGED,Passed all integrity and duplicate checks,84bebc30f78b4647b134ac2d37bea9894904e326506db620e74141511fa28f14,38b1a1a1b333b844,213.0,300.0,RGB,RGB,False,99384.0
caltech_sea_horse_005,data/raw/caltech_sea_horse_005.jpg,data/processed/caltech_sea_horse_005.png,VALID,KEPT_UNCHANGED,Passed all integrity and duplicate checks,f7f2b17dcb3d3507c12d150cb51c30efaaac88b2293a3c7629c375639c695b04,6eec81c0c8d962a8,208.0,300.0,RGB,RGB,False,86364.0
caltech_sea_horse_006,data/raw/caltech_sea_horse_006.jpg,data/processed/caltech_sea_horse_006.png,VALID,KEPT_UNCHANGED,Passed all integrity and duplicate checks,69f71e77eca4f74b4a395aecee6fb55a94c8665f7829c92e019dc63d1d7ab3f5,6e6e3a6246c89b0a,300.0,276.0,RGB,RGB,False,98732.0
caltech_sea_horse_007,data/raw/caltech_sea_horse_007.jpg,data/processed/caltech_sea_horse_007.png,VALID,KEPT_UNCHANGED,Passed all integrity and duplicate checks,77154c57cae6f9f243374f0ffd623bf2ebea1acaa45f45f5171e9930a1ec230f,50603cb5737a6c6a,205.0,300.0,RGB,RGB,False,122136.0
caltech_sea_horse_008,data/raw/caltech_sea_horse_008.jpg,data/processed/caltech_sea_horse_008.png,VALID,KEPT_UNCHANGED,Passed all integrity and duplicate checks,225980d84b0c86bba293ce9af9bd4fbc062dd4656bcb336a5e9bfc1a730d0a07,f2f9ddec6a6be4e5,212.0,300.0,RGB,RGB,False,133845.0
caltech_sea_horse_009,data/raw/caltech_sea_horse_009.jpg,data/processed/caltech_sea_horse_009.png,VALID,KEPT_UNCHANGED,Passed all integrity and duplicate checks,4f147a74a1270a57da34c441fa0ba98081bf82ed7cf873148306b956369bb931,fc3b2bb9bc082a26,300.0,296.0,RGB,RGB,False,110706.0
caltech_sea_horse_010,data/raw/caltech_sea_horse_010.jpg,data/processed/caltech_sea_horse_010.png,VALID,KEPT_UNCHANGED,Passed all integrity and duplicate checks,7f66071c31cf0022305a65fae7200642afe21c50fac71bd37ab39750732479aa,4e66ececccca82fc,300.0,202.0,RGB,RGB,False,85157.0
caltech_snoopy_001,data/raw/caltech_snoopy_001.jpg,data/processed/caltech_snoopy_001.png,VALID,KEPT_UNCHANGED,Passed all integrity and duplicate checks,3b4f89496af96d6981ab26615bde0fd15aa057d635a1168ffc382a00d8647a6a,877617137c36be8c,300.0,210.0,RGB,RGB,False,127435.0
caltech_snoopy_002,data/raw/caltech_snoopy_002.jpg,data/processed/caltech_snoopy_002.png,VALID,CONVERTED_FROM_GRAYSCALE,Passed all integrity and duplicate checks,760f79bcbb33f2921f5221c6af538b30e08c6844cb48ece4d5d52aec43a5b848,94cbc8b60c0b0a4e,262.0,300.0,L,RGB,True,30961.0
caltech_snoopy_003,data/raw/caltech_snoopy_003.jpg,data/processed/caltech_snoopy_003.png,VALID,KEPT_UNCHANGED,Passed all integrity and duplicate checks,62deb91f5870ae67e75f2f49e8a91c2c287d96ee9778b2a900d6dc070dc440ad,9d9083e18d802623,225.0,300.0,RGB,RGB,False,89753.0
caltech_snoopy_004,data/raw/caltech_snoopy_004.jpg,data/processed/caltech_snoopy_004.png,VALID,KEPT_UNCHANGED,Passed all integrity and duplicate checks,731493a3075aaf1dae827ff092ef15781349a9071be906aa8474f1cd1ced2f2e,629dccd48cac2888,300.0,253.0,RGB,RGB,False,96441.0
caltech_snoopy_005,data/raw/caltech_snoopy_005.jpg,data/processed/caltech_snoopy_005.png,VALID,CONVERTED_FROM_GRAYSCALE,Passed all integrity and duplicate checks,b9c23fffc87490e0f69ed0b8a76523d8ec699a97e7c2fdcdc1eda7ef779e6863,cc2c2e5262aa4be9,295.0,300.0,L,RGB,True,84822.0
caltech_snoopy_006,data/raw/caltech_snoopy_006.jpg,data/processed/caltech_snoopy_006.png,VALID,KEPT_UNCHANGED,Passed all integrity and duplicate checks,c72ab3f773405d1de58cce9b75fd5c7ad85698381f3f7dac864308494f4c8040,469dedc696496c66,300.0,278.0,RGB,RGB,False,90166.0
caltech_snoopy_007,data/raw/caltech_snoopy_007.jpg,data/processed/caltech_snoopy_007.png,VALID,KEPT_UNCHANGED,Passed all integrity and duplicate checks,e0c526fb7aac22e6b7b3b3bcb317d9ea070481888429c02ac2728c7b16a62441,7106c9c8ca62c4c0,288.0,300.0,RGB,RGB,False,91045.0
caltech_snoopy_008,data/raw/caltech_snoopy_008.jpg,data/processed/caltech_snoopy_008.png,VALID,KEPT_UNCHANGED,Passed all integrity and duplicate checks,350c1bd421fa9f20fbe55073cd5da0c5cf79140d6e05850c288f72eb77573445,e55936234fa68c29,228.0,300.0,RGB,RGB,False,86857.0
caltech_snoopy_009,data/raw/caltech_snoopy_009.jpg,data/processed/caltech_snoopy_009.png,VALID,KEPT_UNCHANGED,Passed all integrity and duplicate checks,da82224a5c6935f16a8d6868ba1bb1229964875996a89de475132b1bc5c52c0a,1dac4c18bcadbc5c,300.0,276.0,RGB,RGB,False,91445.0
caltech_snoopy_010,data/raw/caltech_snoopy_010.jpg,data/processed/caltech_snoopy_010.png,VALID,KEPT_UNCHANGED,Passed all integrity and duplicate checks,272fb2763b2288a6f13b4992b2e212466664268db10cd988ee43ddb5990c25bc,c37b39c7e6ca196d,300.0,286.0,RGB,RGB,False,107604.0
caltech_soccer_ball_001,data/raw/caltech_soccer_ball_001.jpg,data/processed/caltech_soccer_ball_001.png,VALID,KEPT_UNCHANGED,Passed all integrity and duplicate checks,15f15688abb269d9177c28f54bb931f179cbd82d6793e606a1021e5ff458a21e,34734a2ba9fcbbdf,300.0,225.0,RGB,RGB,False,128701.0
caltech_soccer_ball_002,data/raw/caltech_soccer_ball_002.jpg,data/processed/caltech_soccer_ball_002.png,VALID,CONVERTED_FROM_GRAYSCALE,Passed all integrity and duplicate checks,67f6c45dc57f9fc31ede5b026427312919600f2ae92d42693e27810d72ba0c9b,cd6e2c64e76c4c0e,299.0,300.0,L,RGB,True,49700.0
caltech_soccer_ball_003,data/raw/caltech_soccer_ball_003.jpg,data/processed/caltech_soccer_ball_003.png,VALID,CONVERTED_FROM_GRAYSCALE,Passed all integrity and duplicate checks,7b85c6257d87deacd1feef1e53bd591af4651c51ee44388661c3daf81894adc2,f0f0f070f6f773f4,300.0,300.0,L,RGB,True,58321.0
caltech_soccer_ball_004,data/raw/caltech_soccer_ball_004.jpg,data/processed/caltech_soccer_ball_004.png,VALID,CONVERTED_FROM_GRAYSCALE,Passed all integrity and duplicate checks,213543f396bccf48813fc1be7140cfe644fe70afeabd92f95fac21f27dc3e183,c8f0b0b1b1307080,300.0,225.0,L,RGB,True,30106.0
caltech_soccer_ball_005,data/raw/caltech_soccer_ball_005.jpg,data/processed/caltech_soccer_ball_005.png,VALID,KEPT_UNCHANGED,Passed all integrity and duplicate checks,e8257ddd3a6a06b02eb9ac055ccc4ed4e75dd2415337d0abc094f52f86acd02a,8b0f8d9d37339989,215.0,300.0,RGB,RGB,False,97894.0
caltech_soccer_ball_006,data/raw/caltech_soccer_ball_006.jpg,data/processed/caltech_soccer_ball_006.png,VALID,KEPT_UNCHANGED,Passed all integrity and duplicate checks,1fc5b1b32b86b6f50c83b1f5ca37c8f09a092013ad2aa3157c9daee315f01f66,12cecc232b690b07,287.0,300.0,RGB,RGB,False,66898.0
caltech_soccer_ball_007,data/raw/caltech_soccer_ball_007.jpg,data/processed/caltech_soccer_ball_007.png,VALID,KEPT_UNCHANGED,Passed all integrity and duplicate checks,e81e5241bd35820ead565bd6311de0083da6be5b7761b14a7748c64cfa2dfc32,0fa93937373bc88d,300.0,300.0,RGB,RGB,True,46297.0
caltech_soccer_ball_008,data/raw/caltech_soccer_ball_008.jpg,data/processed/caltech_soccer_ball_008.png,VALID,KEPT_UNCHANGED,Passed all integrity and duplicate checks,bcac99393ee1253a25de23f0678a6841d544f702037cc248b313baa95fa74169,d469f1f0b1f1e896,300.0,256.0,RGB,RGB,False,47240.0
caltech_soccer_ball_009,data/raw/caltech_soccer_ball_009.jpg,data/processed/caltech_soccer_ball_009.png,VALID,KEPT_UNCHANGED,Passed all integrity and duplicate checks,40d9e197a9fe5c564f6683522447e7a3c02c5c2e1dfd1df16aad7e8558d4c442,b030d8d2323b1ec3,300.0,179.0,RGB,RGB,False,74855.0
caltech_soccer_ball_010,data/raw/caltech_soccer_ball_010.jpg,data/processed/caltech_soccer_ball_010.png,VALID,KEPT_UNCHANGED,Passed all integrity and duplicate checks,cfb754fc0b3daf0c57a6c0c8facf9db103afb8aab183563f02d8030663b9b734,e8e8709290716868,300.0,270.0,RGB,RGB,False,110030.0
caltech_stapler_001,data/raw/caltech_stapler_001.jpg,data/processed/caltech_stapler_001.png,VALID,KEPT_UNCHANGED,Passed all integrity and duplicate checks,04f9e72ab73c86fcec87eda420a812f6fb9e617844ae001c1489e3c8ea973b01,c74f4a0c0feb6e9a,300.0,280.0,RGB,RGB,False,123248.0
caltech_stapler_002,data/raw/caltech_stapler_002.jpg,data/processed/caltech_stapler_002.png,VALID,KEPT_UNCHANGED,Passed all integrity and duplicate checks,c048fb79e78a136915406aba20256f3ad484192c1430e610b1f5d86cd8db719e,c3af2c2b4e08ef6f,300.0,182.0,RGB,RGB,False,64232.0
caltech_stapler_003,data/raw/caltech_stapler_003.jpg,data/processed/caltech_stapler_003.png,VALID,KEPT_UNCHANGED,Passed all integrity and duplicate checks,cfeab4fbee3c05f844ed45bf9027928e0d5746a5cdcdd306b61c7c93652b7b90,0708c74e0c8f60e3,300.0,202.0,RGB,RGB,False,42615.0
caltech_stapler_004,data/raw/caltech_stapler_004.jpg,data/processed/caltech_stapler_004.png,VALID,KEPT_UNCHANGED,Passed all integrity and duplicate checks,da9aa88fe029bc7e314483d8558723cd6fa774fba96da5be7b0675d52de06863,1c18c91e87c94681,300.0,206.0,RGB,RGB,False,53293.0
caltech_stapler_005,data/raw/caltech_stapler_005.jpg,data/processed/caltech_stapler_005.png,VALID,KEPT_UNCHANGED,Passed all integrity and duplicate checks,07e8dfd732ad462b6b65a0b4953e8e659e35e35dbce8b623c3fd26be6a32fd42,f230081c4e93d070,300.0,274.0,RGB,RGB,False,63960.0
caltech_stapler_006,data/raw/caltech_stapler_006.jpg,data/processed/caltech_stapler_006.png,VALID,KEPT_UNCHANGED,Passed all integrity and duplicate checks,f913187657ed16b41b7ed5cdeb1737db03bb5a99beefb21e7fc33c1a4a84d9fb,1c0c096c078bede2,300.0,196.0,RGB,RGB,False,52529.0
caltech_stapler_007,data/raw/caltech_stapler_007.jpg,data/processed/caltech_stapler_007.png,VALID,KEPT_UNCHANGED,Passed all integrity and duplicate checks,c7aaf397465e11011177cead1e6f285ca0241ab45bf125baef42003bb1e82686,01e017169d9c6388,300.0,300.0,RGB,RGB,False,29438.0
caltech_stapler_008,data/raw/caltech_stapler_008.jpg,data/processed/caltech_stapler_008.png,VALID,KEPT_UNCHANGED,Passed all integrity and duplicate checks,f3d95fb411036109368c3d68c648797db8f3eb2bbaf0dea22ad029351ac28dde,480c0a0d8e0789c6,300.0,248.0,RGB,RGB,False,83120.0
caltech_stapler_009,data/raw/caltech_stapler_009.jpg,data/processed/caltech_stapler_009.png,VALID,KEPT_UNCHANGED,Passed all integrity and duplicate checks,e379b5f97d54316650c624d4e2f257825081b092e75e57767ffb7ff58a001e93,70341c1e8c4603b1,300.0,256.0,RGB,RGB,False,89914.0
caltech_stapler_010,data/raw/caltech_stapler_010.jpg,data/processed/caltech_stapler_010.png,VALID,KEPT_UNCHANGED,Passed all integrity and duplicate checks,40e85e241bf89a374a15602de0176b17e31d83eacf709e4d2bfd464ea899e3c9,d3d30dcf85c90a02,300.0,225.0,RGB,RGB,False,47278.0
caltech_starfish_001,data/raw/caltech_starfish_001.jpg,data/processed/caltech_starfish_001.png,VALID,KEPT_UNCHANGED,Passed all integrity and duplicate checks,6d00a9eb2cb7f55a407f3f324be26adc71c4689d25b412b3fb7143e193a94ecc,5b2353f1d3f9cadd,300.0,200.0,RGB,RGB,False,96910.0
caltech_starfish_002,data/raw/caltech_starfish_002.jpg,data/processed/caltech_starfish_002.png,VALID,KEPT_UNCHANGED,Passed all integrity and duplicate checks,4309c1fda97f798505dbe511735e276b360be7f6391f1f39b4c36a3812587601,92006090d844d4b0,258.0,300.0,RGB,RGB,False,92383.0
caltech_starfish_003,data/raw/caltech_starfish_003.jpg,data/processed/caltech_starfish_003.png,VALID,KEPT_UNCHANGED,Passed all integrity and duplicate checks,9d887aff6064f20e2471023328066cf9ecf2866af0395d13734d39debe0b72bc,6dc99a7b929ea89b,300.0,295.0,RGB,RGB,False,189797.0
caltech_starfish_004,data/raw/caltech_starfish_004.jpg,data/processed/caltech_starfish_004.png,VALID,KEPT_UNCHANGED,Passed all integrity and duplicate checks,d90da96b1e59ee558a548a63f6a1ba880f03841e26e107e42e535f9cbcc85999,66e43c7abb6b4aa3,300.0,276.0,RGB,RGB,False,191948.0
caltech_starfish_005,data/raw/caltech_starfish_005.jpg,data/processed/caltech_starfish_005.png,VALID,KEPT_UNCHANGED,Passed all integrity and duplicate checks,d531fd8b525f3f9e612c7a90a88bb22f9f1fc4793eb1748be3433f1dbe406826,4b0b078e8f466684,300.0,251.0,RGB,RGB,False,41711.0
caltech_starfish_006,data/raw/caltech_starfish_006.jpg,data/processed/caltech_starfish_006.png,VALID,KEPT_UNCHANGED,Passed all integrity and duplicate checks,2e872734fb950a4e5cab652616c9b6e5afd38cc5e80cb0bf0183cab15f447855,38356515278e5633,300.0,261.0,RGB,RGB,False,173626.0
caltech_starfish_007,data/raw/caltech_starfish_007.jpg,data/processed/caltech_starfish_007.png,VALID,KEPT_UNCHANGED,Passed all integrity and duplicate checks,806c1e360d7f636aa4eeea8668a4b86210c8a4f9f38602bb20a053778470d1ca,733f2fcece8ecc6d,300.0,281.0,RGB,RGB,False,168301.0
caltech_starfish_008,data/raw/caltech_starfish_008.jpg,data/processed/caltech_starfish_008.png,VALID,KEPT_UNCHANGED,Passed all integrity and duplicate checks,5d683cedd6462139d99366b84bd232e5ba88dbc54aff4f4227372b419ef69614,3010c48406813464,247.0,300.0,RGB,RGB,False,118920.0
caltech_starfish_009,data/raw/caltech_starfish_009.jpg,data/processed/caltech_starfish_009.png,VALID,KEPT_UNCHANGED,Passed all integrity and duplicate checks,c6d400a96101d58ea83712931661391938ce077470c6a2fa87fe3fb33f898264,f3732b0f9796c433,300.0,290.0,RGB,RGB,False,128164.0
caltech_starfish_010,data/raw/caltech_starfish_010.jpg,data/processed/caltech_starfish_010.png,VALID,KEPT_UNCHANGED,Passed all integrity and duplicate checks,f439bc23ec9906b559abd6f486f16cf1bcc8240682b2db4992083a94dc18a50b,4a1b634b9e4366a6,289.0,300.0,RGB,RGB,False,93546.0
caltech_stegosaurus_001,data/raw/caltech_stegosaurus_001.jpg,data/processed/caltech_stegosaurus_001.png,VALID,KEPT_UNCHANGED,Passed all integrity and duplicate checks,18c7954c671b9dc76c42f7f896ac17b57b1646c8f7e1a262200149e4e269960c,f39fcccd8d034242,300.0,187.0,RGB,RGB,False,88343.0
caltech_stegosaurus_002,data/raw/caltech_stegosaurus_002.jpg,data/processed/caltech_stegosaurus_002.png,VALID,KEPT_UNCHANGED,Passed all integrity and duplicate checks,c78ed20b3ef637530c84c4952e9b9748e7e70ef9643582295a1096218d364609,371716560e0c3bad,300.0,188.0,RGB,RGB,False,113571.0
caltech_stegosaurus_003,data/raw/caltech_stegosaurus_003.jpg,data/processed/caltech_stegosaurus_003.png,VALID,KEPT_UNCHANGED,Passed all integrity and duplicate checks,8fb78d604706797f1ba60a7c93ea63c0d1adbd6eb9e37bba6cfa2f94885718ef,664f9d4d0d87f5c9,300.0,252.0,RGB,RGB,False,140299.0
caltech_stegosaurus_004,data/raw/caltech_stegosaurus_004.jpg,data/processed/caltech_stegosaurus_004.png,VALID,KEPT_UNCHANGED,Passed all integrity and duplicate checks,bca0b100ee8904be55440f2ed1eaf61d8e5140d316b0ae5df0e5862e43028400,f03e9dda0516360e,300.0,206.0,RGB,RGB,False,115558.0
caltech_stegosaurus_005,data/raw/caltech_stegosaurus_005.jpg,data/processed/caltech_stegosaurus_005.png,VALID,KEPT_UNCHANGED,Passed all integrity and duplicate checks,d5e57c025d219dca405d3757bf7ca7e39bfff225fa22255f592be5db818f2cdb,241ecc4a038d68c8,300.0,235.0,RGB,RGB,False,134799.0
caltech_stegosaurus_006,data/raw/caltech_stegosaurus_006.jpg,data/processed/caltech_stegosaurus_006.png,VALID,KEPT_UNCHANGED,Passed all integrity and duplicate checks,2ee1ad4c7dd94e22bb3861028f5a9a8c3fd89ba80149bb6f1107a48375b64bf3,cd7d39d87d7c7f69,300.0,280.0,RGB,RGB,False,168127.0
caltech_stegosaurus_007,data/raw/caltech_stegosaurus_007.jpg,data/processed/caltech_stegosaurus_007.png,VALID,KEPT_UNCHANGED,Passed all integrity and duplicate checks,b4935d7985233eb30e951a6c3245a8f66dc0c96f3235eaf4dacb135536a04768,6d49e8e068584f67,300.0,225.0,RGB,RGB,False,105607.0
caltech_stegosaurus_008,data/raw/caltech_stegosaurus_008.jpg,data/processed/caltech_stegosaurus_008.png,VALID,KEPT_UNCHANGED,Passed all integrity and duplicate checks,7e4105b6c9a1afacea449ef3f352ac187400e3444c6ff68d5cf7e55d407536e2,2b0fcecc6c8d4b47,300.0,177.0,RGB,RGB,False,83564.0
caltech_stegosaurus_009,data/raw/caltech_stegosaurus_009.jpg,data/processed/caltech_stegosaurus_009.png,VALID,CONVERTED_FROM_GRAYSCALE,Passed all integrity and duplicate checks,9d28c2511ff073ffe2372eb06c7f28b2f88ecd6ef4bc39276143f740a0e074f8,858dce2f372da8a2,300.0,186.0,L,RGB,True,36255.0
caltech_stegosaurus_010,data/raw/caltech_stegosaurus_010.jpg,data/processed/caltech_stegosaurus_010.png,VALID,KEPT_UNCHANGED,Passed all integrity and duplicate checks,dc7e56c709f87c9f587f9ab8c6cc9c255a6556a317e17209049e7abe706ee4c3,8022c0d97972d22b,300.0,200.0,RGB,RGB,False,63385.0
caltech_stop_sign_001,data/raw/caltech_stop_sign_001.jpg,data/processed/caltech_stop_sign_001.png,VALID,KEPT_UNCHANGED,Passed all integrity and duplicate checks,c96eb769825df153e62d4d47c034a2d05f33d127fa3ca47084a3cb2da2879a0f,8e8e4d5793498e8e,300.0,295.0,RGB,RGB,False,83561.0
caltech_stop_sign_002,data/raw/caltech_stop_sign_002.jpg,data/processed/caltech_stop_sign_002.png,VALID,KEPT_UNCHANGED,Passed all integrity and duplicate checks,68e40b7b234eae3714a1cc964606d8edd5752ef72140c913d8cfdc47ab02147c,5010363725373353,300.0,198.0,RGB,RGB,False,44239.0
caltech_stop_sign_003,data/raw/caltech_stop_sign_003.jpg,data/processed/caltech_stop_sign_003.png,VALID,KEPT_UNCHANGED,Passed all integrity and duplicate checks,ba17893d031377ebdb57b2cf119bb872c5d6cb0519e52d54c42e453487170511,28178e4b898d0703,277.0,300.0,RGB,RGB,False,71376.0
caltech_stop_sign_004,data/raw/caltech_stop_sign_004.jpg,data/processed/caltech_stop_sign_004.png,VALID,KEPT_UNCHANGED,Passed all integrity and duplicate checks,af74a2661f14245ade72a77e806cf6340045f5de18dc45ac329a72698af15926,b071e4d8f071d0e0,300.0,225.0,RGB,RGB,False,112909.0
caltech_stop_sign_005,data/raw/caltech_stop_sign_005.jpg,,VISUAL_DUPLICATE,SKIPPED,Exact perceptual duplicate (dHash match) of caltech_stop_sign_001,829c51737be439dab88e64d99b2e363f9d9b956970494266156d584b6791c920,8e8e4d5793498e8e,,,,,False,
caltech_stop_sign_006,data/raw/caltech_stop_sign_006.jpg,data/processed/caltech_stop_sign_006.png,VALID,KEPT_UNCHANGED,Passed all integrity and duplicate checks,8ce2484721fc6c275cd9cc270adbdf742ea35e4cf01c93bab73355a448ac258d,71965553d399b671,300.0,293.0,RGB,RGB,False,100367.0
caltech_stop_sign_007,data/raw/caltech_stop_sign_007.jpg,data/processed/caltech_stop_sign_007.png,VALID,KEPT_UNCHANGED,Passed all integrity and duplicate checks,8acd4e82e973656ace42070c77605af8d79ae628293f18fc753aff13401585c5,fa3b1b9f961b3bf9,300.0,196.0,RGB,RGB,False,61090.0
caltech_stop_sign_008,data/raw/caltech_stop_sign_008.jpg,data/processed/caltech_stop_sign_008.png,VALID,KEPT_UNCHANGED,Passed all integrity and duplicate checks,4eeebf90bda021a9cf5c5c649f0dc2fce00d152a84646fd5faff58b662852153,8e8e4d56b34d8e8e,297.0,300.0,RGB,RGB,False,92401.0
caltech_stop_sign_009,data/raw/caltech_stop_sign_009.jpg,data/processed/caltech_stop_sign_009.png,VALID,KEPT_UNCHANGED,Passed all integrity and duplicate checks,eb749a750c73b92141cb05a8c15b63df4b37084e0e6353758404f5c5f46d2770,7879f3f3b1e3e9d0,300.0,272.0,RGB,RGB,False,132833.0
caltech_stop_sign_010,data/raw/caltech_stop_sign_010.jpg,data/processed/caltech_stop_sign_010.png,VALID,KEPT_UNCHANGED,Passed all integrity and duplicate checks,bf6d1ed348cf89d921615c02cdcb05efd22632189280c42fe38ed57927fda9ac,86cc69569b49cc8e,300.0,295.0,RGB,RGB,False,191771.0
caltech_strawberry_001,data/raw/caltech_strawberry_001.jpg,data/processed/caltech_strawberry_001.png,VALID,KEPT_UNCHANGED,Passed all integrity and duplicate checks,8aaf9fb19a54e5f5b95d6d44cf51ab2722284872e8191ed666d0e1c65b3bbc66,7bd6f4bc9c34326a,300.0,225.0,RGB,RGB,False,139387.0
caltech_strawberry_002,data/raw/caltech_strawberry_002.jpg,data/processed/caltech_strawberry_002.png,VALID,KEPT_UNCHANGED,Passed all integrity and duplicate checks,4210bc2410a709abf8a0ce7eb89d7d0767244a2707bfc00a495b5f3989868f57,6b0707c7ce8d0c0e,300.0,200.0,RGB,RGB,False,77786.0
caltech_strawberry_003,data/raw/caltech_strawberry_003.jpg,data/processed/caltech_strawberry_003.png,VALID,KEPT_UNCHANGED,Passed all integrity and duplicate checks,4da76309f1d529ecaa30894539d0a6adab216a3f60ebe8eee17dd5412798e2ce,93878f4dcecdcfc3,300.0,225.0,RGB,RGB,False,97939.0
caltech_strawberry_004,data/raw/caltech_strawberry_004.jpg,data/processed/caltech_strawberry_004.png,VALID,KEPT_UNCHANGED,Passed all integrity and duplicate checks,7979d7c11b47e85f699ff57ad0bb1e790f19c1d4fbf223a508fd80e937f4ab2c,362627373e2b1e3c,300.0,223.0,RGB,RGB,False,84705.0
caltech_strawberry_005,data/raw/caltech_strawberry_005.jpg,data/processed/caltech_strawberry_005.png,VALID,KEPT_UNCHANGED,Passed all integrity and duplicate checks,e3ce2a78a5b5e7693f4e847b80b38dae25c41e415f2f358186c0eeeed634bbda,509999969e292bdc,300.0,225.0,RGB,RGB,False,165350.0
caltech_strawberry_006,data/raw/caltech_strawberry_006.jpg,data/processed/caltech_strawberry_006.png,VALID,KEPT_UNCHANGED,Passed all integrity and duplicate checks,372ee88b51ba1468ab30330ba3e20c482d20ecdccab01bba81b586a229fd0848,02b0313070c0d071,200.0,300.0,RGB,RGB,False,76720.0
caltech_strawberry_007,data/raw/caltech_strawberry_007.jpg,data/processed/caltech_strawberry_007.png,VALID,KEPT_UNCHANGED,Passed all integrity and duplicate checks,7589e163681dc49bcccd7e3c41f5cd8199e8e2c3ff3e01b8631d25cee7e39182,b8b2721313b23068,231.0,300.0,RGB,RGB,False,96937.0
caltech_strawberry_008,data/raw/caltech_strawberry_008.jpg,data/processed/caltech_strawberry_008.png,VALID,KEPT_UNCHANGED,Passed all integrity and duplicate checks,bdb1ac69f4c4e84b87f6cd10813b09117678c575a4c1a4c17db84cda240b00f2,6f79190e2d3e7af5,218.0,300.0,RGB,RGB,False,71960.0
caltech_strawberry_009,data/raw/caltech_strawberry_009.jpg,data/processed/caltech_strawberry_009.png,VALID,KEPT_UNCHANGED,Passed all integrity and duplicate checks,ae188ff3136c4d4d025897f3a05ce8ca89677a47a72e6113cbb18105c403f071,3278e3f2f7f3e806,225.0,300.0,RGB,RGB,False,62491.0
caltech_strawberry_010,data/raw/caltech_strawberry_010.jpg,data/processed/caltech_strawberry_010.png,VALID,KEPT_UNCHANGED,Passed all integrity and duplicate checks,ce4d901a4e24e5bd94a911d1e92fdeeb6138decf202f5ab1cffee047668f5fae,e030353594323178,271.0,300.0,RGB,RGB,False,113388.0
caltech_sunflower_001,data/raw/caltech_sunflower_001.jpg,data/processed/caltech_sunflower_001.png,VALID,KEPT_UNCHANGED,Passed all integrity and duplicate checks,cf93cee197a0a91ae6c6b0c309455f59ff579d10b373ab4fcf662432d0959c53,c4f03333333371e8,300.0,200.0,RGB,RGB,False,77422.0
caltech_sunflower_002,data/raw/caltech_sunflower_002.jpg,data/processed/caltech_sunflower_002.png,VALID,KEPT_UNCHANGED,Passed all integrity and duplicate checks,8ce3162d9e07ca716dd66257cefb0029903ca452983500c649d64705e289d835,c9e13333113930e5,300.0,196.0,RGB,RGB,False,108005.0
caltech_sunflower_003,data/raw/caltech_sunflower_003.jpg,data/processed/caltech_sunflower_003.png,VALID,KEPT_UNCHANGED,Passed all integrity and duplicate checks,83b52c33c85c186635abaec16f35bfd096f6fe56f520ae95d54b63c9467e498b,b0b03333f1e178fe,204.0,300.0,RGB,RGB,False,107117.0
caltech_sunflower_004,data/raw/caltech_sunflower_004.jpg,data/processed/caltech_sunflower_004.png,VALID,KEPT_UNCHANGED,Passed all integrity and duplicate checks,dc3c010d2ada0e61cbaffd5885094b490750a02596790edc612d575aecdc8582,7037b5701392c2d0,159.0,300.0,RGB,RGB,False,69887.0
caltech_sunflower_005,data/raw/caltech_sunflower_005.jpg,data/processed/caltech_sunflower_005.png,VALID,KEPT_UNCHANGED,Passed all integrity and duplicate checks,9cbd21290528a763de254b637b2f6e5c9b81f4ee8ce4ae87b25f7f4d27227a85,7cb19f0717c8ca86,260.0,300.0,RGB,RGB,False,125968.0
caltech_sunflower_006,data/raw/caltech_sunflower_006.jpg,data/processed/caltech_sunflower_006.png,VALID,KEPT_UNCHANGED,Passed all integrity and duplicate checks,729a6544ab04ad1db57f0b3dd47e4be432b51b0cdcaf130a141e8c8d66569472,d0f03361cc1cb937,230.0,300.0,RGB,RGB,False,110683.0
caltech_sunflower_007,data/raw/caltech_sunflower_007.jpg,data/processed/caltech_sunflower_007.png,VALID,KEPT_UNCHANGED,Passed all integrity and duplicate checks,05f595ef934c752b81c4efd6b9a3061235d2d74b017121fc6a0541f34755c2af,eae87b3b3333696c,300.0,194.0,RGB,RGB,False,100297.0
caltech_sunflower_008,data/raw/caltech_sunflower_008.jpg,data/processed/caltech_sunflower_008.png,VALID,KEPT_UNCHANGED,Passed all integrity and duplicate checks,7e16529f4da66dfd32e1bfc361b5b9c10ecf9e706f1e75fdeb249645549fcbfa,3cd8cd89031b9939,300.0,204.0,RGB,RGB,False,114691.0
caltech_sunflower_009,data/raw/caltech_sunflower_009.jpg,data/processed/caltech_sunflower_009.png,VALID,KEPT_UNCHANGED,Passed all integrity and duplicate checks,05b15e8ce81bc358777599bbed7cb0e0d94867cae86a020be8136cc96b5fb04c,efeb6a6b488a0b0a,300.0,296.0,RGB,RGB,False,165096.0
caltech_sunflower_010,data/raw/caltech_sunflower_010.jpg,data/processed/caltech_sunflower_010.png,VALID,KEPT_UNCHANGED,Passed all integrity and duplicate checks,0f600346c0147d1d6335741ab56c86eaae0d10aeff049cfe060a3da1d83219a5,33c0f9736b69c0ec,300.0,226.0,RGB,RGB,False,97182.0
caltech_tick_001,data/raw/caltech_tick_001.jpg,data/processed/caltech_tick_001.png,VALID,KEPT_UNCHANGED,Passed all integrity and duplicate checks,6ece875f9f76833c5ef4cede9a0e08c25c593adb19d7a37a3370ee537475444f,4d0fcc6ccc4d4416,267.0,300.0,RGB,RGB,True,99889.0
caltech_tick_002,data/raw/caltech_tick_002.jpg,data/processed/caltech_tick_002.png,VALID,KEPT_UNCHANGED,Passed all integrity and duplicate checks,e09f2b1569d5dfda6542fc0de9a077715671ee311d01928998fc089307c43322,0f8e4d09074fcc17,240.0,300.0,RGB,RGB,False,159834.0
caltech_tick_003,data/raw/caltech_tick_003.jpg,data/processed/caltech_tick_003.png,VALID,KEPT_UNCHANGED,Passed all integrity and duplicate checks,37253591c7ce70846c4c5964257ff98ab7aeb74ffe0c70c44893ae874c3e27c9,f1f536161f17c403,300.0,264.0,RGB,RGB,False,73825.0
caltech_tick_004,data/raw/caltech_tick_004.jpg,data/processed/caltech_tick_004.png,VALID,KEPT_UNCHANGED,Passed all integrity and duplicate checks,b6f265541d9e87d8bcf023eb2b9a5e0f80954e345e27f42ed1cb89ee6e12379b,292d3e7e3c3e3c7d,295.0,300.0,RGB,RGB,False,138475.0
caltech_tick_005,data/raw/caltech_tick_005.jpg,data/processed/caltech_tick_005.png,VALID,KEPT_UNCHANGED,Passed all integrity and duplicate checks,0ed7740387e7352b20b3a4c89a27add6502cba14b5a5f7c5b751f670b7465994,d81d061f171794c4,300.0,232.0,RGB,RGB,False,93548.0
caltech_tick_006,data/raw/caltech_tick_006.jpg,data/processed/caltech_tick_006.png,VALID,KEPT_UNCHANGED,Passed all integrity and duplicate checks,aae5981694db9cc66ab048348d759770fce743b0cb522bc4e62f6a83f5349965,0002850606260603,247.0,300.0,RGB,RGB,False,74757.0
caltech_tick_007,data/raw/caltech_tick_007.jpg,data/processed/caltech_tick_007.png,VALID,KEPT_UNCHANGED,Passed all integrity and duplicate checks,993162ddeb984cf630a2627d3392d626f111bf328084238780a80a2ea556e184,bfd9070f8f8f27a5,235.0,300.0,RGB,RGB,False,118333.0
caltech_tick_008,data/raw/caltech_tick_008.jpg,data/processed/caltech_tick_008.png,VALID,KEPT_UNCHANGED,Passed all integrity and duplicate checks,36466407faa8124b4ee01199c461fd0807c6d31d7dd56b180f0cad1b7934d36b,0528690f0f1e5e48,251.0,300.0,RGB,RGB,False,67751.0
caltech_tick_009,data/raw/caltech_tick_009.jpg,data/processed/caltech_tick_009.png,VALID,KEPT_UNCHANGED,Passed all integrity and duplicate checks,d866f4022b878de8b6de4f0e2606f46a41f4c3db40f13a6ff02435ec75e4fef8,33838383836831f0,300.0,223.0,RGB,RGB,False,93597.0
caltech_tick_010,data/raw/caltech_tick_010.jpg,data/processed/caltech_tick_010.png,VALID,KEPT_UNCHANGED,Passed all integrity and duplicate checks,0d87a9a1902d8095a2bec8b208c2c87283a35c833179fb4183a72db499341bd2,e9f5363e3e3e8e7e,300.0,244.0,RGB,RGB,False,119589.0
caltech_trilobite_001,data/raw/caltech_trilobite_001.jpg,data/processed/caltech_trilobite_001.png,VALID,CONVERTED_FROM_GRAYSCALE,Passed all integrity and duplicate checks,19ce8fdf958c8f1236269a8daa6d711789562de53271b58187c012fba5ec5b77,63b5da4b8fc69279,256.0,300.0,L,RGB,True,106906.0
caltech_trilobite_002,data/raw/caltech_trilobite_002.jpg,data/processed/caltech_trilobite_002.png,VALID,KEPT_UNCHANGED,Passed all integrity and duplicate checks,e7529f51f4f6c7bcde276edef7bff9a9fac4693180786d63eeba52c3f17bc553,e2369e4f8f8713f8,237.0,300.0,RGB,RGB,False,97035.0
caltech_trilobite_003,data/raw/caltech_trilobite_003.jpg,data/processed/caltech_trilobite_003.png,VALID,KEPT_UNCHANGED,Passed all integrity and duplicate checks,4e989f92ada6f9f1c3a6ea342d51aa1609acd3161a92b5844c69cb98613df1ba,c372b395d67321f8,197.0,300.0,RGB,RGB,False,115825.0
caltech_trilobite_004,data/raw/caltech_trilobite_004.jpg,data/processed/caltech_trilobite_004.png,VALID,KEPT_UNCHANGED,Passed all integrity and duplicate checks,3b7b0b965bd90635c9aaa62081d32d393cdfd91c8f2f3d67059837da85fd343f,e23c1dcccec6c3b8,223.0,300.0,RGB,RGB,False,105059.0
caltech_trilobite_005,data/raw/caltech_trilobite_005.jpg,data/processed/caltech_trilobite_005.png,VALID,KEPT_UNCHANGED,Passed all integrity and duplicate checks,c6ae5e782304249ac35a07e5cfa042a8ba5a202b56d1f37db6fc88fb05fefa3e,f1371fdd4dc7f3f9,267.0,300.0,RGB,RGB,False,173284.0
caltech_trilobite_006,data/raw/caltech_trilobite_006.jpg,data/processed/caltech_trilobite_006.png,VALID,CONVERTED_FROM_GRAYSCALE,Passed all integrity and duplicate checks,603909cf05fc49eb48d18d297a8c0cb54dc41bc788bde51f37b9f2358c80d541,f3f5cd677385d2b9,255.0,300.0,L,RGB,True,157724.0
caltech_trilobite_007,data/raw/caltech_trilobite_007.jpg,data/processed/caltech_trilobite_007.png,VALID,KEPT_UNCHANGED,Passed all integrity and duplicate checks,302a112e199ecd0c1b19bffaf5938f4d0813193216ffc779f3835daf63ce78a9,b1b316371d979633,300.0,294.0,RGB,RGB,False,124147.0
caltech_trilobite_008,data/raw/caltech_trilobite_008.jpg,data/processed/caltech_trilobite_008.png,VALID,KEPT_UNCHANGED,Passed all integrity and duplicate checks,a24c830184bd7f4f1ec6b393fea72c31edeb367da9a4a502e38a5887622f7c40,e3fdf9fbfcd771e8,235.0,300.0,RGB,RGB,False,115589.0
caltech_trilobite_009,data/raw/caltech_trilobite_009.jpg,data/processed/caltech_trilobite_009.png,VALID,KEPT_UNCHANGED,Passed all integrity and duplicate checks,284ea564348d4de2b388cfb652243122412a843970fcb085c42e800011670cd1,c0623d9c47c1d0f8,228.0,300.0,RGB,RGB,False,104547.0
caltech_trilobite_010,data/raw/caltech_trilobite_010.jpg,data/processed/caltech_trilobite_010.png,VALID,KEPT_UNCHANGED,Passed all integrity and duplicate checks,fdba1cb5b2f62991de18352242ce968484cdb40fea8d4e046e46f9d76b6ba095,381316969693b7e0,300.0,200.0,RGB,RGB,False,76140.0
caltech_umbrella_001,data/raw/caltech_umbrella_001.jpg,data/processed/caltech_umbrella_001.png,VALID,KEPT_UNCHANGED,Passed all integrity and duplicate checks,8c44679868e7ec0c783644e5ced299798ccdd20e6d1bf05f9c20bc4a01b184f3,239e0f0326e9cb67,300.0,267.0,RGB,RGB,False,84915.0
caltech_umbrella_002,data/raw/caltech_umbrella_002.jpg,data/processed/caltech_umbrella_002.png,VALID,KEPT_UNCHANGED,Passed all integrity and duplicate checks,4f7c5208f11c224375e28f50e62e7d2685498c96ede4244f5daa25e44cf58c6d,190f8dc665111303,300.0,253.0,RGB,RGB,False,61586.0
caltech_umbrella_003,data/raw/caltech_umbrella_003.jpg,data/processed/caltech_umbrella_003.png,VALID,KEPT_UNCHANGED,Passed all integrity and duplicate checks,af5d3e988c147d5bcaf4965606617671b407aa48c6e1573be06245d2a84fcd9a,03c6759ca5491f9f,241.0,300.0,RGB,RGB,False,96502.0
caltech_umbrella_004,data/raw/caltech_umbrella_004.jpg,data/processed/caltech_umbrella_004.png,VALID,KEPT_UNCHANGED,Passed all integrity and duplicate checks,dc941a8c576e239e46d071169e2dbf9268f994386e7555e07475c189db2b7f57,170ee80f032b0706,232.0,300.0,RGB,RGB,False,31382.0
caltech_umbrella_005,data/raw/caltech_umbrella_005.jpg,data/processed/caltech_umbrella_005.png,VALID,KEPT_UNCHANGED,Passed all integrity and duplicate checks,4b4b0e266479e74edb17d41537ab0e76bb8bceb40c389b00b12e27cddfd11a09,030fce4f351f4d0d,300.0,266.0,RGB,RGB,False,71933.0
caltech_umbrella_006,data/raw/caltech_umbrella_006.jpg,data/processed/caltech_umbrella_006.png,VALID,KEPT_UNCHANGED,Passed all integrity and duplicate checks,7be7ab817383a7c4af21340dde96dac3ef85551e1b96e178f9dfa21f32b00246,ccccd40109010185,300.0,248.0,RGB,RGB,False,35269.0
caltech_umbrella_007,data/raw/caltech_umbrella_007.jpg,data/processed/caltech_umbrella_007.png,VALID,KEPT_UNCHANGED,Passed all integrity and duplicate checks,2d96a1fd6bcd58cc57b813fda4113ac8ca8e4537425b6dccb278582202a7b3c8,48038c4cce412f00,300.0,300.0,RGB,RGB,False,64992.0
caltech_umbrella_008,data/raw/caltech_umbrella_008.jpg,data/processed/caltech_umbrella_008.png,VALID,KEPT_UNCHANGED,Passed all integrity and duplicate checks,e894091fc1fc75ae82c877e17a06cbd02751713f80bdf1efc6e9a455c9fd2eff,0f0f0d69aacd0f23,279.0,300.0,RGB,RGB,False,101977.0
caltech_umbrella_009,data/raw/caltech_umbrella_009.jpg,data/processed/caltech_umbrella_009.png,VALID,KEPT_UNCHANGED,Passed all integrity and duplicate checks,c53f8c3c72c777ef143e69ed2e082b6c827911936f24a4e98d304f0366ef239c,17ce6ec8cc010d01,300.0,194.0,RGB,RGB,False,60740.0
caltech_umbrella_010,data/raw/caltech_umbrella_010.jpg,data/processed/caltech_umbrella_010.png,VALID,KEPT_UNCHANGED,Passed all integrity and duplicate checks,cb8fa0314a20379fe336b5590d7c523a45359e486c8b23eaa73a6debe67abfed,1f0b4b034b2b0389,300.0,255.0,RGB,RGB,False,49388.0
caltech_watch_001,data/raw/caltech_watch_001.jpg,data/processed/caltech_watch_001.png,VALID,KEPT_UNCHANGED,Passed all integrity and duplicate checks,7aa0a96c4b5f4ec9c9d492dede07065e5bfd38d7d1a4efdbbdfd899677607167,4dcfcc0d0d870b03,300.0,242.0,RGB,RGB,False,58812.0
caltech_watch_002,data/raw/caltech_watch_002.jpg,data/processed/caltech_watch_002.png,VALID,KEPT_UNCHANGED,Passed all integrity and duplicate checks,36217698bc25e4a1fb2bb53f3e8fc6a456cad96491bb8129c35a83f8f6bf3985,531393d46d49c98d,300.0,225.0,RGB,RGB,False,124818.0
caltech_watch_003,data/raw/caltech_watch_003.jpg,data/processed/caltech_watch_003.png,VALID,KEPT_UNCHANGED,Passed all integrity and duplicate checks,63416ff9795ee8b2f4bf9b2b6d2bba5359ad5c07913d20d7fbe3e085887e9cc2,e3576e6a3c2f9dbf,300.0,217.0,RGB,RGB,False,124134.0
caltech_watch_004,data/raw/caltech_watch_004.jpg,data/processed/caltech_watch_004.png,VALID,KEPT_UNCHANGED,Passed all integrity and duplicate checks,3ff1f1f9ad34ca1e932cb5071d91c90d794cb44c8ed6d2454a06b696af274736,c031c0f0f0f0d812,300.0,238.0,RGB,RGB,False,57128.0
caltech_watch_005,data/raw/caltech_watch_005.jpg,data/processed/caltech_watch_005.png,VALID,KEPT_UNCHANGED,Passed all integrity and duplicate checks,2b971334d257ea764055c09cfc2b6e361b021ccd31f4c3f45b5428b12525d1be,88c829ab2b8fc303,300.0,247.0,RGB,RGB,False,72606.0
caltech_watch_006,data/raw/caltech_watch_006.jpg,data/processed/caltech_watch_006.png,VALID,KEPT_UNCHANGED,Passed all integrity and duplicate checks,177dc69f2a89b0424fd6ecf1700b604b63035f05518aba38a8b3db5a96a8e99f,42914b6eacec4e47,300.0,237.0,RGB,RGB,False,78253.0
caltech_watch_007,data/raw/caltech_watch_007.jpg,data/processed/caltech_watch_007.png,VALID,KEPT_UNCHANGED,Passed all integrity and duplicate checks,dfc2abdbaa88fbce2bc31939d56b0d5d0dd6e498f15638815de0feda63cfd1ac,003400f0f2829302,295.0,300.0,RGB,RGB,False,55432.0
caltech_watch_008,data/raw/caltech_watch_008.jpg,data/processed/caltech_watch_008.png,VALID,KEPT_UNCHANGED,Passed all integrity and duplicate checks,7d9819015062c82ffdace9aebf8ac93a2481166884b9a8436a871b9e7b8e16f7,402103036b1f3308,300.0,226.0,RGB,RGB,False,53570.0
caltech_watch_009,data/raw/caltech_watch_009.jpg,data/processed/caltech_watch_009.png,VALID,KEPT_UNCHANGED,Passed all integrity and duplicate checks,d042bda52e036b0f5cebe59ab21bd7cf9491ac38e7702bddcc999da64b69e33c,63098be2deaf2308,300.0,233.0,RGB,RGB,False,68638.0
caltech_watch_010,data/raw/caltech_watch_010.jpg,data/processed/caltech_watch_010.png,VALID,KEPT_UNCHANGED,Passed all integrity and duplicate checks,78dff1e6f72a364b5dc367a81544f635b67407c986fafc5be40fa7aaa31f6ab4,fffd37f43637f1f7,300.0,300.0,RGB,RGB,False,81544.0
caltech_water_lilly_001,data/raw/caltech_water_lilly_001.jpg,data/processed/caltech_water_lilly_001.png,VALID,KEPT_UNCHANGED,Passed all integrity and duplicate checks,caabf6ec7fea8a9398cce402447e028797ce5457fe4d6d94e1ccb5e24288cb69,d4e07071f2f079aa,300.0,214.0,RGB,RGB,False,76734.0
caltech_water_lilly_002,data/raw/caltech_water_lilly_002.jpg,data/processed/caltech_water_lilly_002.png,VALID,KEPT_UNCHANGED,Passed all integrity and duplicate checks,9c0260ae1fcb5bd25ecd7273ef6dfa01f22170a3cd5896df510204c732552a88,0040c0e1e39984c1,300.0,237.0,RGB,RGB,False,72130.0
caltech_water_lilly_003,data/raw/caltech_water_lilly_003.jpg,data/processed/caltech_water_lilly_003.png,VALID,KEPT_UNCHANGED,Passed all integrity and duplicate checks,992fef641d891793d634bf49533fdae4bd31009410ccea9181581dd38be59a0f,e1f1733839a99cd6,225.0,300.0,RGB,RGB,False,114778.0
caltech_water_lilly_004,data/raw/caltech_water_lilly_004.jpg,data/processed/caltech_water_lilly_004.png,VALID,KEPT_UNCHANGED,Passed all integrity and duplicate checks,3c8476adbbd68d58b442119c1f73d49513416f546ba9576dfef31aecc9ecc364,2fbc99b9b97e6ea9,300.0,202.0,RGB,RGB,False,101580.0
caltech_water_lilly_005,data/raw/caltech_water_lilly_005.jpg,data/processed/caltech_water_lilly_005.png,VALID,KEPT_UNCHANGED,Passed all integrity and duplicate checks,31eb0ffeeb753821e6920758d2f0f5794bcf0739a1849418354e6386c0da37d6,7032931637531313,300.0,225.0,RGB,RGB,False,121917.0
caltech_water_lilly_006,data/raw/caltech_water_lilly_006.jpg,data/processed/caltech_water_lilly_006.png,VALID,KEPT_UNCHANGED,Passed all integrity and duplicate checks,b68748e578e2f43bf451f59d03a88d354e56ddababfde51736fd60effa0f9ae0,74e26aecc0d23f3c,300.0,201.0,RGB,RGB,False,67344.0
caltech_water_lilly_007,data/raw/caltech_water_lilly_007.jpg,data/processed/caltech_water_lilly_007.png,VALID,KEPT_UNCHANGED,Passed all integrity and duplicate checks,39251d7d7f5ed4cd10ce66c18d5fd754f4dd6e9ec93518c76ebd9e87e8a2d034,760fad713131a290,289.0,300.0,RGB,RGB,False,174285.0
caltech_water_lilly_008,data/raw/caltech_water_lilly_008.jpg,data/processed/caltech_water_lilly_008.png,VALID,KEPT_UNCHANGED,Passed all integrity and duplicate checks,d3c8d0b128757b6b5775f27f5e9abb1f7ac3a80f23ce2512275fd71363f24279,2362d8f13170692a,225.0,300.0,RGB,RGB,False,97881.0
caltech_water_lilly_009,data/raw/caltech_water_lilly_009.jpg,,VISUAL_DUPLICATE,SKIPPED,Exact perceptual duplicate (dHash match) of caltech_water_lilly_001,ca752a473a8a0f0e9355ac61417a1a773a48e1574c851599f26e96670429323d,d4e07071f2f079aa,,,,,False,
caltech_water_lilly_010,data/raw/caltech_water_lilly_010.jpg,data/processed/caltech_water_lilly_010.png,VALID,KEPT_UNCHANGED,Passed all integrity and duplicate checks,c09794f9ad0abd3bc1f50a02cb2420674b13046dedf34e426c1152b570763c4f,96f0e1f0e1e08003,296.0,300.0,RGB,RGB,False,128837.0
caltech_wheelchair_001,data/raw/caltech_wheelchair_001.jpg,data/processed/caltech_wheelchair_001.png,VALID,KEPT_UNCHANGED,Passed all integrity and duplicate checks,aea1a3b4d1051c447dd4e2d344371c95e9678454b0ea7e1099e38d9b9b9dc406,9ccf821327d4d043,300.0,291.0,RGB,RGB,False,151683.0
caltech_wheelchair_002,data/raw/caltech_wheelchair_002.jpg,data/processed/caltech_wheelchair_002.png,VALID,KEPT_UNCHANGED,Passed all integrity and duplicate checks,be90a6d7263d84497170111f2ae9c98e249ce61fda6650359313168e3882d827,858f870e0d058ca5,300.0,268.0,RGB,RGB,False,109930.0
caltech_wheelchair_003,data/raw/caltech_wheelchair_003.jpg,data/processed/caltech_wheelchair_003.png,VALID,KEPT_UNCHANGED,Passed all integrity and duplicate checks,4b9f82bd5c4c8eea89409727e8fa275d64e076390b1dad4ff4742c812c0d764b,4587878746cc894f,300.0,296.0,RGB,RGB,False,108051.0
caltech_wheelchair_004,data/raw/caltech_wheelchair_004.jpg,data/processed/caltech_wheelchair_004.png,VALID,KEPT_UNCHANGED,Passed all integrity and duplicate checks,0ff9dc4f7181eed9496c6f54b674d40356bc93638170145d8a1c4d9e1e0cce9d,0147060e6e6caca9,300.0,289.0,RGB,RGB,False,111055.0
caltech_wheelchair_005,data/raw/caltech_wheelchair_005.jpg,data/processed/caltech_wheelchair_005.png,VALID,KEPT_UNCHANGED,Passed all integrity and duplicate checks,01ccb47ab0204f55e2cb9a75ccc32a65f452ecc4af641e7f75b04970709682a7,e9e1e163642c2d68,272.0,300.0,RGB,RGB,False,127921.0
caltech_wheelchair_006,data/raw/caltech_wheelchair_006.jpg,data/processed/caltech_wheelchair_006.png,VALID,KEPT_UNCHANGED,Passed all integrity and duplicate checks,6358392e103f25776b9b2307e3300cd1ffb77987f4dc33193e3368e416a795d6,81854f8d2dad898c,292.0,300.0,RGB,RGB,False,136430.0
caltech_wheelchair_007,data/raw/caltech_wheelchair_007.jpg,data/processed/caltech_wheelchair_007.png,VALID,KEPT_UNCHANGED,Passed all integrity and duplicate checks,d674cc8d7129fff7a074115c94a8e90d4e8d1184be23cffddf76c7f4416db486,78f8b133426c8c8f,298.0,300.0,RGB,RGB,False,146050.0
caltech_wheelchair_008,data/raw/caltech_wheelchair_008.jpg,data/processed/caltech_wheelchair_008.png,VALID,CONVERTED_FROM_GRAYSCALE,Passed all integrity and duplicate checks,b6962cf193a84dd77220a3ab265a677d30db4c033eb467c7c23a0737b95b870e,d458b1c9a9b9482e,300.0,288.0,L,RGB,True,73045.0
caltech_wheelchair_009,data/raw/caltech_wheelchair_009.jpg,data/processed/caltech_wheelchair_009.png,VALID,KEPT_UNCHANGED,Passed all integrity and duplicate checks,e31c03c27dc12e85b97a43b4ddbf79d4efab560740a143f7243363a30867cb09,3149e8e8e2c20e1a,300.0,199.0,RGB,RGB,False,107088.0
caltech_wheelchair_010,data/raw/caltech_wheelchair_010.jpg,data/processed/caltech_wheelchair_010.png,VALID,KEPT_UNCHANGED,Passed all integrity and duplicate checks,f3bd50a778d68f846edecf81064925d130d3e6d2e775ebdb2ba0430d0fa02b82,b173930716441c1e,225.0,300.0,RGB,RGB,False,123850.0
caltech_wild_cat_001,data/raw/caltech_wild_cat_001.jpg,data/processed/caltech_wild_cat_001.png,VALID,KEPT_UNCHANGED,Passed all integrity and duplicate checks,35541dfbf5b0b11e715d44da7da95288389391cf205b6cc456d22067fd892baa,c9573666e5a86327,300.0,235.0,RGB,RGB,False,112350.0
caltech_wild_cat_002,data/raw/caltech_wild_cat_002.jpg,data/processed/caltech_wild_cat_002.png,VALID,KEPT_UNCHANGED,Passed all integrity and duplicate checks,95cbd8c9db4801657d1108a561a52fe4c7fdf19a50f310da8abed7b09f53b128,414d9c988040200e,300.0,263.0,RGB,RGB,False,157969.0
caltech_wild_cat_003,data/raw/caltech_wild_cat_003.jpg,data/processed/caltech_wild_cat_003.png,VALID,KEPT_UNCHANGED,Passed all integrity and duplicate checks,8886d5f2ffe9aebf9a8d50512ffd7dfe29679fc148f2defd2e811d899a1853f8,ada57773d079f866,300.0,222.0,RGB,RGB,False,93700.0
caltech_wild_cat_004,data/raw/caltech_wild_cat_004.jpg,data/processed/caltech_wild_cat_004.png,VALID,KEPT_UNCHANGED,Passed all integrity and duplicate checks,9e862cfa281c022248cc34f34af4e728383fecbc97c74b92f26e498e1a4db422,c436339d92643db8,300.0,256.0,RGB,RGB,False,191745.0
caltech_wild_cat_005,data/raw/caltech_wild_cat_005.jpg,data/processed/caltech_wild_cat_005.png,VALID,KEPT_UNCHANGED,Passed all integrity and duplicate checks,5f2bfbd918e6fd34af6669ffe2651e27ed203543c0dfcf3e87846f448910e706,acbc8d6b7bdb9f60,300.0,300.0,RGB,RGB,False,182665.0
caltech_wild_cat_006,data/raw/caltech_wild_cat_006.jpg,data/processed/caltech_wild_cat_006.png,VALID,KEPT_UNCHANGED,Passed all integrity and duplicate checks,6e9fd9a962f0ea5ee71f0e77306808f35f1240104ac5edbb0e6cf900de908a44,d8e4e6b76369e430,300.0,191.0,RGB,RGB,False,117293.0
caltech_wild_cat_007,data/raw/caltech_wild_cat_007.jpg,data/processed/caltech_wild_cat_007.png,VALID,KEPT_UNCHANGED,Passed all integrity and duplicate checks,510950e1c91af18bd668ed39b1bcb83e667d25d5a8a243fe810706e4030dab2c,d0d2116411117131,300.0,178.0,RGB,RGB,False,135352.0
caltech_wild_cat_008,data/raw/caltech_wild_cat_008.jpg,data/processed/caltech_wild_cat_008.png,VALID,KEPT_UNCHANGED,Passed all integrity and duplicate checks,a824d8369f7ec1cce9d59ebad39282234693f03cda75fc4a3c7d1e7c7be6e1e4,76f6b566b2b2b131,300.0,148.0,RGB,RGB,False,87174.0
caltech_wild_cat_009,data/raw/caltech_wild_cat_009.jpg,data/processed/caltech_wild_cat_009.png,VALID,KEPT_UNCHANGED,Passed all integrity and duplicate checks,d6578727ce02f05595164202e3d9b5758ed7b7180891e2460e20991850b70324,e90fcecccc4c6de9,300.0,223.0,RGB,RGB,False,114641.0
caltech_wild_cat_010,data/raw/caltech_wild_cat_010.jpg,data/processed/caltech_wild_cat_010.png,VALID,KEPT_UNCHANGED,Passed all integrity and duplicate checks,c3b55c342e9e43f57a61c6a618fce035220776573e6f1bedc3457d77986e140a,13131216a17a5286,300.0,225.0,RGB,RGB,False,124960.0
caltech_windsor_chair_001,data/raw/caltech_windsor_chair_001.jpg,data/processed/caltech_windsor_chair_001.png,VALID,KEPT_UNCHANGED,Passed all integrity and duplicate checks,58721be22158bfb55af9e04a468ef89a54654b997482d8d1df192f7597bae094,96962b6b4dcd6929,193.0,300.0,RGB,RGB,False,76013.0
caltech_windsor_chair_002,data/raw/caltech_windsor_chair_002.jpg,data/processed/caltech_windsor_chair_002.png,VALID,KEPT_UNCHANGED,Passed all integrity and duplicate checks,6dd37781eb14ba39f5e1ce4b2dae3a2bf3a565ebd950f20ae18e9876239eda22,ce4c4dc4f44eaead,180.0,300.0,RGB,RGB,False,130206.0
caltech_windsor_chair_003,data/raw/caltech_windsor_chair_003.jpg,data/processed/caltech_windsor_chair_003.png,VALID,KEPT_UNCHANGED,Passed all integrity and duplicate checks,9965b7df5a1da61195256aebe0b07267c82ce45e79595c3698f3ea410ffd4fd6,7c19ccc4064d4d6e,245.0,300.0,RGB,RGB,False,73259.0
caltech_windsor_chair_004,data/raw/caltech_windsor_chair_004.jpg,data/processed/caltech_windsor_chair_004.png,VALID,KEPT_UNCHANGED,Passed all integrity and duplicate checks,b1a7987f8555f139a7a8ba5564667cff0d6e1eb8f06daf45990205faf178be73,91d1c0f011d109fb,191.0,300.0,RGB,RGB,False,124427.0
caltech_windsor_chair_005,data/raw/caltech_windsor_chair_005.jpg,data/processed/caltech_windsor_chair_005.png,VALID,KEPT_UNCHANGED,Passed all integrity and duplicate checks,8f1fd025574ef36bce5d463670c28df0705d02334f4a28b6de1fc802a7bae27b,15144c068e4d4d5d,225.0,300.0,RGB,RGB,False,114076.0
caltech_windsor_chair_006,data/raw/caltech_windsor_chair_006.jpg,data/processed/caltech_windsor_chair_006.png,VALID,KEPT_UNCHANGED,Passed all integrity and duplicate checks,318f0723e6e916d9a4a27544be412091768131e292412cb3efdece436eb7c938,3c9a989d866e2694,189.0,300.0,RGB,RGB,False,70109.0
caltech_windsor_chair_007,data/raw/caltech_windsor_chair_007.jpg,data/processed/caltech_windsor_chair_007.png,VALID,KEPT_UNCHANGED,Passed all integrity and duplicate checks,7243bb64c82e02ebb41fe3a09856892d967e14fd1ed5d1929921319cf55b4eea,9e3cbd691f9c4435,192.0,300.0,RGB,RGB,False,67952.0
caltech_windsor_chair_008,data/raw/caltech_windsor_chair_008.jpg,data/processed/caltech_windsor_chair_008.png,VALID,KEPT_UNCHANGED,Passed all integrity and duplicate checks,8bb01b64e577cdfb2e73c0abb0e0673d3d8fa158c96d3465433c620069c24658,0fcc694dccd44d69,220.0,300.0,RGB,RGB,False,86545.0
caltech_windsor_chair_009,data/raw/caltech_windsor_chair_009.jpg,data/processed/caltech_windsor_chair_009.png,VALID,KEPT_UNCHANGED,Passed all integrity and duplicate checks,d083daf3460445df382e88623d47690f4549dcb3c545cb48a8d0abea944f5557,6c1b8c6c440d2b6a,204.0,300.0,RGB,RGB,False,80914.0
caltech_windsor_chair_010,data/raw/caltech_windsor_chair_010.jpg,data/processed/caltech_windsor_chair_010.png,VALID,KEPT_UNCHANGED,Passed all integrity and duplicate checks,ac6b151be146b509d194bda326a84868415542e89573968152f9072f388eec9c,f0d0f0b40e79e869,185.0,300.0,RGB,RGB,False,90794.0
caltech_wrench_001,data/raw/caltech_wrench_001.jpg,data/processed/caltech_wrench_001.png,VALID,KEPT_UNCHANGED,Passed all integrity and duplicate checks,67f10b06eab1a322dbb27dc0e1bb2a7462644744fb394bfdc34c48e64e8cccf8,500270f74a0a76a0,300.0,183.0,RGB,RGB,False,29668.0
caltech_wrench_002,data/raw/caltech_wrench_002.jpg,data/processed/caltech_wrench_002.png,VALID,CONVERTED_FROM_GRAYSCALE,Passed all integrity and duplicate checks,1c352f6011ef269fe553ee6c336ab3c17f1dc595b057d3e24514784a4a74f90b,60e42c8eeeec0484,300.0,151.0,L,RGB,True,23792.0
caltech_wrench_003,data/raw/caltech_wrench_003.jpg,data/processed/caltech_wrench_003.png,VALID,CONVERTED_FROM_GRAYSCALE,Passed all integrity and duplicate checks,a69e97326ed00a3ae7100688eb53a4747cd1c80aa6f604702490cefaad09a94e,0802080ced200c00,287.0,300.0,L,RGB,True,23280.0
caltech_wrench_004,data/raw/caltech_wrench_004.jpg,data/processed/caltech_wrench_004.png,VALID,CONVERTED_FROM_GRAYSCALE,Passed all integrity and duplicate checks,6a861a4987f854a793174be213e1334686c1453588a42a8200e14426c87cde56,000069eaea690000,300.0,167.0,L,RGB,True,11197.0
caltech_wrench_005,data/raw/caltech_wrench_005.jpg,data/processed/caltech_wrench_005.png,VALID,KEPT_UNCHANGED,Passed all integrity and duplicate checks,3e39cfe3f55fc581175314b336efbf0b2b882c4309f7e2b39119dcf2c0d97588,000c00cd4d004500,272.0,300.0,RGB,RGB,False,11618.0
caltech_wrench_006,data/raw/caltech_wrench_006.jpg,data/processed/caltech_wrench_006.png,VALID,CONVERTED_FROM_GRAYSCALE,Passed all integrity and duplicate checks,c7b26cb12d3ca1d2b4c38f6c098fd47a0d3a0bfe63bfee60789065420c594b1a,400e699ec7028408,300.0,300.0,L,RGB,True,27626.0
caltech_wrench_007,data/raw/caltech_wrench_007.jpg,data/processed/caltech_wrench_007.png,VALID,CONVERTED_FROM_GRAYSCALE,Passed all integrity and duplicate checks,b166c8cb0fc71556bac4128cfec784052ce3e5159e7dba1eb06bb440af0ac0a7,934e6c24c9688d16,300.0,300.0,L,RGB,True,51733.0
caltech_wrench_008,data/raw/caltech_wrench_008.jpg,data/processed/caltech_wrench_008.png,VALID,KEPT_UNCHANGED,Passed all integrity and duplicate checks,8a34958f9bf2f7e40031ee40e2a38124c2239776f8fae15fd6313653a0c128ff,088208a8e9008800,300.0,300.0,RGB,RGB,False,30585.0
caltech_wrench_009,data/raw/caltech_wrench_009.jpg,data/processed/caltech_wrench_009.png,VALID,CONVERTED_FROM_GRAYSCALE,Passed all integrity and duplicate checks,018462fa3b7f12ee3b75292f284248c70f73223f0701c846fceb6be5a50f3e04,44810707970f2b05,300.0,164.0,L,RGB,True,13710.0
caltech_wrench_010,data/raw/caltech_wrench_010.jpg,data/processed/caltech_wrench_010.png,VALID,CONVERTED_FROM_GRAYSCALE,Passed all integrity and duplicate checks,2130eb38a249f54d28652d43eff2a5390af64b3662623ba809120f21b2924e86,004004c8c90c0008,300.0,300.0,L,RGB,True,15235.0
edge_01_smooth_gradient,data/raw/edge_01_smooth_gradient.png,data/processed/edge_01_smooth_gradient.png,VALID,KEPT_UNCHANGED,Passed all integrity and duplicate checks,68a34c02dd68dbd13499b54682ff5e276453f8c803cecaaa73e82b7f9f1e1e96,ffffffffffffffff,768.0,512.0,RGB,RGB,False,2460.0
edge_02_dark_noisy,data/raw/edge_02_dark_noisy.png,data/processed/edge_02_dark_noisy.png,VALID,KEPT_UNCHANGED,Passed all integrity and duplicate checks,6de56b59253eeefb36cb859e71023a4834dcb9ae6547ce7305501d89e66d79db,0000000000000000,768.0,512.0,RGB,RGB,False,890005.0
edge_03_dense_texture,data/raw/edge_03_dense_texture.png,data/processed/edge_03_dense_texture.png,VALID,KEPT_UNCHANGED,Passed all integrity and duplicate checks,35d2d8a64d50342b30d79907c9391f61bcc2e652476d0361e0e8619106447059,0808080808080808,768.0,512.0,RGB,RGB,False,201892.0
edge_04_sharp_ui_graphics,data/raw/edge_04_sharp_ui_graphics.png,data/processed/edge_04_sharp_ui_graphics.png,VALID,KEPT_UNCHANGED,Passed all integrity and duplicate checks,4856a46c9c14c3f694387c6ef9d37b520f7d7182a8327a145cfb11cd7c8b21e7,282a2a1a5a5a5a0a,768.0,512.0,RGB,RGB,False,3284.0
edge_05_clean_flat_poster,data/raw/edge_05_clean_flat_poster.png,data/processed/edge_05_clean_flat_poster.png,VALID,KEPT_UNCHANGED,Passed all integrity and duplicate checks,0eaf70730b8894638eccda78b291389b50d92a4885dace73a515e56a5073249a,e0e0e0e0e0e0e0e0,768.0,512.0,RGB,RGB,False,2346.0
edge_06_mixed_hdr,data/raw/edge_06_mixed_hdr.png,data/processed/edge_06_mixed_hdr.png,VALID,KEPT_UNCHANGED,Passed all integrity and duplicate checks,e88733e483df5c63b456f2c49d490d0f31d5de3d407795439b7275041c56809f,ada5a5a5a5b5bdad,768.0,512.0,RGB,RGB,False,816473.0
kodim01,data/raw/kodim01.png,data/processed/kodim01.png,VALID,KEPT_UNCHANGED,Passed all integrity and duplicate checks,a56e27cbf5f843c048b6af1d6e090760e9c92fadba88b7dee0205918a37523bd,fa72329c929a9a68,768.0,512.0,RGB,RGB,False,753927.0
kodim02,data/raw/kodim02.png,data/processed/kodim02.png,VALID,KEPT_UNCHANGED,Passed all integrity and duplicate checks,4f4b74a79237e311d72cad958237b5f7088d8bce1c82305ebefe1a70e3022dfd,56d6646d698a52f0,768.0,512.0,RGB,RGB,False,629429.0
kodim03,data/raw/kodim03.png,data/processed/kodim03.png,VALID,KEPT_UNCHANGED,Passed all integrity and duplicate checks,e25ca1ff2f0c0cb5fdfd5f9b0a0bb21ac4c3de3c84a67f35b09a85d3306249db,cf3f266367696b6e,768.0,512.0,RGB,RGB,False,551636.0
kodim04,data/raw/kodim04.png,data/processed/kodim04.png,VALID,KEPT_UNCHANGED,Passed all integrity and duplicate checks,e3b946107c5d3441c022f678d0c3caf1e224d81b1604ba840a4f88e562de61aa,87cde37169cdc3c3,512.0,768.0,RGB,RGB,False,651228.0
kodim05,data/raw/kodim05.png,data/processed/kodim05.png,VALID,KEPT_UNCHANGED,Passed all integrity and duplicate checks,10349e963c5c813d327852f82c1795fa4148d69fedffc4c589bee458e3ac3d53,032128680d65657d,768.0,512.0,RGB,RGB,False,802262.0
kodim06,data/raw/kodim06.png,data/processed/kodim06.png,VALID,KEPT_UNCHANGED,Passed all integrity and duplicate checks,363510303b715d4cbc384e1ce227e466b613a09e1b71ae985882bf8e7fbd9b18,10f0f101c5c30306,768.0,512.0,RGB,RGB,False,655035.0
kodim07,data/raw/kodim07.png,data/processed/kodim07.png,VALID,KEPT_UNCHANGED,Passed all integrity and duplicate checks,b77d3f006f42414bb242222e0482e750c0fb9e5ee8d4bed2f6f11c5605fe54a4,d8d195d5d1d9191b,768.0,512.0,RGB,RGB,False,581489.0
kodim08,data/raw/kodim08.png,data/processed/kodim08.png,VALID,KEPT_UNCHANGED,Passed all integrity and duplicate checks,ba23983c76b4832ee0e8af0592664756841a16779acd69f792e268fb6d13d6e7,0b4ba5b53b151715,768.0,512.0,RGB,RGB,False,773497.0
kodim09,data/raw/kodim09.png,data/processed/kodim09.png,VALID,KEPT_UNCHANGED,Passed all integrity and duplicate checks,6a4361c2fc194feb4edaa9f9a4a0620fb9943e460ac7fdf037fb0f6dd6607a7d,f013951c5a337473,512.0,768.0,RGB,RGB,False,587092.0
kodim10,data/raw/kodim10.png,data/processed/kodim10.png,VALID,KEPT_UNCHANGED,Passed all integrity and duplicate checks,9dfb70f5867c29ff9ed6313683f19b3d867849e40fbc0c4c54a4a89df341cf23,37978aad363a0e04,512.0,768.0,RGB,RGB,False,602278.0
kodim11,data/raw/kodim11.png,data/processed/kodim11.png,VALID,KEPT_UNCHANGED,Passed all integrity and duplicate checks,7936814b58b5387fce2e4e2488b4ec830dadd95fa9520f358ddb30990b50f2b6,32d4d9dcc2032c93,768.0,512.0,RGB,RGB,False,632921.0
kodim12,data/raw/kodim12.png,data/processed/kodim12.png,VALID,KEPT_UNCHANGED,Passed all integrity and duplicate checks,d78c37c2f04f23761ed2367dd77e2db584ddd4c3950833fecf89f199a8126980,70319191919191b3,768.0,512.0,RGB,RGB,False,580778.0
kodim13,data/raw/kodim13.png,data/processed/kodim13.png,VALID,KEPT_UNCHANGED,Passed all integrity and duplicate checks,bc34a3ce58dea09dce1704c997171602de90cb34d0c8503a988b77f473d39b08,e1a12d43b3e939ac,768.0,512.0,RGB,RGB,False,872601.0
kodim14,data/raw/kodim14.png,data/processed/kodim14.png,VALID,KEPT_UNCHANGED,Passed all integrity and duplicate checks,55a94550ff18f3246c4074fd32b77b0c74447c26b6ad274d564d999c0450ba6e,423061e2b476f173,768.0,512.0,RGB,RGB,False,729338.0
kodim15,data/raw/kodim15.png,data/processed/kodim15.png,VALID,KEPT_UNCHANGED,Passed all integrity and duplicate checks,7538cbb80cb9103606c48b806eae57d56c885c7f90b9b3be70a41160f9cbb683,09899999980d4c4a,768.0,512.0,RGB,RGB,False,621734.0
kodim16,data/raw/kodim16.png,data/processed/kodim16.png,VALID,KEPT_UNCHANGED,Passed all integrity and duplicate checks,b1161586f8f70903fe6c4f1d661e1bf84fe1360e87e7c7c42eb89721c49e40be,8860929399196102,768.0,512.0,RGB,RGB,False,533590.0
kodim17,data/raw/kodim17.png,data/processed/kodim17.png,VALID,KEPT_UNCHANGED,Passed all integrity and duplicate checks,1e94e694a0801b66bf9a00499f7d706c6a78bbfdc51922083e7728d5862121e7,8860929399196116,768.0,512.0,RGB,RGB,False,533799.0
kodim18,data/raw/kodim18.png,data/processed/kodim18.png,VALID,KEPT_UNCHANGED,Passed all integrity and duplicate checks,673d3ae1e16f741fdcbd62ce20ceee7c46f76c700cae9d5e1de46556d779a558,8860929399196112,768.0,512.0,RGB,RGB,False,533721.0
kodim19,data/raw/kodim19.png,,VISUAL_DUPLICATE,SKIPPED,Exact perceptual duplicate (dHash match) of kodim16,c45caad70ed14c720e0a80d79d1f27d90381938f2b0dbe3c1a4f7f747700a9e3,8860929399196102,,,,,False,
kodim20,data/raw/kodim20.png,data/processed/kodim20.png,VALID,KEPT_UNCHANGED,Passed all integrity and duplicate checks,90f5e2b3e14210ed8ff733a2e563396088caa5d73939022e2044c19ac574ee77,8820929399196116,768.0,512.0,RGB,RGB,False,533657.0
kodim21,data/raw/kodim21.png,,VISUAL_DUPLICATE,SKIPPED,Exact perceptual duplicate (dHash match) of kodim18,fb9a11252058ace313b10ad28873ede88567dd874f9b4d07efdb395cf77fdd2a,8860929399196112,,,,,False,
kodim22,data/raw/kodim22.png,,VISUAL_DUPLICATE,SKIPPED,Exact perceptual duplicate (dHash match) of kodim16,1d5e7fb65e99e07e9abb5d18bf821cb401ede6376f1358c3ba2b161770980fdc,8860929399196102,,,,,False,
kodim23,data/raw/kodim23.png,,VISUAL_DUPLICATE,SKIPPED,Exact perceptual duplicate (dHash match) of kodim16,ed66a24fabb40b3cfe7e7980df688abad79d9ff1662cfa32c5819a5bce788cbe,8860929399196102,,,,,False,
kodim24,data/raw/kodim24.png,,VISUAL_DUPLICATE,SKIPPED,Exact perceptual duplicate (dHash match) of kodim18,5e078ccbb14d77e22964456165aa89b26bdb5cb96324036a77a9f065cf50d7f9,8860929399196112,,,,,False,
stress_01_smooth_gradient,data/raw/stress_01_smooth_gradient.png,,DUPLICATE,SKIPPED,Exact byte-level duplicate of edge_01_smooth_gradient,68a34c02dd68dbd13499b54682ff5e276453f8c803cecaaa73e82b7f9f1e1e96,,,,,,False,
stress_02_dark_noisy,data/raw/stress_02_dark_noisy.png,,VISUAL_DUPLICATE,SKIPPED,Exact perceptual duplicate (dHash match) of edge_02_dark_noisy,a359572166e929dd28cdc20b28911217843daec189123a829e8430cad29eb2c8,0000000000000000,,,,,False,
stress_03_dense_texture,data/raw/stress_03_dense_texture.png,,DUPLICATE,SKIPPED,Exact byte-level duplicate of edge_03_dense_texture,35d2d8a64d50342b30d79907c9391f61bcc2e652476d0361e0e8619106447059,,,,,,False,
stress_04_sharp_ui_graphics,data/raw/stress_04_sharp_ui_graphics.png,,DUPLICATE,SKIPPED,Exact byte-level duplicate of edge_04_sharp_ui_graphics,4856a46c9c14c3f694387c6ef9d37b520f7d7182a8327a145cfb11cd7c8b21e7,,,,,,False,
stress_05_clean_flat_poster,data/raw/stress_05_clean_flat_poster.png,,DUPLICATE,SKIPPED,Exact byte-level duplicate of edge_05_clean_flat_poster,0eaf70730b8894638eccda78b291389b50d92a4885dace73a515e56a5073249a,,,,,,False,
stress_06_mixed_hdr,data/raw/stress_06_mixed_hdr.png,data/processed/stress_06_mixed_hdr.png,VALID,KEPT_UNCHANGED,Passed all integrity and duplicate checks,b7d8efc233a1af578556dbf10fa6bffa3ee78a46b4ad9b6b14ab86352b97639b,a5a5a5b5a5bda5b5,768.0,512.0,RGB,RGB,False,816302.0
