image_id,original_filename,file_path,source_dataset,source_category,file_format,original_width,original_height,number_of_channels,file_size
caltech_BACKGROUND_Google_001,caltech_BACKGROUND_Google_001.jpg,data/raw/caltech_BACKGROUND_Google_001.jpg,Caltech-101,BACKGROUND_Google,JPEG,145,144,3,7416
caltech_BACKGROUND_Google_002,caltech_BACKGROUND_Google_002.jpg,data/raw/caltech_BACKGROUND_Google_002.jpg,Caltech-101,BACKGROUND_Google,JPEG,656,817,3,105621
caltech_BACKGROUND_Google_003,caltech_BACKGROUND_Google_003.jpg,data/raw/caltech_BACKGROUND_Google_003.jpg,Caltech-101,BACKGROUND_Google,JPEG,144,144,3,3161
caltech_BACKGROUND_Google_004,caltech_BACKGROUND_Google_004.jpg,data/raw/caltech_BACKGROUND_Google_004.jpg,Caltech-101,BACKGROUND_Google,JPEG,200,200,3,10071
caltech_BACKGROUND_Google_005,caltech_BACKGROUND_Google_005.jpg,data/raw/caltech_BACKGROUND_Google_005.jpg,Caltech-101,BACKGROUND_Google,JPEG,180,199,3,9629
caltech_BACKGROUND_Google_006,caltech_BACKGROUND_Google_006.jpg,data/raw/caltech_BACKGROUND_Google_006.jpg,Caltech-101,BACKGROUND_Google,JPEG,700,889,1,143671
caltech_BACKGROUND_Google_007,caltech_BACKGROUND_Google_007.jpg,data/raw/caltech_BACKGROUND_Google_007.jpg,Caltech-101,BACKGROUND_Google,JPEG,150,176,3,8343
caltech_BACKGROUND_Google_008,caltech_BACKGROUND_Google_008.jpg,data/raw/caltech_BACKGROUND_Google_008.jpg,Caltech-101,BACKGROUND_Google,JPEG,439,382,3,38252
caltech_BACKGROUND_Google_009,caltech_BACKGROUND_Google_009.jpg,data/raw/caltech_BACKGROUND_Google_009.jpg,Caltech-101,BACKGROUND_Google,JPEG,500,296,3,35727
caltech_BACKGROUND_Google_010,caltech_BACKGROUND_Google_010.jpg,data/raw/caltech_BACKGROUND_Google_010.jpg,Caltech-101,BACKGROUND_Google,JPEG,500,500,3,28164
caltech_Faces_001,caltech_Faces_001.jpg,data/raw/caltech_Faces_001.jpg,Caltech-101,Faces,JPEG,510,337,3,30939
caltech_Faces_002,caltech_Faces_002.jpg,data/raw/caltech_Faces_002.jpg,Caltech-101,Faces,JPEG,519,343,3,41396
caltech_Faces_003,caltech_Faces_003.jpg,data/raw/caltech_Faces_003.jpg,Caltech-101,Faces,JPEG,492,325,3,33744
caltech_Faces_004,caltech_Faces_004.jpg,data/raw/caltech_Faces_004.jpg,Caltech-101,Faces,JPEG,538,355,3,37201
caltech_Faces_005,caltech_Faces_005.jpg,data/raw/caltech_Faces_005.jpg,Caltech-101,Faces,JPEG,528,349,3,27077
caltech_Faces_006,caltech_Faces_006.jpg,data/raw/caltech_Faces_006.jpg,Caltech-101,Faces,JPEG,513,339,3,34961
caltech_Faces_007,caltech_Faces_007.jpg,data/raw/caltech_Faces_007.jpg,Caltech-101,Faces,JPEG,545,360,3,33149
caltech_Faces_008,caltech_Faces_008.jpg,data/raw/caltech_Faces_008.jpg,Caltech-101,Faces,JPEG,555,367,3,27055
caltech_Faces_009,caltech_Faces_009.jpg,data/raw/caltech_Faces_009.jpg,Caltech-101,Faces,JPEG,504,333,3,21642
caltech_Faces_010,caltech_Faces_010.jpg,data/raw/caltech_Faces_010.jpg,Caltech-101,Faces,JPEG,532,351,3,25837
caltech_Faces_easy_001,caltech_Faces_easy_001.jpg,data/raw/caltech_Faces_easy_001.jpg,Caltech-101,Faces_easy,JPEG,290,334,3,17467
caltech_Faces_easy_002,caltech_Faces_easy_002.jpg,data/raw/caltech_Faces_easy_002.jpg,Caltech-101,Faces_easy,JPEG,263,332,3,19735
caltech_Faces_easy_003,caltech_Faces_easy_003.jpg,data/raw/caltech_Faces_easy_003.jpg,Caltech-101,Faces_easy,JPEG,279,308,3,17369
caltech_Faces_easy_004,caltech_Faces_easy_004.jpg,data/raw/caltech_Faces_easy_004.jpg,Caltech-101,Faces_easy,JPEG,261,322,3,15266
caltech_Faces_easy_005,caltech_Faces_easy_005.jpg,data/raw/caltech_Faces_easy_005.jpg,Caltech-101,Faces_easy,JPEG,290,330,3,17342
caltech_Faces_easy_006,caltech_Faces_easy_006.jpg,data/raw/caltech_Faces_easy_006.jpg,Caltech-101,Faces_easy,JPEG,289,329,3,20083
caltech_Faces_easy_007,caltech_Faces_easy_007.jpg,data/raw/caltech_Faces_easy_007.jpg,Caltech-101,Faces_easy,JPEG,276,342,3,17327
caltech_Faces_easy_008,caltech_Faces_easy_008.jpg,data/raw/caltech_Faces_easy_008.jpg,Caltech-101,Faces_easy,JPEG,287,335,3,15643
caltech_Faces_easy_009,caltech_Faces_easy_009.jpg,data/raw/caltech_Faces_easy_009.jpg,Caltech-101,Faces_easy,JPEG,263,324,3,13059
caltech_Faces_easy_010,caltech_Faces_easy_010.jpg,data/raw/caltech_Faces_easy_010.jpg,Caltech-101,Faces_easy,JPEG,264,331,3,14245
caltech_Leopards_001,caltech_Leopards_001.jpg,data/raw/caltech_Leopards_001.jpg,Caltech-101,Leopards,JPEG,192,128,3,5965
caltech_Leopards_002,caltech_Leopards_002.jpg,data/raw/caltech_Leopards_002.jpg,Caltech-101,Leopards,JPEG,192,128,3,6629
caltech_Leopards_003,caltech_Leopards_003.jpg,data/raw/caltech_Leopards_003.jpg,Caltech-101,Leopards,JPEG,192,128,3,6807
caltech_Leopards_004,caltech_Leopards_004.jpg,data/raw/caltech_Leopards_004.jpg,Caltech-101,Leopards,JPEG,192,128,3,6808
caltech_Leopards_005,caltech_Leopards_005.jpg,data/raw/caltech_Leopards_005.jpg,Caltech-101,Leopards,JPEG,192,128,3,6200
caltech_Leopards_006,caltech_Leopards_006.jpg,data/raw/caltech_Leopards_006.jpg,Caltech-101,Leopards,JPEG,192,128,3,6888
caltech_Leopards_007,caltech_Leopards_007.jpg,data/raw/caltech_Leopards_007.jpg,Caltech-101,Leopards,JPEG,192,128,3,6902
caltech_Leopards_008,caltech_Leopards_008.jpg,data/raw/caltech_Leopards_008.jpg,Caltech-101,Leopards,JPEG,192,128,3,7189
caltech_Leopards_009,caltech_Leopards_009.jpg,data/raw/caltech_Leopards_009.jpg,Caltech-101,Leopards,JPEG,192,128,3,5663
caltech_Leopards_010,caltech_Leopards_010.jpg,data/raw/caltech_Leopards_010.jpg,Caltech-101,Leopards,JPEG,192,128,3,5010
caltech_Motorbikes_001,caltech_Motorbikes_001.jpg,data/raw/caltech_Motorbikes_001.jpg,Caltech-101,Motorbikes,JPEG,262,161,3,6763
caltech_Motorbikes_002,caltech_Motorbikes_002.jpg,data/raw/caltech_Motorbikes_002.jpg,Caltech-101,Motorbikes,JPEG,263,162,3,6971
caltech_Motorbikes_003,caltech_Motorbikes_003.jpg,data/raw/caltech_Motorbikes_003.jpg,Caltech-101,Motorbikes,JPEG,263,163,3,7519
caltech_Motorbikes_004,caltech_Motorbikes_004.jpg,data/raw/caltech_Motorbikes_004.jpg,Caltech-101,Motorbikes,JPEG,262,150,3,6908
caltech_Motorbikes_005,caltech_Motorbikes_005.jpg,data/raw/caltech_Motorbikes_005.jpg,Caltech-101,Motorbikes,JPEG,262,166,3,7068
caltech_Motorbikes_006,caltech_Motorbikes_006.jpg,data/raw/caltech_Motorbikes_006.jpg,Caltech-101,Motorbikes,JPEG,262,163,3,6931
caltech_Motorbikes_007,caltech_Motorbikes_007.jpg,data/raw/caltech_Motorbikes_007.jpg,Caltech-101,Motorbikes,JPEG,262,138,3,6441
caltech_Motorbikes_008,caltech_Motorbikes_008.jpg,data/raw/caltech_Motorbikes_008.jpg,Caltech-101,Motorbikes,JPEG,262,143,3,6693
caltech_Motorbikes_009,caltech_Motorbikes_009.jpg,data/raw/caltech_Motorbikes_009.jpg,Caltech-101,Motorbikes,JPEG,262,153,3,7239
caltech_Motorbikes_010,caltech_Motorbikes_010.jpg,data/raw/caltech_Motorbikes_010.jpg,Caltech-101,Motorbikes,JPEG,263,148,3,6911
caltech_accordion_001,caltech_accordion_001.jpg,data/raw/caltech_accordion_001.jpg,Caltech-101,accordion,JPEG,260,300,3,25120
caltech_accordion_002,caltech_accordion_002.jpg,data/raw/caltech_accordion_002.jpg,Caltech-101,accordion,JPEG,232,300,3,18640
caltech_accordion_003,caltech_accordion_003.jpg,data/raw/caltech_accordion_003.jpg,Caltech-101,accordion,JPEG,300,282,3,25284
caltech_accordion_004,caltech_accordion_004.jpg,data/raw/caltech_accordion_004.jpg,Caltech-101,accordion,JPEG,300,199,3,17477
caltech_accordion_005,caltech_accordion_005.jpg,data/raw/caltech_accordion_005.jpg,Caltech-101,accordion,JPEG,223,300,3,9648
caltech_accordion_006,caltech_accordion_006.jpg,data/raw/caltech_accordion_006.jpg,Caltech-101,accordion,JPEG,300,270,3,24089
caltech_accordion_007,caltech_accordion_007.jpg,data/raw/caltech_accordion_007.jpg,Caltech-101,accordion,JPEG,300,225,1,18397
caltech_accordion_008,caltech_accordion_008.jpg,data/raw/caltech_accordion_008.jpg,Caltech-101,accordion,JPEG,300,238,3,25082
caltech_accordion_009,caltech_accordion_009.jpg,data/raw/caltech_accordion_009.jpg,Caltech-101,accordion,JPEG,209,300,3,19739
caltech_accordion_010,caltech_accordion_010.jpg,data/raw/caltech_accordion_010.jpg,Caltech-101,accordion,JPEG,300,225,3,17092
caltech_airplanes_001,caltech_airplanes_001.jpg,data/raw/caltech_airplanes_001.jpg,Caltech-101,airplanes,JPEG,398,164,3,10376
caltech_airplanes_002,caltech_airplanes_002.jpg,data/raw/caltech_airplanes_002.jpg,Caltech-101,airplanes,JPEG,401,184,3,8181
caltech_airplanes_003,caltech_airplanes_003.jpg,data/raw/caltech_airplanes_003.jpg,Caltech-101,airplanes,JPEG,393,165,3,11741
caltech_airplanes_004,caltech_airplanes_004.jpg,data/raw/caltech_airplanes_004.jpg,Caltech-101,airplanes,JPEG,393,170,3,15700
caltech_airplanes_005,caltech_airplanes_005.jpg,data/raw/caltech_airplanes_005.jpg,Caltech-101,airplanes,JPEG,395,176,3,14356
caltech_airplanes_006,caltech_airplanes_006.jpg,data/raw/caltech_airplanes_006.jpg,Caltech-101,airplanes,JPEG,393,147,3,8936
caltech_airplanes_007,caltech_airplanes_007.jpg,data/raw/caltech_airplanes_007.jpg,Caltech-101,airplanes,JPEG,391,148,3,9596
caltech_airplanes_008,caltech_airplanes_008.jpg,data/raw/caltech_airplanes_008.jpg,Caltech-101,airplanes,JPEG,395,149,3,13896
caltech_airplanes_009,caltech_airplanes_009.jpg,data/raw/caltech_airplanes_009.jpg,Caltech-101,airplanes,JPEG,392,161,3,10865
caltech_airplanes_010,caltech_airplanes_010.jpg,data/raw/caltech_airplanes_010.jpg,Caltech-101,airplanes,JPEG,397,137,3,8378
caltech_anchor_001,caltech_anchor_001.jpg,data/raw/caltech_anchor_001.jpg,Caltech-101,anchor,JPEG,300,187,3,4945
caltech_anchor_002,caltech_anchor_002.jpg,data/raw/caltech_anchor_002.jpg,Caltech-101,anchor,JPEG,300,234,3,12210
caltech_anchor_003,caltech_anchor_003.jpg,data/raw/caltech_anchor_003.jpg,Caltech-101,anchor,JPEG,300,270,1,23032
caltech_anchor_004,caltech_anchor_004.jpg,data/raw/caltech_anchor_004.jpg,Caltech-101,anchor,JPEG,300,263,3,16237
caltech_anchor_005,caltech_anchor_005.jpg,data/raw/caltech_anchor_005.jpg,Caltech-101,anchor,JPEG,265,300,3,4879
caltech_anchor_006,caltech_anchor_006.jpg,data/raw/caltech_anchor_006.jpg,Caltech-101,anchor,JPEG,300,255,3,21354
caltech_anchor_007,caltech_anchor_007.jpg,data/raw/caltech_anchor_007.jpg,Caltech-101,anchor,JPEG,300,269,3,14712
caltech_anchor_008,caltech_anchor_008.jpg,data/raw/caltech_anchor_008.jpg,Caltech-101,anchor,JPEG,300,252,3,10286
caltech_anchor_009,caltech_anchor_009.jpg,data/raw/caltech_anchor_009.jpg,Caltech-101,anchor,JPEG,300,297,3,11404
caltech_anchor_010,caltech_anchor_010.jpg,data/raw/caltech_anchor_010.jpg,Caltech-101,anchor,JPEG,270,300,3,13347
caltech_ant_001,caltech_ant_001.jpg,data/raw/caltech_ant_001.jpg,Caltech-101,ant,JPEG,300,205,3,10067
caltech_ant_002,caltech_ant_002.jpg,data/raw/caltech_ant_002.jpg,Caltech-101,ant,JPEG,300,200,3,10756
caltech_ant_003,caltech_ant_003.jpg,data/raw/caltech_ant_003.jpg,Caltech-101,ant,JPEG,273,300,3,22111
caltech_ant_004,caltech_ant_004.jpg,data/raw/caltech_ant_004.jpg,Caltech-101,ant,JPEG,300,235,3,10946
caltech_ant_005,caltech_ant_005.jpg,data/raw/caltech_ant_005.jpg,Caltech-101,ant,JPEG,300,225,1,17994
caltech_ant_006,caltech_ant_006.jpg,data/raw/caltech_ant_006.jpg,Caltech-101,ant,JPEG,300,256,3,13120
caltech_ant_007,caltech_ant_007.jpg,data/raw/caltech_ant_007.jpg,Caltech-101,ant,JPEG,300,289,3,16736
caltech_ant_008,caltech_ant_008.jpg,data/raw/caltech_ant_008.jpg,Caltech-101,ant,JPEG,300,241,3,7894
caltech_ant_009,caltech_ant_009.jpg,data/raw/caltech_ant_009.jpg,Caltech-101,ant,JPEG,300,103,3,6687
caltech_ant_010,caltech_ant_010.jpg,data/raw/caltech_ant_010.jpg,Caltech-101,ant,JPEG,300,177,3,8488
caltech_barrel_001,caltech_barrel_001.jpg,data/raw/caltech_barrel_001.jpg,Caltech-101,barrel,JPEG,252,300,3,15706
caltech_barrel_002,caltech_barrel_002.jpg,data/raw/caltech_barrel_002.jpg,Caltech-101,barrel,JPEG,225,300,3,10108
caltech_barrel_003,caltech_barrel_003.jpg,data/raw/caltech_barrel_003.jpg,Caltech-101,barrel,JPEG,215,300,3,16311
caltech_barrel_004,caltech_barrel_004.jpg,data/raw/caltech_barrel_004.jpg,Caltech-101,barrel,JPEG,256,300,3,12433
caltech_barrel_005,caltech_barrel_005.jpg,data/raw/caltech_barrel_005.jpg,Caltech-101,barrel,JPEG,293,300,3,8669
caltech_barrel_006,caltech_barrel_006.jpg,data/raw/caltech_barrel_006.jpg,Caltech-101,barrel,JPEG,205,300,3,15661
caltech_barrel_007,caltech_barrel_007.jpg,data/raw/caltech_barrel_007.jpg,Caltech-101,barrel,JPEG,300,300,3,6834
caltech_barrel_008,caltech_barrel_008.jpg,data/raw/caltech_barrel_008.jpg,Caltech-101,barrel,JPEG,272,300,3,18943
caltech_barrel_009,caltech_barrel_009.jpg,data/raw/caltech_barrel_009.jpg,Caltech-101,barrel,JPEG,280,300,3,15211
caltech_barrel_010,caltech_barrel_010.jpg,data/raw/caltech_barrel_010.jpg,Caltech-101,barrel,JPEG,259,300,3,19728
caltech_bass_001,caltech_bass_001.jpg,data/raw/caltech_bass_001.jpg,Caltech-101,bass,JPEG,300,171,3,8122
caltech_bass_002,caltech_bass_002.jpg,data/raw/caltech_bass_002.jpg,Caltech-101,bass,JPEG,300,300,3,17341
caltech_bass_003,caltech_bass_003.jpg,data/raw/caltech_bass_003.jpg,Caltech-101,bass,JPEG,300,146,3,13729
caltech_bass_004,caltech_bass_004.jpg,data/raw/caltech_bass_004.jpg,Caltech-101,bass,JPEG,300,217,3,11955
caltech_bass_005,caltech_bass_005.jpg,data/raw/caltech_bass_005.jpg,Caltech-101,bass,JPEG,300,179,3,7314
caltech_bass_006,caltech_bass_006.jpg,data/raw/caltech_bass_006.jpg,Caltech-101,bass,JPEG,300,236,3,21087
caltech_bass_007,caltech_bass_007.jpg,data/raw/caltech_bass_007.jpg,Caltech-101,bass,JPEG,300,173,3,11559
caltech_bass_008,caltech_bass_008.jpg,data/raw/caltech_bass_008.jpg,Caltech-101,bass,JPEG,300,163,3,13076
caltech_bass_009,caltech_bass_009.jpg,data/raw/caltech_bass_009.jpg,Caltech-101,bass,JPEG,300,204,3,11992
caltech_bass_010,caltech_bass_010.jpg,data/raw/caltech_bass_010.jpg,Caltech-101,bass,JPEG,300,158,3,7530
caltech_beaver_001,caltech_beaver_001.jpg,data/raw/caltech_beaver_001.jpg,Caltech-101,beaver,JPEG,283,300,3,13940
caltech_beaver_002,caltech_beaver_002.jpg,data/raw/caltech_beaver_002.jpg,Caltech-101,beaver,JPEG,300,200,3,14356
caltech_beaver_003,caltech_beaver_003.jpg,data/raw/caltech_beaver_003.jpg,Caltech-101,beaver,JPEG,300,225,3,9592
caltech_beaver_004,caltech_beaver_004.jpg,data/raw/caltech_beaver_004.jpg,Caltech-101,beaver,JPEG,300,230,3,8559
caltech_beaver_005,caltech_beaver_005.jpg,data/raw/caltech_beaver_005.jpg,Caltech-101,beaver,JPEG,300,282,3,24882
caltech_beaver_006,caltech_beaver_006.jpg,data/raw/caltech_beaver_006.jpg,Caltech-101,beaver,JPEG,300,227,3,11824
caltech_beaver_007,caltech_beaver_007.jpg,data/raw/caltech_beaver_007.jpg,Caltech-101,beaver,JPEG,300,253,3,17527
caltech_beaver_008,caltech_beaver_008.jpg,data/raw/caltech_beaver_008.jpg,Caltech-101,beaver,JPEG,285,300,3,25119
caltech_beaver_009,caltech_beaver_009.jpg,data/raw/caltech_beaver_009.jpg,Caltech-101,beaver,JPEG,300,188,3,17171
caltech_beaver_010,caltech_beaver_010.jpg,data/raw/caltech_beaver_010.jpg,Caltech-101,beaver,JPEG,300,175,3,9459
caltech_binocular_001,caltech_binocular_001.jpg,data/raw/caltech_binocular_001.jpg,Caltech-101,binocular,JPEG,300,272,3,17221
caltech_binocular_002,caltech_binocular_002.jpg,data/raw/caltech_binocular_002.jpg,Caltech-101,binocular,JPEG,300,283,3,12508
caltech_binocular_003,caltech_binocular_003.jpg,data/raw/caltech_binocular_003.jpg,Caltech-101,binocular,JPEG,277,300,1,17371
caltech_binocular_004,caltech_binocular_004.jpg,data/raw/caltech_binocular_004.jpg,Caltech-101,binocular,JPEG,300,300,3,17976
caltech_binocular_005,caltech_binocular_005.jpg,data/raw/caltech_binocular_005.jpg,Caltech-101,binocular,JPEG,240,300,3,10327
caltech_binocular_006,caltech_binocular_006.jpg,data/raw/caltech_binocular_006.jpg,Caltech-101,binocular,JPEG,193,300,3,13128
caltech_binocular_007,caltech_binocular_007.jpg,data/raw/caltech_binocular_007.jpg,Caltech-101,binocular,JPEG,300,298,3,17338
caltech_binocular_008,caltech_binocular_008.jpg,data/raw/caltech_binocular_008.jpg,Caltech-101,binocular,JPEG,163,300,3,8594
caltech_binocular_009,caltech_binocular_009.jpg,data/raw/caltech_binocular_009.jpg,Caltech-101,binocular,JPEG,179,300,3,11935
caltech_binocular_010,caltech_binocular_010.jpg,data/raw/caltech_binocular_010.jpg,Caltech-101,binocular,JPEG,300,235,3,11099
caltech_bonsai_001,caltech_bonsai_001.jpg,data/raw/caltech_bonsai_001.jpg,Caltech-101,bonsai,JPEG,280,300,3,16828
caltech_bonsai_002,caltech_bonsai_002.jpg,data/raw/caltech_bonsai_002.jpg,Caltech-101,bonsai,JPEG,265,300,3,14708
caltech_bonsai_003,caltech_bonsai_003.jpg,data/raw/caltech_bonsai_003.jpg,Caltech-101,bonsai,JPEG,230,300,3,20012
caltech_bonsai_004,caltech_bonsai_004.jpg,data/raw/caltech_bonsai_004.jpg,Caltech-101,bonsai,JPEG,245,300,3,15722
caltech_bonsai_005,caltech_bonsai_005.jpg,data/raw/caltech_bonsai_005.jpg,Caltech-101,bonsai,JPEG,300,269,3,20210
caltech_bonsai_006,caltech_bonsai_006.jpg,data/raw/caltech_bonsai_006.jpg,Caltech-101,bonsai,JPEG,208,300,3,12963
caltech_bonsai_007,caltech_bonsai_007.jpg,data/raw/caltech_bonsai_007.jpg,Caltech-101,bonsai,JPEG,300,164,3,11425
caltech_bonsai_008,caltech_bonsai_008.jpg,data/raw/caltech_bonsai_008.jpg,Caltech-101,bonsai,JPEG,300,202,3,13034
caltech_bonsai_009,caltech_bonsai_009.jpg,data/raw/caltech_bonsai_009.jpg,Caltech-101,bonsai,JPEG,255,300,3,22295
caltech_bonsai_010,caltech_bonsai_010.jpg,data/raw/caltech_bonsai_010.jpg,Caltech-101,bonsai,JPEG,300,225,3,22481
caltech_brain_001,caltech_brain_001.jpg,data/raw/caltech_brain_001.jpg,Caltech-101,brain,JPEG,300,215,3,13103
caltech_brain_002,caltech_brain_002.jpg,data/raw/caltech_brain_002.jpg,Caltech-101,brain,JPEG,300,261,3,22621
caltech_brain_003,caltech_brain_003.jpg,data/raw/caltech_brain_003.jpg,Caltech-101,brain,JPEG,300,197,3,18710
caltech_brain_004,caltech_brain_004.jpg,data/raw/caltech_brain_004.jpg,Caltech-101,brain,JPEG,300,251,3,12701
caltech_brain_005,caltech_brain_005.jpg,data/raw/caltech_brain_005.jpg,Caltech-101,brain,JPEG,300,233,3,23317
caltech_brain_006,caltech_brain_006.jpg,data/raw/caltech_brain_006.jpg,Caltech-101,brain,JPEG,300,265,3,22309
caltech_brain_007,caltech_brain_007.jpg,data/raw/caltech_brain_007.jpg,Caltech-101,brain,JPEG,300,198,3,11678
caltech_brain_008,caltech_brain_008.jpg,data/raw/caltech_brain_008.jpg,Caltech-101,brain,JPEG,300,218,3,15321
caltech_brain_009,caltech_brain_009.jpg,data/raw/caltech_brain_009.jpg,Caltech-101,brain,JPEG,300,275,3,11395
caltech_brain_010,caltech_brain_010.jpg,data/raw/caltech_brain_010.jpg,Caltech-101,brain,JPEG,300,282,3,24264
caltech_brontosaurus_001,caltech_brontosaurus_001.jpg,data/raw/caltech_brontosaurus_001.jpg,Caltech-101,brontosaurus,JPEG,300,179,3,17100
caltech_brontosaurus_002,caltech_brontosaurus_002.jpg,data/raw/caltech_brontosaurus_002.jpg,Caltech-101,brontosaurus,JPEG,232,300,3,24777
caltech_brontosaurus_003,caltech_brontosaurus_003.jpg,data/raw/caltech_brontosaurus_003.jpg,Caltech-101,brontosaurus,JPEG,215,300,3,25656
caltech_brontosaurus_004,caltech_brontosaurus_004.jpg,data/raw/caltech_brontosaurus_004.jpg,Caltech-101,brontosaurus,JPEG,300,220,3,11150
caltech_brontosaurus_005,caltech_brontosaurus_005.jpg,data/raw/caltech_brontosaurus_005.jpg,Caltech-101,brontosaurus,JPEG,297,300,3,13719
caltech_brontosaurus_006,caltech_brontosaurus_006.jpg,data/raw/caltech_brontosaurus_006.jpg,Caltech-101,brontosaurus,JPEG,300,195,1,14444
caltech_brontosaurus_007,caltech_brontosaurus_007.jpg,data/raw/caltech_brontosaurus_007.jpg,Caltech-101,brontosaurus,JPEG,300,184,1,15331
caltech_brontosaurus_008,caltech_brontosaurus_008.jpg,data/raw/caltech_brontosaurus_008.jpg,Caltech-101,brontosaurus,JPEG,300,193,1,9745
caltech_brontosaurus_009,caltech_brontosaurus_009.jpg,data/raw/caltech_brontosaurus_009.jpg,Caltech-101,brontosaurus,JPEG,300,223,3,18465
caltech_brontosaurus_010,caltech_brontosaurus_010.jpg,data/raw/caltech_brontosaurus_010.jpg,Caltech-101,brontosaurus,JPEG,300,206,3,10534
caltech_buddha_001,caltech_buddha_001.jpg,data/raw/caltech_buddha_001.jpg,Caltech-101,buddha,JPEG,167,300,3,12449
caltech_buddha_002,caltech_buddha_002.jpg,data/raw/caltech_buddha_002.jpg,Caltech-101,buddha,JPEG,261,300,3,20217
caltech_buddha_003,caltech_buddha_003.jpg,data/raw/caltech_buddha_003.jpg,Caltech-101,buddha,JPEG,231,300,3,12008
caltech_buddha_004,caltech_buddha_004.jpg,data/raw/caltech_buddha_004.jpg,Caltech-101,buddha,JPEG,297,300,3,14027
caltech_buddha_005,caltech_buddha_005.jpg,data/raw/caltech_buddha_005.jpg,Caltech-101,buddha,JPEG,180,300,3,9112
caltech_buddha_006,caltech_buddha_006.jpg,data/raw/caltech_buddha_006.jpg,Caltech-101,buddha,JPEG,200,300,3,13861
caltech_buddha_007,caltech_buddha_007.jpg,data/raw/caltech_buddha_007.jpg,Caltech-101,buddha,JPEG,300,219,3,6426
caltech_buddha_008,caltech_buddha_008.jpg,data/raw/caltech_buddha_008.jpg,Caltech-101,buddha,JPEG,300,300,3,14227
caltech_buddha_009,caltech_buddha_009.jpg,data/raw/caltech_buddha_009.jpg,Caltech-101,buddha,JPEG,277,300,3,16484
caltech_buddha_010,caltech_buddha_010.jpg,data/raw/caltech_buddha_010.jpg,Caltech-101,buddha,JPEG,300,280,1,12781
caltech_butterfly_001,caltech_butterfly_001.jpg,data/raw/caltech_butterfly_001.jpg,Caltech-101,butterfly,JPEG,300,198,3,16209
caltech_butterfly_002,caltech_butterfly_002.jpg,data/raw/caltech_butterfly_002.jpg,Caltech-101,butterfly,JPEG,221,300,3,12726
caltech_butterfly_003,caltech_butterfly_003.jpg,data/raw/caltech_butterfly_003.jpg,Caltech-101,butterfly,JPEG,300,192,3,17970
caltech_butterfly_004,caltech_butterfly_004.jpg,data/raw/caltech_butterfly_004.jpg,Caltech-101,butterfly,JPEG,300,271,3,14017
caltech_butterfly_005,caltech_butterfly_005.jpg,data/raw/caltech_butterfly_005.jpg,Caltech-101,butterfly,JPEG,300,278,3,22228
caltech_butterfly_006,caltech_butterfly_006.jpg,data/raw/caltech_butterfly_006.jpg,Caltech-101,butterfly,JPEG,300,271,3,10825
caltech_butterfly_007,caltech_butterfly_007.jpg,data/raw/caltech_butterfly_007.jpg,Caltech-101,butterfly,JPEG,300,200,3,9218
caltech_butterfly_008,caltech_butterfly_008.jpg,data/raw/caltech_butterfly_008.jpg,Caltech-101,butterfly,JPEG,300,252,3,12115
caltech_butterfly_009,caltech_butterfly_009.jpg,data/raw/caltech_butterfly_009.jpg,Caltech-101,butterfly,JPEG,300,253,1,5091
caltech_butterfly_010,caltech_butterfly_010.jpg,data/raw/caltech_butterfly_010.jpg,Caltech-101,butterfly,JPEG,300,200,3,12469
caltech_camera_001,caltech_camera_001.jpg,data/raw/caltech_camera_001.jpg,Caltech-101,camera,JPEG,287,300,3,12377
caltech_camera_002,caltech_camera_002.jpg,data/raw/caltech_camera_002.jpg,Caltech-101,camera,JPEG,300,178,3,11595
caltech_camera_003,caltech_camera_003.jpg,data/raw/caltech_camera_003.jpg,Caltech-101,camera,JPEG,300,300,3,11605
caltech_camera_004,caltech_camera_004.jpg,data/raw/caltech_camera_004.jpg,Caltech-101,camera,JPEG,300,282,3,16695
caltech_camera_005,caltech_camera_005.jpg,data/raw/caltech_camera_005.jpg,Caltech-101,camera,JPEG,276,300,3,15028
caltech_camera_006,caltech_camera_006.jpg,data/raw/caltech_camera_006.jpg,Caltech-101,camera,JPEG,271,300,3,13445
caltech_camera_007,caltech_camera_007.jpg,data/raw/caltech_camera_007.jpg,Caltech-101,camera,JPEG,300,232,3,14804
caltech_camera_008,caltech_camera_008.jpg,data/raw/caltech_camera_008.jpg,Caltech-101,camera,JPEG,300,156,3,8935
caltech_camera_009,caltech_camera_009.jpg,data/raw/caltech_camera_009.jpg,Caltech-101,camera,JPEG,300,276,3,11704
caltech_camera_010,caltech_camera_010.jpg,data/raw/caltech_camera_010.jpg,Caltech-101,camera,JPEG,300,198,3,9904
caltech_cannon_001,caltech_cannon_001.jpg,data/raw/caltech_cannon_001.jpg,Caltech-101,cannon,JPEG,300,183,3,13293
caltech_cannon_002,caltech_cannon_002.jpg,data/raw/caltech_cannon_002.jpg,Caltech-101,cannon,JPEG,300,222,3,12104
caltech_cannon_003,caltech_cannon_003.jpg,data/raw/caltech_cannon_003.jpg,Caltech-101,cannon,JPEG,300,183,1,14061
caltech_cannon_004,caltech_cannon_004.jpg,data/raw/caltech_cannon_004.jpg,Caltech-101,cannon,JPEG,300,239,1,16347
caltech_cannon_005,caltech_cannon_005.jpg,data/raw/caltech_cannon_005.jpg,Caltech-101,cannon,JPEG,300,300,3,25289
caltech_cannon_006,caltech_cannon_006.jpg,data/raw/caltech_cannon_006.jpg,Caltech-101,cannon,JPEG,280,300,3,16912
caltech_cannon_007,caltech_cannon_007.jpg,data/raw/caltech_cannon_007.jpg,Caltech-101,cannon,JPEG,300,263,3,14777
caltech_cannon_008,caltech_cannon_008.jpg,data/raw/caltech_cannon_008.jpg,Caltech-101,cannon,JPEG,300,207,3,12938
caltech_cannon_009,caltech_cannon_009.jpg,data/raw/caltech_cannon_009.jpg,Caltech-101,cannon,JPEG,299,237,3,7956
caltech_cannon_010,caltech_cannon_010.jpg,data/raw/caltech_cannon_010.jpg,Caltech-101,cannon,JPEG,300,229,3,14418
caltech_car_side_001,caltech_car_side_001.jpg,data/raw/caltech_car_side_001.jpg,Caltech-101,car_side,JPEG,300,197,1,12502
caltech_car_side_002,caltech_car_side_002.jpg,data/raw/caltech_car_side_002.jpg,Caltech-101,car_side,JPEG,300,197,1,8266
caltech_car_side_003,caltech_car_side_003.jpg,data/raw/caltech_car_side_003.jpg,Caltech-101,car_side,JPEG,300,197,1,8365
caltech_car_side_004,caltech_car_side_004.jpg,data/raw/caltech_car_side_004.jpg,Caltech-101,car_side,JPEG,300,197,1,8590
caltech_car_side_005,caltech_car_side_005.jpg,data/raw/caltech_car_side_005.jpg,Caltech-101,car_side,JPEG,300,197,1,9115
caltech_car_side_006,caltech_car_side_006.jpg,data/raw/caltech_car_side_006.jpg,Caltech-101,car_side,JPEG,300,197,1,10633
caltech_car_side_007,caltech_car_side_007.jpg,data/raw/caltech_car_side_007.jpg,Caltech-101,car_side,JPEG,300,197,1,10808
caltech_car_side_008,caltech_car_side_008.jpg,data/raw/caltech_car_side_008.jpg,Caltech-101,car_side,JPEG,300,197,1,8886
caltech_car_side_009,caltech_car_side_009.jpg,data/raw/caltech_car_side_009.jpg,Caltech-101,car_side,JPEG,300,197,1,10984
caltech_car_side_010,caltech_car_side_010.jpg,data/raw/caltech_car_side_010.jpg,Caltech-101,car_side,JPEG,300,197,1,10537
caltech_ceiling_fan_001,caltech_ceiling_fan_001.jpg,data/raw/caltech_ceiling_fan_001.jpg,Caltech-101,ceiling_fan,JPEG,300,186,3,10728
caltech_ceiling_fan_002,caltech_ceiling_fan_002.jpg,data/raw/caltech_ceiling_fan_002.jpg,Caltech-101,ceiling_fan,JPEG,300,166,1,16628
caltech_ceiling_fan_003,caltech_ceiling_fan_003.jpg,data/raw/caltech_ceiling_fan_003.jpg,Caltech-101,ceiling_fan,JPEG,300,184,3,9537
caltech_ceiling_fan_004,caltech_ceiling_fan_004.jpg,data/raw/caltech_ceiling_fan_004.jpg,Caltech-101,ceiling_fan,JPEG,300,183,3,9099
caltech_ceiling_fan_005,caltech_ceiling_fan_005.jpg,data/raw/caltech_ceiling_fan_005.jpg,Caltech-101,ceiling_fan,JPEG,300,166,3,7063
caltech_ceiling_fan_006,caltech_ceiling_fan_006.jpg,data/raw/caltech_ceiling_fan_006.jpg,Caltech-101,ceiling_fan,JPEG,300,225,3,20693
caltech_ceiling_fan_007,caltech_ceiling_fan_007.jpg,data/raw/caltech_ceiling_fan_007.jpg,Caltech-101,ceiling_fan,JPEG,300,233,3,10356
caltech_ceiling_fan_008,caltech_ceiling_fan_008.jpg,data/raw/caltech_ceiling_fan_008.jpg,Caltech-101,ceiling_fan,JPEG,300,150,3,4709
caltech_ceiling_fan_009,caltech_ceiling_fan_009.jpg,data/raw/caltech_ceiling_fan_009.jpg,Caltech-101,ceiling_fan,JPEG,300,121,3,6766
caltech_ceiling_fan_010,caltech_ceiling_fan_010.jpg,data/raw/caltech_ceiling_fan_010.jpg,Caltech-101,ceiling_fan,JPEG,300,163,3,3752
caltech_cellphone_001,caltech_cellphone_001.jpg,data/raw/caltech_cellphone_001.jpg,Caltech-101,cellphone,JPEG,300,290,3,12388
caltech_cellphone_002,caltech_cellphone_002.jpg,data/raw/caltech_cellphone_002.jpg,Caltech-101,cellphone,JPEG,300,225,3,15744
caltech_cellphone_003,caltech_cellphone_003.jpg,data/raw/caltech_cellphone_003.jpg,Caltech-101,cellphone,JPEG,209,300,3,8122
caltech_cellphone_004,caltech_cellphone_004.jpg,data/raw/caltech_cellphone_004.jpg,Caltech-101,cellphone,JPEG,300,225,3,12865
caltech_cellphone_005,caltech_cellphone_005.jpg,data/raw/caltech_cellphone_005.jpg,Caltech-101,cellphone,JPEG,300,248,3,18602
caltech_cellphone_006,caltech_cellphone_006.jpg,data/raw/caltech_cellphone_006.jpg,Caltech-101,cellphone,JPEG,262,300,3,11585
caltech_cellphone_007,caltech_cellphone_007.jpg,data/raw/caltech_cellphone_007.jpg,Caltech-101,cellphone,JPEG,300,206,3,17951
caltech_cellphone_008,caltech_cellphone_008.jpg,data/raw/caltech_cellphone_008.jpg,Caltech-101,cellphone,JPEG,196,300,3,21607
caltech_cellphone_009,caltech_cellphone_009.jpg,data/raw/caltech_cellphone_009.jpg,Caltech-101,cellphone,JPEG,211,300,3,13232
caltech_cellphone_010,caltech_cellphone_010.jpg,data/raw/caltech_cellphone_010.jpg,Caltech-101,cellphone,JPEG,266,300,3,22527
caltech_chair_001,caltech_chair_001.jpg,data/raw/caltech_chair_001.jpg,Caltech-101,chair,JPEG,223,300,3,11168
caltech_chair_002,caltech_chair_002.jpg,data/raw/caltech_chair_002.jpg,Caltech-101,chair,JPEG,200,300,3,7297
caltech_chair_003,caltech_chair_003.jpg,data/raw/caltech_chair_003.jpg,Caltech-101,chair,JPEG,230,300,3,11601
caltech_chair_004,caltech_chair_004.jpg,data/raw/caltech_chair_004.jpg,Caltech-101,chair,JPEG,198,300,3,14607
caltech_chair_005,caltech_chair_005.jpg,data/raw/caltech_chair_005.jpg,Caltech-101,chair,JPEG,250,300,3,11262
caltech_chair_006,caltech_chair_006.jpg,data/raw/caltech_chair_006.jpg,Caltech-101,chair,JPEG,300,276,3,17013
caltech_chair_007,caltech_chair_007.jpg,data/raw/caltech_chair_007.jpg,Caltech-101,chair,JPEG,199,300,3,7445
caltech_chair_008,caltech_chair_008.jpg,data/raw/caltech_chair_008.jpg,Caltech-101,chair,JPEG,239,300,3,9775
caltech_chair_009,caltech_chair_009.jpg,data/raw/caltech_chair_009.jpg,Caltech-101,chair,JPEG,203,300,3,9647
caltech_chair_010,caltech_chair_010.jpg,data/raw/caltech_chair_010.jpg,Caltech-101,chair,JPEG,198,300,3,10332
caltech_chandelier_001,caltech_chandelier_001.jpg,data/raw/caltech_chandelier_001.jpg,Caltech-101,chandelier,JPEG,228,300,3,16497
caltech_chandelier_002,caltech_chandelier_002.jpg,data/raw/caltech_chandelier_002.jpg,Caltech-101,chandelier,JPEG,300,224,3,9186
caltech_chandelier_003,caltech_chandelier_003.jpg,data/raw/caltech_chandelier_003.jpg,Caltech-101,chandelier,JPEG,277,300,3,18876
caltech_chandelier_004,caltech_chandelier_004.jpg,data/raw/caltech_chandelier_004.jpg,Caltech-101,chandelier,JPEG,232,300,3,14255
caltech_chandelier_005,caltech_chandelier_005.jpg,data/raw/caltech_chandelier_005.jpg,Caltech-101,chandelier,JPEG,300,225,3,8357
caltech_chandelier_006,caltech_chandelier_006.jpg,data/raw/caltech_chandelier_006.jpg,Caltech-101,chandelier,JPEG,282,300,3,11788
caltech_chandelier_007,caltech_chandelier_007.jpg,data/raw/caltech_chandelier_007.jpg,Caltech-101,chandelier,JPEG,216,300,3,13342
caltech_chandelier_008,caltech_chandelier_008.jpg,data/raw/caltech_chandelier_008.jpg,Caltech-101,chandelier,JPEG,300,199,3,16334
caltech_chandelier_009,caltech_chandelier_009.jpg,data/raw/caltech_chandelier_009.jpg,Caltech-101,chandelier,JPEG,218,300,3,14847
caltech_chandelier_010,caltech_chandelier_010.jpg,data/raw/caltech_chandelier_010.jpg,Caltech-101,chandelier,JPEG,300,225,3,19265
caltech_cougar_body_001,caltech_cougar_body_001.jpg,data/raw/caltech_cougar_body_001.jpg,Caltech-101,cougar_body,JPEG,300,288,3,22608
caltech_cougar_body_002,caltech_cougar_body_002.jpg,data/raw/caltech_cougar_body_002.jpg,Caltech-101,cougar_body,JPEG,248,300,3,16367
caltech_cougar_body_003,caltech_cougar_body_003.jpg,data/raw/caltech_cougar_body_003.jpg,Caltech-101,cougar_body,JPEG,300,170,3,6362
caltech_cougar_body_004,caltech_cougar_body_004.jpg,data/raw/caltech_cougar_body_004.jpg,Caltech-101,cougar_body,JPEG,300,188,3,21070
caltech_cougar_body_005,caltech_cougar_body_005.jpg,data/raw/caltech_cougar_body_005.jpg,Caltech-101,cougar_body,JPEG,297,300,3,24244
caltech_cougar_body_006,caltech_cougar_body_006.jpg,data/raw/caltech_cougar_body_006.jpg,Caltech-101,cougar_body,JPEG,251,300,3,19882
caltech_cougar_body_007,caltech_cougar_body_007.jpg,data/raw/caltech_cougar_body_007.jpg,Caltech-101,cougar_body,JPEG,300,186,3,17354
caltech_cougar_body_008,caltech_cougar_body_008.jpg,data/raw/caltech_cougar_body_008.jpg,Caltech-101,cougar_body,JPEG,300,202,3,22775
caltech_cougar_body_009,caltech_cougar_body_009.jpg,data/raw/caltech_cougar_body_009.jpg,Caltech-101,cougar_body,JPEG,300,262,3,11673
caltech_cougar_body_010,caltech_cougar_body_010.jpg,data/raw/caltech_cougar_body_010.jpg,Caltech-101,cougar_body,JPEG,300,178,3,9508
caltech_cougar_face_001,caltech_cougar_face_001.jpg,data/raw/caltech_cougar_face_001.jpg,Caltech-101,cougar_face,JPEG,300,278,3,17236
caltech_cougar_face_002,caltech_cougar_face_002.jpg,data/raw/caltech_cougar_face_002.jpg,Caltech-101,cougar_face,JPEG,300,216,1,13713
caltech_cougar_face_003,caltech_cougar_face_003.jpg,data/raw/caltech_cougar_face_003.jpg,Caltech-101,cougar_face,JPEG,300,268,3,28007
caltech_cougar_face_004,caltech_cougar_face_004.jpg,data/raw/caltech_cougar_face_004.jpg,Caltech-101,cougar_face,JPEG,300,262,3,16206
caltech_cougar_face_005,caltech_cougar_face_005.jpg,data/raw/caltech_cougar_face_005.jpg,Caltech-101,cougar_face,JPEG,300,250,3,14043
caltech_cougar_face_006,caltech_cougar_face_006.jpg,data/raw/caltech_cougar_face_006.jpg,Caltech-101,cougar_face,JPEG,254,300,3,18800
caltech_cougar_face_007,caltech_cougar_face_007.jpg,data/raw/caltech_cougar_face_007.jpg,Caltech-101,cougar_face,JPEG,300,289,3,14855
caltech_cougar_face_008,caltech_cougar_face_008.jpg,data/raw/caltech_cougar_face_008.jpg,Caltech-101,cougar_face,JPEG,298,300,3,18642
caltech_cougar_face_009,caltech_cougar_face_009.jpg,data/raw/caltech_cougar_face_009.jpg,Caltech-101,cougar_face,JPEG,300,260,3,23853
caltech_cougar_face_010,caltech_cougar_face_010.jpg,data/raw/caltech_cougar_face_010.jpg,Caltech-101,cougar_face,JPEG,300,246,1,10659
caltech_crab_001,caltech_crab_001.jpg,data/raw/caltech_crab_001.jpg,Caltech-101,crab,JPEG,300,187,3,14941
caltech_crab_002,caltech_crab_002.jpg,data/raw/caltech_crab_002.jpg,Caltech-101,crab,JPEG,300,238,3,22262
caltech_crab_003,caltech_crab_003.jpg,data/raw/caltech_crab_003.jpg,Caltech-101,crab,JPEG,300,250,3,13104
caltech_crab_004,caltech_crab_004.jpg,data/raw/caltech_crab_004.jpg,Caltech-101,crab,JPEG,282,300,3,15385
caltech_crab_005,caltech_crab_005.jpg,data/raw/caltech_crab_005.jpg,Caltech-101,crab,JPEG,300,182,3,19858
caltech_crab_006,caltech_crab_006.jpg,data/raw/caltech_crab_006.jpg,Caltech-101,crab,JPEG,300,254,3,14525
caltech_crab_007,caltech_crab_007.jpg,data/raw/caltech_crab_007.jpg,Caltech-101,crab,JPEG,300,226,3,12200
caltech_crab_008,caltech_crab_008.jpg,data/raw/caltech_crab_008.jpg,Caltech-101,crab,JPEG,300,224,3,23671
caltech_crab_009,caltech_crab_009.jpg,data/raw/caltech_crab_009.jpg,Caltech-101,crab,JPEG,300,281,3,16689
caltech_crab_010,caltech_crab_010.jpg,data/raw/caltech_crab_010.jpg,Caltech-101,crab,JPEG,300,245,3,22294
caltech_crayfish_001,caltech_crayfish_001.jpg,data/raw/caltech_crayfish_001.jpg,Caltech-101,crayfish,JPEG,300,225,3,14055
caltech_crayfish_002,caltech_crayfish_002.jpg,data/raw/caltech_crayfish_002.jpg,Caltech-101,crayfish,JPEG,300,177,3,9498
caltech_crayfish_003,caltech_crayfish_003.jpg,data/raw/caltech_crayfish_003.jpg,Caltech-101,crayfish,JPEG,300,222,3,19951
caltech_crayfish_004,caltech_crayfish_004.jpg,data/raw/caltech_crayfish_004.jpg,Caltech-101,crayfish,JPEG,300,217,1,20727
caltech_crayfish_005,caltech_crayfish_005.jpg,data/raw/caltech_crayfish_005.jpg,Caltech-101,crayfish,JPEG,300,225,3,14567
caltech_crayfish_006,caltech_crayfish_006.jpg,data/raw/caltech_crayfish_006.jpg,Caltech-101,crayfish,JPEG,300,200,1,26390
caltech_crayfish_007,caltech_crayfish_007.jpg,data/raw/caltech_crayfish_007.jpg,Caltech-101,crayfish,JPEG,300,209,3,11712
caltech_crayfish_008,caltech_crayfish_008.jpg,data/raw/caltech_crayfish_008.jpg,Caltech-101,crayfish,JPEG,300,240,3,10113
caltech_crayfish_009,caltech_crayfish_009.jpg,data/raw/caltech_crayfish_009.jpg,Caltech-101,crayfish,JPEG,300,181,3,10069
caltech_crayfish_010,caltech_crayfish_010.jpg,data/raw/caltech_crayfish_010.jpg,Caltech-101,crayfish,JPEG,300,211,3,13594
caltech_crocodile_001,caltech_crocodile_001.jpg,data/raw/caltech_crocodile_001.jpg,Caltech-101,crocodile,JPEG,300,239,3,27395
caltech_crocodile_002,caltech_crocodile_002.jpg,data/raw/caltech_crocodile_002.jpg,Caltech-101,crocodile,JPEG,300,185,3,18638
caltech_crocodile_003,caltech_crocodile_003.jpg,data/raw/caltech_crocodile_003.jpg,Caltech-101,crocodile,JPEG,300,240,3,14541
caltech_crocodile_004,caltech_crocodile_004.jpg,data/raw/caltech_crocodile_004.jpg,Caltech-101,crocodile,JPEG,300,209,3,31879
caltech_crocodile_005,caltech_crocodile_005.jpg,data/raw/caltech_crocodile_005.jpg,Caltech-101,crocodile,JPEG,300,172,3,9715
caltech_crocodile_006,caltech_crocodile_006.jpg,data/raw/caltech_crocodile_006.jpg,Caltech-101,crocodile,JPEG,300,195,3,12484
caltech_crocodile_007,caltech_crocodile_007.jpg,data/raw/caltech_crocodile_007.jpg,Caltech-101,crocodile,JPEG,300,180,3,17315
caltech_crocodile_008,caltech_crocodile_008.jpg,data/raw/caltech_crocodile_008.jpg,Caltech-101,crocodile,JPEG,300,209,3,14335
caltech_crocodile_009,caltech_crocodile_009.jpg,data/raw/caltech_crocodile_009.jpg,Caltech-101,crocodile,JPEG,300,192,3,14423
caltech_crocodile_010,caltech_crocodile_010.jpg,data/raw/caltech_crocodile_010.jpg,Caltech-101,crocodile,JPEG,300,179,3,17819
caltech_crocodile_head_001,caltech_crocodile_head_001.jpg,data/raw/caltech_crocodile_head_001.jpg,Caltech-101,crocodile_head,JPEG,300,239,3,26193
caltech_crocodile_head_002,caltech_crocodile_head_002.jpg,data/raw/caltech_crocodile_head_002.jpg,Caltech-101,crocodile_head,JPEG,300,225,3,20918
caltech_crocodile_head_003,caltech_crocodile_head_003.jpg,data/raw/caltech_crocodile_head_003.jpg,Caltech-101,crocodile_head,JPEG,300,214,3,15170
caltech_crocodile_head_004,caltech_crocodile_head_004.jpg,data/raw/caltech_crocodile_head_004.jpg,Caltech-101,crocodile_head,JPEG,300,225,3,22017
caltech_crocodile_head_005,caltech_crocodile_head_005.jpg,data/raw/caltech_crocodile_head_005.jpg,Caltech-101,crocodile_head,JPEG,300,225,3,13198
caltech_crocodile_head_006,caltech_crocodile_head_006.jpg,data/raw/caltech_crocodile_head_006.jpg,Caltech-101,crocodile_head,JPEG,300,184,3,20444
caltech_crocodile_head_007,caltech_crocodile_head_007.jpg,data/raw/caltech_crocodile_head_007.jpg,Caltech-101,crocodile_head,JPEG,300,288,3,19936
caltech_crocodile_head_008,caltech_crocodile_head_008.jpg,data/raw/caltech_crocodile_head_008.jpg,Caltech-101,crocodile_head,JPEG,300,268,3,11801
caltech_crocodile_head_009,caltech_crocodile_head_009.jpg,data/raw/caltech_crocodile_head_009.jpg,Caltech-101,crocodile_head,JPEG,300,285,3,20366
caltech_crocodile_head_010,caltech_crocodile_head_010.jpg,data/raw/caltech_crocodile_head_010.jpg,Caltech-101,crocodile_head,JPEG,300,236,3,15174
caltech_cup_001,caltech_cup_001.jpg,data/raw/caltech_cup_001.jpg,Caltech-101,cup,JPEG,300,198,3,7119
caltech_cup_002,caltech_cup_002.jpg,data/raw/caltech_cup_002.jpg,Caltech-101,cup,JPEG,300,260,3,12223
caltech_cup_003,caltech_cup_003.jpg,data/raw/caltech_cup_003.jpg,Caltech-101,cup,JPEG,300,296,3,11645
caltech_cup_004,caltech_cup_004.jpg,data/raw/caltech_cup_004.jpg,Caltech-101,cup,JPEG,300,250,3,16064
caltech_cup_005,caltech_cup_005.jpg,data/raw/caltech_cup_005.jpg,Caltech-101,cup,JPEG,300,221,3,5967
caltech_cup_006,caltech_cup_006.jpg,data/raw/caltech_cup_006.jpg,Caltech-101,cup,JPEG,300,269,3,12768
caltech_cup_007,caltech_cup_007.jpg,data/raw/caltech_cup_007.jpg,Caltech-101,cup,JPEG,300,300,1,11993
caltech_cup_008,caltech_cup_008.jpg,data/raw/caltech_cup_008.jpg,Caltech-101,cup,JPEG,300,250,3,18324
caltech_cup_009,caltech_cup_009.jpg,data/raw/caltech_cup_009.jpg,Caltech-101,cup,JPEG,300,262,3,14165
caltech_cup_010,caltech_cup_010.jpg,data/raw/caltech_cup_010.jpg,Caltech-101,cup,JPEG,191,300,3,7065
caltech_dalmatian_001,caltech_dalmatian_001.jpg,data/raw/caltech_dalmatian_001.jpg,Caltech-101,dalmatian,JPEG,300,249,3,12573
caltech_dalmatian_002,caltech_dalmatian_002.jpg,data/raw/caltech_dalmatian_002.jpg,Caltech-101,dalmatian,JPEG,300,300,3,20746
caltech_dalmatian_003,caltech_dalmatian_003.jpg,data/raw/caltech_dalmatian_003.jpg,Caltech-101,dalmatian,JPEG,300,262,3,20239
caltech_dalmatian_004,caltech_dalmatian_004.jpg,data/raw/caltech_dalmatian_004.jpg,Caltech-101,dalmatian,JPEG,244,300,3,11679
caltech_dalmatian_005,caltech_dalmatian_005.jpg,data/raw/caltech_dalmatian_005.jpg,Caltech-101,dalmatian,JPEG,225,300,3,17323
caltech_dalmatian_006,caltech_dalmatian_006.jpg,data/raw/caltech_dalmatian_006.jpg,Caltech-101,dalmatian,JPEG,243,300,3,8012
caltech_dalmatian_007,caltech_dalmatian_007.jpg,data/raw/caltech_dalmatian_007.jpg,Caltech-101,dalmatian,JPEG,285,300,3,13481
caltech_dalmatian_008,caltech_dalmatian_008.jpg,data/raw/caltech_dalmatian_008.jpg,Caltech-101,dalmatian,JPEG,300,259,3,19431
caltech_dalmatian_009,caltech_dalmatian_009.jpg,data/raw/caltech_dalmatian_009.jpg,Caltech-101,dalmatian,JPEG,300,241,3,17504
caltech_dalmatian_010,caltech_dalmatian_010.jpg,data/raw/caltech_dalmatian_010.jpg,Caltech-101,dalmatian,JPEG,300,283,3,12809
caltech_dollar_bill_001,caltech_dollar_bill_001.jpg,data/raw/caltech_dollar_bill_001.jpg,Caltech-101,dollar_bill,JPEG,300,190,3,15712
caltech_dollar_bill_002,caltech_dollar_bill_002.jpg,data/raw/caltech_dollar_bill_002.jpg,Caltech-101,dollar_bill,JPEG,300,127,3,16098
caltech_dollar_bill_003,caltech_dollar_bill_003.jpg,data/raw/caltech_dollar_bill_003.jpg,Caltech-101,dollar_bill,JPEG,300,126,3,15686
caltech_dollar_bill_004,caltech_dollar_bill_004.jpg,data/raw/caltech_dollar_bill_004.jpg,Caltech-101,dollar_bill,JPEG,300,190,3,16746
caltech_dollar_bill_005,caltech_dollar_bill_005.jpg,data/raw/caltech_dollar_bill_005.jpg,Caltech-101,dollar_bill,JPEG,300,125,3,17284
caltech_dollar_bill_006,caltech_dollar_bill_006.jpg,data/raw/caltech_dollar_bill_006.jpg,Caltech-101,dollar_bill,JPEG,300,121,3,16961
caltech_dollar_bill_007,caltech_dollar_bill_007.jpg,data/raw/caltech_dollar_bill_007.jpg,Caltech-101,dollar_bill,JPEG,300,146,3,15360
caltech_dollar_bill_008,caltech_dollar_bill_008.jpg,data/raw/caltech_dollar_bill_008.jpg,Caltech-101,dollar_bill,JPEG,300,172,3,19686
caltech_dollar_bill_009,caltech_dollar_bill_009.jpg,data/raw/caltech_dollar_bill_009.jpg,Caltech-101,dollar_bill,JPEG,300,202,3,21226
caltech_dollar_bill_010,caltech_dollar_bill_010.jpg,data/raw/caltech_dollar_bill_010.jpg,Caltech-101,dollar_bill,JPEG,300,138,3,19982
caltech_dolphin_001,caltech_dolphin_001.jpg,data/raw/caltech_dolphin_001.jpg,Caltech-101,dolphin,JPEG,300,179,3,13236
caltech_dolphin_002,caltech_dolphin_002.jpg,data/raw/caltech_dolphin_002.jpg,Caltech-101,dolphin,JPEG,300,179,3,15568
caltech_dolphin_003,caltech_dolphin_003.jpg,data/raw/caltech_dolphin_003.jpg,Caltech-101,dolphin,JPEG,300,166,3,6760
caltech_dolphin_004,caltech_dolphin_004.jpg,data/raw/caltech_dolphin_004.jpg,Caltech-101,dolphin,JPEG,300,259,3,9239
caltech_dolphin_005,caltech_dolphin_005.jpg,data/raw/caltech_dolphin_005.jpg,Caltech-101,dolphin,JPEG,300,225,3,13900
caltech_dolphin_006,caltech_dolphin_006.jpg,data/raw/caltech_dolphin_006.jpg,Caltech-101,dolphin,JPEG,300,277,3,14588
caltech_dolphin_007,caltech_dolphin_007.jpg,data/raw/caltech_dolphin_007.jpg,Caltech-101,dolphin,JPEG,300,183,3,12540
caltech_dolphin_008,caltech_dolphin_008.jpg,data/raw/caltech_dolphin_008.jpg,Caltech-101,dolphin,JPEG,300,225,3,11808
caltech_dolphin_009,caltech_dolphin_009.jpg,data/raw/caltech_dolphin_009.jpg,Caltech-101,dolphin,JPEG,300,214,3,12766
caltech_dolphin_010,caltech_dolphin_010.jpg,data/raw/caltech_dolphin_010.jpg,Caltech-101,dolphin,JPEG,300,223,3,10009
caltech_dragonfly_001,caltech_dragonfly_001.jpg,data/raw/caltech_dragonfly_001.jpg,Caltech-101,dragonfly,JPEG,275,300,1,27341
caltech_dragonfly_002,caltech_dragonfly_002.jpg,data/raw/caltech_dragonfly_002.jpg,Caltech-101,dragonfly,JPEG,300,295,3,9516
caltech_dragonfly_003,caltech_dragonfly_003.jpg,data/raw/caltech_dragonfly_003.jpg,Caltech-101,dragonfly,JPEG,300,262,3,11450
caltech_dragonfly_004,caltech_dragonfly_004.jpg,data/raw/caltech_dragonfly_004.jpg,Caltech-101,dragonfly,JPEG,300,300,3,8276
caltech_dragonfly_005,caltech_dragonfly_005.jpg,data/raw/caltech_dragonfly_005.jpg,Caltech-101,dragonfly,JPEG,260,300,1,13570
caltech_dragonfly_006,caltech_dragonfly_006.jpg,data/raw/caltech_dragonfly_006.jpg,Caltech-101,dragonfly,JPEG,195,300,3,12479
caltech_dragonfly_007,caltech_dragonfly_007.jpg,data/raw/caltech_dragonfly_007.jpg,Caltech-101,dragonfly,JPEG,258,300,3,18412
caltech_dragonfly_008,caltech_dragonfly_008.jpg,data/raw/caltech_dragonfly_008.jpg,Caltech-101,dragonfly,JPEG,209,300,3,15916
caltech_dragonfly_009,caltech_dragonfly_009.jpg,data/raw/caltech_dragonfly_009.jpg,Caltech-101,dragonfly,JPEG,202,300,1,9303
caltech_dragonfly_010,caltech_dragonfly_010.jpg,data/raw/caltech_dragonfly_010.jpg,Caltech-101,dragonfly,JPEG,225,300,3,15795
caltech_electric_guitar_001,caltech_electric_guitar_001.jpg,data/raw/caltech_electric_guitar_001.jpg,Caltech-101,electric_guitar,JPEG,300,212,3,6595
caltech_electric_guitar_002,caltech_electric_guitar_002.jpg,data/raw/caltech_electric_guitar_002.jpg,Caltech-101,electric_guitar,JPEG,300,224,3,5823
caltech_electric_guitar_003,caltech_electric_guitar_003.jpg,data/raw/caltech_electric_guitar_003.jpg,Caltech-101,electric_guitar,JPEG,300,176,3,11602
caltech_electric_guitar_004,caltech_electric_guitar_004.jpg,data/raw/caltech_electric_guitar_004.jpg,Caltech-101,electric_guitar,JPEG,300,144,3,11613
caltech_electric_guitar_005,caltech_electric_guitar_005.jpg,data/raw/caltech_electric_guitar_005.jpg,Caltech-101,electric_guitar,JPEG,300,150,3,10724
caltech_electric_guitar_006,caltech_electric_guitar_006.jpg,data/raw/caltech_electric_guitar_006.jpg,Caltech-101,electric_guitar,JPEG,300,134,3,9692
caltech_electric_guitar_007,caltech_electric_guitar_007.jpg,data/raw/caltech_electric_guitar_007.jpg,Caltech-101,electric_guitar,JPEG,300,225,3,9891
caltech_electric_guitar_008,caltech_electric_guitar_008.jpg,data/raw/caltech_electric_guitar_008.jpg,Caltech-101,electric_guitar,JPEG,300,199,3,11654
caltech_electric_guitar_009,caltech_electric_guitar_009.jpg,data/raw/caltech_electric_guitar_009.jpg,Caltech-101,electric_guitar,JPEG,300,223,3,9205
caltech_electric_guitar_010,caltech_electric_guitar_010.jpg,data/raw/caltech_electric_guitar_010.jpg,Caltech-101,electric_guitar,JPEG,300,225,3,17658
caltech_elephant_001,caltech_elephant_001.jpg,data/raw/caltech_elephant_001.jpg,Caltech-101,elephant,JPEG,300,225,3,17639
caltech_elephant_002,caltech_elephant_002.jpg,data/raw/caltech_elephant_002.jpg,Caltech-101,elephant,JPEG,300,225,3,22114
caltech_elephant_003,caltech_elephant_003.jpg,data/raw/caltech_elephant_003.jpg,Caltech-101,elephant,JPEG,300,264,3,16103
caltech_elephant_004,caltech_elephant_004.jpg,data/raw/caltech_elephant_004.jpg,Caltech-101,elephant,JPEG,300,243,3,11689
caltech_elephant_005,caltech_elephant_005.jpg,data/raw/caltech_elephant_005.jpg,Caltech-101,elephant,JPEG,300,188,3,9800
caltech_elephant_006,caltech_elephant_006.jpg,data/raw/caltech_elephant_006.jpg,Caltech-101,elephant,JPEG,300,212,3,16070
caltech_elephant_007,caltech_elephant_007.jpg,data/raw/caltech_elephant_007.jpg,Caltech-101,elephant,JPEG,239,300,3,15674
caltech_elephant_008,caltech_elephant_008.jpg,data/raw/caltech_elephant_008.jpg,Caltech-101,elephant,JPEG,300,225,3,21529
caltech_elephant_009,caltech_elephant_009.jpg,data/raw/caltech_elephant_009.jpg,Caltech-101,elephant,JPEG,300,291,3,14145
caltech_elephant_010,caltech_elephant_010.jpg,data/raw/caltech_elephant_010.jpg,Caltech-101,elephant,JPEG,300,195,3,9171
caltech_emu_001,caltech_emu_001.jpg,data/raw/caltech_emu_001.jpg,Caltech-101,emu,JPEG,300,248,3,16235
caltech_emu_002,caltech_emu_002.jpg,data/raw/caltech_emu_002.jpg,Caltech-101,emu,JPEG,300,220,3,23570
caltech_emu_003,caltech_emu_003.jpg,data/raw/caltech_emu_003.jpg,Caltech-101,emu,JPEG,272,300,3,14238
caltech_emu_004,caltech_emu_004.jpg,data/raw/caltech_emu_004.jpg,Caltech-101,emu,JPEG,300,288,3,18463
caltech_emu_005,caltech_emu_005.jpg,data/raw/caltech_emu_005.jpg,Caltech-101,emu,JPEG,300,300,3,24173
caltech_emu_006,caltech_emu_006.jpg,data/raw/caltech_emu_006.jpg,Caltech-101,emu,JPEG,189,300,3,18196
caltech_emu_007,caltech_emu_007.jpg,data/raw/caltech_emu_007.jpg,Caltech-101,emu,JPEG,300,240,3,23023
caltech_emu_008,caltech_emu_008.jpg,data/raw/caltech_emu_008.jpg,Caltech-101,emu,JPEG,300,225,3,23824
caltech_emu_009,caltech_emu_009.jpg,data/raw/caltech_emu_009.jpg,Caltech-101,emu,JPEG,300,253,3,17970
caltech_emu_010,caltech_emu_010.jpg,data/raw/caltech_emu_010.jpg,Caltech-101,emu,JPEG,300,260,3,20269
caltech_euphonium_001,caltech_euphonium_001.jpg,data/raw/caltech_euphonium_001.jpg,Caltech-101,euphonium,JPEG,300,208,3,16755
caltech_euphonium_002,caltech_euphonium_002.jpg,data/raw/caltech_euphonium_002.jpg,Caltech-101,euphonium,JPEG,300,225,3,17014
caltech_euphonium_003,caltech_euphonium_003.jpg,data/raw/caltech_euphonium_003.jpg,Caltech-101,euphonium,JPEG,300,160,3,10112
caltech_euphonium_004,caltech_euphonium_004.jpg,data/raw/caltech_euphonium_004.jpg,Caltech-101,euphonium,JPEG,300,225,3,15421
caltech_euphonium_005,caltech_euphonium_005.jpg,data/raw/caltech_euphonium_005.jpg,Caltech-101,euphonium,JPEG,300,187,3,11533
caltech_euphonium_006,caltech_euphonium_006.jpg,data/raw/caltech_euphonium_006.jpg,Caltech-101,euphonium,JPEG,300,174,3,11172
caltech_euphonium_007,caltech_euphonium_007.jpg,data/raw/caltech_euphonium_007.jpg,Caltech-101,euphonium,JPEG,300,199,3,14991
caltech_euphonium_008,caltech_euphonium_008.jpg,data/raw/caltech_euphonium_008.jpg,Caltech-101,euphonium,JPEG,300,181,3,12676
caltech_euphonium_009,caltech_euphonium_009.jpg,data/raw/caltech_euphonium_009.jpg,Caltech-101,euphonium,JPEG,300,185,3,14360
caltech_euphonium_010,caltech_euphonium_010.jpg,data/raw/caltech_euphonium_010.jpg,Caltech-101,euphonium,JPEG,300,170,3,13219
caltech_ewer_001,caltech_ewer_001.jpg,data/raw/caltech_ewer_001.jpg,Caltech-101,ewer,JPEG,172,300,3,12402
caltech_ewer_002,caltech_ewer_002.jpg,data/raw/caltech_ewer_002.jpg,Caltech-101,ewer,JPEG,187,300,3,16271
caltech_ewer_003,caltech_ewer_003.jpg,data/raw/caltech_ewer_003.jpg,Caltech-101,ewer,JPEG,200,300,3,6961
caltech_ewer_004,caltech_ewer_004.jpg,data/raw/caltech_ewer_004.jpg,Caltech-101,ewer,JPEG,192,300,3,8602
caltech_ewer_005,caltech_ewer_005.jpg,data/raw/caltech_ewer_005.jpg,Caltech-101,ewer,JPEG,228,300,3,13825
caltech_ewer_006,caltech_ewer_006.jpg,data/raw/caltech_ewer_006.jpg,Caltech-101,ewer,JPEG,236,300,3,20508
caltech_ewer_007,caltech_ewer_007.jpg,data/raw/caltech_ewer_007.jpg,Caltech-101,ewer,JPEG,205,300,3,10514
caltech_ewer_008,caltech_ewer_008.jpg,data/raw/caltech_ewer_008.jpg,Caltech-101,ewer,JPEG,241,300,3,11699
caltech_ewer_009,caltech_ewer_009.jpg,data/raw/caltech_ewer_009.jpg,Caltech-101,ewer,JPEG,300,225,3,9717
caltech_ewer_010,caltech_ewer_010.jpg,data/raw/caltech_ewer_010.jpg,Caltech-101,ewer,JPEG,215,300,3,14617
caltech_ferry_001,caltech_ferry_001.jpg,data/raw/caltech_ferry_001.jpg,Caltech-101,ferry,JPEG,300,244,3,17780
caltech_ferry_002,caltech_ferry_002.jpg,data/raw/caltech_ferry_002.jpg,Caltech-101,ferry,JPEG,300,193,3,9924
caltech_ferry_003,caltech_ferry_003.jpg,data/raw/caltech_ferry_003.jpg,Caltech-101,ferry,JPEG,300,163,3,13938
caltech_ferry_004,caltech_ferry_004.jpg,data/raw/caltech_ferry_004.jpg,Caltech-101,ferry,JPEG,300,225,3,13690
caltech_ferry_005,caltech_ferry_005.jpg,data/raw/caltech_ferry_005.jpg,Caltech-101,ferry,JPEG,300,178,3,11739
caltech_ferry_006,caltech_ferry_006.jpg,data/raw/caltech_ferry_006.jpg,Caltech-101,ferry,JPEG,300,180,3,11092
caltech_ferry_007,caltech_ferry_007.jpg,data/raw/caltech_ferry_007.jpg,Caltech-101,ferry,JPEG,300,151,3,8328
caltech_ferry_008,caltech_ferry_008.jpg,data/raw/caltech_ferry_008.jpg,Caltech-101,ferry,JPEG,300,179,3,17820
caltech_ferry_009,caltech_ferry_009.jpg,data/raw/caltech_ferry_009.jpg,Caltech-101,ferry,JPEG,300,186,3,13270
caltech_ferry_010,caltech_ferry_010.jpg,data/raw/caltech_ferry_010.jpg,Caltech-101,ferry,JPEG,300,225,3,7346
caltech_flamingo_001,caltech_flamingo_001.jpg,data/raw/caltech_flamingo_001.jpg,Caltech-101,flamingo,JPEG,250,300,3,8567
caltech_flamingo_002,caltech_flamingo_002.jpg,data/raw/caltech_flamingo_002.jpg,Caltech-101,flamingo,JPEG,80,300,3,5712
caltech_flamingo_003,caltech_flamingo_003.jpg,data/raw/caltech_flamingo_003.jpg,Caltech-101,flamingo,JPEG,225,300,3,17282
caltech_flamingo_004,caltech_flamingo_004.jpg,data/raw/caltech_flamingo_004.jpg,Caltech-101,flamingo,JPEG,300,225,3,20940
caltech_flamingo_005,caltech_flamingo_005.jpg,data/raw/caltech_flamingo_005.jpg,Caltech-101,flamingo,JPEG,300,300,3,10015
caltech_flamingo_006,caltech_flamingo_006.jpg,data/raw/caltech_flamingo_006.jpg,Caltech-101,flamingo,JPEG,277,300,3,7734
caltech_flamingo_007,caltech_flamingo_007.jpg,data/raw/caltech_flamingo_007.jpg,Caltech-101,flamingo,JPEG,212,300,3,6035
caltech_flamingo_008,caltech_flamingo_008.jpg,data/raw/caltech_flamingo_008.jpg,Caltech-101,flamingo,JPEG,181,300,3,6649
caltech_flamingo_009,caltech_flamingo_009.jpg,data/raw/caltech_flamingo_009.jpg,Caltech-101,flamingo,JPEG,182,300,3,9285
caltech_flamingo_010,caltech_flamingo_010.jpg,data/raw/caltech_flamingo_010.jpg,Caltech-101,flamingo,JPEG,300,219,3,12455
caltech_flamingo_head_001,caltech_flamingo_head_001.jpg,data/raw/caltech_flamingo_head_001.jpg,Caltech-101,flamingo_head,JPEG,200,300,3,8515
caltech_flamingo_head_002,caltech_flamingo_head_002.jpg,data/raw/caltech_flamingo_head_002.jpg,Caltech-101,flamingo_head,JPEG,205,300,3,16642
caltech_flamingo_head_003,caltech_flamingo_head_003.jpg,data/raw/caltech_flamingo_head_003.jpg,Caltech-101,flamingo_head,JPEG,217,300,3,8271
caltech_flamingo_head_004,caltech_flamingo_head_004.jpg,data/raw/caltech_flamingo_head_004.jpg,Caltech-101,flamingo_head,JPEG,300,249,3,5957
caltech_flamingo_head_005,caltech_flamingo_head_005.jpg,data/raw/caltech_flamingo_head_005.jpg,Caltech-101,flamingo_head,JPEG,300,278,3,11684
caltech_flamingo_head_006,caltech_flamingo_head_006.jpg,data/raw/caltech_flamingo_head_006.jpg,Caltech-101,flamingo_head,JPEG,300,283,3,5386
caltech_flamingo_head_007,caltech_flamingo_head_007.jpg,data/raw/caltech_flamingo_head_007.jpg,Caltech-101,flamingo_head,JPEG,300,236,3,15621
caltech_flamingo_head_008,caltech_flamingo_head_008.jpg,data/raw/caltech_flamingo_head_008.jpg,Caltech-101,flamingo_head,JPEG,300,214,3,11438
caltech_flamingo_head_009,caltech_flamingo_head_009.jpg,data/raw/caltech_flamingo_head_009.jpg,Caltech-101,flamingo_head,JPEG,196,300,3,9834
caltech_flamingo_head_010,caltech_flamingo_head_010.jpg,data/raw/caltech_flamingo_head_010.jpg,Caltech-101,flamingo_head,JPEG,225,300,3,15724
caltech_garfield_001,caltech_garfield_001.jpg,data/raw/caltech_garfield_001.jpg,Caltech-101,garfield,JPEG,221,300,1,13974
caltech_garfield_002,caltech_garfield_002.jpg,data/raw/caltech_garfield_002.jpg,Caltech-101,garfield,JPEG,266,300,3,21202
caltech_garfield_003,caltech_garfield_003.jpg,data/raw/caltech_garfield_003.jpg,Caltech-101,garfield,JPEG,143,300,3,13909
caltech_garfield_004,caltech_garfield_004.jpg,data/raw/caltech_garfield_004.jpg,Caltech-101,garfield,JPEG,194,300,3,16181
caltech_garfield_005,caltech_garfield_005.jpg,data/raw/caltech_garfield_005.jpg,Caltech-101,garfield,JPEG,300,300,3,16297
caltech_garfield_006,caltech_garfield_006.jpg,data/raw/caltech_garfield_006.jpg,Caltech-101,garfield,JPEG,225,300,3,16463
caltech_garfield_007,caltech_garfield_007.jpg,data/raw/caltech_garfield_007.jpg,Caltech-101,garfield,JPEG,262,300,3,13989
caltech_garfield_008,caltech_garfield_008.jpg,data/raw/caltech_garfield_008.jpg,Caltech-101,garfield,JPEG,300,298,3,21144
caltech_garfield_009,caltech_garfield_009.jpg,data/raw/caltech_garfield_009.jpg,Caltech-101,garfield,JPEG,292,300,3,8622
caltech_garfield_010,caltech_garfield_010.jpg,data/raw/caltech_garfield_010.jpg,Caltech-101,garfield,JPEG,227,300,3,16400
caltech_gerenuk_001,caltech_gerenuk_001.jpg,data/raw/caltech_gerenuk_001.jpg,Caltech-101,gerenuk,JPEG,295,300,3,26104
caltech_gerenuk_002,caltech_gerenuk_002.jpg,data/raw/caltech_gerenuk_002.jpg,Caltech-101,gerenuk,JPEG,300,300,3,21503
caltech_gerenuk_003,caltech_gerenuk_003.jpg,data/raw/caltech_gerenuk_003.jpg,Caltech-101,gerenuk,JPEG,274,300,3,19332
caltech_gerenuk_004,caltech_gerenuk_004.jpg,data/raw/caltech_gerenuk_004.jpg,Caltech-101,gerenuk,JPEG,265,300,3,27884
caltech_gerenuk_005,caltech_gerenuk_005.jpg,data/raw/caltech_gerenuk_005.jpg,Caltech-101,gerenuk,JPEG,257,300,3,13809
caltech_gerenuk_006,caltech_gerenuk_006.jpg,data/raw/caltech_gerenuk_006.jpg,Caltech-101,gerenuk,JPEG,261,300,3,23589
caltech_gerenuk_007,caltech_gerenuk_007.jpg,data/raw/caltech_gerenuk_007.jpg,Caltech-101,gerenuk,JPEG,300,180,3,18350
caltech_gerenuk_008,caltech_gerenuk_008.jpg,data/raw/caltech_gerenuk_008.jpg,Caltech-101,gerenuk,JPEG,300,223,3,15707
caltech_gerenuk_009,caltech_gerenuk_009.jpg,data/raw/caltech_gerenuk_009.jpg,Caltech-101,gerenuk,JPEG,300,176,3,15784
caltech_gerenuk_010,caltech_gerenuk_010.jpg,data/raw/caltech_gerenuk_010.jpg,Caltech-101,gerenuk,JPEG,300,161,3,9604
caltech_gramophone_001,caltech_gramophone_001.jpg,data/raw/caltech_gramophone_001.jpg,Caltech-101,gramophone,JPEG,272,300,3,15903
caltech_gramophone_002,caltech_gramophone_002.jpg,data/raw/caltech_gramophone_002.jpg,Caltech-101,gramophone,JPEG,266,300,3,11868
caltech_gramophone_003,caltech_gramophone_003.jpg,data/raw/caltech_gramophone_003.jpg,Caltech-101,gramophone,JPEG,300,246,3,17570
caltech_gramophone_004,caltech_gramophone_004.jpg,data/raw/caltech_gramophone_004.jpg,Caltech-101,gramophone,JPEG,261,300,3,17292
caltech_gramophone_005,caltech_gramophone_005.jpg,data/raw/caltech_gramophone_005.jpg,Caltech-101,gramophone,JPEG,234,300,3,9987
caltech_gramophone_006,caltech_gramophone_006.jpg,data/raw/caltech_gramophone_006.jpg,Caltech-101,gramophone,JPEG,264,300,3,10324
caltech_gramophone_007,caltech_gramophone_007.jpg,data/raw/caltech_gramophone_007.jpg,Caltech-101,gramophone,JPEG,292,300,1,31712
caltech_gramophone_008,caltech_gramophone_008.jpg,data/raw/caltech_gramophone_008.jpg,Caltech-101,gramophone,JPEG,230,300,3,14108
caltech_gramophone_009,caltech_gramophone_009.jpg,data/raw/caltech_gramophone_009.jpg,Caltech-101,gramophone,JPEG,204,300,3,16444
caltech_gramophone_010,caltech_gramophone_010.jpg,data/raw/caltech_gramophone_010.jpg,Caltech-101,gramophone,JPEG,300,300,3,18165
caltech_grand_piano_001,caltech_grand_piano_001.jpg,data/raw/caltech_grand_piano_001.jpg,Caltech-101,grand_piano,JPEG,300,271,3,12948
caltech_grand_piano_002,caltech_grand_piano_002.jpg,data/raw/caltech_grand_piano_002.jpg,Caltech-101,grand_piano,JPEG,300,234,3,10277
caltech_grand_piano_003,caltech_grand_piano_003.jpg,data/raw/caltech_grand_piano_003.jpg,Caltech-101,grand_piano,JPEG,300,299,3,15793
caltech_grand_piano_004,caltech_grand_piano_004.jpg,data/raw/caltech_grand_piano_004.jpg,Caltech-101,grand_piano,JPEG,300,225,3,6691
caltech_grand_piano_005,caltech_grand_piano_005.jpg,data/raw/caltech_grand_piano_005.jpg,Caltech-101,grand_piano,JPEG,300,288,3,12827
caltech_grand_piano_006,caltech_grand_piano_006.jpg,data/raw/caltech_grand_piano_006.jpg,Caltech-101,grand_piano,JPEG,233,300,3,11443
caltech_grand_piano_007,caltech_grand_piano_007.jpg,data/raw/caltech_grand_piano_007.jpg,Caltech-101,grand_piano,JPEG,300,234,3,8586
caltech_grand_piano_008,caltech_grand_piano_008.jpg,data/raw/caltech_grand_piano_008.jpg,Caltech-101,grand_piano,JPEG,300,246,3,9811
caltech_grand_piano_009,caltech_grand_piano_009.jpg,data/raw/caltech_grand_piano_009.jpg,Caltech-101,grand_piano,JPEG,300,300,3,11140
caltech_grand_piano_010,caltech_grand_piano_010.jpg,data/raw/caltech_grand_piano_010.jpg,Caltech-101,grand_piano,JPEG,300,284,3,19015
caltech_hawksbill_001,caltech_hawksbill_001.jpg,data/raw/caltech_hawksbill_001.jpg,Caltech-101,hawksbill,JPEG,300,223,3,9950
caltech_hawksbill_002,caltech_hawksbill_002.jpg,data/raw/caltech_hawksbill_002.jpg,Caltech-101,hawksbill,JPEG,300,230,3,26465
caltech_hawksbill_003,caltech_hawksbill_003.jpg,data/raw/caltech_hawksbill_003.jpg,Caltech-101,hawksbill,JPEG,300,198,3,11580
caltech_hawksbill_004,caltech_hawksbill_004.jpg,data/raw/caltech_hawksbill_004.jpg,Caltech-101,hawksbill,JPEG,300,256,3,18892
caltech_hawksbill_005,caltech_hawksbill_005.jpg,data/raw/caltech_hawksbill_005.jpg,Caltech-101,hawksbill,JPEG,300,230,3,14234
caltech_hawksbill_006,caltech_hawksbill_006.jpg,data/raw/caltech_hawksbill_006.jpg,Caltech-101,hawksbill,JPEG,300,215,3,13277
caltech_hawksbill_007,caltech_hawksbill_007.jpg,data/raw/caltech_hawksbill_007.jpg,Caltech-101,hawksbill,JPEG,299,234,3,22266
caltech_hawksbill_008,caltech_hawksbill_008.jpg,data/raw/caltech_hawksbill_008.jpg,Caltech-101,hawksbill,JPEG,300,262,3,11325
caltech_hawksbill_009,caltech_hawksbill_009.jpg,data/raw/caltech_hawksbill_009.jpg,Caltech-101,hawksbill,JPEG,300,204,3,13825
caltech_hawksbill_010,caltech_hawksbill_010.jpg,data/raw/caltech_hawksbill_010.jpg,Caltech-101,hawksbill,JPEG,299,152,3,21336
caltech_headphone_001,caltech_headphone_001.jpg,data/raw/caltech_headphone_001.jpg,Caltech-101,headphone,JPEG,300,300,3,7372
caltech_headphone_002,caltech_headphone_002.jpg,data/raw/caltech_headphone_002.jpg,Caltech-101,headphone,JPEG,250,300,3,11792
caltech_headphone_003,caltech_headphone_003.jpg,data/raw/caltech_headphone_003.jpg,Caltech-101,headphone,JPEG,225,300,3,9888
caltech_headphone_004,caltech_headphone_004.jpg,data/raw/caltech_headphone_004.jpg,Caltech-101,headphone,JPEG,300,297,3,9704
caltech_headphone_005,caltech_headphone_005.jpg,data/raw/caltech_headphone_005.jpg,Caltech-101,headphone,JPEG,300,280,3,10415
caltech_headphone_006,caltech_headphone_006.jpg,data/raw/caltech_headphone_006.jpg,Caltech-101,headphone,JPEG,260,300,3,13922
caltech_headphone_007,caltech_headphone_007.jpg,data/raw/caltech_headphone_007.jpg,Caltech-101,headphone,JPEG,279,300,3,8901
caltech_headphone_008,caltech_headphone_008.jpg,data/raw/caltech_headphone_008.jpg,Caltech-101,headphone,JPEG,210,300,3,7287
caltech_headphone_009,caltech_headphone_009.jpg,data/raw/caltech_headphone_009.jpg,Caltech-101,headphone,JPEG,300,292,3,12863
caltech_headphone_010,caltech_headphone_010.jpg,data/raw/caltech_headphone_010.jpg,Caltech-101,headphone,JPEG,300,264,3,11409
caltech_hedgehog_001,caltech_hedgehog_001.jpg,data/raw/caltech_hedgehog_001.jpg,Caltech-101,hedgehog,JPEG,300,225,3,21449
caltech_hedgehog_002,caltech_hedgehog_002.jpg,data/raw/caltech_hedgehog_002.jpg,Caltech-101,hedgehog,JPEG,300,255,3,33682
caltech_hedgehog_003,caltech_hedgehog_003.jpg,data/raw/caltech_hedgehog_003.jpg,Caltech-101,hedgehog,JPEG,300,272,3,15474
caltech_hedgehog_004,caltech_hedgehog_004.jpg,data/raw/caltech_hedgehog_004.jpg,Caltech-101,hedgehog,JPEG,300,262,3,17760
caltech_hedgehog_005,caltech_hedgehog_005.jpg,data/raw/caltech_hedgehog_005.jpg,Caltech-101,hedgehog,JPEG,300,222,3,20078
caltech_hedgehog_006,caltech_hedgehog_006.jpg,data/raw/caltech_hedgehog_006.jpg,Caltech-101,hedgehog,JPEG,300,202,3,23010
caltech_hedgehog_007,caltech_hedgehog_007.jpg,data/raw/caltech_hedgehog_007.jpg,Caltech-101,hedgehog,JPEG,300,169,3,10671
caltech_hedgehog_008,caltech_hedgehog_008.jpg,data/raw/caltech_hedgehog_008.jpg,Caltech-101,hedgehog,JPEG,300,264,3,22418
caltech_hedgehog_009,caltech_hedgehog_009.jpg,data/raw/caltech_hedgehog_009.jpg,Caltech-101,hedgehog,JPEG,300,260,3,18283
caltech_hedgehog_010,caltech_hedgehog_010.jpg,data/raw/caltech_hedgehog_010.jpg,Caltech-101,hedgehog,JPEG,300,225,3,23064
caltech_helicopter_001,caltech_helicopter_001.jpg,data/raw/caltech_helicopter_001.jpg,Caltech-101,helicopter,JPEG,300,193,3,10285
caltech_helicopter_002,caltech_helicopter_002.jpg,data/raw/caltech_helicopter_002.jpg,Caltech-101,helicopter,JPEG,300,196,3,23616
caltech_helicopter_003,caltech_helicopter_003.jpg,data/raw/caltech_helicopter_003.jpg,Caltech-101,helicopter,JPEG,300,236,3,15983
caltech_helicopter_004,caltech_helicopter_004.jpg,data/raw/caltech_helicopter_004.jpg,Caltech-101,helicopter,JPEG,300,180,3,5839
caltech_helicopter_005,caltech_helicopter_005.jpg,data/raw/caltech_helicopter_005.jpg,Caltech-101,helicopter,JPEG,300,165,3,10197
caltech_helicopter_006,caltech_helicopter_006.jpg,data/raw/caltech_helicopter_006.jpg,Caltech-101,helicopter,JPEG,300,183,3,6337
caltech_helicopter_007,caltech_helicopter_007.jpg,data/raw/caltech_helicopter_007.jpg,Caltech-101,helicopter,JPEG,300,221,3,23508
caltech_helicopter_008,caltech_helicopter_008.jpg,data/raw/caltech_helicopter_008.jpg,Caltech-101,helicopter,JPEG,300,231,3,14055
caltech_helicopter_009,caltech_helicopter_009.jpg,data/raw/caltech_helicopter_009.jpg,Caltech-101,helicopter,JPEG,300,195,3,10706
caltech_helicopter_010,caltech_helicopter_010.jpg,data/raw/caltech_helicopter_010.jpg,Caltech-101,helicopter,JPEG,300,254,3,21031
caltech_ibis_001,caltech_ibis_001.jpg,data/raw/caltech_ibis_001.jpg,Caltech-101,ibis,JPEG,186,300,3,16440
caltech_ibis_002,caltech_ibis_002.jpg,data/raw/caltech_ibis_002.jpg,Caltech-101,ibis,JPEG,300,259,3,15061
caltech_ibis_003,caltech_ibis_003.jpg,data/raw/caltech_ibis_003.jpg,Caltech-101,ibis,JPEG,300,287,3,12943
caltech_ibis_004,caltech_ibis_004.jpg,data/raw/caltech_ibis_004.jpg,Caltech-101,ibis,JPEG,300,265,3,24593
caltech_ibis_005,caltech_ibis_005.jpg,data/raw/caltech_ibis_005.jpg,Caltech-101,ibis,JPEG,280,300,3,14679
caltech_ibis_006,caltech_ibis_006.jpg,data/raw/caltech_ibis_006.jpg,Caltech-101,ibis,JPEG,213,300,3,13039
caltech_ibis_007,caltech_ibis_007.jpg,data/raw/caltech_ibis_007.jpg,Caltech-101,ibis,JPEG,300,244,3,20911
caltech_ibis_008,caltech_ibis_008.jpg,data/raw/caltech_ibis_008.jpg,Caltech-101,ibis,JPEG,300,274,3,17697
caltech_ibis_009,caltech_ibis_009.jpg,data/raw/caltech_ibis_009.jpg,Caltech-101,ibis,JPEG,253,300,3,13550
caltech_ibis_010,caltech_ibis_010.jpg,data/raw/caltech_ibis_010.jpg,Caltech-101,ibis,JPEG,300,233,3,10794
caltech_inline_skate_001,caltech_inline_skate_001.jpg,data/raw/caltech_inline_skate_001.jpg,Caltech-101,inline_skate,JPEG,300,257,3,13328
caltech_inline_skate_002,caltech_inline_skate_002.jpg,data/raw/caltech_inline_skate_002.jpg,Caltech-101,inline_skate,JPEG,288,300,3,16643
caltech_inline_skate_003,caltech_inline_skate_003.jpg,data/raw/caltech_inline_skate_003.jpg,Caltech-101,inline_skate,JPEG,291,300,3,18258
caltech_inline_skate_004,caltech_inline_skate_004.jpg,data/raw/caltech_inline_skate_004.jpg,Caltech-101,inline_skate,JPEG,300,274,3,14850
caltech_inline_skate_005,caltech_inline_skate_005.jpg,data/raw/caltech_inline_skate_005.jpg,Caltech-101,inline_skate,JPEG,300,300,3,17814
caltech_inline_skate_006,caltech_inline_skate_006.jpg,data/raw/caltech_inline_skate_006.jpg,Caltech-101,inline_skate,JPEG,300,286,3,16659
caltech_inline_skate_007,caltech_inline_skate_007.jpg,data/raw/caltech_inline_skate_007.jpg,Caltech-101,inline_skate,JPEG,300,300,3,11502
caltech_inline_skate_008,caltech_inline_skate_008.jpg,data/raw/caltech_inline_skate_008.jpg,Caltech-101,inline_skate,JPEG,300,250,3,11776
caltech_inline_skate_009,caltech_inline_skate_009.jpg,data/raw/caltech_inline_skate_009.jpg,Caltech-101,inline_skate,JPEG,300,225,3,11539
caltech_inline_skate_010,caltech_inline_skate_010.jpg,data/raw/caltech_inline_skate_010.jpg,Caltech-101,inline_skate,JPEG,300,277,3,17071
caltech_joshua_tree_001,caltech_joshua_tree_001.jpg,data/raw/caltech_joshua_tree_001.jpg,Caltech-101,joshua_tree,JPEG,232,300,3,20108
caltech_joshua_tree_002,caltech_joshua_tree_002.jpg,data/raw/caltech_joshua_tree_002.jpg,Caltech-101,joshua_tree,JPEG,285,300,3,19926
caltech_joshua_tree_003,caltech_joshua_tree_003.jpg,data/raw/caltech_joshua_tree_003.jpg,Caltech-101,joshua_tree,JPEG,300,268,3,15861
caltech_joshua_tree_004,caltech_joshua_tree_004.jpg,data/raw/caltech_joshua_tree_004.jpg,Caltech-101,joshua_tree,JPEG,214,300,3,16662
caltech_joshua_tree_005,caltech_joshua_tree_005.jpg,data/raw/caltech_joshua_tree_005.jpg,Caltech-101,joshua_tree,JPEG,300,273,1,16323
caltech_joshua_tree_006,caltech_joshua_tree_006.jpg,data/raw/caltech_joshua_tree_006.jpg,Caltech-101,joshua_tree,JPEG,258,300,3,19564
caltech_joshua_tree_007,caltech_joshua_tree_007.jpg,data/raw/caltech_joshua_tree_007.jpg,Caltech-101,joshua_tree,JPEG,297,300,3,10773
caltech_joshua_tree_008,caltech_joshua_tree_008.jpg,data/raw/caltech_joshua_tree_008.jpg,Caltech-101,joshua_tree,JPEG,252,300,3,25357
caltech_joshua_tree_009,caltech_joshua_tree_009.jpg,data/raw/caltech_joshua_tree_009.jpg,Caltech-101,joshua_tree,JPEG,293,300,3,23798
caltech_joshua_tree_010,caltech_joshua_tree_010.jpg,data/raw/caltech_joshua_tree_010.jpg,Caltech-101,joshua_tree,JPEG,209,300,3,18358
caltech_kangaroo_001,caltech_kangaroo_001.jpg,data/raw/caltech_kangaroo_001.jpg,Caltech-101,kangaroo,JPEG,300,204,3,10639
caltech_kangaroo_002,caltech_kangaroo_002.jpg,data/raw/caltech_kangaroo_002.jpg,Caltech-101,kangaroo,JPEG,300,254,3,23007
caltech_kangaroo_003,caltech_kangaroo_003.jpg,data/raw/caltech_kangaroo_003.jpg,Caltech-101,kangaroo,JPEG,279,300,3,29041
caltech_kangaroo_004,caltech_kangaroo_004.jpg,data/raw/caltech_kangaroo_004.jpg,Caltech-101,kangaroo,JPEG,300,248,3,24089
caltech_kangaroo_005,caltech_kangaroo_005.jpg,data/raw/caltech_kangaroo_005.jpg,Caltech-101,kangaroo,JPEG,276,300,3,17206
caltech_kangaroo_006,caltech_kangaroo_006.jpg,data/raw/caltech_kangaroo_006.jpg,Caltech-101,kangaroo,JPEG,245,300,3,11155
caltech_kangaroo_007,caltech_kangaroo_007.jpg,data/raw/caltech_kangaroo_007.jpg,Caltech-101,kangaroo,JPEG,164,300,3,11122
caltech_kangaroo_008,caltech_kangaroo_008.jpg,data/raw/caltech_kangaroo_008.jpg,Caltech-101,kangaroo,JPEG,287,300,3,16477
caltech_kangaroo_009,caltech_kangaroo_009.jpg,data/raw/caltech_kangaroo_009.jpg,Caltech-101,kangaroo,JPEG,283,300,3,12329
caltech_kangaroo_010,caltech_kangaroo_010.jpg,data/raw/caltech_kangaroo_010.jpg,Caltech-101,kangaroo,JPEG,274,300,3,31116
caltech_ketch_001,caltech_ketch_001.jpg,data/raw/caltech_ketch_001.jpg,Caltech-101,ketch,JPEG,300,225,3,11947
caltech_ketch_002,caltech_ketch_002.jpg,data/raw/caltech_ketch_002.jpg,Caltech-101,ketch,JPEG,246,300,1,16865
caltech_ketch_003,caltech_ketch_003.jpg,data/raw/caltech_ketch_003.jpg,Caltech-101,ketch,JPEG,220,300,3,25112
caltech_ketch_004,caltech_ketch_004.jpg,data/raw/caltech_ketch_004.jpg,Caltech-101,ketch,JPEG,192,300,3,7030
caltech_ketch_005,caltech_ketch_005.jpg,data/raw/caltech_ketch_005.jpg,Caltech-101,ketch,JPEG,300,239,3,10723
caltech_ketch_006,caltech_ketch_006.jpg,data/raw/caltech_ketch_006.jpg,Caltech-101,ketch,JPEG,223,300,3,7947
caltech_ketch_007,caltech_ketch_007.jpg,data/raw/caltech_ketch_007.jpg,Caltech-101,ketch,JPEG,300,236,3,20315
caltech_ketch_008,caltech_ketch_008.jpg,data/raw/caltech_ketch_008.jpg,Caltech-101,ketch,JPEG,233,300,3,13733
caltech_ketch_009,caltech_ketch_009.jpg,data/raw/caltech_ketch_009.jpg,Caltech-101,ketch,JPEG,300,212,3,15139
caltech_ketch_010,caltech_ketch_010.jpg,data/raw/caltech_ketch_010.jpg,Caltech-101,ketch,JPEG,283,300,3,10273
caltech_lamp_001,caltech_lamp_001.jpg,data/raw/caltech_lamp_001.jpg,Caltech-101,lamp,JPEG,225,300,3,8261
caltech_lamp_002,caltech_lamp_002.jpg,data/raw/caltech_lamp_002.jpg,Caltech-101,lamp,JPEG,198,300,3,15189
caltech_lamp_003,caltech_lamp_003.jpg,data/raw/caltech_lamp_003.jpg,Caltech-101,lamp,JPEG,229,300,3,5154
caltech_lamp_004,caltech_lamp_004.jpg,data/raw/caltech_lamp_004.jpg,Caltech-101,lamp,JPEG,204,300,3,6408
caltech_lamp_005,caltech_lamp_005.jpg,data/raw/caltech_lamp_005.jpg,Caltech-101,lamp,JPEG,203,300,3,10706
caltech_lamp_006,caltech_lamp_006.jpg,data/raw/caltech_lamp_006.jpg,Caltech-101,lamp,JPEG,216,300,3,13286
caltech_lamp_007,caltech_lamp_007.jpg,data/raw/caltech_lamp_007.jpg,Caltech-101,lamp,JPEG,210,300,3,11813
caltech_lamp_008,caltech_lamp_008.jpg,data/raw/caltech_lamp_008.jpg,Caltech-101,lamp,JPEG,192,300,3,13617
caltech_lamp_009,caltech_lamp_009.jpg,data/raw/caltech_lamp_009.jpg,Caltech-101,lamp,JPEG,288,300,3,14699
caltech_lamp_010,caltech_lamp_010.jpg,data/raw/caltech_lamp_010.jpg,Caltech-101,lamp,JPEG,222,300,3,12702
caltech_laptop_001,caltech_laptop_001.jpg,data/raw/caltech_laptop_001.jpg,Caltech-101,laptop,JPEG,300,300,3,14101
caltech_laptop_002,caltech_laptop_002.jpg,data/raw/caltech_laptop_002.jpg,Caltech-101,laptop,JPEG,300,225,3,8637
caltech_laptop_003,caltech_laptop_003.jpg,data/raw/caltech_laptop_003.jpg,Caltech-101,laptop,JPEG,300,254,1,15549
caltech_laptop_004,caltech_laptop_004.jpg,data/raw/caltech_laptop_004.jpg,Caltech-101,laptop,JPEG,300,265,3,12222
caltech_laptop_005,caltech_laptop_005.jpg,data/raw/caltech_laptop_005.jpg,Caltech-101,laptop,JPEG,300,245,3,15189
caltech_laptop_006,caltech_laptop_006.jpg,data/raw/caltech_laptop_006.jpg,Caltech-101,laptop,JPEG,300,266,3,9576
caltech_laptop_007,caltech_laptop_007.jpg,data/raw/caltech_laptop_007.jpg,Caltech-101,laptop,JPEG,300,259,3,11246
caltech_laptop_008,caltech_laptop_008.jpg,data/raw/caltech_laptop_008.jpg,Caltech-101,laptop,JPEG,265,300,3,14967
caltech_laptop_009,caltech_laptop_009.jpg,data/raw/caltech_laptop_009.jpg,Caltech-101,laptop,JPEG,284,300,3,19174
caltech_laptop_010,caltech_laptop_010.jpg,data/raw/caltech_laptop_010.jpg,Caltech-101,laptop,JPEG,300,291,3,17519
caltech_llama_001,caltech_llama_001.jpg,data/raw/caltech_llama_001.jpg,Caltech-101,llama,JPEG,184,300,3,12395
caltech_llama_002,caltech_llama_002.jpg,data/raw/caltech_llama_002.jpg,Caltech-101,llama,JPEG,300,225,3,18832
caltech_llama_003,caltech_llama_003.jpg,data/raw/caltech_llama_003.jpg,Caltech-101,llama,JPEG,300,234,3,13202
caltech_llama_004,caltech_llama_004.jpg,data/raw/caltech_llama_004.jpg,Caltech-101,llama,JPEG,300,226,3,20525
caltech_llama_005,caltech_llama_005.jpg,data/raw/caltech_llama_005.jpg,Caltech-101,llama,JPEG,260,300,3,17861
caltech_llama_006,caltech_llama_006.jpg,data/raw/caltech_llama_006.jpg,Caltech-101,llama,JPEG,224,300,3,25480
caltech_llama_007,caltech_llama_007.jpg,data/raw/caltech_llama_007.jpg,Caltech-101,llama,JPEG,210,300,3,12068
caltech_llama_008,caltech_llama_008.jpg,data/raw/caltech_llama_008.jpg,Caltech-101,llama,JPEG,266,300,3,20284
caltech_llama_009,caltech_llama_009.jpg,data/raw/caltech_llama_009.jpg,Caltech-101,llama,JPEG,202,300,3,20237
caltech_llama_010,caltech_llama_010.jpg,data/raw/caltech_llama_010.jpg,Caltech-101,llama,JPEG,184,300,3,12396
caltech_lobster_001,caltech_lobster_001.jpg,data/raw/caltech_lobster_001.jpg,Caltech-101,lobster,JPEG,300,276,3,16754
caltech_lobster_002,caltech_lobster_002.jpg,data/raw/caltech_lobster_002.jpg,Caltech-101,lobster,JPEG,300,280,3,19442
caltech_lobster_003,caltech_lobster_003.jpg,data/raw/caltech_lobster_003.jpg,Caltech-101,lobster,JPEG,300,197,3,18055
caltech_lobster_004,caltech_lobster_004.jpg,data/raw/caltech_lobster_004.jpg,Caltech-101,lobster,JPEG,300,282,3,18259
caltech_lobster_005,caltech_lobster_005.jpg,data/raw/caltech_lobster_005.jpg,Caltech-101,lobster,JPEG,300,273,3,21643
caltech_lobster_006,caltech_lobster_006.jpg,data/raw/caltech_lobster_006.jpg,Caltech-101,lobster,JPEG,299,227,3,8181
caltech_lobster_007,caltech_lobster_007.jpg,data/raw/caltech_lobster_007.jpg,Caltech-101,lobster,JPEG,300,205,3,11330
caltech_lobster_008,caltech_lobster_008.jpg,data/raw/caltech_lobster_008.jpg,Caltech-101,lobster,JPEG,300,195,3,7895
caltech_lobster_009,caltech_lobster_009.jpg,data/raw/caltech_lobster_009.jpg,Caltech-101,lobster,JPEG,300,300,3,7804
caltech_lobster_010,caltech_lobster_010.jpg,data/raw/caltech_lobster_010.jpg,Caltech-101,lobster,JPEG,300,225,3,13179
caltech_lotus_001,caltech_lotus_001.jpg,data/raw/caltech_lotus_001.jpg,Caltech-101,lotus,JPEG,237,300,3,12625
caltech_lotus_002,caltech_lotus_002.jpg,data/raw/caltech_lotus_002.jpg,Caltech-101,lotus,JPEG,300,296,3,17315
caltech_lotus_003,caltech_lotus_003.jpg,data/raw/caltech_lotus_003.jpg,Caltech-101,lotus,JPEG,300,218,3,16419
caltech_lotus_004,caltech_lotus_004.jpg,data/raw/caltech_lotus_004.jpg,Caltech-101,lotus,JPEG,184,300,3,6830
caltech_lotus_005,caltech_lotus_005.jpg,data/raw/caltech_lotus_005.jpg,Caltech-101,lotus,JPEG,234,300,3,11984
caltech_lotus_006,caltech_lotus_006.jpg,data/raw/caltech_lotus_006.jpg,Caltech-101,lotus,JPEG,294,300,3,11393
caltech_lotus_007,caltech_lotus_007.jpg,data/raw/caltech_lotus_007.jpg,Caltech-101,lotus,JPEG,243,300,3,11039
caltech_lotus_008,caltech_lotus_008.jpg,data/raw/caltech_lotus_008.jpg,Caltech-101,lotus,JPEG,300,229,3,18001
caltech_lotus_009,caltech_lotus_009.jpg,data/raw/caltech_lotus_009.jpg,Caltech-101,lotus,JPEG,300,200,3,9641
caltech_lotus_010,caltech_lotus_010.jpg,data/raw/caltech_lotus_010.jpg,Caltech-101,lotus,JPEG,300,225,3,9781
caltech_mandolin_001,caltech_mandolin_001.jpg,data/raw/caltech_mandolin_001.jpg,Caltech-101,mandolin,JPEG,300,203,3,7588
caltech_mandolin_002,caltech_mandolin_002.jpg,data/raw/caltech_mandolin_002.jpg,Caltech-101,mandolin,JPEG,300,230,3,18540
caltech_mandolin_003,caltech_mandolin_003.jpg,data/raw/caltech_mandolin_003.jpg,Caltech-101,mandolin,JPEG,300,256,3,14186
caltech_mandolin_004,caltech_mandolin_004.jpg,data/raw/caltech_mandolin_004.jpg,Caltech-101,mandolin,JPEG,300,191,3,7583
caltech_mandolin_005,caltech_mandolin_005.jpg,data/raw/caltech_mandolin_005.jpg,Caltech-101,mandolin,JPEG,300,172,3,12169
caltech_mandolin_006,caltech_mandolin_006.jpg,data/raw/caltech_mandolin_006.jpg,Caltech-101,mandolin,JPEG,300,164,3,8267
caltech_mandolin_007,caltech_mandolin_007.jpg,data/raw/caltech_mandolin_007.jpg,Caltech-101,mandolin,JPEG,300,191,3,10226
caltech_mandolin_008,caltech_mandolin_008.jpg,data/raw/caltech_mandolin_008.jpg,Caltech-101,mandolin,JPEG,300,206,3,11538
caltech_mandolin_009,caltech_mandolin_009.jpg,data/raw/caltech_mandolin_009.jpg,Caltech-101,mandolin,JPEG,300,180,3,14933
caltech_mandolin_010,caltech_mandolin_010.jpg,data/raw/caltech_mandolin_010.jpg,Caltech-101,mandolin,JPEG,300,197,3,16599
caltech_mayfly_001,caltech_mayfly_001.jpg,data/raw/caltech_mayfly_001.jpg,Caltech-101,mayfly,JPEG,300,219,3,5572
caltech_mayfly_002,caltech_mayfly_002.jpg,data/raw/caltech_mayfly_002.jpg,Caltech-101,mayfly,JPEG,300,177,3,7101
caltech_mayfly_003,caltech_mayfly_003.jpg,data/raw/caltech_mayfly_003.jpg,Caltech-101,mayfly,JPEG,300,201,3,10972
caltech_mayfly_004,caltech_mayfly_004.jpg,data/raw/caltech_mayfly_004.jpg,Caltech-101,mayfly,JPEG,300,169,3,11550
caltech_mayfly_005,caltech_mayfly_005.jpg,data/raw/caltech_mayfly_005.jpg,Caltech-101,mayfly,JPEG,300,261,3,14817
caltech_mayfly_006,caltech_mayfly_006.jpg,data/raw/caltech_mayfly_006.jpg,Caltech-101,mayfly,JPEG,300,172,1,9677
caltech_mayfly_007,caltech_mayfly_007.jpg,data/raw/caltech_mayfly_007.jpg,Caltech-101,mayfly,JPEG,282,300,3,14736
caltech_mayfly_008,caltech_mayfly_008.jpg,data/raw/caltech_mayfly_008.jpg,Caltech-101,mayfly,JPEG,300,234,1,11716
caltech_mayfly_009,caltech_mayfly_009.jpg,data/raw/caltech_mayfly_009.jpg,Caltech-101,mayfly,JPEG,300,199,3,7874
caltech_mayfly_010,caltech_mayfly_010.jpg,data/raw/caltech_mayfly_010.jpg,Caltech-101,mayfly,JPEG,300,205,3,14521
caltech_menorah_001,caltech_menorah_001.jpg,data/raw/caltech_menorah_001.jpg,Caltech-101,menorah,JPEG,272,300,3,19460
caltech_menorah_002,caltech_menorah_002.jpg,data/raw/caltech_menorah_002.jpg,Caltech-101,menorah,JPEG,259,300,3,7552
caltech_menorah_003,caltech_menorah_003.jpg,data/raw/caltech_menorah_003.jpg,Caltech-101,menorah,JPEG,208,300,3,20183
caltech_menorah_004,caltech_menorah_004.jpg,data/raw/caltech_menorah_004.jpg,Caltech-101,menorah,JPEG,268,300,1,24043
caltech_menorah_005,caltech_menorah_005.jpg,data/raw/caltech_menorah_005.jpg,Caltech-101,menorah,JPEG,300,272,3,16899
caltech_menorah_006,caltech_menorah_006.jpg,data/raw/caltech_menorah_006.jpg,Caltech-101,menorah,JPEG,208,300,3,12970
caltech_menorah_007,caltech_menorah_007.jpg,data/raw/caltech_menorah_007.jpg,Caltech-101,menorah,JPEG,201,300,3,15034
caltech_menorah_008,caltech_menorah_008.jpg,data/raw/caltech_menorah_008.jpg,Caltech-101,menorah,JPEG,261,300,3,15355
caltech_menorah_009,caltech_menorah_009.jpg,data/raw/caltech_menorah_009.jpg,Caltech-101,menorah,JPEG,216,300,1,12418
caltech_menorah_010,caltech_menorah_010.jpg,data/raw/caltech_menorah_010.jpg,Caltech-101,menorah,JPEG,292,300,3,14108
caltech_metronome_001,caltech_metronome_001.jpg,data/raw/caltech_metronome_001.jpg,Caltech-101,metronome,JPEG,218,300,3,5127
caltech_metronome_002,caltech_metronome_002.jpg,data/raw/caltech_metronome_002.jpg,Caltech-101,metronome,JPEG,258,300,3,7800
caltech_metronome_003,caltech_metronome_003.jpg,data/raw/caltech_metronome_003.jpg,Caltech-101,metronome,JPEG,258,300,3,7692
caltech_metronome_004,caltech_metronome_004.jpg,data/raw/caltech_metronome_004.jpg,Caltech-101,metronome,JPEG,258,300,3,7256
caltech_metronome_005,caltech_metronome_005.jpg,data/raw/caltech_metronome_005.jpg,Caltech-101,metronome,JPEG,188,300,3,11783
caltech_metronome_006,caltech_metronome_006.jpg,data/raw/caltech_metronome_006.jpg,Caltech-101,metronome,JPEG,188,300,3,11746
caltech_metronome_007,caltech_metronome_007.jpg,data/raw/caltech_metronome_007.jpg,Caltech-101,metronome,JPEG,242,300,1,18272
caltech_metronome_008,caltech_metronome_008.jpg,data/raw/caltech_metronome_008.jpg,Caltech-101,metronome,JPEG,300,300,3,12425
caltech_metronome_009,caltech_metronome_009.jpg,data/raw/caltech_metronome_009.jpg,Caltech-101,metronome,JPEG,257,300,3,13710
caltech_metronome_010,caltech_metronome_010.jpg,data/raw/caltech_metronome_010.jpg,Caltech-101,metronome,JPEG,185,300,3,9316
caltech_minaret_001,caltech_minaret_001.jpg,data/raw/caltech_minaret_001.jpg,Caltech-101,minaret,JPEG,161,300,3,7446
caltech_minaret_002,caltech_minaret_002.jpg,data/raw/caltech_minaret_002.jpg,Caltech-101,minaret,JPEG,206,300,3,8825
caltech_minaret_003,caltech_minaret_003.jpg,data/raw/caltech_minaret_003.jpg,Caltech-101,minaret,JPEG,300,226,3,11189
caltech_minaret_004,caltech_minaret_004.jpg,data/raw/caltech_minaret_004.jpg,Caltech-101,minaret,JPEG,199,300,3,11148
caltech_minaret_005,caltech_minaret_005.jpg,data/raw/caltech_minaret_005.jpg,Caltech-101,minaret,JPEG,237,300,3,11760
caltech_minaret_006,caltech_minaret_006.jpg,data/raw/caltech_minaret_006.jpg,Caltech-101,minaret,JPEG,196,300,3,7817
caltech_minaret_007,caltech_minaret_007.jpg,data/raw/caltech_minaret_007.jpg,Caltech-101,minaret,JPEG,225,300,3,13080
caltech_minaret_008,caltech_minaret_008.jpg,data/raw/caltech_minaret_008.jpg,Caltech-101,minaret,JPEG,210,300,3,10576
caltech_minaret_009,caltech_minaret_009.jpg,data/raw/caltech_minaret_009.jpg,Caltech-101,minaret,JPEG,225,300,3,9762
caltech_minaret_010,caltech_minaret_010.jpg,data/raw/caltech_minaret_010.jpg,Caltech-101,minaret,JPEG,207,300,3,12119
caltech_nautilus_001,caltech_nautilus_001.jpg,data/raw/caltech_nautilus_001.jpg,Caltech-101,nautilus,JPEG,300,297,1,16296
caltech_nautilus_002,caltech_nautilus_002.jpg,data/raw/caltech_nautilus_002.jpg,Caltech-101,nautilus,JPEG,244,300,3,23031
caltech_nautilus_003,caltech_nautilus_003.jpg,data/raw/caltech_nautilus_003.jpg,Caltech-101,nautilus,JPEG,300,239,3,13495
caltech_nautilus_004,caltech_nautilus_004.jpg,data/raw/caltech_nautilus_004.jpg,Caltech-101,nautilus,JPEG,300,200,3,8041
caltech_nautilus_005,caltech_nautilus_005.jpg,data/raw/caltech_nautilus_005.jpg,Caltech-101,nautilus,JPEG,300,292,3,17910
caltech_nautilus_006,caltech_nautilus_006.jpg,data/raw/caltech_nautilus_006.jpg,Caltech-101,nautilus,JPEG,300,239,1,19209
caltech_nautilus_007,caltech_nautilus_007.jpg,data/raw/caltech_nautilus_007.jpg,Caltech-101,nautilus,JPEG,300,268,3,12714
caltech_nautilus_008,caltech_nautilus_008.jpg,data/raw/caltech_nautilus_008.jpg,Caltech-101,nautilus,JPEG,300,215,3,16098
caltech_nautilus_009,caltech_nautilus_009.jpg,data/raw/caltech_nautilus_009.jpg,Caltech-101,nautilus,JPEG,300,252,3,21116
caltech_nautilus_010,caltech_nautilus_010.jpg,data/raw/caltech_nautilus_010.jpg,Caltech-101,nautilus,JPEG,297,300,3,23043
caltech_octopus_001,caltech_octopus_001.jpg,data/raw/caltech_octopus_001.jpg,Caltech-101,octopus,JPEG,300,223,3,12286
caltech_octopus_002,caltech_octopus_002.jpg,data/raw/caltech_octopus_002.jpg,Caltech-101,octopus,JPEG,300,223,3,12334
caltech_octopus_003,caltech_octopus_003.jpg,data/raw/caltech_octopus_003.jpg,Caltech-101,octopus,JPEG,300,223,3,12064
caltech_octopus_004,caltech_octopus_004.jpg,data/raw/caltech_octopus_004.jpg,Caltech-101,octopus,JPEG,300,223,3,11944
caltech_octopus_005,caltech_octopus_005.jpg,data/raw/caltech_octopus_005.jpg,Caltech-101,octopus,JPEG,300,223,3,11599
caltech_octopus_006,caltech_octopus_006.jpg,data/raw/caltech_octopus_006.jpg,Caltech-101,octopus,JPEG,300,223,3,12408
caltech_octopus_007,caltech_octopus_007.jpg,data/raw/caltech_octopus_007.jpg,Caltech-101,octopus,JPEG,300,239,3,7981
caltech_octopus_008,caltech_octopus_008.jpg,data/raw/caltech_octopus_008.jpg,Caltech-101,octopus,JPEG,300,186,3,12751
caltech_octopus_009,caltech_octopus_009.jpg,data/raw/caltech_octopus_009.jpg,Caltech-101,octopus,JPEG,300,157,3,8936
caltech_octopus_010,caltech_octopus_010.jpg,data/raw/caltech_octopus_010.jpg,Caltech-101,octopus,JPEG,300,188,1,13388
caltech_okapi_001,caltech_okapi_001.jpg,data/raw/caltech_okapi_001.jpg,Caltech-101,okapi,JPEG,300,233,3,22074
caltech_okapi_002,caltech_okapi_002.jpg,data/raw/caltech_okapi_002.jpg,Caltech-101,okapi,JPEG,300,202,3,17672
caltech_okapi_003,caltech_okapi_003.jpg,data/raw/caltech_okapi_003.jpg,Caltech-101,okapi,JPEG,300,250,3,14405
caltech_okapi_004,caltech_okapi_004.jpg,data/raw/caltech_okapi_004.jpg,Caltech-101,okapi,JPEG,300,221,3,18005
caltech_okapi_005,caltech_okapi_005.jpg,data/raw/caltech_okapi_005.jpg,Caltech-101,okapi,JPEG,300,198,3,16920
caltech_okapi_006,caltech_okapi_006.jpg,data/raw/caltech_okapi_006.jpg,Caltech-101,okapi,JPEG,300,225,3,23459
caltech_okapi_007,caltech_okapi_007.jpg,data/raw/caltech_okapi_007.jpg,Caltech-101,okapi,JPEG,300,229,3,19168
caltech_okapi_008,caltech_okapi_008.jpg,data/raw/caltech_okapi_008.jpg,Caltech-101,okapi,JPEG,300,198,3,15979
caltech_okapi_009,caltech_okapi_009.jpg,data/raw/caltech_okapi_009.jpg,Caltech-101,okapi,JPEG,300,266,3,27806
caltech_okapi_010,caltech_okapi_010.jpg,data/raw/caltech_okapi_010.jpg,Caltech-101,okapi,JPEG,300,240,3,27455
caltech_pagoda_001,caltech_pagoda_001.jpg,data/raw/caltech_pagoda_001.jpg,Caltech-101,pagoda,JPEG,203,300,3,13283
caltech_pagoda_002,caltech_pagoda_002.jpg,data/raw/caltech_pagoda_002.jpg,Caltech-101,pagoda,JPEG,300,237,3,21169
caltech_pagoda_003,caltech_pagoda_003.jpg,data/raw/caltech_pagoda_003.jpg,Caltech-101,pagoda,JPEG,300,285,3,18909
caltech_pagoda_004,caltech_pagoda_004.jpg,data/raw/caltech_pagoda_004.jpg,Caltech-101,pagoda,JPEG,282,300,3,16994
caltech_pagoda_005,caltech_pagoda_005.jpg,data/raw/caltech_pagoda_005.jpg,Caltech-101,pagoda,JPEG,300,192,3,11690
caltech_pagoda_006,caltech_pagoda_006.jpg,data/raw/caltech_pagoda_006.jpg,Caltech-101,pagoda,JPEG,266,300,3,15196
caltech_pagoda_007,caltech_pagoda_007.jpg,data/raw/caltech_pagoda_007.jpg,Caltech-101,pagoda,JPEG,228,300,3,15558
caltech_pagoda_008,caltech_pagoda_008.jpg,data/raw/caltech_pagoda_008.jpg,Caltech-101,pagoda,JPEG,196,300,3,12534
caltech_pagoda_009,caltech_pagoda_009.jpg,data/raw/caltech_pagoda_009.jpg,Caltech-101,pagoda,JPEG,300,199,3,20569
caltech_pagoda_010,caltech_pagoda_010.jpg,data/raw/caltech_pagoda_010.jpg,Caltech-101,pagoda,JPEG,203,300,3,10051
caltech_panda_001,caltech_panda_001.jpg,data/raw/caltech_panda_001.jpg,Caltech-101,panda,JPEG,207,300,3,10351
caltech_panda_002,caltech_panda_002.jpg,data/raw/caltech_panda_002.jpg,Caltech-101,panda,JPEG,277,300,3,18118
caltech_panda_003,caltech_panda_003.jpg,data/raw/caltech_panda_003.jpg,Caltech-101,panda,JPEG,209,300,3,16875
caltech_panda_004,caltech_panda_004.jpg,data/raw/caltech_panda_004.jpg,Caltech-101,panda,JPEG,206,300,3,8923
caltech_panda_005,caltech_panda_005.jpg,data/raw/caltech_panda_005.jpg,Caltech-101,panda,JPEG,184,300,3,8367
caltech_panda_006,caltech_panda_006.jpg,data/raw/caltech_panda_006.jpg,Caltech-101,panda,JPEG,224,300,3,18688
caltech_panda_007,caltech_panda_007.jpg,data/raw/caltech_panda_007.jpg,Caltech-101,panda,JPEG,253,300,3,13795
caltech_panda_008,caltech_panda_008.jpg,data/raw/caltech_panda_008.jpg,Caltech-101,panda,JPEG,300,300,3,16335
caltech_panda_009,caltech_panda_009.jpg,data/raw/caltech_panda_009.jpg,Caltech-101,panda,JPEG,243,300,3,17770
caltech_panda_010,caltech_panda_010.jpg,data/raw/caltech_panda_010.jpg,Caltech-101,panda,JPEG,261,300,3,25883
caltech_pigeon_001,caltech_pigeon_001.jpg,data/raw/caltech_pigeon_001.jpg,Caltech-101,pigeon,JPEG,300,300,3,21999
caltech_pigeon_002,caltech_pigeon_002.jpg,data/raw/caltech_pigeon_002.jpg,Caltech-101,pigeon,JPEG,300,258,3,20879
caltech_pigeon_003,caltech_pigeon_003.jpg,data/raw/caltech_pigeon_003.jpg,Caltech-101,pigeon,JPEG,299,242,3,8366
caltech_pigeon_004,caltech_pigeon_004.jpg,data/raw/caltech_pigeon_004.jpg,Caltech-101,pigeon,JPEG,300,185,3,17674
caltech_pigeon_005,caltech_pigeon_005.jpg,data/raw/caltech_pigeon_005.jpg,Caltech-101,pigeon,JPEG,300,202,3,13485
caltech_pigeon_006,caltech_pigeon_006.jpg,data/raw/caltech_pigeon_006.jpg,Caltech-101,pigeon,JPEG,300,258,3,12492
caltech_pigeon_007,caltech_pigeon_007.jpg,data/raw/caltech_pigeon_007.jpg,Caltech-101,pigeon,JPEG,300,259,3,19237
caltech_pigeon_008,caltech_pigeon_008.jpg,data/raw/caltech_pigeon_008.jpg,Caltech-101,pigeon,JPEG,300,225,3,13739
caltech_pigeon_009,caltech_pigeon_009.jpg,data/raw/caltech_pigeon_009.jpg,Caltech-101,pigeon,JPEG,300,259,3,34175
caltech_pigeon_010,caltech_pigeon_010.jpg,data/raw/caltech_pigeon_010.jpg,Caltech-101,pigeon,JPEG,300,254,3,9455
caltech_pizza_001,caltech_pizza_001.jpg,data/raw/caltech_pizza_001.jpg,Caltech-101,pizza,JPEG,300,225,3,15775
caltech_pizza_002,caltech_pizza_002.jpg,data/raw/caltech_pizza_002.jpg,Caltech-101,pizza,JPEG,300,231,3,17809
caltech_pizza_003,caltech_pizza_003.jpg,data/raw/caltech_pizza_003.jpg,Caltech-101,pizza,JPEG,300,285,3,26416
caltech_pizza_004,caltech_pizza_004.jpg,data/raw/caltech_pizza_004.jpg,Caltech-101,pizza,JPEG,255,300,3,19360
caltech_pizza_005,caltech_pizza_005.jpg,data/raw/caltech_pizza_005.jpg,Caltech-101,pizza,JPEG,276,300,3,16218
caltech_pizza_006,caltech_pizza_006.jpg,data/raw/caltech_pizza_006.jpg,Caltech-101,pizza,JPEG,300,170,3,10022
caltech_pizza_007,caltech_pizza_007.jpg,data/raw/caltech_pizza_007.jpg,Caltech-101,pizza,JPEG,300,287,3,17545
caltech_pizza_008,caltech_pizza_008.jpg,data/raw/caltech_pizza_008.jpg,Caltech-101,pizza,JPEG,300,225,3,15739
caltech_pizza_009,caltech_pizza_009.jpg,data/raw/caltech_pizza_009.jpg,Caltech-101,pizza,JPEG,300,225,3,12173
caltech_pizza_010,caltech_pizza_010.jpg,data/raw/caltech_pizza_010.jpg,Caltech-101,pizza,JPEG,300,225,3,15569
caltech_platypus_001,caltech_platypus_001.jpg,data/raw/caltech_platypus_001.jpg,Caltech-101,platypus,JPEG,300,189,3,8433
caltech_platypus_002,caltech_platypus_002.jpg,data/raw/caltech_platypus_002.jpg,Caltech-101,platypus,JPEG,225,300,3,33128
caltech_platypus_003,caltech_platypus_003.jpg,data/raw/caltech_platypus_003.jpg,Caltech-101,platypus,JPEG,240,300,3,22257
caltech_platypus_004,caltech_platypus_004.jpg,data/raw/caltech_platypus_004.jpg,Caltech-101,platypus,JPEG,300,201,3,10587
caltech_platypus_005,caltech_platypus_005.jpg,data/raw/caltech_platypus_005.jpg,Caltech-101,platypus,JPEG,300,252,3,25466
caltech_platypus_006,caltech_platypus_006.jpg,data/raw/caltech_platypus_006.jpg,Caltech-101,platypus,JPEG,300,295,3,7734
caltech_platypus_007,caltech_platypus_007.jpg,data/raw/caltech_platypus_007.jpg,Caltech-101,platypus,JPEG,290,300,3,15146
caltech_platypus_008,caltech_platypus_008.jpg,data/raw/caltech_platypus_008.jpg,Caltech-101,platypus,JPEG,300,300,3,17858
caltech_platypus_009,caltech_platypus_009.jpg,data/raw/caltech_platypus_009.jpg,Caltech-101,platypus,JPEG,300,232,3,11226
caltech_platypus_010,caltech_platypus_010.jpg,data/raw/caltech_platypus_010.jpg,Caltech-101,platypus,JPEG,300,264,3,19102
caltech_pyramid_001,caltech_pyramid_001.jpg,data/raw/caltech_pyramid_001.jpg,Caltech-101,pyramid,JPEG,300,189,3,8253
caltech_pyramid_002,caltech_pyramid_002.jpg,data/raw/caltech_pyramid_002.jpg,Caltech-101,pyramid,JPEG,300,241,3,16204
caltech_pyramid_003,caltech_pyramid_003.jpg,data/raw/caltech_pyramid_003.jpg,Caltech-101,pyramid,JPEG,300,206,3,17556
caltech_pyramid_004,caltech_pyramid_004.jpg,data/raw/caltech_pyramid_004.jpg,Caltech-101,pyramid,JPEG,300,261,3,13389
caltech_pyramid_005,caltech_pyramid_005.jpg,data/raw/caltech_pyramid_005.jpg,Caltech-101,pyramid,JPEG,300,271,3,18749
caltech_pyramid_006,caltech_pyramid_006.jpg,data/raw/caltech_pyramid_006.jpg,Caltech-101,pyramid,JPEG,282,300,3,8349
caltech_pyramid_007,caltech_pyramid_007.jpg,data/raw/caltech_pyramid_007.jpg,Caltech-101,pyramid,JPEG,300,188,3,9907
caltech_pyramid_008,caltech_pyramid_008.jpg,data/raw/caltech_pyramid_008.jpg,Caltech-101,pyramid,JPEG,298,300,3,9325
caltech_pyramid_009,caltech_pyramid_009.jpg,data/raw/caltech_pyramid_009.jpg,Caltech-101,pyramid,JPEG,300,206,3,15354
caltech_pyramid_010,caltech_pyramid_010.jpg,data/raw/caltech_pyramid_010.jpg,Caltech-101,pyramid,JPEG,300,173,3,8614
caltech_revolver_001,caltech_revolver_001.jpg,data/raw/caltech_revolver_001.jpg,Caltech-101,revolver,JPEG,300,154,3,6865
caltech_revolver_002,caltech_revolver_002.jpg,data/raw/caltech_revolver_002.jpg,Caltech-101,revolver,JPEG,300,162,3,7877
caltech_revolver_003,caltech_revolver_003.jpg,data/raw/caltech_revolver_003.jpg,Caltech-101,revolver,JPEG,300,180,3,9398
caltech_revolver_004,caltech_revolver_004.jpg,data/raw/caltech_revolver_004.jpg,Caltech-101,revolver,JPEG,300,207,3,5681
caltech_revolver_005,caltech_revolver_005.jpg,data/raw/caltech_revolver_005.jpg,Caltech-101,revolver,JPEG,300,206,3,12107
caltech_revolver_006,caltech_revolver_006.jpg,data/raw/caltech_revolver_006.jpg,Caltech-101,revolver,JPEG,300,242,3,12230
caltech_revolver_007,caltech_revolver_007.jpg,data/raw/caltech_revolver_007.jpg,Caltech-101,revolver,JPEG,300,231,1,13507
caltech_revolver_008,caltech_revolver_008.jpg,data/raw/caltech_revolver_008.jpg,Caltech-101,revolver,JPEG,230,300,3,21550
caltech_revolver_009,caltech_revolver_009.jpg,data/raw/caltech_revolver_009.jpg,Caltech-101,revolver,JPEG,300,207,3,8587
caltech_revolver_010,caltech_revolver_010.jpg,data/raw/caltech_revolver_010.jpg,Caltech-101,revolver,JPEG,300,207,3,8418
caltech_rhino_001,caltech_rhino_001.jpg,data/raw/caltech_rhino_001.jpg,Caltech-101,rhino,JPEG,300,255,3,19536
caltech_rhino_002,caltech_rhino_002.jpg,data/raw/caltech_rhino_002.jpg,Caltech-101,rhino,JPEG,300,259,3,7259
caltech_rhino_003,caltech_rhino_003.jpg,data/raw/caltech_rhino_003.jpg,Caltech-101,rhino,JPEG,300,200,3,20665
caltech_rhino_004,caltech_rhino_004.jpg,data/raw/caltech_rhino_004.jpg,Caltech-101,rhino,JPEG,300,197,3,9411
caltech_rhino_005,caltech_rhino_005.jpg,data/raw/caltech_rhino_005.jpg,Caltech-101,rhino,JPEG,300,187,3,11295
caltech_rhino_006,caltech_rhino_006.jpg,data/raw/caltech_rhino_006.jpg,Caltech-101,rhino,JPEG,300,204,3,20678
caltech_rhino_007,caltech_rhino_007.jpg,data/raw/caltech_rhino_007.jpg,Caltech-101,rhino,JPEG,300,205,3,15685
caltech_rhino_008,caltech_rhino_008.jpg,data/raw/caltech_rhino_008.jpg,Caltech-101,rhino,JPEG,300,167,3,8501
caltech_rhino_009,caltech_rhino_009.jpg,data/raw/caltech_rhino_009.jpg,Caltech-101,rhino,JPEG,300,155,3,12165
caltech_rhino_010,caltech_rhino_010.jpg,data/raw/caltech_rhino_010.jpg,Caltech-101,rhino,JPEG,300,208,3,8589
caltech_rooster_001,caltech_rooster_001.jpg,data/raw/caltech_rooster_001.jpg,Caltech-101,rooster,JPEG,269,300,3,20919
caltech_rooster_002,caltech_rooster_002.jpg,data/raw/caltech_rooster_002.jpg,Caltech-101,rooster,JPEG,300,257,3,16928
caltech_rooster_003,caltech_rooster_003.jpg,data/raw/caltech_rooster_003.jpg,Caltech-101,rooster,JPEG,300,265,3,20689
caltech_rooster_004,caltech_rooster_004.jpg,data/raw/caltech_rooster_004.jpg,Caltech-101,rooster,JPEG,240,300,1,11847
caltech_rooster_005,caltech_rooster_005.jpg,data/raw/caltech_rooster_005.jpg,Caltech-101,rooster,JPEG,292,300,3,15943
caltech_rooster_006,caltech_rooster_006.jpg,data/raw/caltech_rooster_006.jpg,Caltech-101,rooster,JPEG,300,300,3,20492
caltech_rooster_007,caltech_rooster_007.jpg,data/raw/caltech_rooster_007.jpg,Caltech-101,rooster,JPEG,300,285,3,15171
caltech_rooster_008,caltech_rooster_008.jpg,data/raw/caltech_rooster_008.jpg,Caltech-101,rooster,JPEG,300,225,3,22782
caltech_rooster_009,caltech_rooster_009.jpg,data/raw/caltech_rooster_009.jpg,Caltech-101,rooster,JPEG,300,293,3,19128
caltech_rooster_010,caltech_rooster_010.jpg,data/raw/caltech_rooster_010.jpg,Caltech-101,rooster,JPEG,218,300,3,11727
caltech_saxophone_001,caltech_saxophone_001.jpg,data/raw/caltech_saxophone_001.jpg,Caltech-101,saxophone,JPEG,178,300,3,6911
caltech_saxophone_002,caltech_saxophone_002.jpg,data/raw/caltech_saxophone_002.jpg,Caltech-101,saxophone,JPEG,300,261,3,20217
caltech_saxophone_003,caltech_saxophone_003.jpg,data/raw/caltech_saxophone_003.jpg,Caltech-101,saxophone,JPEG,229,300,3,16426
caltech_saxophone_004,caltech_saxophone_004.jpg,data/raw/caltech_saxophone_004.jpg,Caltech-101,saxophone,JPEG,217,300,3,6938
caltech_saxophone_005,caltech_saxophone_005.jpg,data/raw/caltech_saxophone_005.jpg,Caltech-101,saxophone,JPEG,178,300,3,8942
caltech_saxophone_006,caltech_saxophone_006.jpg,data/raw/caltech_saxophone_006.jpg,Caltech-101,saxophone,JPEG,134,300,3,10530
caltech_saxophone_007,caltech_saxophone_007.jpg,data/raw/caltech_saxophone_007.jpg,Caltech-101,saxophone,JPEG,300,221,3,15515
caltech_saxophone_008,caltech_saxophone_008.jpg,data/raw/caltech_saxophone_008.jpg,Caltech-101,saxophone,JPEG,264,300,3,14327
caltech_saxophone_009,caltech_saxophone_009.jpg,data/raw/caltech_saxophone_009.jpg,Caltech-101,saxophone,JPEG,270,300,3,12444
caltech_saxophone_010,caltech_saxophone_010.jpg,data/raw/caltech_saxophone_010.jpg,Caltech-101,saxophone,JPEG,189,300,3,15818
caltech_schooner_001,caltech_schooner_001.jpg,data/raw/caltech_schooner_001.jpg,Caltech-101,schooner,JPEG,300,215,3,13855
caltech_schooner_002,caltech_schooner_002.jpg,data/raw/caltech_schooner_002.jpg,Caltech-101,schooner,JPEG,300,246,1,15062
caltech_schooner_003,caltech_schooner_003.jpg,data/raw/caltech_schooner_003.jpg,Caltech-101,schooner,JPEG,300,221,3,16183
caltech_schooner_004,caltech_schooner_004.jpg,data/raw/caltech_schooner_004.jpg,Caltech-101,schooner,JPEG,300,216,3,11401
caltech_schooner_005,caltech_schooner_005.jpg,data/raw/caltech_schooner_005.jpg,Caltech-101,schooner,JPEG,300,207,1,10477
caltech_schooner_006,caltech_schooner_006.jpg,data/raw/caltech_schooner_006.jpg,Caltech-101,schooner,JPEG,300,287,3,11769
caltech_schooner_007,caltech_schooner_007.jpg,data/raw/caltech_schooner_007.jpg,Caltech-101,schooner,JPEG,300,213,3,14868
caltech_schooner_008,caltech_schooner_008.jpg,data/raw/caltech_schooner_008.jpg,Caltech-101,schooner,JPEG,257,300,3,15147
caltech_schooner_009,caltech_schooner_009.jpg,data/raw/caltech_schooner_009.jpg,Caltech-101,schooner,JPEG,300,232,1,9695
caltech_schooner_010,caltech_schooner_010.jpg,data/raw/caltech_schooner_010.jpg,Caltech-101,schooner,JPEG,300,279,3,15137
caltech_scissors_001,caltech_scissors_001.jpg,data/raw/caltech_scissors_001.jpg,Caltech-101,scissors,JPEG,300,289,3,5723
caltech_scissors_002,caltech_scissors_002.jpg,data/raw/caltech_scissors_002.jpg,Caltech-101,scissors,JPEG,119,300,3,5590
caltech_scissors_003,caltech_scissors_003.jpg,data/raw/caltech_scissors_003.jpg,Caltech-101,scissors,JPEG,105,300,1,5511
caltech_scissors_004,caltech_scissors_004.jpg,data/raw/caltech_scissors_004.jpg,Caltech-101,scissors,JPEG,155,300,3,6414
caltech_scissors_005,caltech_scissors_005.jpg,data/raw/caltech_scissors_005.jpg,Caltech-101,scissors,JPEG,150,300,3,8093
caltech_scissors_006,caltech_scissors_006.jpg,data/raw/caltech_scissors_006.jpg,Caltech-101,scissors,JPEG,114,300,3,6436
caltech_scissors_007,caltech_scissors_007.jpg,data/raw/caltech_scissors_007.jpg,Caltech-101,scissors,JPEG,161,300,3,7517
caltech_scissors_008,caltech_scissors_008.jpg,data/raw/caltech_scissors_008.jpg,Caltech-101,scissors,JPEG,300,300,3,6846
caltech_scissors_009,caltech_scissors_009.jpg,data/raw/caltech_scissors_009.jpg,Caltech-101,scissors,JPEG,221,300,3,4978
caltech_scissors_010,caltech_scissors_010.jpg,data/raw/caltech_scissors_010.jpg,Caltech-101,scissors,JPEG,154,300,3,7878
caltech_scorpion_001,caltech_scorpion_001.jpg,data/raw/caltech_scorpion_001.jpg,Caltech-101,scorpion,JPEG,290,300,3,17013
caltech_scorpion_002,caltech_scorpion_002.jpg,data/raw/caltech_scorpion_002.jpg,Caltech-101,scorpion,JPEG,300,281,3,11866
caltech_scorpion_003,caltech_scorpion_003.jpg,data/raw/caltech_scorpion_003.jpg,Caltech-101,scorpion,JPEG,300,294,3,9913
caltech_scorpion_004,caltech_scorpion_004.jpg,data/raw/caltech_scorpion_004.jpg,Caltech-101,scorpion,JPEG,300,231,3,27490
caltech_scorpion_005,caltech_scorpion_005.jpg,data/raw/caltech_scorpion_005.jpg,Caltech-101,scorpion,JPEG,300,209,3,8836
caltech_scorpion_006,caltech_scorpion_006.jpg,data/raw/caltech_scorpion_006.jpg,Caltech-101,scorpion,JPEG,300,200,3,19174
caltech_scorpion_007,caltech_scorpion_007.jpg,data/raw/caltech_scorpion_007.jpg,Caltech-101,scorpion,JPEG,300,199,3,15816
caltech_scorpion_008,caltech_scorpion_008.jpg,data/raw/caltech_scorpion_008.jpg,Caltech-101,scorpion,JPEG,300,174,3,10633
caltech_scorpion_009,caltech_scorpion_009.jpg,data/raw/caltech_scorpion_009.jpg,Caltech-101,scorpion,JPEG,300,153,3,7990
caltech_scorpion_010,caltech_scorpion_010.jpg,data/raw/caltech_scorpion_010.jpg,Caltech-101,scorpion,JPEG,300,210,3,22771
caltech_sea_horse_001,caltech_sea_horse_001.jpg,data/raw/caltech_sea_horse_001.jpg,Caltech-101,sea_horse,JPEG,300,242,3,11234
caltech_sea_horse_002,caltech_sea_horse_002.jpg,data/raw/caltech_sea_horse_002.jpg,Caltech-101,sea_horse,JPEG,200,300,3,10812
caltech_sea_horse_003,caltech_sea_horse_003.jpg,data/raw/caltech_sea_horse_003.jpg,Caltech-101,sea_horse,JPEG,212,300,3,15367
caltech_sea_horse_004,caltech_sea_horse_004.jpg,data/raw/caltech_sea_horse_004.jpg,Caltech-101,sea_horse,JPEG,213,300,3,13935
caltech_sea_horse_005,caltech_sea_horse_005.jpg,data/raw/caltech_sea_horse_005.jpg,Caltech-101,sea_horse,JPEG,208,300,3,10334
caltech_sea_horse_006,caltech_sea_horse_006.jpg,data/raw/caltech_sea_horse_006.jpg,Caltech-101,sea_horse,JPEG,300,276,3,10942
caltech_sea_horse_007,caltech_sea_horse_007.jpg,data/raw/caltech_sea_horse_007.jpg,Caltech-101,sea_horse,JPEG,205,300,3,16052
caltech_sea_horse_008,caltech_sea_horse_008.jpg,data/raw/caltech_sea_horse_008.jpg,Caltech-101,sea_horse,JPEG,212,300,3,18276
caltech_sea_horse_009,caltech_sea_horse_009.jpg,data/raw/caltech_sea_horse_009.jpg,Caltech-101,sea_horse,JPEG,300,296,3,13487
caltech_sea_horse_010,caltech_sea_horse_010.jpg,data/raw/caltech_sea_horse_010.jpg,Caltech-101,sea_horse,JPEG,300,202,3,11104
caltech_snoopy_001,caltech_snoopy_001.jpg,data/raw/caltech_snoopy_001.jpg,Caltech-101,snoopy,JPEG,300,210,3,18301
caltech_snoopy_002,caltech_snoopy_002.jpg,data/raw/caltech_snoopy_002.jpg,Caltech-101,snoopy,JPEG,262,300,1,13299
caltech_snoopy_003,caltech_snoopy_003.jpg,data/raw/caltech_snoopy_003.jpg,Caltech-101,snoopy,JPEG,225,300,3,11678
caltech_snoopy_004,caltech_snoopy_004.jpg,data/raw/caltech_snoopy_004.jpg,Caltech-101,snoopy,JPEG,300,253,3,15660
caltech_snoopy_005,caltech_snoopy_005.jpg,data/raw/caltech_snoopy_005.jpg,Caltech-101,snoopy,JPEG,295,300,1,20352
caltech_snoopy_006,caltech_snoopy_006.jpg,data/raw/caltech_snoopy_006.jpg,Caltech-101,snoopy,JPEG,300,278,3,15612
caltech_snoopy_007,caltech_snoopy_007.jpg,data/raw/caltech_snoopy_007.jpg,Caltech-101,snoopy,JPEG,288,300,3,13095
caltech_snoopy_008,caltech_snoopy_008.jpg,data/raw/caltech_snoopy_008.jpg,Caltech-101,snoopy,JPEG,228,300,3,11521
caltech_snoopy_009,caltech_snoopy_009.jpg,data/raw/caltech_snoopy_009.jpg,Caltech-101,snoopy,JPEG,300,276,3,15739
caltech_snoopy_010,caltech_snoopy_010.jpg,data/raw/caltech_snoopy_010.jpg,Caltech-101,snoopy,JPEG,300,286,3,18880
caltech_soccer_ball_001,caltech_soccer_ball_001.jpg,data/raw/caltech_soccer_ball_001.jpg,Caltech-101,soccer_ball,JPEG,300,225,3,17646
caltech_soccer_ball_002,caltech_soccer_ball_002.jpg,data/raw/caltech_soccer_ball_002.jpg,Caltech-101,soccer_ball,JPEG,299,300,1,9190
caltech_soccer_ball_003,caltech_soccer_ball_003.jpg,data/raw/caltech_soccer_ball_003.jpg,Caltech-101,soccer_ball,JPEG,300,300,1,10336
caltech_soccer_ball_004,caltech_soccer_ball_004.jpg,data/raw/caltech_soccer_ball_004.jpg,Caltech-101,soccer_ball,JPEG,300,225,1,5916
caltech_soccer_ball_005,caltech_soccer_ball_005.jpg,data/raw/caltech_soccer_ball_005.jpg,Caltech-101,soccer_ball,JPEG,215,300,3,13293
caltech_soccer_ball_006,caltech_soccer_ball_006.jpg,data/raw/caltech_soccer_ball_006.jpg,Caltech-101,soccer_ball,JPEG,287,300,3,11294
caltech_soccer_ball_007,caltech_soccer_ball_007.jpg,data/raw/caltech_soccer_ball_007.jpg,Caltech-101,soccer_ball,JPEG,300,300,3,12935
caltech_soccer_ball_008,caltech_soccer_ball_008.jpg,data/raw/caltech_soccer_ball_008.jpg,Caltech-101,soccer_ball,JPEG,300,256,3,6166
caltech_soccer_ball_009,caltech_soccer_ball_009.jpg,data/raw/caltech_soccer_ball_009.jpg,Caltech-101,soccer_ball,JPEG,300,179,3,10614
caltech_soccer_ball_010,caltech_soccer_ball_010.jpg,data/raw/caltech_soccer_ball_010.jpg,Caltech-101,soccer_ball,JPEG,300,270,3,16840
caltech_stapler_001,caltech_stapler_001.jpg,data/raw/caltech_stapler_001.jpg,Caltech-101,stapler,JPEG,300,280,3,18131
caltech_stapler_002,caltech_stapler_002.jpg,data/raw/caltech_stapler_002.jpg,Caltech-101,stapler,JPEG,300,182,3,12149
caltech_stapler_003,caltech_stapler_003.jpg,data/raw/caltech_stapler_003.jpg,Caltech-101,stapler,JPEG,300,202,3,6809
caltech_stapler_004,caltech_stapler_004.jpg,data/raw/caltech_stapler_004.jpg,Caltech-101,stapler,JPEG,300,206,3,7288
caltech_stapler_005,caltech_stapler_005.jpg,data/raw/caltech_stapler_005.jpg,Caltech-101,stapler,JPEG,300,274,3,11384
caltech_stapler_006,caltech_stapler_006.jpg,data/raw/caltech_stapler_006.jpg,Caltech-101,stapler,JPEG,300,196,3,7755
caltech_stapler_007,caltech_stapler_007.jpg,data/raw/caltech_stapler_007.jpg,Caltech-101,stapler,JPEG,300,300,3,5041
caltech_stapler_008,caltech_stapler_008.jpg,data/raw/caltech_stapler_008.jpg,Caltech-101,stapler,JPEG,300,248,3,13658
caltech_stapler_009,caltech_stapler_009.jpg,data/raw/caltech_stapler_009.jpg,Caltech-101,stapler,JPEG,300,256,3,12313
caltech_stapler_010,caltech_stapler_010.jpg,data/raw/caltech_stapler_010.jpg,Caltech-101,stapler,JPEG,300,225,3,6639
caltech_starfish_001,caltech_starfish_001.jpg,data/raw/caltech_starfish_001.jpg,Caltech-101,starfish,JPEG,300,200,3,12958
caltech_starfish_002,caltech_starfish_002.jpg,data/raw/caltech_starfish_002.jpg,Caltech-101,starfish,JPEG,258,300,3,14817
caltech_starfish_003,caltech_starfish_003.jpg,data/raw/caltech_starfish_003.jpg,Caltech-101,starfish,JPEG,300,295,3,25982
caltech_starfish_004,caltech_starfish_004.jpg,data/raw/caltech_starfish_004.jpg,Caltech-101,starfish,JPEG,300,276,3,28910
caltech_starfish_005,caltech_starfish_005.jpg,data/raw/caltech_starfish_005.jpg,Caltech-101,starfish,JPEG,300,251,3,5889
caltech_starfish_006,caltech_starfish_006.jpg,data/raw/caltech_starfish_006.jpg,Caltech-101,starfish,JPEG,300,261,3,25516
caltech_starfish_007,caltech_starfish_007.jpg,data/raw/caltech_starfish_007.jpg,Caltech-101,starfish,JPEG,300,281,3,24781
caltech_starfish_008,caltech_starfish_008.jpg,data/raw/caltech_starfish_008.jpg,Caltech-101,starfish,JPEG,247,300,3,17055
caltech_starfish_009,caltech_starfish_009.jpg,data/raw/caltech_starfish_009.jpg,Caltech-101,starfish,JPEG,300,290,3,15952
caltech_starfish_010,caltech_starfish_010.jpg,data/raw/caltech_starfish_010.jpg,Caltech-101,starfish,JPEG,289,300,3,13905
caltech_stegosaurus_001,caltech_stegosaurus_001.jpg,data/raw/caltech_stegosaurus_001.jpg,Caltech-101,stegosaurus,JPEG,300,187,3,10954
caltech_stegosaurus_002,caltech_stegosaurus_002.jpg,data/raw/caltech_stegosaurus_002.jpg,Caltech-101,stegosaurus,JPEG,300,188,3,15836
caltech_stegosaurus_003,caltech_stegosaurus_003.jpg,data/raw/caltech_stegosaurus_003.jpg,Caltech-101,stegosaurus,JPEG,300,252,3,19269
caltech_stegosaurus_004,caltech_stegosaurus_004.jpg,data/raw/caltech_stegosaurus_004.jpg,Caltech-101,stegosaurus,JPEG,300,206,3,14559
caltech_stegosaurus_005,caltech_stegosaurus_005.jpg,data/raw/caltech_stegosaurus_005.jpg,Caltech-101,stegosaurus,JPEG,300,235,3,18750
caltech_stegosaurus_006,caltech_stegosaurus_006.jpg,data/raw/caltech_stegosaurus_006.jpg,Caltech-101,stegosaurus,JPEG,300,280,3,21214
caltech_stegosaurus_007,caltech_stegosaurus_007.jpg,data/raw/caltech_stegosaurus_007.jpg,Caltech-101,stegosaurus,JPEG,300,225,3,13580
caltech_stegosaurus_008,caltech_stegosaurus_008.jpg,data/raw/caltech_stegosaurus_008.jpg,Caltech-101,stegosaurus,JPEG,300,177,3,11113
caltech_stegosaurus_009,caltech_stegosaurus_009.jpg,data/raw/caltech_stegosaurus_009.jpg,Caltech-101,stegosaurus,JPEG,300,186,1,18377
caltech_stegosaurus_010,caltech_stegosaurus_010.jpg,data/raw/caltech_stegosaurus_010.jpg,Caltech-101,stegosaurus,JPEG,300,200,3,7778
caltech_stop_sign_001,caltech_stop_sign_001.jpg,data/raw/caltech_stop_sign_001.jpg,Caltech-101,stop_sign,JPEG,300,295,3,17222
caltech_stop_sign_002,caltech_stop_sign_002.jpg,data/raw/caltech_stop_sign_002.jpg,Caltech-101,stop_sign,JPEG,300,198,3,5389
caltech_stop_sign_003,caltech_stop_sign_003.jpg,data/raw/caltech_stop_sign_003.jpg,Caltech-101,stop_sign,JPEG,277,300,3,10515
caltech_stop_sign_004,caltech_stop_sign_004.jpg,data/raw/caltech_stop_sign_004.jpg,Caltech-101,stop_sign,JPEG,300,225,3,15283
caltech_stop_sign_005,caltech_stop_sign_005.jpg,data/raw/caltech_stop_sign_005.jpg,Caltech-101,stop_sign,JPEG,300,295,3,16776
caltech_stop_sign_006,caltech_stop_sign_006.jpg,data/raw/caltech_stop_sign_006.jpg,Caltech-101,stop_sign,JPEG,300,293,3,16215
caltech_stop_sign_007,caltech_stop_sign_007.jpg,data/raw/caltech_stop_sign_007.jpg,Caltech-101,stop_sign,JPEG,300,196,3,7427
caltech_stop_sign_008,caltech_stop_sign_008.jpg,data/raw/caltech_stop_sign_008.jpg,Caltech-101,stop_sign,JPEG,297,300,3,14958
caltech_stop_sign_009,caltech_stop_sign_009.jpg,data/raw/caltech_stop_sign_009.jpg,Caltech-101,stop_sign,JPEG,300,272,3,16483
caltech_stop_sign_010,caltech_stop_sign_010.jpg,data/raw/caltech_stop_sign_010.jpg,Caltech-101,stop_sign,JPEG,300,295,3,28817
caltech_strawberry_001,caltech_strawberry_001.jpg,data/raw/caltech_strawberry_001.jpg,Caltech-101,strawberry,JPEG,300,225,3,20354
caltech_strawberry_002,caltech_strawberry_002.jpg,data/raw/caltech_strawberry_002.jpg,Caltech-101,strawberry,JPEG,300,200,3,10074
caltech_strawberry_003,caltech_strawberry_003.jpg,data/raw/caltech_strawberry_003.jpg,Caltech-101,strawberry,JPEG,300,225,3,11772
caltech_strawberry_004,caltech_strawberry_004.jpg,data/raw/caltech_strawberry_004.jpg,Caltech-101,strawberry,JPEG,300,223,3,11275
caltech_strawberry_005,caltech_strawberry_005.jpg,data/raw/caltech_strawberry_005.jpg,Caltech-101,strawberry,JPEG,300,225,3,28534
caltech_strawberry_006,caltech_strawberry_006.jpg,data/raw/caltech_strawberry_006.jpg,Caltech-101,strawberry,JPEG,200,300,3,9975
caltech_strawberry_007,caltech_strawberry_007.jpg,data/raw/caltech_strawberry_007.jpg,Caltech-101,strawberry,JPEG,231,300,3,12052
caltech_strawberry_008,caltech_strawberry_008.jpg,data/raw/caltech_strawberry_008.jpg,Caltech-101,strawberry,JPEG,218,300,3,8599
caltech_strawberry_009,caltech_strawberry_009.jpg,data/raw/caltech_strawberry_009.jpg,Caltech-101,strawberry,JPEG,225,300,3,7799
caltech_strawberry_010,caltech_strawberry_010.jpg,data/raw/caltech_strawberry_010.jpg,Caltech-101,strawberry,JPEG,271,300,3,13889
caltech_sunflower_001,caltech_sunflower_001.jpg,data/raw/caltech_sunflower_001.jpg,Caltech-101,sunflower,JPEG,300,200,3,10798
caltech_sunflower_002,caltech_sunflower_002.jpg,data/raw/caltech_sunflower_002.jpg,Caltech-101,sunflower,JPEG,300,196,3,13444
caltech_sunflower_003,caltech_sunflower_003.jpg,data/raw/caltech_sunflower_003.jpg,Caltech-101,sunflower,JPEG,204,300,3,14218
caltech_sunflower_004,caltech_sunflower_004.jpg,data/raw/caltech_sunflower_004.jpg,Caltech-101,sunflower,JPEG,159,300,3,11956
caltech_sunflower_005,caltech_sunflower_005.jpg,data/raw/caltech_sunflower_005.jpg,Caltech-101,sunflower,JPEG,260,300,3,15632
caltech_sunflower_006,caltech_sunflower_006.jpg,data/raw/caltech_sunflower_006.jpg,Caltech-101,sunflower,JPEG,230,300,3,12753
caltech_sunflower_007,caltech_sunflower_007.jpg,data/raw/caltech_sunflower_007.jpg,Caltech-101,sunflower,JPEG,300,194,3,12178
caltech_sunflower_008,caltech_sunflower_008.jpg,data/raw/caltech_sunflower_008.jpg,Caltech-101,sunflower,JPEG,300,204,3,15824
caltech_sunflower_009,caltech_sunflower_009.jpg,data/raw/caltech_sunflower_009.jpg,Caltech-101,sunflower,JPEG,300,296,3,24600
caltech_sunflower_010,caltech_sunflower_010.jpg,data/raw/caltech_sunflower_010.jpg,Caltech-101,sunflower,JPEG,300,226,3,15127
caltech_tick_001,caltech_tick_001.jpg,data/raw/caltech_tick_001.jpg,Caltech-101,tick,JPEG,267,300,3,21304
caltech_tick_002,caltech_tick_002.jpg,data/raw/caltech_tick_002.jpg,Caltech-101,tick,JPEG,240,300,3,22167
caltech_tick_003,caltech_tick_003.jpg,data/raw/caltech_tick_003.jpg,Caltech-101,tick,JPEG,300,264,3,9761
caltech_tick_004,caltech_tick_004.jpg,data/raw/caltech_tick_004.jpg,Caltech-101,tick,JPEG,295,300,3,17521
caltech_tick_005,caltech_tick_005.jpg,data/raw/caltech_tick_005.jpg,Caltech-101,tick,JPEG,300,232,3,12645
caltech_tick_006,caltech_tick_006.jpg,data/raw/caltech_tick_006.jpg,Caltech-101,tick,JPEG,247,300,3,8644
caltech_tick_007,caltech_tick_007.jpg,data/raw/caltech_tick_007.jpg,Caltech-101,tick,JPEG,235,300,3,16649
caltech_tick_008,caltech_tick_008.jpg,data/raw/caltech_tick_008.jpg,Caltech-101,tick,JPEG,251,300,3,9780
caltech_tick_009,caltech_tick_009.jpg,data/raw/caltech_tick_009.jpg,Caltech-101,tick,JPEG,300,223,3,13421
caltech_tick_010,caltech_tick_010.jpg,data/raw/caltech_tick_010.jpg,Caltech-101,tick,JPEG,300,244,3,13818
caltech_trilobite_001,caltech_trilobite_001.jpg,data/raw/caltech_trilobite_001.jpg,Caltech-101,trilobite,JPEG,256,300,1,22444
caltech_trilobite_002,caltech_trilobite_002.jpg,data/raw/caltech_trilobite_002.jpg,Caltech-101,trilobite,JPEG,237,300,3,12773
caltech_trilobite_003,caltech_trilobite_003.jpg,data/raw/caltech_trilobite_003.jpg,Caltech-101,trilobite,JPEG,197,300,3,18841
caltech_trilobite_004,caltech_trilobite_004.jpg,data/raw/caltech_trilobite_004.jpg,Caltech-101,trilobite,JPEG,223,300,3,16933
caltech_trilobite_005,caltech_trilobite_005.jpg,data/raw/caltech_trilobite_005.jpg,Caltech-101,trilobite,JPEG,267,300,3,27196
caltech_trilobite_006,caltech_trilobite_006.jpg,data/raw/caltech_trilobite_006.jpg,Caltech-101,trilobite,JPEG,255,300,1,34282
caltech_trilobite_007,caltech_trilobite_007.jpg,data/raw/caltech_trilobite_007.jpg,Caltech-101,trilobite,JPEG,300,294,3,16124
caltech_trilobite_008,caltech_trilobite_008.jpg,data/raw/caltech_trilobite_008.jpg,Caltech-101,trilobite,JPEG,235,300,3,15672
caltech_trilobite_009,caltech_trilobite_009.jpg,data/raw/caltech_trilobite_009.jpg,Caltech-101,trilobite,JPEG,228,300,3,18765
caltech_trilobite_010,caltech_trilobite_010.jpg,data/raw/caltech_trilobite_010.jpg,Caltech-101,trilobite,JPEG,300,200,3,10333
caltech_umbrella_001,caltech_umbrella_001.jpg,data/raw/caltech_umbrella_001.jpg,Caltech-101,umbrella,JPEG,300,267,3,9568
caltech_umbrella_002,caltech_umbrella_002.jpg,data/raw/caltech_umbrella_002.jpg,Caltech-101,umbrella,JPEG,300,253,3,8512
caltech_umbrella_003,caltech_umbrella_003.jpg,data/raw/caltech_umbrella_003.jpg,Caltech-101,umbrella,JPEG,241,300,3,13391
caltech_umbrella_004,caltech_umbrella_004.jpg,data/raw/caltech_umbrella_004.jpg,Caltech-101,umbrella,JPEG,232,300,3,5184
caltech_umbrella_005,caltech_umbrella_005.jpg,data/raw/caltech_umbrella_005.jpg,Caltech-101,umbrella,JPEG,300,266,3,11219
caltech_umbrella_006,caltech_umbrella_006.jpg,data/raw/caltech_umbrella_006.jpg,Caltech-101,umbrella,JPEG,300,248,3,6808
caltech_umbrella_007,caltech_umbrella_007.jpg,data/raw/caltech_umbrella_007.jpg,Caltech-101,umbrella,JPEG,300,300,3,10275
caltech_umbrella_008,caltech_umbrella_008.jpg,data/raw/caltech_umbrella_008.jpg,Caltech-101,umbrella,JPEG,279,300,3,11801
caltech_umbrella_009,caltech_umbrella_009.jpg,data/raw/caltech_umbrella_009.jpg,Caltech-101,umbrella,JPEG,300,194,3,10099
caltech_umbrella_010,caltech_umbrella_010.jpg,data/raw/caltech_umbrella_010.jpg,Caltech-101,umbrella,JPEG,300,255,3,8879
caltech_watch_001,caltech_watch_001.jpg,data/raw/caltech_watch_001.jpg,Caltech-101,watch,JPEG,300,242,3,7561
caltech_watch_002,caltech_watch_002.jpg,data/raw/caltech_watch_002.jpg,Caltech-101,watch,JPEG,300,225,3,15426
caltech_watch_003,caltech_watch_003.jpg,data/raw/caltech_watch_003.jpg,Caltech-101,watch,JPEG,300,217,3,16106
caltech_watch_004,caltech_watch_004.jpg,data/raw/caltech_watch_004.jpg,Caltech-101,watch,JPEG,300,238,3,6901
caltech_watch_005,caltech_watch_005.jpg,data/raw/caltech_watch_005.jpg,Caltech-101,watch,JPEG,300,247,3,13117
caltech_watch_006,caltech_watch_006.jpg,data/raw/caltech_watch_006.jpg,Caltech-101,watch,JPEG,300,237,3,12930
caltech_watch_007,caltech_watch_007.jpg,data/raw/caltech_watch_007.jpg,Caltech-101,watch,JPEG,295,300,3,7225
caltech_watch_008,caltech_watch_008.jpg,data/raw/caltech_watch_008.jpg,Caltech-101,watch,JPEG,300,226,3,8294
caltech_watch_009,caltech_watch_009.jpg,data/raw/caltech_watch_009.jpg,Caltech-101,watch,JPEG,300,233,3,10247
caltech_watch_010,caltech_watch_010.jpg,data/raw/caltech_watch_010.jpg,Caltech-101,watch,JPEG,300,300,3,10257
caltech_water_lilly_001,caltech_water_lilly_001.jpg,data/raw/caltech_water_lilly_001.jpg,Caltech-101,water_lilly,JPEG,300,214,3,9523
caltech_water_lilly_002,caltech_water_lilly_002.jpg,data/raw/caltech_water_lilly_002.jpg,Caltech-101,water_lilly,JPEG,300,237,3,8950
caltech_water_lilly_003,caltech_water_lilly_003.jpg,data/raw/caltech_water_lilly_003.jpg,Caltech-101,water_lilly,JPEG,225,300,3,14287
caltech_water_lilly_004,caltech_water_lilly_004.jpg,data/raw/caltech_water_lilly_004.jpg,Caltech-101,water_lilly,JPEG,300,202,3,13487
caltech_water_lilly_005,caltech_water_lilly_005.jpg,data/raw/caltech_water_lilly_005.jpg,Caltech-101,water_lilly,JPEG,300,225,3,14690
caltech_water_lilly_006,caltech_water_lilly_006.jpg,data/raw/caltech_water_lilly_006.jpg,Caltech-101,water_lilly,JPEG,300,201,3,11622
caltech_water_lilly_007,caltech_water_lilly_007.jpg,data/raw/caltech_water_lilly_007.jpg,Caltech-101,water_lilly,JPEG,289,300,3,24064
caltech_water_lilly_008,caltech_water_lilly_008.jpg,data/raw/caltech_water_lilly_008.jpg,Caltech-101,water_lilly,JPEG,225,300,3,11863
caltech_water_lilly_009,caltech_water_lilly_009.jpg,data/raw/caltech_water_lilly_009.jpg,Caltech-101,water_lilly,JPEG,300,214,3,9136
caltech_water_lilly_010,caltech_water_lilly_010.jpg,data/raw/caltech_water_lilly_010.jpg,Caltech-101,water_lilly,JPEG,296,300,3,15459
caltech_wheelchair_001,caltech_wheelchair_001.jpg,data/raw/caltech_wheelchair_001.jpg,Caltech-101,wheelchair,JPEG,300,291,3,21124
caltech_wheelchair_002,caltech_wheelchair_002.jpg,data/raw/caltech_wheelchair_002.jpg,Caltech-101,wheelchair,JPEG,300,268,3,16315
caltech_wheelchair_003,caltech_wheelchair_003.jpg,data/raw/caltech_wheelchair_003.jpg,Caltech-101,wheelchair,JPEG,300,296,3,20895
caltech_wheelchair_004,caltech_wheelchair_004.jpg,data/raw/caltech_wheelchair_004.jpg,Caltech-101,wheelchair,JPEG,300,289,3,19987
caltech_wheelchair_005,caltech_wheelchair_005.jpg,data/raw/caltech_wheelchair_005.jpg,Caltech-101,wheelchair,JPEG,272,300,3,18384
caltech_wheelchair_006,caltech_wheelchair_006.jpg,data/raw/caltech_wheelchair_006.jpg,Caltech-101,wheelchair,JPEG,292,300,3,19505
caltech_wheelchair_007,caltech_wheelchair_007.jpg,data/raw/caltech_wheelchair_007.jpg,Caltech-101,wheelchair,JPEG,298,300,3,20495
caltech_wheelchair_008,caltech_wheelchair_008.jpg,data/raw/caltech_wheelchair_008.jpg,Caltech-101,wheelchair,JPEG,300,288,1,13032
caltech_wheelchair_009,caltech_wheelchair_009.jpg,data/raw/caltech_wheelchair_009.jpg,Caltech-101,wheelchair,JPEG,300,199,3,14494
caltech_wheelchair_010,caltech_wheelchair_010.jpg,data/raw/caltech_wheelchair_010.jpg,Caltech-101,wheelchair,JPEG,225,300,3,16744
caltech_wild_cat_001,caltech_wild_cat_001.jpg,data/raw/caltech_wild_cat_001.jpg,Caltech-101,wild_cat,JPEG,300,235,3,14964
caltech_wild_cat_002,caltech_wild_cat_002.jpg,data/raw/caltech_wild_cat_002.jpg,Caltech-101,wild_cat,JPEG,300,263,3,20717
caltech_wild_cat_003,caltech_wild_cat_003.jpg,data/raw/caltech_wild_cat_003.jpg,Caltech-101,wild_cat,JPEG,300,222,3,11918
caltech_wild_cat_004,caltech_wild_cat_004.jpg,data/raw/caltech_wild_cat_004.jpg,Caltech-101,wild_cat,JPEG,300,256,3,30824
caltech_wild_cat_005,caltech_wild_cat_005.jpg,data/raw/caltech_wild_cat_005.jpg,Caltech-101,wild_cat,JPEG,300,300,3,32325
caltech_wild_cat_006,caltech_wild_cat_006.jpg,data/raw/caltech_wild_cat_006.jpg,Caltech-101,wild_cat,JPEG,300,191,3,17126
caltech_wild_cat_007,caltech_wild_cat_007.jpg,data/raw/caltech_wild_cat_007.jpg,Caltech-101,wild_cat,JPEG,300,178,3,21138
caltech_wild_cat_008,caltech_wild_cat_008.jpg,data/raw/caltech_wild_cat_008.jpg,Caltech-101,wild_cat,JPEG,300,148,3,12650
caltech_wild_cat_009,caltech_wild_cat_009.jpg,data/raw/caltech_wild_cat_009.jpg,Caltech-101,wild_cat,JPEG,300,223,3,18103
caltech_wild_cat_010,caltech_wild_cat_010.jpg,data/raw/caltech_wild_cat_010.jpg,Caltech-101,wild_cat,JPEG,300,225,3,16943
caltech_windsor_chair_001,caltech_windsor_chair_001.jpg,data/raw/caltech_windsor_chair_001.jpg,Caltech-101,windsor_chair,JPEG,193,300,3,12008
caltech_windsor_chair_002,caltech_windsor_chair_002.jpg,data/raw/caltech_windsor_chair_002.jpg,Caltech-101,windsor_chair,JPEG,180,300,3,19629
caltech_windsor_chair_003,caltech_windsor_chair_003.jpg,data/raw/caltech_windsor_chair_003.jpg,Caltech-101,windsor_chair,JPEG,245,300,3,11311
caltech_windsor_chair_004,caltech_windsor_chair_004.jpg,data/raw/caltech_windsor_chair_004.jpg,Caltech-101,windsor_chair,JPEG,191,300,3,17769
caltech_windsor_chair_005,caltech_windsor_chair_005.jpg,data/raw/caltech_windsor_chair_005.jpg,Caltech-101,windsor_chair,JPEG,225,300,3,14126
caltech_windsor_chair_006,caltech_windsor_chair_006.jpg,data/raw/caltech_windsor_chair_006.jpg,Caltech-101,windsor_chair,JPEG,189,300,3,10206
caltech_windsor_chair_007,caltech_windsor_chair_007.jpg,data/raw/caltech_windsor_chair_007.jpg,Caltech-101,windsor_chair,JPEG,192,300,3,9717
caltech_windsor_chair_008,caltech_windsor_chair_008.jpg,data/raw/caltech_windsor_chair_008.jpg,Caltech-101,windsor_chair,JPEG,220,300,3,12152
caltech_windsor_chair_009,caltech_windsor_chair_009.jpg,data/raw/caltech_windsor_chair_009.jpg,Caltech-101,windsor_chair,JPEG,204,300,3,12052
caltech_windsor_chair_010,caltech_windsor_chair_010.jpg,data/raw/caltech_windsor_chair_010.jpg,Caltech-101,windsor_chair,JPEG,185,300,3,11393
caltech_wrench_001,caltech_wrench_001.jpg,data/raw/caltech_wrench_001.jpg,Caltech-101,wrench,JPEG,300,183,3,5420
caltech_wrench_002,caltech_wrench_002.jpg,data/raw/caltech_wrench_002.jpg,Caltech-101,wrench,JPEG,300,151,1,6806
caltech_wrench_003,caltech_wrench_003.jpg,data/raw/caltech_wrench_003.jpg,Caltech-101,wrench,JPEG,287,300,1,5545
caltech_wrench_004,caltech_wrench_004.jpg,data/raw/caltech_wrench_004.jpg,Caltech-101,wrench,JPEG,300,167,1,5623
caltech_wrench_005,caltech_wrench_005.jpg,data/raw/caltech_wrench_005.jpg,Caltech-101,wrench,JPEG,272,300,3,3253
caltech_wrench_006,caltech_wrench_006.jpg,data/raw/caltech_wrench_006.jpg,Caltech-101,wrench,JPEG,300,300,1,7566
caltech_wrench_007,caltech_wrench_007.jpg,data/raw/caltech_wrench_007.jpg,Caltech-101,wrench,JPEG,300,300,1,16082
caltech_wrench_008,caltech_wrench_008.jpg,data/raw/caltech_wrench_008.jpg,Caltech-101,wrench,JPEG,300,300,3,5186
caltech_wrench_009,caltech_wrench_009.jpg,data/raw/caltech_wrench_009.jpg,Caltech-101,wrench,JPEG,300,164,1,4276
caltech_wrench_010,caltech_wrench_010.jpg,data/raw/caltech_wrench_010.jpg,Caltech-101,wrench,JPEG,300,300,1,3764
kodak_01,kodim01.png,data/raw/kodim01.png,Kodak,natural_benchmark,PNG,768,512,3,736501
kodak_02,kodim02.png,data/raw/kodim02.png,Kodak,natural_benchmark,PNG,768,512,3,617995
kodak_03,kodim03.png,data/raw/kodim03.png,Kodak,natural_benchmark,PNG,768,512,3,502888
kodak_04,kodim04.png,data/raw/kodim04.png,Kodak,natural_benchmark,PNG,512,768,3,637432
kodak_05,kodim05.png,data/raw/kodim05.png,Kodak,natural_benchmark,PNG,768,512,3,785610
kodak_06,kodim06.png,data/raw/kodim06.png,Kodak,natural_benchmark,PNG,768,512,3,618959
kodak_07,kodim07.png,data/raw/kodim07.png,Kodak,natural_benchmark,PNG,768,512,3,566322
kodak_08,kodim08.png,data/raw/kodim08.png,Kodak,natural_benchmark,PNG,768,512,3,788470
kodak_09,kodim09.png,data/raw/kodim09.png,Kodak,natural_benchmark,PNG,512,768,3,582899
kodak_10,kodim10.png,data/raw/kodim10.png,Kodak,natural_benchmark,PNG,512,768,3,593463
kodak_11,kodim11.png,data/raw/kodim11.png,Kodak,natural_benchmark,PNG,768,512,3,621023
kodak_12,kodim12.png,data/raw/kodim12.png,Kodak,natural_benchmark,PNG,768,512,3,531024
kodak_13,kodim13.png,data/raw/kodim13.png,Kodak,natural_benchmark,PNG,768,512,3,822712
kodak_14,kodim14.png,data/raw/kodim14.png,Kodak,natural_benchmark,PNG,768,512,3,692201
kodak_15,kodim15.png,data/raw/kodim15.png,Kodak,natural_benchmark,PNG,768,512,3,612582
kodak_16,kodim16.png,data/raw/kodim16.png,Kodak,natural_benchmark,PNG,768,512,3,533590
kodak_17,kodim17.png,data/raw/kodim17.png,Kodak,natural_benchmark,PNG,768,512,3,533799
kodak_18,kodim18.png,data/raw/kodim18.png,Kodak,natural_benchmark,PNG,768,512,3,533721
kodak_19,kodim19.png,data/raw/kodim19.png,Kodak,natural_benchmark,PNG,768,512,3,533549
kodak_20,kodim20.png,data/raw/kodim20.png,Kodak,natural_benchmark,PNG,768,512,3,533657
kodak_21,kodim21.png,data/raw/kodim21.png,Kodak,natural_benchmark,PNG,768,512,3,533643
kodak_22,kodim22.png,data/raw/kodim22.png,Kodak,natural_benchmark,PNG,768,512,3,533727
kodak_23,kodim23.png,data/raw/kodim23.png,Kodak,natural_benchmark,PNG,768,512,3,533623
kodak_24,kodim24.png,data/raw/kodim24.png,Kodak,natural_benchmark,PNG,768,512,3,533704
stress_01_smooth_gradient,stress_01_smooth_gradient.png,data/raw/stress_01_smooth_gradient.png,SyntheticStress,smooth_gradient,PNG,768,512,3,2460
stress_02_dark_noisy,stress_02_dark_noisy.png,data/raw/stress_02_dark_noisy.png,SyntheticStress,dark_noisy,PNG,768,512,3,890178
stress_03_dense_texture,stress_03_dense_texture.png,data/raw/stress_03_dense_texture.png,SyntheticStress,dense_texture,PNG,768,512,3,201892
stress_04_sharp_ui_graphics,stress_04_sharp_ui_graphics.png,data/raw/stress_04_sharp_ui_graphics.png,SyntheticStress,ui_vector,PNG,768,512,3,3284
stress_05_clean_flat_poster,stress_05_clean_flat_poster.png,data/raw/stress_05_clean_flat_poster.png,SyntheticStress,flat_poster,PNG,768,512,3,2346
stress_06_mixed_hdr,stress_06_mixed_hdr.png,data/raw/stress_06_mixed_hdr.png,SyntheticStress,mixed_hdr,PNG,768,512,3,816302
