image_id,file_path,width,height,aspect_ratio,total_pixels,mean_luminance,std_luminance,min_luminance,max_luminance,median_luminance,dark_pixel_ratio,bright_pixel_ratio,luminance_range,rms_contrast,michelson_contrast,p10_luminance,p90_luminance,iqr_luminance,shannon_entropy,shannon_entropy_y,sobel_edge_density,mean_edge_magnitude,std_edge_magnitude,laplacian_variance,local_variance_mean,local_variance_std,glcm_contrast,glcm_homogeneity,noise_estimate,dark_chroma_variance,mean_r,mean_g,mean_b,std_r,std_g,std_b,mean_u,mean_v,std_u,std_v,colorfulness
caltech_BACKGROUND_Google_001,data/processed/caltech_BACKGROUND_Google_001.png,145.0,144.0,1.0069444444444444,20880.0,133.48590087890625,56.322322845458984,2.9679999351501465,254.5439910888672,114.69400024414062,0.006082375478927203,0.13218390804597702,251.57599115371704,0.42193461670995513,0.9769486429597164,73.18900299072266,232.78768920898438,95.99925231933594,7.158262034553738,7.158262034553738,0.5672413793103448,121.09759521484375,157.9411163330078,2962.943603515625,1395.9803466796875,1575.0924072265625,2.7441470162779424,0.7029438130663095,4.713830753504499,493.98152923583984,171.022705078125,125.0174331665039,78.63917541503906,84.26270294189453,70.43750762939453,85.87188720703125,97.04813385009766,154.77374267578125,41.270957946777344,52.24640655517578,162.820066221566
caltech_BACKGROUND_Google_002,data/processed/caltech_BACKGROUND_Google_002.png,656.0,817.0,0.802937576499388,535952.0,177.766845703125,104.95377349853516,0.0,255.0,251.09400939941406,0.2385661402513658,0.6687184673254322,255.0,0.5904012781067695,0.9999999960784314,0.0,255.0,177.89199829101562,4.032571921001577,4.032571921001577,0.21164581902856971,103.4056625366211,263.3692932128906,12768.513671875,2716.827392578125,4654.39208984375,7.198910178682839,0.9062018142933079,8.983489214111408,75.70904731750488,182.2969512939453,179.3651123046875,157.65579223632812,109.74787902832031,107.0753173828125,114.8584213256836,116.65064239501953,131.2311553955078,39.12602615356445,18.353660583496094,93.38064850678225
caltech_BACKGROUND_Google_003,data/processed/caltech_BACKGROUND_Google_003.png,144.0,144.0,1.0,20736.0,6.873215675354004,36.4378662109375,0.0,255.0,0.0,0.9741994598765432,0.023678626543209878,255.0,5.301428418748456,0.9999999960784314,0.0,4.0,0.0,1.2432004466429099,1.2432004466429099,0.12567515432098766,53.098270416259766,183.4083709716797,12164.66015625,1099.2958984375,2409.794677734375,5.805361305361307,0.9481303743806629,6.363098997193002,0.0,6.873215675354004,6.873215675354004,6.873215675354004,36.4378662109375,36.4378662109375,36.4378662109375,128.0,128.0,0.0,3.178914482759865e-07,0.0
caltech_BACKGROUND_Google_004,data/processed/caltech_BACKGROUND_Google_004.png,200.0,200.0,1.0,40000.0,168.71397399902344,80.6257553100586,3.63100004196167,255.0,169.19000244140625,0.0284,0.422875,251.36899995803833,0.47788427313460713,0.9719213819895276,56.04890060424805,255.0,162.18374633789062,6.172493516137429,6.172493516137429,0.595325,119.76777648925781,150.98834228515625,3020.4580078125,1262.288818359375,1684.8262939453125,2.6047236180904516,0.7037192747080209,4.917128318263558,54.45743370056152,175.9960174560547,166.7269744873047,159.8458251953125,75.641845703125,82.83956146240234,88.488037109375,122.99539947509766,133.1940460205078,9.091943740844727,11.055486679077148,34.078847362933885
caltech_BACKGROUND_Google_005,data/processed/caltech_BACKGROUND_Google_005.png,180.0,199.0,0.9045226130653267,35820.0,166.15464782714844,83.87519073486328,0.5699999928474426,255.0,192.25350952148438,0.12568397543271914,0.4175321049692909,254.43000000715256,0.5048019500322202,0.995539378717118,33.205501556396484,253.77200317382812,154.9145050048828,7.415830191195175,7.415830191195175,0.6418760469011725,136.29458618164062,181.1797332763672,3658.315185546875,1680.014404296875,2235.102783203125,3.3865794898474597,0.7181072582891219,4.179118509487406,38.08921146392822,179.2387237548828,161.48509216308594,155.88177490234375,80.57988739013672,88.23990631103516,80.75089263916016,122.20266723632812,137.3324432373047,12.733063697814941,14.019597053527832,45.93330693799275
caltech_BACKGROUND_Google_006,data/processed/caltech_BACKGROUND_Google_006.png,700.0,889.0,0.7874015748031497,622300.0,233.27906799316406,51.878971099853516,0.0,255.0,255.0,0.014348385023300658,0.8441700144624779,255.0,0.22239016695224278,0.9999999960784314,158.0,255.0,8.0,3.309487116949554,3.309487116949554,0.363652579141893,132.73927307128906,228.19683837890625,13124.6806640625,1921.71630859375,2454.742431640625,7.29118838058913,0.8047729162908384,10.614801727821591,0.0,233.27906799316406,233.27906799316406,233.27906799316406,51.878971099853516,51.878971099853516,51.878971099853516,128.0,128.0,0.0,6.271525307965931e-07,0.0
caltech_BACKGROUND_Google_007,data/processed/caltech_BACKGROUND_Google_007.png,150.0,176.0,0.8522727272727273,26400.0,100.92276763916016,60.65929412841797,0.0,252.60800170898438,83.97750091552734,0.16083333333333333,0.03640151515151515,252.60800170898438,0.6010466710965844,0.9999999960412972,31.805999755859375,194.2246856689453,85.68349838256836,7.6517551121510445,7.6517551121510445,0.5653409090909091,116.80767059326172,161.83763122558594,2521.50537109375,1530.76806640625,2031.37158203125,2.5155471745256968,0.7480548841701533,3.4435629639028478,95.45566463470459,108.02488708496094,101.23731231689453,80.67560577392578,77.60591888427734,69.42475128173828,64.37934875488281,116.57384490966797,133.06570434570312,25.89716148376465,37.70698165893555,102.85089278415784
caltech_BACKGROUND_Google_008,data/processed/caltech_BACKGROUND_Google_008.png,439.0,382.0,1.149214659685864,167698.0,78.59318542480469,63.421932220458984,0.0,255.0,52.06100082397461,0.057704921943016615,0.08498014287588403,255.0,0.806964765083535,0.9999999960784314,50.130001068115234,200.20179748535156,6.129997253417969,4.624252834308677,4.624252834308677,0.31332514400887307,114.0725326538086,217.61383056640625,13888.20703125,1936.053955078125,3003.00927734375,7.310531735252713,0.8238050220172576,8.781336899113839,136.11215591430664,131.14266967773438,41.587425231933594,131.3131866455078,51.14641189575195,79.4605712890625,50.740631103515625,157.75167846679688,165.48184204101562,18.475936889648438,24.224592208862305,93.82834646025556
caltech_BACKGROUND_Google_009,data/processed/caltech_BACKGROUND_Google_009.png,500.0,296.0,1.6891891891891893,148000.0,122.01922607421875,58.5971794128418,2.990000009536743,252.947998046875,124.58550262451172,0.11589864864864866,0.028844594594594593,249.95799803733826,0.48022906567995055,0.9766349622130341,38.10199737548828,198.22801208496094,107.92523193359375,7.612452536494376,7.612452536494376,0.5581351351351351,103.51885223388672,144.69284057617188,3072.206298828125,968.1276245117188,1360.9136962890625,2.4691454950211926,0.7470963170866814,4.322176937972862,36.555992126464844,123.76762390136719,123.83841705322266,108.06636810302734,71.37335205078125,59.20478057861328,59.98308563232422,120.12591552734375,129.24705505371094,22.95928192138672,20.488554000854492,67.70821781961982
caltech_BACKGROUND_Google_010,data/processed/caltech_BACKGROUND_Google_010.png,500.0,500.0,1.0,250000.0,66.55169677734375,49.8109130859375,0.0,255.0,58.0,0.327116,0.010336,255.0,0.748454430908518,0.9999999960784314,5.0,135.0,61.0000057220459,7.272165835325875,7.272165835325875,0.306148,42.73360824584961,72.36824798583984,643.9449462890625,261.3269348144531,620.4490356445312,0.5726653306613245,0.8910503834345443,1.451225187651946,433.7991590499878,60.3714714050293,59.908294677734375,116.96892547607422,51.36013412475586,51.52737045288086,67.01522064208984,156.45216369628906,123.59187316894531,30.57436180114746,4.764119625091553,78.12936567983729
caltech_Faces_001,data/processed/caltech_Faces_001.png,510.0,337.0,1.513353115727003,171870.0,138.835205078125,50.587562561035156,0.0,254.70098876953125,152.1160125732422,0.03169837668004887,0.022220282771862453,254.70098876953125,0.36437128585791595,0.9999999960738276,65.15699768066406,197.11599731445312,83.07999420166016,7.505481484379489,7.505481484379489,0.495886425786932,71.01622772216797,110.99830627441406,2010.2022705078125,515.8399047851562,983.1876220703125,1.5590734292984565,0.8100297841100869,2.5109982668523516,19.709372520446777,146.8629608154297,136.94203186035156,127.5282974243164,57.03881072998047,50.07438659667969,47.97612762451172,121.6191177368164,133.7259063720703,9.208059310913086,12.206257820129395,36.97050660417176
caltech_Faces_002,data/processed/caltech_Faces_002.png,519.0,343.0,1.5131195335276968,178017.0,104.61036682128906,57.476436614990234,0.0,255.0,110.12600708007812,0.16509659189852655,0.009841756686159187,255.0,0.5494334625912033,0.9999999960784314,24.070999145507812,178.2989959716797,96.81299209594727,7.719945523299179,7.719945523299179,0.6607009442918373,102.80193328857422,128.45303344726562,2618.315673828125,819.327880859375,1092.3338623046875,2.1671391471851105,0.7436351882940988,3.0995049429951176,67.68267822265625,108.7683334350586,103.21583557128906,100.88544464111328,66.8373794555664,58.32769012451172,56.10698699951172,125.89789581298828,130.9657440185547,14.65196704864502,20.3187255859375,54.277415137822764
caltech_Faces_003,data/processed/caltech_Faces_003.png,492.0,325.0,1.5138461538461538,159900.0,158.24029541015625,77.57266235351562,1.7660000324249268,255.0,181.1009979248047,0.0720012507817386,0.32668542839274545,253.23399996757507,0.4902206587912889,0.9862442805875852,45.76100158691406,254.42999267578125,146.53900146484375,7.440926626204882,7.440926626204882,0.5619324577861163,78.6724853515625,99.42784881591797,1923.9281005859375,491.69024658203125,777.3305053710938,1.449767026097768,0.7635695382839165,3.6200885133157787,22.824910163879395,159.12310791015625,159.2412567138672,150.77073669433594,75.3104019165039,81.86595153808594,72.93789672851562,123.78467559814453,128.6296844482422,13.357242584228516,12.357396125793457,39.94385338442949
caltech_Faces_004,data/processed/caltech_Faces_004.png,538.0,355.0,1.5154929577464789,190990.0,103.97891235351562,57.527523040771484,0.0,253.63198852539062,87.75699615478516,0.15944290276977852,0.01641447196188282,253.63198852539062,0.5532614372029925,0.9999999960572797,32.97800064086914,183.81500244140625,101.84101104736328,7.584330353262516,7.584330353262516,0.5084768836064716,62.26504135131836,89.67454528808594,1320.334716796875,387.001708984375,824.1751098632812,1.0866435268965358,0.8041998616796817,2.6239415549533787,15.840640544891357,100.48270416259766,106.83798217773438,98.42707824707031,71.72354125976562,59.007816314697266,54.09107971191406,124.86691284179688,125.50626373291016,21.73578453063965,24.064817428588867,69.23843587165149
caltech_Faces_005,data/processed/caltech_Faces_005.png,528.0,349.0,1.512893982808023,184272.0,114.9539794921875,47.65861892700195,0.5870000123977661,254.41299438476562,106.88799285888672,0.037829947034818096,0.026037596596335852,253.82599437236786,0.4145886790778935,0.9953960743294641,63.909000396728516,189.9014892578125,60.21900177001953,7.473503656475751,7.473503656475751,0.3863256490405488,47.18458557128906,71.66232299804688,518.861328125,257.091552734375,580.9617309570312,0.5722973235610934,0.85683327215626,1.516508423823249,17.346580028533936,117.69004821777344,116.67061614990234,98.93867492675781,56.450096130371094,45.20889663696289,46.650325775146484,118.9620132446289,129.9515380859375,10.702078819274902,10.024066925048828,35.55828939846509
caltech_Faces_006,data/processed/caltech_Faces_006.png,513.0,339.0,1.5132743362831858,173907.0,95.17469787597656,57.53190612792969,0.0,253.74598693847656,74.70899963378906,0.14003461620291305,0.04195345788266142,253.74598693847656,0.6044873985143919,0.999999996059051,32.959598541259766,184.74900817871094,86.81950378417969,7.472244767242183,7.472244767242183,0.5288861287929756,71.4415283203125,103.06725311279297,1497.38623046875,518.2472534179688,972.3189086914062,1.2938337259742658,0.792142294633291,2.608606319944025,45.17724418640137,98.58784484863281,95.35800170898438,85.27880859375,66.05902862548828,56.089149475097656,55.10330581665039,122.41542053222656,130.43447875976562,11.214888572692871,13.52183723449707,39.957060998541316
caltech_Faces_007,data/processed/caltech_Faces_007.png,545.0,360.0,1.5138888888888888,196200.0,131.6916961669922,67.53199005126953,0.4560000002384186,255.0,129.38351440429688,0.062186544342507644,0.1414729867482161,254.54399999976158,0.5128037036809946,0.9964299096638721,50.999000549316406,249.77200317382812,106.90425872802734,7.608183403714772,7.608183403714772,0.4621967380224261,68.4660873413086,116.56328582763672,965.8471069335938,618.9251098632812,1375.3525390625,1.1167828235621697,0.8312416529419291,1.6578744856779266,26.379368782043457,137.0841827392578,130.27073669433594,124.86497497558594,72.6452407836914,66.78860473632812,66.61662292480469,124.14745330810547,131.8462677001953,10.808198928833008,11.585870742797852,35.91512410433362
caltech_Faces_008,data/processed/caltech_Faces_008.png,555.0,367.0,1.5122615803814714,203685.0,144.6168212890625,65.28370666503906,0.0,255.0,148.67300415039062,0.0248324618896826,0.22824459336720918,255.0,0.45142539873092297,0.9999999960784314,59.36800003051758,226.92698669433594,130.5170135498047,7.584686249856691,7.584686249856691,0.3310307582787147,42.14018249511719,73.26161193847656,482.9471435546875,218.77488708496094,580.5714721679688,0.5485900166423643,0.8772103448255089,1.1189069407472934,19.581462860107422,153.8528289794922,141.4182586669922,136.86228942871094,69.50617218017578,65.22200012207031,62.16475296020508,123.62386322021484,134.58773803710938,11.105558395385742,10.263593673706055,35.8251461595938
caltech_Faces_009,data/processed/caltech_Faces_009.png,504.0,333.0,1.5135135135135136,167832.0,128.79197692871094,50.539005279541016,0.5699999928474426,255.0,146.11599731445312,0.05386338719672053,0.010415177081843748,254.43000000715256,0.3924080217753579,0.995539378717118,55.24250030517578,181.2609100341797,88.65299987792969,7.253099956520178,7.253099956520178,0.32967491300824636,40.173274993896484,70.72012329101562,510.5914611816406,252.80995178222656,629.315185546875,0.5322024801900068,0.8833467131540176,1.165687167566592,11.895625591278076,136.30325317382812,126.93547058105469,118.65068817138672,57.13363265991211,49.48155212402344,48.085365295410156,122.27691650390625,133.35752868652344,6.995054244995117,11.716386795043945,33.31947475925323
caltech_Faces_010,data/processed/caltech_Faces_010.png,532.0,351.0,1.5156695156695157,186732.0,131.9624786376953,59.847450256347656,0.29899999499320984,253.17599487304688,138.23599243164062,0.030428635691793587,0.0698594777542146,252.87699487805367,0.4535186851645983,0.9976407890334961,53.071998596191406,211.72100830078125,113.86900329589844,7.618729675963136,7.618729675963136,0.3637084163399953,44.62259292602539,74.39947509765625,445.41339111328125,259.28515625,632.6956787109375,0.539221435964494,0.8756446535471578,1.1276260075370916,14.77910566329956,145.50782775878906,127.42192840576172,119.81547546386719,66.43756103515625,58.70702362060547,56.952293395996094,121.1450424194336,137.6614532470703,11.494588851928711,10.567551612854004,39.28269012624092
caltech_Faces_easy_001,data/processed/caltech_Faces_easy_001.png,290.0,334.0,0.8682634730538922,96860.0,137.0116424560547,52.221153259277344,0.2280000001192093,254.47299194335938,150.84298706054688,0.028866405120792898,0.02785463555647326,254.24499194324017,0.3811439082257767,0.9982096614741521,63.051002502441406,200.0989990234375,88.01373291015625,7.517928392920858,7.517928392920858,0.5383027049349577,62.739402770996094,89.93566131591797,1488.16943359375,382.9964599609375,734.4359741210938,1.1647025857860949,0.8121710139704388,2.343778770596732,17.912628650665283,151.084228515625,132.23257446289062,124.70995330810547,60.9218635559082,50.47787857055664,51.17238998413086,121.05773162841797,138.03750610351562,9.41950511932373,13.636295318603516,42.09830122473554
caltech_Faces_easy_002,data/processed/caltech_Faces_easy_002.png,263.0,332.0,0.7921686746987951,87316.0,105.755615234375,61.45775604248047,0.0,252.947998046875,116.01800537109375,0.20343350588666453,0.0126551834715287,252.947998046875,0.5811299506427927,0.9999999960466183,19.029001235961914,181.12600708007812,108.67325210571289,7.712669713675281,7.712669713675281,0.6754203124284209,87.97911834716797,109.63211822509766,1910.9639892578125,634.5147705078125,986.7570190429688,1.6199900468081494,0.7611727751738404,2.7825875398611757,45.74730682373047,115.38751220703125,103.01478576660156,94.60588836669922,72.96331024169922,60.33560562133789,57.39674377441406,121.70781707763672,134.87010192871094,14.81791877746582,18.246980667114258,54.325875416785976
caltech_Faces_easy_003,data/processed/caltech_Faces_easy_003.png,279.0,308.0,0.9058441558441559,85932.0,134.71359252929688,74.91179656982422,1.3250000476837158,255.0,103.05899810791016,0.07401200949588047,0.2220127542708188,253.67499995231628,0.5560819410071839,0.9896615582384238,43.94999694824219,240.13101196289062,138.64450073242188,7.61737971968367,7.61737971968367,0.5497719126751385,68.73753356933594,86.20077514648438,1441.378173828125,407.7394714355469,737.013916015625,1.1240873082385576,0.7825839828734809,3.105254572836134,29.84128475189209,141.14442443847656,132.11666870117188,131.21853637695312,70.5201187133789,80.48524475097656,68.61415100097656,126.02762603759766,132.58689880371094,10.85017204284668,13.777932167053223,39.621563138166664
caltech_Faces_easy_004,data/processed/caltech_Faces_easy_004.png,261.0,322.0,0.8105590062111802,84042.0,107.8497085571289,61.26648712158203,0.0,253.74598693847656,99.11499786376953,0.1988648532876419,0.024047500059494062,253.74598693847656,0.5680728058811197,0.999999996059051,32.0,189.13589477539062,117.15924072265625,7.563592429299674,7.563592429299674,0.5180623973727422,52.857303619384766,71.36434173583984,747.8844604492188,283.5329284667969,661.72265625,0.715048391954331,0.8265216857806441,1.9495530378733334,18.544851303100586,118.8271255493164,104.80686950683594,94.72598266601562,78.55924987792969,59.62336349487305,56.8013801574707,120.5938491821289,135.82981872558594,19.29329490661621,24.055734634399414,70.33849485541117
caltech_Faces_easy_005,data/processed/caltech_Faces_easy_005.png,290.0,330.0,0.8787878787878788,95700.0,122.11515045166016,57.73616027832031,0.0,252.78298950195312,113.56900024414062,0.06842215256008359,0.04617554858934169,252.78298950195312,0.4728009554258747,0.9999999960440377,49.0989990234375,202.10430908203125,96.95425415039062,7.711112461215761,7.711112461215761,0.5429153605015674,60.69378662109375,77.42841339111328,738.01025390625,329.6569519042969,627.5665283203125,0.7608407496849432,0.812105327679921,2.0231706174280792,12.53450870513916,129.8927764892578,120.72874450683594,108.85479736328125,68.65338897705078,54.179893493652344,56.915016174316406,120.51673126220703,133.54750061035156,10.65672492980957,12.170166015625,39.095971521859084
caltech_Faces_easy_006,data/processed/caltech_Faces_easy_006.png,289.0,329.0,0.878419452887538,95081.0,108.54427337646484,58.23389434814453,0.2280000001192093,253.63198852539062,88.94200134277344,0.0881984833983656,0.03473880165332716,253.40398852527142,0.5364989971389142,0.9982037303275293,42.108001708984375,188.9180145263672,100.87799453735352,7.643388467809005,7.643388467809005,0.6193771626297578,73.59711456298828,96.33660888671875,1701.611083984375,491.6079406738281,900.3510131835938,1.341753171678839,0.7776057665392089,2.915059236723653,43.47673988342285,119.14441680908203,105.93876647949219,94.15814208984375,67.67059326171875,56.14255905151367,55.46431350708008,119.88142395019531,135.56072998046875,11.56367015838623,12.726183891296387,42.23858095651095
caltech_Faces_easy_007,data/processed/caltech_Faces_easy_007.png,276.0,342.0,0.8070175438596491,94392.0,141.5415496826172,65.26344299316406,0.0,255.0,147.0550079345703,0.04887066700567845,0.15430333079074499,255.0,0.4610903489358133,0.9999999960784314,54.62299728393555,247.84300231933594,102.3330078125,7.618435643684782,7.618435643684782,0.5385625900500043,69.36524200439453,110.1041259765625,950.1268920898438,599.4605712890625,1394.3831787109375,1.0729426545666296,0.8163092782079076,1.9778774040506566,13.66907787322998,152.2342529296875,137.71470642089844,133.20156860351562,71.40209197998047,64.06466674804688,62.98122024536133,123.29345703125,135.6267547607422,9.757102966308594,10.99111270904541,35.898025695348366
caltech_Faces_easy_008,data/processed/caltech_Faces_easy_008.png,287.0,335.0,0.8567164179104477,96145.0,126.06554412841797,63.25341796875,0.5870000123977661,255.0,106.20899963378906,0.04360081127463727,0.11613708461178428,254.41299998760223,0.5017502435286045,0.995406648146638,54.825801849365234,217.7969970703125,116.55598449707031,7.620530765696476,7.620530765696476,0.48310364553538926,52.817420959472656,75.14693450927734,582.0413208007812,273.7819519042969,575.1270141601562,0.6530060701349365,0.8415582980442853,1.3890636986766371,15.16556692123413,141.00128173828125,120.01689910888672,118.03718566894531,70.58622741699219,60.97380447387695,65.14961242675781,123.46932220458984,138.6531524658203,11.845632553100586,12.106651306152344,42.052947508284404
caltech_Faces_easy_009,data/processed/caltech_Faces_easy_009.png,263.0,324.0,0.8117283950617284,85212.0,134.7490234375,52.83852005004883,1.5379999876022339,254.20199584960938,155.62200927734375,0.06280805520349246,0.012791625592639534,252.66399586200714,0.39212543668215327,0.9879721552621961,53.01399612426758,186.59169006347656,92.24999237060547,7.328145647689942,7.328145647689942,0.45108670140355817,46.55998992919922,67.53134155273438,507.1457214355469,250.5261993408203,541.0197143554688,0.5522128401606482,0.8573857802566728,1.4060260067210146,6.357163429260254,150.50465393066406,129.47410583496094,120.58621978759766,58.80658721923828,52.26090621948242,51.80051040649414,120.00745391845703,139.23797607421875,7.90119743347168,12.9778470993042,40.32044946818671
caltech_Faces_easy_010,data/processed/caltech_Faces_easy_010.png,264.0,331.0,0.797583081570997,87384.0,131.0855255126953,63.94196319580078,3.2890000343322754,252.947998046875,147.0590057373047,0.039732674173761785,0.0673006500045775,249.65899801254272,0.4877881250269698,0.9743284494735289,47.913002014160156,209.04100036621094,124.4830093383789,7.530775831093384,7.530775831093384,0.4817815618419848,50.603336334228516,71.09046936035156,441.9998779296875,303.554443359375,698.4671020507812,0.5611086665093464,0.8479388591028004,1.3759871948164175,8.027114629745483,152.64260864257812,123.37543487548828,114.24566650390625,73.17604064941406,61.253692626953125,60.92539978027344,118.49669647216797,143.37594604492188,11.184539794921875,10.904067993164062,43.33284729571457
caltech_Leopards_001,data/processed/caltech_Leopards_001.png,192.0,128.0,1.5,24576.0,102.42950439453125,33.14202880859375,0.0,250.55398559570312,107.8125,0.056559244791666664,0.0037434895833333335,250.55398559570312,0.32355939512681875,0.9999999960088441,68.25,130.28298950195312,27.665504455566406,6.627669114338229,6.627669114338229,0.6041259765625,80.51966094970703,99.0342788696289,3815.414794921875,638.0197143554688,813.5796508789062,2.134737953649119,0.7427591594961873,5.859411010252732,12.522216320037842,109.38443756103516,106.213623046875,64.70316314697266,37.734336853027344,32.84421157836914,25.99510383605957,106.7097396850586,132.96070861816406,6.027102470397949,5.507634162902832,29.667591657490625
caltech_Leopards_002,data/processed/caltech_Leopards_002.png,192.0,128.0,1.5,24576.0,77.61358642578125,32.36274337768555,0.0,250.66799926757812,77.89600372314453,0.08939615885416667,0.0032145182291666665,250.66799926757812,0.41697265196809435,0.9999999960106596,43.10700225830078,109.89599609375,29.537994384765625,6.771778023293818,6.771778023293818,0.8045247395833334,86.15912628173828,77.44054412841797,2599.798583984375,471.8274230957031,544.6471557617188,1.6082424875637265,0.6910602277907503,5.7887119515364995,15.662206649780273,85.0670166015625,79.46590423583984,48.52689743041992,37.35236740112305,31.651506423950195,24.759967803955078,111.58538818359375,133.31626892089844,5.820755481719971,4.69845724105835,25.456739627040577
caltech_Leopards_003,data/processed/caltech_Leopards_003.png,192.0,128.0,1.5,24576.0,133.92543029785156,56.687660217285156,0.0,250.19500732421875,133.63800048828125,0.06453450520833333,0.0125732421875,250.19500732421875,0.4232777872576808,0.9999999960031177,63.0109977722168,199.8249969482422,93.23700714111328,7.34601992169978,7.34601992169978,0.6455078125,103.90396881103516,134.48797607421875,5034.93359375,1262.1571044921875,1816.438232421875,3.0021211660551597,0.694614354678532,7.97054162942123,22.449918270111084,146.6900634765625,130.9004669189453,116.02217864990234,57.200035095214844,55.044185638427734,70.52556610107422,117.89657592773438,137.1045684814453,14.163229942321777,7.481307029724121,40.388259481392076
caltech_Leopards_004,data/processed/caltech_Leopards_004.png,192.0,128.0,1.5,24576.0,129.4371795654297,40.34682083129883,0.0,251.35198974609375,144.00900268554688,0.061116536458333336,0.0026448567708333335,251.35198974609375,0.3117096699344727,0.9999999960215155,76.63800048828125,159.15699768066406,32.40800476074219,6.635335964647697,6.635335964647697,0.644775390625,99.77410888671875,125.0986099243164,6007.09912109375,1099.925537109375,1417.6282958984375,3.2426180028788965,0.6963403606696532,8.718370830392876,19.822064876556396,145.0646514892578,130.4364471435547,83.30399322509766,43.856712341308594,40.85237121582031,31.050308227539062,101.9654769897461,139.14654541015625,8.098407745361328,4.082879066467285,35.07269754588742
caltech_Leopards_005,data/processed/caltech_Leopards_005.png,192.0,128.0,1.5,24576.0,105.97259521484375,33.50029373168945,0.0,250.32598876953125,112.08900451660156,0.056396484375,0.005940755208333333,250.32598876953125,0.31612223280604135,0.9999999960052091,72.20349884033203,130.8610076904297,26.20275115966797,6.518631690047325,6.518631690047325,0.6763509114583334,83.26079559326172,100.10307312011719,2224.159423828125,671.94970703125,911.1404418945312,1.5928659660956965,0.7362835203429781,4.7583193743816246,9.28426992893219,108.9864501953125,112.83451080322266,62.73494338989258,36.257877349853516,34.347801208496094,25.716140747070312,103.59952545166016,130.149658203125,7.11342191696167,4.632347583770752,31.676024993645633
caltech_Leopards_006,data/processed/caltech_Leopards_006.png,192.0,128.0,1.5,24576.0,101.21883392333984,37.041072845458984,0.0,251.00999450683594,105.9179916381836,0.0819091796875,0.0004069010416666667,251.00999450683594,0.3659503972112779,0.9999999960160949,51.70549774169922,141.85150146484375,40.79749298095703,7.001198166763707,7.001198166763707,0.8594970703125,102.2322006225586,87.4118881225586,2072.727294921875,644.5909423828125,668.6654663085938,1.5950036115004596,0.675723064857178,4.536082756853827,17.67643904685974,114.57275390625,100.88497161865234,67.91324615478516,43.41451644897461,36.106903076171875,27.96980094909668,109.20452117919922,137.52488708496094,7.090425968170166,6.215868949890137,31.853328262610844
caltech_Leopards_007,data/processed/caltech_Leopards_007.png,192.0,128.0,1.5,24576.0,85.91251373291016,34.81071853637695,0.0,249.52798461914062,91.29650115966797,0.1134033203125,0.0010579427083333333,249.52798461914062,0.4051879827356765,0.9999999959924335,33.94000244140625,122.3810043334961,39.730247497558594,6.939478677283862,6.939478677283862,0.8175048828125,107.84252166748047,94.23140716552734,2615.66162109375,631.8436889648438,599.4105224609375,1.91914458111748,0.6704837074587127,5.196628125741778,28.09669589996338,98.72061920166016,85.65670013427734,53.63651657104492,39.52828598022461,34.27573776245117,27.034473419189453,109.78555297851562,137.13558959960938,6.275842666625977,4.585752964019775,27.93492433118268
caltech_Leopards_008,data/processed/caltech_Leopards_008.png,192.0,128.0,1.5,24576.0,109.2205810546875,41.556114196777344,0.0,250.6169891357422,119.14799499511719,0.07706705729166667,0.004638671875,250.6169891357422,0.38047878353156833,0.9999999960098476,52.917999267578125,150.90899658203125,50.298255920410156,7.128547637055425,7.128547637055425,0.66650390625,105.3006591796875,113.3600082397461,4688.580078125,891.1289672851562,957.9153442382812,2.7629932961791077,0.6607664114563634,8.520177008084884,20.58066177368164,117.73868560791016,112.5546875,69.7115478515625,47.215049743652344,41.244529724121094,34.10467529296875,105.70370483398438,134.07566833496094,8.018738746643066,7.150989055633545,35.73759903973643
caltech_Leopards_009,data/processed/caltech_Leopards_009.png,192.0,128.0,1.5,24576.0,86.22698211669922,26.785877227783203,0.0,202.80099487304688,89.17399597167969,0.059773763020833336,0.0,202.80099487304688,0.310643794547831,0.9999999950690578,62.70800018310547,110.18099975585938,22.873008728027344,6.3380759439443075,6.3380759439443075,0.678466796875,71.2149658203125,78.94129180908203,2040.0592041015625,414.357421875,513.4519653320312,1.328783315125531,0.7668203114349063,3.982139765246939,17.75235414505005,96.99385833740234,87.36539459228516,52.12565231323242,30.43681526184082,26.557466506958008,20.349882125854492,108.75546264648438,135.6796417236328,5.160499095916748,3.8176465034484863,25.37044104864489
caltech_Leopards_010,data/processed/caltech_Leopards_010.png,192.0,128.0,1.5,24576.0,99.67069244384766,32.790489196777344,0.0,247.70399475097656,107.10499572753906,0.06416829427083333,0.0022379557291666665,247.70399475097656,0.3289882719161657,0.9999999959629234,58.89599609375,128.7705078125,32.187255859375,6.617834237345347,6.617834237345347,0.4378255208333333,63.57048034667969,91.47688293457031,1798.9080810546875,504.8733825683594,764.3329467773438,1.2305631707685754,0.8006078717879888,3.7683460472744175,20.487209796905518,97.11783599853516,108.38875579833984,61.47603225708008,37.785953521728516,33.25912857055664,28.112632751464844,106.4454574584961,126.17910766601562,11.599774360656738,7.7446818351745605,40.97995215968689
caltech_Motorbikes_001,data/processed/caltech_Motorbikes_001.png,262.0,161.0,1.6273291925465838,42182.0,213.7678680419922,76.65865325927734,0.0,255.0,255.0,0.07268503153003651,0.7477360011379262,255.0,0.3586069955359786,0.9999999960784314,63.0,255.0,42.0,3.866999673326291,3.866999673326291,0.29498364231188656,84.59452056884766,177.2861328125,3304.02880859375,1170.179443359375,2377.90771484375,2.6214167759359155,0.847025108429589,3.8819262986018868,10.872817516326904,213.30209350585938,213.82656860351562,214.68716430664062,77.44841766357422,76.57945251464844,75.28987884521484,128.518798828125,127.66779327392578,2.7683916091918945,2.0666346549987793,7.363214903001509
caltech_Motorbikes_002,data/processed/caltech_Motorbikes_002.png,263.0,162.0,1.623456790123457,42606.0,212.5430145263672,78.0406494140625,0.0,255.0,255.0,0.0777355302070131,0.7477350607895602,255.0,0.3671757889610873,0.9999999960784314,56.98100280761719,255.0,43.0,3.8454190259602186,3.8454190259602186,0.29897197577805945,86.36604309082031,179.84622192382812,3848.67529296875,1262.3265380859375,2348.3564453125,2.906081347059964,0.842834119061836,4.212581844702258,30.70907497406006,213.47164916992188,211.79298400878906,213.9695587158203,76.39176940917969,79.49247741699219,75.3427734375,128.80503845214844,128.662353515625,3.107842206954956,2.3774657249450684,8.666994896338304
caltech_Motorbikes_003,data/processed/caltech_Motorbikes_003.png,263.0,163.0,1.6134969325153374,42869.0,209.17108154296875,77.61360168457031,0.0,255.0,255.0,0.056241106627166484,0.7145956285427698,255.0,0.3710532103242647,0.9999999960784314,66.38600158691406,255.0,72.0,4.235611715803344,4.235611715803344,0.32673960204343466,89.34263610839844,173.1835174560547,3522.02734375,1252.724365234375,2301.9365234375,2.700234812489426,0.8319833404088428,4.086818739906283,20.35444164276123,213.03375244140625,207.73269653320312,206.44650268554688,72.48108673095703,79.8641357421875,81.81743621826172,126.46241760253906,130.75511169433594,4.377137660980225,7.903909683227539,20.898962588203695
caltech_Motorbikes_004,data/processed/caltech_Motorbikes_004.png,262.0,150.0,1.7466666666666666,39300.0,209.0162353515625,77.62157440185547,0.0,255.0,255.0,0.060712468193384224,0.713409669211196,255.0,0.3713662429137659,0.9999999960784314,67.8853988647461,255.0,71.8487548828125,4.111662032853017,4.111662032853017,0.33119592875318066,88.59359741210938,168.42984008789062,3835.197998046875,1220.6090087890625,2199.38525390625,2.7793813422256095,0.8246951862573069,4.470589726590101,2.0643771290779114,208.77127075195312,209.12757873535156,209.08541870117188,77.9853744506836,77.47806549072266,77.57524871826172,128.03903198242188,127.82526397705078,1.4433436393737793,1.7459224462509155,4.794393162493631
caltech_Motorbikes_005,data/processed/caltech_Motorbikes_005.png,262.0,166.0,1.5783132530120483,43492.0,211.73452758789062,78.22848510742188,0.0,255.0,255.0,0.0716223673319231,0.7424813758852202,255.0,0.36946494097654636,0.9999999960784314,57.0,255.0,49.0,3.8603995642379623,3.8603995642379623,0.2963763450749563,83.71304321289062,171.34298706054688,3784.961181640625,1207.5567626953125,2324.868408203125,2.754411332664647,0.8404799239624552,4.272943792255848,2.303856134414673,211.76528930664062,211.6719207763672,211.9761962890625,78.2371826171875,78.33162689208984,77.7226791381836,128.1363983154297,128.02194213867188,0.9757316708564758,0.8298907279968262,2.694637785696826
caltech_Motorbikes_006,data/processed/caltech_Motorbikes_006.png,262.0,163.0,1.607361963190184,42706.0,213.31900024414062,76.5395278930664,0.0,255.0,255.0,0.06900669695124807,0.7458670912752307,255.0,0.35880314199234403,0.9999999960784314,65.06550598144531,255.0,44.8544921875,3.767407449920917,3.767407449920917,0.2965625439048377,81.18123626708984,162.34323120117188,3155.779052734375,1188.8497314453125,2154.689697265625,2.3619736720201483,0.841391114022554,4.046301937455811,1.1490216255187988,213.36766052246094,213.33082580566406,213.13040161132812,76.51206970214844,76.51484680175781,76.79646301269531,127.8935775756836,128.0347137451172,0.8492426872253418,0.9804456233978271,2.7442926405186308
caltech_Motorbikes_007,data/processed/caltech_Motorbikes_007.png,262.0,138.0,1.8985507246376812,36156.0,214.1884307861328,72.7974853515625,0.0,255.0,255.0,0.06419404801416086,0.7197698860493418,255.0,0.3398758968656664,0.9999999960784314,84.0,255.0,62.0,4.117156274709218,4.117156274709218,0.31900652727071577,92.30054473876953,180.51344299316406,3594.147705078125,1368.1680908203125,2463.995849609375,2.808838041805111,0.8332710417087228,4.27437511222606,0.7184334993362427,214.2614288330078,214.13372802734375,214.27870178222656,72.76441955566406,72.85405731201172,72.68305969238281,128.0509490966797,128.0520477294922,1.1464195251464844,1.1582531929016113,3.389776794210255
caltech_Motorbikes_008,data/processed/caltech_Motorbikes_008.png,262.0,143.0,1.832167832167832,37466.0,210.64593505859375,75.37039947509766,0.0,255.0,255.0,0.05487642128863503,0.7145144931404473,255.0,0.35780609341607456,0.9999999960784314,67.8915023803711,255.0,69.00001525878906,4.218708705630748,4.218708705630748,0.3373191693802381,89.38475036621094,167.79566955566406,3706.09814453125,1236.77783203125,2067.176025390625,2.7075727361829327,0.8210613315266788,4.750873103593508,8.641075849533081,211.15155029296875,210.30487060546875,211.07601928710938,74.66877746582031,75.90731811523438,74.68151092529297,128.24270629882812,128.3606414794922,1.8843753337860107,1.6387102603912354,5.4124817739065945
caltech_Motorbikes_009,data/processed/caltech_Motorbikes_009.png,262.0,153.0,1.7124183006535947,40086.0,208.82470703125,78.6028823852539,0.0,255.0,255.0,0.06161752232699696,0.7202265129970563,255.0,0.37640604469798283,0.9999999960784314,58.55999755859375,255.0,69.00001525878906,4.15326337949145,4.15326337949145,0.3153470039415257,86.6536865234375,173.2353973388672,4903.0205078125,1227.1553955078125,2305.063232421875,3.2148319602217983,0.8265299072152067,5.44594648206431,56.64587116241455,212.18692016601562,207.47747802734375,206.94338989257812,73.48631286621094,80.91907501220703,81.808837890625,126.93830871582031,130.3981475830078,3.1789746284484863,7.097805023193359,18.04032779392237
caltech_Motorbikes_010,data/processed/caltech_Motorbikes_010.png,263.0,148.0,1.777027027027027,38924.0,204.51393127441406,85.43023681640625,0.0,255.0,255.0,0.10063200082211489,0.7202754084883363,255.0,0.41772331041866184,0.9999999960784314,39.023597717285156,255.0,87.0,4.018247805262655,4.018247805262655,0.3115044702497174,91.51646423339844,182.94129943847656,3803.44091796875,1362.8768310546875,2353.87548828125,2.9188340210519508,0.8345700762564794,4.322098363278064,6.576297044754028,205.3103485107422,204.36123657226562,203.21115112304688,84.71273803710938,85.64542388916016,86.96993255615234,127.26480102539062,128.5680694580078,4.6671857833862305,3.427025556564331,12.272761142595593
caltech_accordion_001,data/processed/caltech_accordion_001.png,260.0,300.0,0.8666666666666667,78000.0,77.74362182617188,88.00348663330078,0.0,255.0,27.11600112915039,0.5574743589743589,0.12306410256410256,255.0,1.1319704875352812,0.9999999960784314,0.0,222.88998413085938,151.9839973449707,6.694664604873019,6.694664604873019,0.594525641025641,157.86985778808594,214.39500427246094,20790.294921875,2392.311767578125,2598.25146484375,9.386880351261624,0.6549722933779292,24.42010751010444,4.302397072315216,78.55277252197266,78.68631744384766,70.76731872558594,88.38431549072266,88.67009735107422,84.19396209716797,124.06304168701172,128.57713317871094,5.534395217895508,2.037175416946411,14.08190700166252
caltech_accordion_002,data/processed/caltech_accordion_002.png,232.0,300.0,0.7733333333333333,69600.0,45.960121154785156,67.69237518310547,0.0,254.77198791503906,16.01300048828125,0.7493965517241379,0.061939655172413795,254.77198791503906,1.4728502016406773,0.9999999960749217,0.0,171.91969299316406,30.9320011138916,6.0772702864853985,6.0772702864853985,0.4863218390804598,118.41796112060547,201.60414123535156,19093.212890625,1740.150390625,2742.62744140625,8.221060660146119,0.733121454607325,19.954139211799788,19.79183340072632,46.8624153137207,45.1766242980957,47.6279182434082,71.4273910522461,67.10575866699219,63.361263275146484,128.9412078857422,128.64356994628906,8.127198219299316,5.611680030822754,20.630623495877522
caltech_accordion_003,data/processed/caltech_accordion_003.png,300.0,282.0,1.0638297872340425,84600.0,120.90360260009766,79.44856262207031,0.0,255.0,142.78399658203125,0.19068557919621748,0.09209219858156029,255.0,0.6571231977903275,0.9999999960784314,0.0,212.2650146484375,132.81750106811523,7.076980230006173,7.076980230006173,0.6537706855791963,116.39806365966797,156.38275146484375,7679.462890625,1448.8511962890625,2060.909912109375,3.900043610534226,0.6788582275318222,14.835647973899988,39.64767551422119,149.0467071533203,111.51060485839844,95.45547485351562,87.03958892822266,78.86441802978516,71.31082153320312,113.63874816894531,148.07351684570312,10.4851713180542,13.85007381439209,51.36605244106089
caltech_accordion_004,data/processed/caltech_accordion_004.png,300.0,199.0,1.5075376884422111,59700.0,77.176513671875,71.48149108886719,0.0,255.0,51.88699722290039,0.4198994974874372,0.028693467336683418,255.0,0.926207815846299,0.9999999960784314,0.0,185.11000061035156,130.67024517059326,6.92573408568605,6.92573408568605,0.6583249581239531,108.85295867919922,144.1285858154297,7270.00732421875,1148.362060546875,1676.8326416015625,3.719195928546484,0.6835471605940824,13.293564132083588,70.45914649963379,95.58660125732422,71.19448852539062,59.692665100097656,75.83221435546875,72.24746704101562,68.96617889404297,118.13326263427734,141.13128662109375,10.60351848602295,14.791285514831543,48.057961425644194
caltech_accordion_005,data/processed/caltech_accordion_005.png,223.0,300.0,0.7433333333333333,66900.0,39.38444137573242,41.70240783691406,0.0,148.84300231933594,27.071001052856445,0.6003886397608371,0.0,148.84300231933594,1.0588548503256177,0.9999999932815116,0.0,109.72900390625,72.84300231933594,5.706512903313186,5.706512903313186,0.4068759342301943,45.91194152832031,64.41999816894531,701.9708251953125,235.06307983398438,347.41162109375,0.5501296425180224,0.851154685194247,3.0301365760935797,0.33775670640170574,39.91227340698242,39.53810119628906,37.2088508605957,42.31462097167969,41.92749786376953,39.015480041503906,126.7722396850586,128.37646484375,1.956512212753296,0.6153587698936462,4.831456353789479
caltech_accordion_006,data/processed/caltech_accordion_006.png,300.0,270.0,1.1111111111111112,81000.0,81.88904571533203,94.15155029296875,0.0,255.0,19.982999801635742,0.5631358024691357,0.17471604938271604,255.0,1.1497453453117414,0.9999999960784314,0.0,236.0,170.84299993515015,6.4831362310090555,6.4831362310090555,0.6257160493827161,136.090576171875,205.37147521972656,11985.234375,2296.352783203125,3044.800537109375,5.878390707102527,0.7260269465315365,17.733368190844157,2.7158586382865906,81.04801177978516,81.67469024658203,85.19863891601562,94.57386779785156,94.20828247070312,92.87222290039062,129.8677215576172,127.4001235961914,2.135709285736084,1.2547663450241089,6.146513963639531
caltech_accordion_007,data/processed/caltech_accordion_007.png,300.0,225.0,1.3333333333333333,67500.0,76.99919891357422,89.01329040527344,0.0,255.0,31.0,0.5553185185185185,0.1406074074074074,255.0,1.1560287704961107,0.9999999960784314,0.0,236.0,156.0,6.582871510282143,6.582871510282143,0.6508888888888889,129.8497772216797,187.80897521972656,10370.7744140625,1839.769775390625,2761.63525390625,5.136121471372828,0.7021544324062163,16.198677537170266,0.0,76.99919891357422,76.99919891357422,76.99919891357422,89.01329040527344,89.01329040527344,89.01329040527344,128.0,128.0,0.0,6.849165288258519e-07,0.0
caltech_accordion_008,data/processed/caltech_accordion_008.png,300.0,238.0,1.2605042016806722,71400.0,108.08216857910156,108.32772064208984,0.0,255.0,78.0,0.45323529411764707,0.3331372549019608,255.0,1.002271892430958,0.9999999960784314,0.0,255.0,238.00001525878906,5.627373137071016,5.627373137071016,0.5066246498599439,147.10635375976562,249.46240234375,23497.4609375,3303.273681640625,4041.514404296875,10.315448724569773,0.7512411391846228,24.276034988180392,5.139024257659912,111.5997314453125,108.81761932373047,95.06941223144531,110.74797821044922,109.80610656738281,106.4680404663086,120.65644073486328,130.5089569091797,25.84600257873535,8.21170425415039,58.431874584747746
caltech_accordion_009,data/processed/caltech_accordion_009.png,209.0,300.0,0.6966666666666667,62700.0,114.04562377929688,84.17334747314453,0.0,255.0,103.22100830078125,0.23559808612440192,0.20159489633173844,255.0,0.7380673097809609,0.9999999960784314,0.0,232.8050079345703,152.739501953125,7.027763540996755,7.027763540996755,0.6439074960127592,132.24229431152344,170.04515075683594,10843.9013671875,1646.43701171875,2101.07666015625,5.298279395566292,0.6402144342738358,19.097463734288628,4.65959107875824,120.10552215576172,111.18323516845703,112.89043426513672,87.19296264648438,84.42583465576172,84.71741485595703,127.34808349609375,132.32232666015625,6.164165019989014,14.80811882019043,36.67584366693704
caltech_accordion_010,data/processed/caltech_accordion_010.png,300.0,225.0,1.3333333333333333,67500.0,71.1245346069336,54.84300994873047,0.0,253.72900390625,71.91600036621094,0.27903703703703703,0.034,253.72900390625,0.7710842605963404,0.9999999960587872,0.0,127.039794921875,59.13975143432617,6.542601827754217,6.542601827754217,0.6619555555555555,84.13581085205078,118.07829284667969,5406.01513671875,764.9992065429688,1346.8541259765625,2.6598637322822114,0.7054999481324791,11.07178395403965,63.1961989402771,83.66706848144531,65.7393798828125,65.95669555664062,58.3654670715332,55.862247467041016,54.173789978027344,125.0836181640625,136.94618225097656,3.813185930252075,14.42434310913086,37.723203905001434
caltech_airplanes_001,data/processed/caltech_airplanes_001.png,398.0,164.0,2.426829268292683,65272.0,175.56671142578125,62.36759567260742,0.0,255.0,187.17050170898438,0.040001838460595664,0.3266638068390734,255.0,0.3552358804860152,0.9999999960784314,89.91570281982422,254.2449951171875,84.89048767089844,7.19331610855658,7.19331610855658,0.4377527883319034,63.916561126708984,101.13509368896484,728.010986328125,423.3334045410156,821.810546875,0.8748808918396764,0.8457188642053477,1.3119323827564213,22.914895057678223,183.35943603515625,176.7390899658203,149.09115600585938,56.445743560791016,64.09187316894531,79.86731719970703,113.0589370727539,133.5582733154297,16.839841842651367,12.315780639648438,51.68785287290968
caltech_airplanes_002,data/processed/caltech_airplanes_002.png,401.0,184.0,2.1793478260869565,73784.0,192.9023895263672,66.19758605957031,4.185999870300293,255.0,214.88600158691406,0.07161444215548086,0.4985091618779139,250.8140001296997,0.34316622971306304,0.9676988698753447,70.80799865722656,250.01898193359375,51.826263427734375,7.060775154724751,7.060775154724751,0.15721565651089667,35.403358459472656,93.33375549316406,290.95550537109375,421.4126892089844,1291.2640380859375,0.5221503988306733,0.9170643241314304,0.744373343700433,68.77618312835693,210.73880004882812,189.27645874023438,164.79127502441406,55.267478942871094,74.44265747070312,70.41099548339844,112.13594055175781,140.72210693359375,7.086757183074951,20.0617733001709,57.4678861920132
caltech_airplanes_003,data/processed/caltech_airplanes_003.png,393.0,165.0,2.381818181818182,64845.0,150.36822509765625,65.31836700439453,1.0260000228881836,255.0,138.18699645996094,0.059927519469504205,0.22251522862209885,253.97399997711182,0.4343894232148066,0.9919851849516139,76.44039916992188,255.0,59.00598907470703,6.652054681975037,6.652054681975037,0.4440434883182975,64.53675079345703,102.42660522460938,853.1746826171875,583.0701293945312,1011.0803833007812,0.9514838990216004,0.8337232655749256,1.6161107788805624,50.6923713684082,170.083984375,147.80828857421875,111.83903503417969,64.28382873535156,68.0832290649414,89.80089569091797,106.25666046142578,142.0625762939453,29.251859664916992,21.503450393676758,89.06105723052272
caltech_airplanes_004,data/processed/caltech_airplanes_004.png,393.0,170.0,2.3117647058823527,66810.0,132.18460083007812,62.459510803222656,0.8969999551773071,255.0,121.16099548339844,0.06347852117946415,0.13610237988325102,254.1030000448227,0.4725172973135985,0.992989363284219,57.124000549316406,254.10299682617188,66.11549377441406,7.334050679305673,7.334050679305673,0.6870827720401138,94.65068054199219,113.0799789428711,1541.6632080078125,689.7890625,968.782958984375,1.5255390658454084,0.7365361968796423,2.647204689917504,39.7724609375,152.1962127685547,132.62579345703125,77.42625427246094,64.65278625488281,62.82207489013672,83.76305389404297,97.09799194335938,142.27357482910156,25.749998092651367,17.835338592529297,83.64592754951516
caltech_airplanes_005,data/processed/caltech_airplanes_005.png,395.0,176.0,2.2443181818181817,69520.0,142.2570037841797,72.33596801757812,0.0,255.0,135.281005859375,0.07861047180667434,0.22800632911392404,255.0,0.5084879168327785,0.9999999960784314,45.181697845458984,255.0,82.87126922607422,7.058195926076297,7.058195926076297,0.6097238204833142,82.20953369140625,114.43797302246094,859.460205078125,784.7052001953125,1346.632080078125,1.133116174434702,0.8001327358142636,1.6532098628195653,66.90641593933105,147.4169464111328,150.55833435058594,85.97889709472656,74.07000732421875,71.46707916259766,94.89644622802734,96.24034881591797,131.68038940429688,31.00784683227539,8.068102836608887,82.42408528383505
caltech_airplanes_006,data/processed/caltech_airplanes_006.png,393.0,147.0,2.673469387755102,57771.0,164.28836059570312,79.3387222290039,1.4839999675750732,255.0,193.06199645996094,0.07526267504457254,0.2984542417475896,253.51600003242493,0.4829235708385016,0.9884281244679844,51.94300079345703,255.0,159.81748962402344,6.758703963006004,6.758703963006004,0.3543819563448789,58.41776657104492,118.12919616699219,880.6770629882812,643.8153076171875,1469.9486083984375,1.0271089169234773,0.8675505594394513,1.3437602684617598,16.272684574127197,167.2084503173828,166.58485412597656,144.8046875,71.28842163085938,80.76380157470703,99.91314697265625,117.00469970703125,130.08277893066406,15.960163116455078,12.097105979919434,47.202684717103374
caltech_airplanes_007,data/processed/caltech_airplanes_007.png,391.0,148.0,2.641891891891892,57868.0,186.94473266601562,67.56643676757812,2.0929999351501465,255.0,209.3260040283203,0.04829957835072925,0.44511647197069193,252.90700006484985,0.3614246598050112,0.9837179508774097,65.79039764404297,255.0,76.16400146484375,6.961252051327159,6.961252051327159,0.4120411972074376,65.98944091796875,110.99543762207031,984.5640258789062,588.6687622070312,1117.9901123046875,1.0539385138489998,0.8378230980032416,1.6610886090086245,70.84648895263672,185.98220825195312,189.41697692871094,176.73944091796875,60.54508590698242,70.99307250976562,82.7982177734375,122.24080657958984,127.31344604492188,16.82988166809082,15.124079704284668,49.63483130167079
caltech_airplanes_008,data/processed/caltech_airplanes_008.png,395.0,149.0,2.651006711409396,58855.0,111.82965087890625,67.68143463134766,0.5270000100135803,255.0,91.77200317382812,0.07897374904426133,0.15186475235748875,254.47299998998642,0.6052190406944654,0.9958751872958198,45.762001037597656,249.5778045654297,61.28350067138672,7.240341275766988,7.240341275766988,0.7042902047404639,102.60740661621094,127.86029052734375,1646.8709716796875,927.431396484375,1511.2919921875,1.7560630423712469,0.7511044523342989,2.0119532105203897,67.25107002258301,117.92279052734375,111.64791107177734,96.78433227539062,66.23306274414062,69.17568969726562,71.96076202392578,119.50941467285156,132.3460235595703,13.524563789367676,9.42119312286377,39.03379539836539
caltech_airplanes_009,data/processed/caltech_airplanes_009.png,392.0,161.0,2.4347826086956523,63112.0,169.92835998535156,78.040283203125,0.0,255.0,203.04150390625,0.04252757003422487,0.469863100519711,255.0,0.4592540218160073,0.9999999960784314,67.22200012207031,255.0,146.8369903564453,6.912448133321869,6.912448133321869,0.4551907719609583,67.4330825805664,110.5960693359375,905.7846069335938,573.9066162109375,1194.308349609375,1.0385459852064642,0.8311479601639548,1.5806859688014678,62.549126625061035,180.66000366210938,168.90811157226562,147.03472900390625,69.55387878417969,78.89649200439453,101.51966094970703,115.08033752441406,135.65452575683594,16.736284255981445,10.50680923461914,48.86132689722025
caltech_airplanes_010,data/processed/caltech_airplanes_010.png,397.0,137.0,2.897810218978102,54389.0,147.92576599121094,91.77872467041016,0.7979999780654907,255.0,116.73500061035156,0.17420802000404492,0.4395741786022909,254.2020000219345,0.6204377137071949,0.9937606980897875,19.645999908447266,253.87498474121094,167.13400268554688,6.95928773034603,6.95928773034603,0.3778521392193274,53.20709228515625,104.27815246582031,775.6090087890625,536.8882446289062,1428.712158203125,0.869408162133942,0.8675251711960132,1.2961227278866883,18.14987564086914,161.22097778320312,145.10415649414062,127.58381652832031,88.75337219238281,92.90026092529297,98.80940246582031,116.52034759521484,137.4830322265625,14.187995910644531,7.516903400421143,41.22497262408621
caltech_anchor_001,data/processed/caltech_anchor_001.png,300.0,187.0,1.6042780748663101,56100.0,11.014728546142578,25.57790756225586,0.0,232.18099975585938,0.0,0.8680392156862745,5.3475935828877e-05,232.18099975585938,2.3221548432129584,0.9999999956930153,0.0,60.66499710083008,1.2879999876022339,2.5202786397969206,2.5202786397969206,0.1638680926916221,20.56113624572754,53.74422073364258,316.029541015625,134.61483764648438,356.32568359375,0.24645535687900175,0.9457053442682328,0.976307458850867,0.48026323318481445,12.12552547454834,10.73299503326416,9.551996231079102,28.15142822265625,24.98805809020996,22.149824142456055,127.17453002929688,128.79229736328125,2.3750762939453125,2.170224189758301,7.2628270864149505
caltech_anchor_002,data/processed/caltech_anchor_002.png,300.0,234.0,1.2820512820512822,70200.0,115.28291320800781,51.0153923034668,0.0,255.0,129.02349853515625,0.14927350427350428,0.021923076923076924,255.0,0.44252344464001375,0.9999999960784314,25.96320152282715,161.96099853515625,33.092002868652344,7.007072230914972,7.007072230914972,0.33611111111111114,75.61665344238281,140.73118591308594,2417.6279296875,1154.0740966796875,1854.236572265625,1.9223305170052543,0.8366647562080498,3.2903420113576467,12.23778772354126,113.56072998046875,115.92180633544922,116.51007080078125,50.38177490234375,52.291465759277344,50.82753372192383,128.69253540039062,126.77162170410156,5.751106262207031,7.490053176879883,20.46844641402179
caltech_anchor_003,data/processed/caltech_anchor_003.png,300.0,270.0,1.1111111111111112,81000.0,181.7816925048828,76.4715576171875,0.0,255.0,223.0,0.030753086419753085,0.5311481481481481,255.0,0.42067799096135833,0.9999999960784314,59.0,248.0,135.99998474121094,6.86271980128868,6.86271980128868,0.6252592592592593,133.98809814453125,187.24143981933594,17972.39453125,2026.471923828125,2301.726318359375,7.791499900766107,0.6181257716087707,20.17287443989432,0.0,181.7816925048828,181.7816925048828,181.7816925048828,76.47154998779297,76.47154998779297,76.47154998779297,128.0,128.0,0.0,1.08394306153059e-06,0.0
caltech_anchor_004,data/processed/caltech_anchor_004.png,300.0,263.0,1.1406844106463878,78900.0,93.82233428955078,37.35719299316406,0.0,253.74598693847656,95.08000183105469,0.03855513307984791,0.006210392902408111,253.74598693847656,0.398169507056862,0.999999996059051,50.557498931884766,139.58799743652344,54.81974792480469,7.115235557303841,7.115235557303841,0.7062357414448669,65.84381866455078,73.78726196289062,1004.8424682617188,321.9190673828125,657.4749755859375,0.9043318008301804,0.7714355093500602,2.7275689093900426,14.4876708984375,99.0156021118164,90.73561096191406,96.09526062011719,39.885005950927734,37.40538024902344,33.180904388427734,129.28268432617188,131.70419311523438,6.68704891204834,3.9891066551208496,18.157781694645596
caltech_anchor_005,data/processed/caltech_anchor_005.png,265.0,300.0,0.8833333333333333,79500.0,245.70208740234375,25.016006469726562,120.94400024414062,255.0,255.0,0.0,0.8983522012578616,134.05599975585938,0.10181438274452996,0.3565850214718614,212.99679565429688,255.0,1.18499755859375,2.587171015644962,2.587171015644962,0.13441509433962265,14.129636764526367,36.065696716308594,34.21564865112305,85.44328308105469,226.47744750976562,0.07970325932384996,0.9679720431104762,0.156409028582592,0.0,246.56689453125,246.66543579101562,238.47361755371094,23.226198196411133,23.123756408691406,43.71620178222656,123.92070770263672,128.61683654785156,12.860943794250488,2.0459346771240234,28.152632940349257
caltech_anchor_006,data/processed/caltech_anchor_006.png,300.0,255.0,1.1764705882352942,76500.0,92.99189758300781,67.63115692138672,0.0,255.0,83.69850158691406,0.2506535947712418,0.02281045751633987,255.0,0.7272800959216549,0.9999999960784314,0.0,189.55599975585938,108.98200607299805,7.298737200624167,7.298737200624167,0.7146666666666667,101.00247192382812,118.35076141357422,4379.31005859375,936.0151977539062,1396.0733642578125,2.612913234790665,0.652277025495579,8.455437486549041,10.730764627456665,101.93964385986328,92.1529541015625,73.84345245361328,75.2374267578125,66.06665802001953,58.66585922241211,117.19388580322266,134.3821258544922,7.823209285736084,8.341249465942383,31.054228404599023
caltech_anchor_007,data/processed/caltech_anchor_007.png,300.0,269.0,1.1152416356877324,80700.0,149.4326171875,92.9474868774414,0.0,255.0,172.239501953125,0.22514250309789344,0.3707187112763321,255.0,0.6220026658491381,0.9999999960784314,16.309999465942383,253.77200317382812,190.85699081420898,7.323496016845853,7.323496016845853,0.4050185873605948,61.43079376220703,115.31016540527344,1598.237060546875,779.607666015625,1877.837158203125,1.2673301202179976,0.8475131651495557,2.595982950793493,13.286995887756348,162.0602264404297,146.26315307617188,132.6328125,92.21653747558594,95.10807800292969,92.8223648071289,118.51929473876953,137.0068359375,15.82083511352539,12.330653190612793,48.69574692302796
caltech_anchor_008,data/processed/caltech_anchor_008.png,300.0,252.0,1.1904761904761905,75600.0,214.6925506591797,75.14115142822266,1.7939999103546143,255.0,255.0,0.0242989417989418,0.7813095238095238,253.20600008964539,0.3499942166019238,0.9860277077813754,68.8239974975586,255.0,10.590988159179688,3.615077763267453,3.615077763267453,0.1752910052910053,44.02036666870117,140.44383239746094,3215.408935546875,902.186767578125,2172.2978515625,1.97149163287393,0.9165498180826167,3.6033636617422156,115.37411117553711,232.2884063720703,206.54747009277344,210.48207092285156,44.108665466308594,90.41226196289062,83.01564025878906,125.62386322021484,140.55055236816406,4.769808769226074,24.72087287902832,61.879497951701524
caltech_anchor_009,data/processed/caltech_anchor_009.png,300.0,297.0,1.0101010101010102,89100.0,209.154052734375,81.95132446289062,0.0,255.0,255.0,0.10235690235690235,0.7297081930415263,255.0,0.39182278803435744,0.9999999960784314,28.0,255.0,55.0,3.979348405670653,3.979348405670653,0.2815263748597082,59.3990478515625,151.05250549316406,2067.606201171875,1061.5799560546875,2576.980224609375,1.657608581711842,0.9026265063131611,2.2308089011394623,0.006176436203531921,209.1433868408203,209.15869140625,209.1581573486328,81.96479034423828,81.94635772705078,81.94208526611328,128.0023193359375,127.99239349365234,0.10194014757871628,0.08208325505256653,0.271999722836368
caltech_anchor_010,data/processed/caltech_anchor_010.png,270.0,300.0,0.9,81000.0,194.22286987304688,47.0981330871582,17.220001220703125,255.0,210.06399536132812,0.002987654320987654,0.3891604938271605,237.77999877929688,0.24249529870219938,0.873484669897681,118.95079803466797,238.78900146484375,45.37451171875,7.078885706498283,7.078885706498283,0.44269135802469134,58.348548889160156,84.83197021484375,553.6785888671875,416.5580139160156,819.8429565429688,0.7045096118734393,0.8397964008045693,1.379783399241089,10.494549036026001,196.66184997558594,193.30409240722656,192.55670166015625,43.6165771484375,47.234188079833984,61.916114807128906,127.05973052978516,129.73965454101562,14.1218843460083,6.3339924812316895,32.09714067324409
caltech_ant_001,data/processed/caltech_ant_001.png,300.0,205.0,1.4634146341463414,61500.0,133.8571014404297,54.959903717041016,0.0,254.41299438476562,154.17100524902344,0.137869918699187,0.0016585365853658536,254.41299438476562,0.41058638439824124,0.9999999960693832,25.037500381469727,183.38198852539062,50.09626007080078,7.183149808494546,7.183149808494546,0.434,52.52948760986328,87.71709442138672,986.818359375,426.0444641113281,1021.7886352539062,0.8426029002568213,0.8491771757954141,2.1615899920860415,9.339714527130127,143.9826202392578,129.09092712402344,131.8414306640625,57.992034912109375,53.95219802856445,53.57335662841797,126.86248779296875,135.22219848632812,3.364753007888794,4.604921817779541,16.534534451811588
caltech_ant_002,data/processed/caltech_ant_002.png,300.0,200.0,1.5,60000.0,65.42884826660156,64.5876693725586,0.0,255.0,44.23299789428711,0.41818333333333335,0.04825,255.0,0.9871435933312013,0.9999999960784314,0.0,173.0845947265625,61.30999755859375,6.59190466986409,6.59190466986409,0.3756333333333333,73.52980041503906,130.0517578125,2032.1258544921875,816.0375366210938,1581.2791748046875,1.6573488540808836,0.822402470246238,3.2693720034116316,10.363210439682007,55.957366943359375,69.99520111083984,66.75801849365234,60.52812576293945,67.29756927490234,66.69862365722656,128.75010681152344,121.24430847167969,4.072991371154785,10.003582000732422,27.208860157682018
caltech_ant_003,data/processed/caltech_ant_003.png,273.0,300.0,0.91,81900.0,109.22554016113281,60.90275573730469,0.0,251.9849853515625,111.302001953125,0.1583028083028083,0.007704517704517705,251.9849853515625,0.5575871274234211,0.9999999960315096,0.0,184.2919921875,79.67575073242188,6.998086123090612,6.998086123090612,0.703943833943834,107.28119659423828,108.89936065673828,3255.806640625,715.0494384765625,867.61572265625,2.2239967489761545,0.677953459163754,6.179362113941292,1.9002981781959534,121.44400787353516,106.81021881103516,89.6156005859375,64.79448699951172,60.388755798339844,58.090999603271484,116.93344116210938,136.7150115966797,10.081191062927246,5.818386077880859,32.03626272306021
caltech_ant_004,data/processed/caltech_ant_004.png,300.0,235.0,1.2765957446808511,70500.0,169.9663848876953,58.34944152832031,1.7610000371932983,254.77198791503906,198.98001098632812,0.07601418439716312,0.012964539007092199,253.01098787784576,0.3432998897021585,0.9862707674019952,53.85300064086914,200.83518981933594,6.2754974365234375,4.616608682161775,4.616608682161775,0.21561702127659574,61.87639617919922,150.80870056152344,2226.82421875,1201.58837890625,2013.8907470703125,1.8038608600773267,0.9010258792722582,1.6769851893844627,66.53120756149292,87.85713195800781,215.94284057617188,148.58486938476562,35.022216796875,73.25552368164062,56.367408752441406,115.93367767333984,69.43415832519531,5.2090935707092285,22.567577362060547,87.9480098688291
caltech_ant_005,data/processed/caltech_ant_005.png,300.0,225.0,1.3333333333333333,67500.0,178.63693237304688,96.95540618896484,0.0,255.0,235.0,0.18481481481481482,0.5767555555555556,255.0,0.5427511789317007,0.9999999960784314,0.0,255.0,142.0,5.503659559588635,5.503659559588635,0.5147703703703703,111.81224822998047,173.18637084960938,14255.703125,1641.2374267578125,2721.05712890625,6.458995701611193,0.704256752953582,16.514630737445156,0.0,178.63693237304688,178.63693237304688,178.63693237304688,96.95540618896484,96.95540618896484,96.95540618896484,128.0,128.0,0.0,9.556221129969344e-07,0.0
caltech_ant_006,data/processed/caltech_ant_006.png,300.0,256.0,1.171875,76800.0,197.62530517578125,89.82312774658203,0.0,255.0,251.51199340820312,0.13588541666666668,0.67921875,255.0,0.4545122762096434,0.9999999960784314,0.0,255.0,88.12149047851562,4.974110214577337,4.974110214577337,0.32045572916666665,62.18038558959961,132.83314514160156,2929.49365234375,817.6831665039062,2025.4615478515625,1.876638985206681,0.8593177615028452,4.067753311313303,5.2876739501953125,200.55126953125,198.18948364257812,187.0462188720703,88.54966735839844,90.29837799072266,94.17952728271484,122.02985382080078,130.08697509765625,10.255138397216797,6.977799892425537,28.81956050841352
caltech_ant_007,data/processed/caltech_ant_007.png,300.0,289.0,1.0380622837370241,86700.0,161.16261291503906,49.5164794921875,0.2280000001192093,253.74598693847656,174.08200073242188,0.05602076124567474,0.02207612456747405,253.51798693835735,0.30724544786976066,0.9982045365986509,66.76110076904297,205.0709991455078,34.597991943359375,6.972831924733475,6.972831924733475,0.7151326412918109,68.60619354248047,74.45802307128906,650.4561767578125,382.85650634765625,712.8197631835938,0.7688030921855156,0.7975689152596022,1.5782481784531992,8.442745208740234,165.09385681152344,159.92352294921875,157.23187255859375,47.448646545410156,50.157470703125,52.432579040527344,125.78175354003906,130.8040313720703,3.15738582611084,3.3068368434906006,11.601310704497816
caltech_ant_008,data/processed/caltech_ant_008.png,300.0,241.0,1.2448132780082988,72300.0,84.44983673095703,59.91121292114258,0.0,229.72900390625,71.78900146484375,0.18221300138312588,0.00656984785615491,229.72900390625,0.7094295801018543,0.9999999956470451,0.0,185.84300231933594,60.064998626708984,6.660345691252841,6.660345691252841,0.2232503457814661,31.678617477416992,60.88163757324219,149.00802612304688,218.79183959960938,583.680908203125,0.28713757216308844,0.9162845947826499,0.7493970615762587,0.5984402671456337,85.49397277832031,84.71431732177734,80.34941864013672,60.210060119628906,59.95540237426758,58.99605178833008,125.68600463867188,128.7447509765625,1.3373775482177734,0.962054431438446,4.786791059305754
caltech_ant_009,data/processed/caltech_ant_009.png,300.0,103.0,2.912621359223301,30900.0,109.3956298828125,27.269607543945312,0.7979999780654907,185.1169891357422,113.2020034790039,0.02524271844660194,0.0,184.3189891576767,0.24927510654568316,0.9914154261840102,74.89139556884766,139.65728759765625,31.321762084960938,6.695984525879474,6.695984525879474,0.7729126213592233,62.55168533325195,43.26918029785156,559.7332153320312,189.59197998046875,190.78765869140625,0.6014840216590149,0.7845480857097018,1.5711657203681475,56.55900764465332,154.07908630371094,98.85630798339844,46.46776580810547,32.0052375793457,27.91950225830078,19.197093963623047,92.48766326904297,159.8712158203125,7.936351776123047,7.193103790283203,51.0474324095068
caltech_ant_010,data/processed/caltech_ant_010.png,300.0,177.0,1.694915254237288,53100.0,106.92108917236328,39.06626510620117,0.0,228.218994140625,114.25599670410156,0.07613935969868173,0.002824858757062147,228.218994140625,0.36537473610888166,0.9999999956182438,63.051300048828125,147.58900451660156,40.27351379394531,7.0430123696642495,7.0430123696642495,0.3816760828625235,47.198455810546875,72.95822143554688,674.9725341796875,252.43917846679688,529.824951171875,0.6408585071278513,0.8654213939752866,1.640849663337275,46.606285095214844,142.2081756591797,93.75418090820312,82.1678695678711,46.632102966308594,37.06312561035156,32.42210006713867,114.03091430664062,153.16909790039062,5.05584716796875,7.342916965484619,36.62103721308942
caltech_barrel_001,data/processed/caltech_barrel_001.png,252.0,300.0,0.84,75600.0,108.94085693359375,79.38572692871094,0.0,255.0,97.87150573730469,0.23026455026455026,0.15857142857142856,255.0,0.7287048076774051,0.9999999960784314,7.287999629974365,252.99998474121094,109.25424194335938,7.440822264657811,7.440822264657811,0.6822089947089947,116.65751647949219,171.35459899902344,2013.6927490234375,1427.4737548828125,2559.92822265625,2.342140898634055,0.7772440739764424,1.6074948945637353,15.647429943084717,116.24961853027344,107.74644470214844,95.92152404785156,79.29086303710938,79.70568084716797,81.59654235839844,120.65274810791016,133.2130889892578,10.55342960357666,6.41214656829834,30.267490913777042
caltech_barrel_002,data/processed/caltech_barrel_002.png,225.0,300.0,0.75,67500.0,138.5431365966797,40.600887298583984,0.5270000100135803,244.08001708984375,148.14700317382812,0.050725925925925924,0.018755555555555557,243.55301707983017,0.29305592469530606,0.995691043420525,83.19180297851562,173.30599975585938,51.07525634765625,6.915035214819062,6.915035214819062,0.32696296296296296,36.19103240966797,56.96489334106445,591.7498168945312,170.53346252441406,418.3121337890625,0.5136164032223816,0.8780778202281285,1.3830113370838681,32.809675216674805,129.3103790283203,138.6627197265625,162.14320373535156,33.876522064208984,44.394004821777344,74.71683502197266,141.3183135986328,121.41458892822266,25.712507247924805,19.821956634521484,74.65613698544512
caltech_barrel_003,data/processed/caltech_barrel_003.png,215.0,300.0,0.7166666666666667,64500.0,140.4859161376953,84.55210876464844,0.0,255.0,144.33399963378906,0.2362170542635659,0.21924031007751937,255.0,0.6018546946721774,0.9999999960784314,3.928999900817871,254.41299438476562,75.56674194335938,6.1669974418995,6.1669974418995,0.37968992248062017,112.14119720458984,223.74981689453125,5928.64697265625,2498.073974609375,3517.303466796875,4.566305069277505,0.8012479433429656,5.473593068898652,32.10014247894287,161.20758056640625,134.8184051513672,115.31981658935547,89.53082275390625,86.62763977050781,91.00387573242188,113.79789733886719,142.78005981445312,20.585121154785156,25.153961181640625,79.68439801500614
caltech_barrel_004,data/processed/caltech_barrel_004.png,256.0,300.0,0.8533333333333334,76800.0,93.25442504882812,47.747703552246094,0.0,215.7030029296875,99.76200103759766,0.15600260416666667,1.3020833333333334e-05,215.7030029296875,0.5120154139090979,0.999999995363996,20.696800231933594,159.83200073242188,62.91699981689453,7.287284674258424,7.287284674258424,0.38591145833333335,41.93863296508789,65.93408966064453,541.276123046875,282.8216857910156,738.2864379882812,0.5135470809561284,0.8807998074664621,1.4141989898979406,118.1098518371582,158.32315063476562,76.21703338623047,10.319361686706543,67.79367065429688,47.650516510009766,12.44039249420166,81.19691467285156,174.4113311767578,23.844112396240234,18.21012306213379,101.294606564613
caltech_barrel_005,data/processed/caltech_barrel_005.png,293.0,300.0,0.9766666666666667,87900.0,77.43412780761719,40.94476318359375,21.929000854492188,238.60299682617188,44.22800064086914,0.0057110352673492605,0.00020477815699658703,216.6739959716797,0.5287689525805838,0.8316598232421291,44.0,135.15200805664062,69.80500030517578,4.694305236735071,4.694305236735071,0.2840386803185438,25.76909637451172,45.85430908203125,211.11312866210938,102.03076934814453,301.7366638183594,0.2582314129576083,0.9179195238011335,0.6730257268655597,4.763508558273315,83.01637268066406,76.29176330566406,68.67515563964844,46.723697662353516,39.86114501953125,33.3522834777832,123.0570068359375,131.9816131591797,6.650626182556152,5.541770935058594,21.448640995978426
caltech_barrel_006,data/processed/caltech_barrel_006.png,205.0,300.0,0.6833333333333333,61500.0,161.52049255371094,43.82158279418945,0.0,255.0,155.197998046875,0.0033008130081300813,0.13663414634146342,255.0,0.2713066424578335,0.9999999960784314,111.64600372314453,236.69000244140625,55.02850341796875,7.213046610898231,7.213046610898231,0.6800813008130081,84.23371887207031,106.1401138305664,3817.740966796875,671.4090576171875,1231.3162841796875,2.2791478269666614,0.7076413412034651,6.135527236448951,15.112294673919678,169.75831604003906,161.2747802734375,141.17942810058594,42.261749267578125,43.98836135864258,51.51943588256836,116.52084350585938,133.87576293945312,8.408343315124512,6.382553577423096,29.107967289107968
caltech_barrel_007,data/processed/caltech_barrel_007.png,300.0,300.0,1.0,90000.0,22.874818801879883,35.175106048583984,0.0,165.12901306152344,0.0,0.7405333333333334,0.0,165.12901306152344,1.5377216674595726,0.9999999939441291,0.0,80.9489974975586,42.992000579833984,3.800056710781475,3.800056710781475,0.25726666666666664,22.42364501953125,40.297950744628906,68.06868743896484,87.7508544921875,191.8219451904297,0.14954292084726872,0.9396332067172127,0.31199990300361696,4.110806345939636,26.538022994995117,22.02638816833496,17.635610580444336,39.11851501464844,34.68466567993164,27.811092376708984,125.0433349609375,130.6128387451172,4.479668140411377,3.3125743865966797,13.684948292152407
caltech_barrel_008,data/processed/caltech_barrel_008.png,272.0,300.0,0.9066666666666666,81600.0,119.14176177978516,48.64012908935547,1.7939999103546143,253.63198852539062,115.66849517822266,0.04769607843137255,0.025073529411764706,251.837988615036,0.40825423390166815,0.9859528749261758,56.18600082397461,190.18499755859375,69.24050903320312,7.588898843820365,7.588898843820365,0.8013357843137255,86.5402603149414,79.13011932373047,1564.26513671875,422.7689208984375,547.1630859375,1.2969484261142041,0.732583929188454,2.949234685018434,5.6986236572265625,136.52711486816406,113.33032989501953,103.46710968017578,50.92710876464844,48.45625305175781,44.8852653503418,119.15425109863281,140.400390625,4.002946853637695,3.988565444946289,21.06412470626335
caltech_barrel_009,data/processed/caltech_barrel_009.png,280.0,300.0,0.9333333333333333,84000.0,41.590572357177734,47.58012390136719,0.0,254.70098876953125,26.0,0.6056666666666667,0.0047857142857142855,254.70098876953125,1.1440122138435433,0.9999999960738276,0.0,110.73499298095703,67.83999633789062,5.911523571384921,5.911523571384921,0.465,67.16265106201172,108.57987213134766,2419.208740234375,493.8476867675781,972.7941284179688,1.638906269176256,0.8127740660908533,3.4173274201294155,9.012197732925415,50.23080825805664,39.27116775512695,30.871822357177734,58.059608459472656,45.3350944519043,38.29413986206055,121.9510498046875,134.16278076171875,9.505521774291992,11.022943496704102,35.285101704293936
caltech_barrel_010,data/processed/caltech_barrel_010.png,259.0,300.0,0.8633333333333333,77700.0,184.77505493164062,87.56525421142578,0.0,255.0,210.30099487304688,0.15311454311454312,0.4527799227799228,255.0,0.47390192236673667,0.9999999960784314,0.0,255.0,83.94775390625,5.698129047250836,5.698129047250836,0.3906435006435006,106.25170135498047,198.30162048339844,8121.1484375,1847.561767578125,3470.150390625,4.899699669252247,0.7731997913144113,8.847658775336221,3.2878029346466064,197.8685760498047,182.480224609375,162.24954223632812,90.28359985351562,87.58583068847656,91.29425811767578,115.2880859375,137.3391571044922,17.881187438964844,13.13331413269043,54.4138050510445
caltech_bass_001,data/processed/caltech_bass_001.png,300.0,171.0,1.7543859649122806,51300.0,73.66541290283203,35.877685546875,3.2179999351501465,230.0189971923828,54.85900115966797,0.011695906432748537,7.797270955165692e-05,226.80099725723267,0.4870356880665772,0.9724057464211526,48.875999450683594,133.24119567871094,38.841243743896484,5.892756710883576,5.892756710883576,0.35561403508771927,40.55677795410156,64.9565658569336,883.58642578125,206.22679138183594,451.3203125,0.6381125434742344,0.8547236164754817,2.403576978022869,120.49456024169922,86.07007598876953,63.01594543457031,95.96582794189453,70.03397369384766,30.8629207611084,32.933876037597656,140.58486938476562,136.8478546142578,32.44814682006836,27.240825653076172,95.53986598080118
caltech_bass_002,data/processed/caltech_bass_002.png,300.0,300.0,1.0,90000.0,133.8202667236328,90.86247253417969,0.4560000002384186,255.0,71.87849426269531,0.028044444444444445,0.35267777777777776,254.54399999976158,0.6789888712659725,0.9964299096638721,51.029998779296875,255.0,194.61699676513672,6.036293290993681,6.036293290993681,0.31043333333333334,102.66443634033203,207.31826782226562,5834.62060546875,1690.2449951171875,2708.383544921875,4.30191750278707,0.8224110145519347,4.663754547783173,6.312653064727783,128.92758178710938,133.77064514160156,146.90829467773438,93.23959350585938,91.33930206298828,82.53069305419922,135.3860321044922,124.51022338867188,5.671713352203369,2.7581048011779785,17.49701372345225
caltech_bass_003,data/processed/caltech_bass_003.png,300.0,146.0,2.0547945205479454,43800.0,96.60305786132812,51.730377197265625,2.0929999351501465,248.38800048828125,92.93899536132812,0.1608904109589041,0.02372146118721461,246.2950005531311,0.5354941945629652,0.9832881502129418,31.6820011138916,164.91351318359375,81.00849914550781,7.610492735096906,7.610492735096906,0.8603652968036529,116.37511444091797,103.0784683227539,2969.478515625,851.6249389648438,992.7897338867188,2.1962092125696904,0.6225144761584187,6.144367787775934,14.743675708770752,109.50420379638672,94.1369400024414,75.464111328125,45.03656005859375,58.0836296081543,40.47129821777344,116.07057189941406,137.20193481445312,10.19876766204834,7.008728981018066,34.35458098477915
caltech_bass_004,data/processed/caltech_bass_004.png,300.0,217.0,1.3824884792626728,65100.0,170.632080078125,59.84642791748047,18.243000030517578,248.06298828125,205.99400329589844,0.0020737327188940094,0.03649769585253456,229.81998825073242,0.3507337397477992,0.8629921874632697,70.70899963378906,207.2449951171875,117.23350524902344,4.215612116965808,4.215612116965808,0.24549923195084486,63.9702033996582,153.7363739013672,4369.8515625,1055.3448486328125,1710.3173828125,2.6193182401875137,0.8487580563460364,6.439550174780544,45.2030668258667,145.59361267089844,181.0377197265625,182.72323608398438,67.56523895263672,55.24932861328125,70.28347778320312,134.8234405517578,110.14088439941406,15.713996887207031,7.358007431030273,46.83632756917579
caltech_bass_005,data/processed/caltech_bass_005.png,300.0,179.0,1.675977653631285,53700.0,211.95570373535156,75.31217956542969,2.934999942779541,255.0,255.0,0.024227188081936687,0.7425512104283054,252.06500005722046,0.35532037063812305,0.9772423251435299,66.1769027709961,255.0,49.180999755859375,3.8226047113260933,3.8226047113260933,0.26649906890130354,44.417049407958984,108.5431137084961,1421.466064453125,602.3464965820312,1590.4515380859375,1.0621736927862058,0.8769428838553311,2.872457921785678,27.076520919799805,211.34417724609375,214.5499267578125,200.2016143798828,78.47171783447266,71.67510986328125,89.14679718017578,121.36677551269531,127.5638198852539,13.6310453414917,4.785497188568115,32.6798363144969
caltech_bass_006,data/processed/caltech_bass_006.png,300.0,236.0,1.271186440677966,70800.0,52.49814987182617,69.46854400634766,0.0,255.0,9.67300033569336,0.6182062146892655,0.022245762711864406,255.0,1.3232569691064848,0.9999999960784314,0.0,171.10989379882812,99.15374755859375,5.614076362483262,5.614076362483262,0.5364830508474576,132.30702209472656,179.35110473632812,16530.361328125,1641.9949951171875,2073.83642578125,7.879910060018952,0.6715050482625976,16.627309275925512,6.5055224895477295,51.839576721191406,53.984859466552734,46.57022476196289,70.74742126464844,70.56598663330078,63.67219161987305,124.65467834472656,127.5302505493164,8.372198104858398,6.369733810424805,23.351565701666257
caltech_bass_007,data/processed/caltech_bass_007.png,300.0,173.0,1.7341040462427746,51900.0,106.12735748291016,45.06108093261719,0.0,253.3699951171875,97.16650390625,0.0520038535645472,0.0070905587668593445,253.3699951171875,0.42459438901302193,0.9999999960532028,56.057498931884766,169.07400512695312,68.05900573730469,7.407867629157522,7.407867629157522,0.6529672447013487,78.83052062988281,92.44170379638672,1233.2281494140625,498.98309326171875,691.0220947265625,1.1702224978693294,0.7750073574951792,2.279871725266107,34.6035270690918,105.96217346191406,109.2958984375,90.24541473388672,47.42449188232422,45.72592544555664,48.93045425415039,119.03727722167969,127.8821792602539,11.731553077697754,10.4774808883667,37.48553434239453
caltech_bass_008,data/processed/caltech_bass_008.png,300.0,163.0,1.8404907975460123,48900.0,137.44313049316406,67.89045715332031,0.5870000123977661,253.52700805664062,136.7689971923828,0.07286298568507157,0.1845807770961145,252.94000804424286,0.49395307292381463,0.995380022419478,47.9739990234375,231.96401977539062,118.52300262451172,7.858294206651593,7.858294206651593,0.7131083844580777,100.25220489501953,111.64866638183594,1628.4595947265625,815.0964965820312,1164.0892333984375,1.5962288303788257,0.7137400591632843,3.417599466820068,42.98311424255371,145.61654663085938,132.84033203125,139.706298828125,66.78874206542969,69.17736053466797,78.16944885253906,129.2771759033203,133.82981872558594,16.492977142333984,14.12756061553955,48.01268077068184
caltech_bass_009,data/processed/caltech_bass_009.png,300.0,204.0,1.4705882352941178,61200.0,44.58643341064453,71.99125671386719,0.0,255.0,1.7939999103546143,0.6830882352941177,0.05331699346405229,255.0,1.6146448502883661,0.9999999960784314,0.0,173.13180541992188,71.01000213623047,4.91904232309369,4.91904232309369,0.3699673202614379,78.89109802246094,162.18934631347656,3911.09765625,1326.7296142578125,2615.095703125,2.4504088647337596,0.8352630314462844,5.565468855487131,22.42884922027588,33.383758544921875,49.76612854003906,47.29798889160156,65.3745346069336,77.41764831542969,73.62130737304688,129.5302276611328,120.0094985961914,8.412113189697266,14.854957580566406,41.153763054910854
caltech_bass_010,data/processed/caltech_bass_010.png,300.0,158.0,1.8987341772151898,47400.0,136.1450653076172,65.92115783691406,29.22800064086914,254.42999267578125,117.93150329589844,0.00959915611814346,0.2128481012658228,225.2019920349121,0.48419791935733064,0.7939208361725804,55.08300018310547,241.74020385742188,98.0532455444336,7.531281505165983,7.531281505165983,0.44959915611814344,47.5184440612793,61.9852294921875,217.1909637451172,266.7011413574219,515.0001220703125,0.4101800972199791,0.8668322234391017,0.8779408595851503,3.0490447282791138,126.63556671142578,144.92425537109375,115.8813705444336,60.62273406982422,69.37104797363281,66.19648742675781,116.56451416015625,121.2171859741211,8.521903038024902,7.658165454864502,31.568432482050092
caltech_beaver_001,data/processed/caltech_beaver_001.png,283.0,300.0,0.9433333333333334,84900.0,172.8991241455078,90.98541259765625,0.0,255.0,252.05999755859375,0.09408716136631332,0.535323910482921,255.0,0.5262340831457943,0.9999999960784314,46.81520080566406,255.0,154.0320053100586,4.242500980138381,4.242500980138381,0.2544758539458186,60.03331756591797,148.60028076171875,6897.2880859375,1005.4630737304688,2299.650634765625,3.3444898920294213,0.8657331349013646,7.602973373780294,20.821914672851562,177.09010314941406,173.01480102539062,161.3113555908203,87.1666030883789,91.12403106689453,101.55850219726562,121.46062469482422,130.98928833007812,8.494664192199707,4.967477798461914,24.06992593329534
caltech_beaver_002,data/processed/caltech_beaver_002.png,300.0,200.0,1.5,60000.0,106.96080017089844,59.62668228149414,0.0,249.29998779296875,103.07500457763672,0.14443333333333333,0.0162,249.29998779296875,0.5574629362230057,0.9999999959887684,31.219900131225586,193.9886016845703,97.49199295043945,7.7483848088639125,7.7483848088639125,0.7197666666666667,91.4698486328125,86.65538024902344,1169.8031005859375,582.9844970703125,727.2316284179688,1.1791213172887853,0.7191261562011154,3.036582250712044,30.046698570251465,116.2354507446289,106.09660339355469,87.08513641357422,54.66165542602539,63.95551681518555,55.15791320800781,116.78348541259766,134.6152801513672,8.258038520812988,8.2814302444458,31.907998107463026
caltech_beaver_003,data/processed/caltech_beaver_003.png,300.0,225.0,1.3333333333333333,67500.0,160.49078369140625,63.29188919067383,8.028999328613281,255.0,179.7080078125,0.02445925925925926,0.22296296296296297,246.97100067138672,0.3943646316663744,0.9389496989413159,61.1531982421875,230.87998962402344,106.01426696777344,7.639501357705853,7.639501357705853,0.2501777777777778,33.75336456298828,66.91578674316406,890.6784057617188,188.78404235839844,598.4103393554688,0.6261836910070603,0.8897932001035296,1.9744760753344928,16.639949321746826,192.43406677246094,155.5122528076172,102.34471130371094,67.69120025634766,63.602203369140625,60.04253005981445,95.18619537353516,150.7840576171875,15.229239463806152,9.808412551879883,60.66981687971238
caltech_beaver_004,data/processed/caltech_beaver_004.png,300.0,230.0,1.3043478260869565,69000.0,200.1763153076172,85.59675598144531,0.0,255.0,255.0,0.10621739130434783,0.7024202898550724,255.0,0.4276068096382896,0.9999999960784314,37.080902099609375,255.0,100.24949645996094,4.599016241916975,4.599016241916975,0.264,41.59276580810547,95.09252166748047,1196.6197509765625,432.0574951171875,1227.7183837890625,0.885390641420391,0.8791602684047439,2.3614543113837176,10.084205865859985,201.26934814453125,199.50827026367188,200.74928283691406,84.3265609741211,86.5558853149414,84.4295654296875,128.32333374023438,128.7796173095703,3.1926376819610596,2.545788049697876,8.868626826659192
caltech_beaver_005,data/processed/caltech_beaver_005.png,300.0,282.0,1.0638297872340425,84600.0,118.71770477294922,64.73651123046875,1.1959999799728394,253.9739990234375,117.22000122070312,0.13405437352245864,0.08752955082742317,252.77799904346466,0.5452978627659724,0.9906258535097633,31.86100196838379,211.76400756835938,108.27449798583984,7.844436527328445,7.844436527328445,0.8373286052009457,121.60008239746094,105.5987777709961,3434.01611328125,912.6937255859375,983.1704711914062,2.4228436492623793,0.6218228774751997,6.556314464419381,13.36834192276001,131.3805389404297,116.3155288696289,97.87458801269531,65.68987274169922,64.74057006835938,63.778656005859375,116.23751831054688,137.03196716308594,4.466365337371826,4.698694229125977,22.32353505811785
caltech_beaver_006,data/processed/caltech_beaver_006.png,300.0,227.0,1.3215859030837005,68100.0,115.05654907226562,97.33580780029297,0.0,253.9739990234375,75.72549438476562,0.4304698972099853,0.26387665198237886,253.9739990234375,0.8459823255534563,0.999999996062589,11.0600004196167,249.6320037841797,196.8949966430664,7.143307984441595,7.143307984441595,0.43071953010279,58.39730453491211,96.40132904052734,1831.8963623046875,572.64111328125,1449.5286865234375,1.1885388320899692,0.8279075743228945,3.697199210203356,6.720070123672485,105.45953369140625,120.29165649414062,113.27145385742188,94.27896881103516,99.7297134399414,95.06539916992188,126.99259948730469,121.15475463867188,5.337425708770752,7.309261322021484,23.25197665750234
caltech_beaver_007,data/processed/caltech_beaver_007.png,300.0,253.0,1.1857707509881423,75900.0,84.23548126220703,34.70000076293945,0.29899999499320984,254.5439910888672,82.31550598144531,0.08885375494071146,0.004901185770750988,254.24499109387398,0.41194042974581396,0.9976534532690244,42.060997009277344,123.90520477294922,44.942996978759766,7.093990187823703,7.093990187823703,0.7088537549407115,82.85153198242188,83.99259948730469,1994.9512939453125,437.4653625488281,690.3927001953125,1.449277027932511,0.7257599376203427,3.6353176818661344,16.312874794006348,92.00416564941406,85.4657211303711,57.52507400512695,36.77655029296875,36.76271438598633,27.559492111206055,112.92640686035156,133.5411376953125,11.400083541870117,6.179598808288574,35.610187658933356
caltech_beaver_008,data/processed/caltech_beaver_008.png,285.0,300.0,0.95,85500.0,93.40867614746094,49.07018280029297,0.0,252.89199829101562,86.17349243164062,0.14376608187134504,0.004467836257309942,252.89199829101562,0.5253278849332983,0.9999999960457429,33.88290023803711,166.83900451660156,74.35699844360352,7.5484772619212706,7.5484772619212706,0.9058128654970761,128.07835388183594,101.19864654541016,2225.681884765625,871.5220947265625,819.8106689453125,2.0269591889776724,0.6448612174359963,3.6593142809585046,19.5010929107666,98.45037078857422,94.15748596191406,76.32954406738281,54.820465087890625,46.99772644042969,50.7728157043457,118.3616714477539,131.5960693359375,8.236056327819824,7.34321403503418,28.80124552471853
caltech_beaver_009,data/processed/caltech_beaver_009.png,300.0,188.0,1.5957446808510638,56400.0,120.72379302978516,59.45079803466797,1.5959999561309814,255.0,118.91500091552734,0.09918439716312057,0.07102836879432624,253.40400004386902,0.49245302893645126,0.9875602078739814,40.11119842529297,202.10360717773438,89.0842514038086,7.812066219797748,7.812066219797748,0.8900531914893617,145.18309020996094,118.97245788574219,2403.580078125,1165.7369384765625,1066.936767578125,2.359397824609231,0.6196122766017567,4.2192163868086885,22.5924015045166,131.114013671875,116.44122314453125,115.52384948730469,61.468963623046875,59.56403350830078,55.731048583984375,125.06549072265625,135.41098022460938,6.9341206550598145,4.4867987632751465,21.703130923597143
caltech_beaver_010,data/processed/caltech_beaver_010.png,300.0,175.0,1.7142857142857142,52500.0,74.82154846191406,36.273094177246094,11.293000221252441,236.7580108642578,60.999996185302734,0.021523809523809525,0.0016190476190476191,225.46501064300537,0.484794747477262,0.908946142760672,45.220001220703125,129.0609893798828,35.02400207519531,6.601171932020126,6.601171932020126,0.5382857142857143,81.7449722290039,115.49449157714844,1143.5028076171875,553.532958984375,872.6852416992188,1.2970811663765185,0.8064962134205952,1.2686883797341617,29.45630931854248,82.56861114501953,72.80895233154297,64.8655776977539,33.8617057800293,37.129058837890625,44.38857650756836,122.38150787353516,133.5257110595703,7.908835411071777,7.256394863128662,26.758380875827232
caltech_binocular_001,data/processed/caltech_binocular_001.png,300.0,272.0,1.1029411764705883,81600.0,115.17632293701172,66.54660034179688,0.0,255.0,122.68399810791016,0.19875,0.05156862745098039,255.0,0.5777802074859609,0.9999999960784314,11.380599975585938,198.91200256347656,101.54573822021484,7.727365759483858,7.727365759483858,0.575,83.42806243896484,126.4408187866211,2146.6357421875,772.2880249023438,1340.5787353515625,1.7931897336925375,0.8047129396032837,2.6050909033262033,22.54392433166504,122.15038299560547,109.39415740966797,126.65776062011719,66.42891693115234,68.57984924316406,74.79632568359375,134.4793701171875,132.974365234375,11.543207168579102,17.904865264892578,49.43202470119486
caltech_binocular_002,data/processed/caltech_binocular_002.png,300.0,283.0,1.0600706713780919,84900.0,119.89058685302734,111.01374816894531,0.0,255.0,60.228004455566406,0.4413074204946996,0.3912603062426384,255.0,0.9259588276023464,0.9999999960784314,0.0,254.01699829101562,239.1089963912964,5.734742066017162,5.734742066017162,0.3277031802120141,73.78927612304688,165.06857299804688,2086.41650390625,1334.109130859375,2880.671142578125,1.8608426725919602,0.8889352780931576,2.236754813667006,1.8533619046211243,120.3252182006836,119.89322662353516,118.73704528808594,110.46765899658203,111.797119140625,108.53180694580078,127.34901428222656,128.3100128173828,2.1996357440948486,1.6235830783843994,5.9884912620667645
caltech_binocular_003,data/processed/caltech_binocular_003.png,277.0,300.0,0.9233333333333333,83100.0,191.78529357910156,89.36051940917969,0.0,255.0,254.0,0.09021660649819495,0.6540794223826715,255.0,0.46594041323811236,0.9999999960784314,41.0,255.0,155.99999237060547,4.7114697813884465,4.7114697813884465,0.38700361010830325,106.96500396728516,211.4154815673828,12803.134765625,1848.416015625,3003.984130859375,6.670440896718162,0.8152242370464382,8.720514906085105,0.0,191.78529357910156,191.78529357910156,191.78529357910156,89.36051940917969,89.36051940917969,89.36051940917969,128.0,128.0,0.0,5.345885369933967e-07,0.0
caltech_binocular_004,data/processed/caltech_binocular_004.png,300.0,300.0,1.0,90000.0,124.80380249023438,76.57624053955078,0.0,255.0,158.01400756835938,0.19706666666666667,0.030866666666666667,255.0,0.6135729713200825,0.9999999960784314,0.0,203.05799865722656,126.69900131225586,6.80909771711684,6.80909771711684,0.6286555555555555,71.42385864257812,102.31884002685547,1246.437744140625,597.6217651367188,1445.993896484375,1.1302452619843928,0.7843181067093531,2.9790241530418973,3.071841835975647,126.7490005493164,125.3454360961914,116.91292572021484,77.93891143798828,77.03849029541016,71.84410095214844,123.54691314697266,129.387451171875,6.461554527282715,3.8004367351531982,17.826045092105538
caltech_binocular_005,data/processed/caltech_binocular_005.png,240.0,300.0,0.8,72000.0,175.96400451660156,99.4083480834961,0.0,255.0,253.80398559570312,0.13229166666666667,0.5955277777777778,255.0,0.5649356968866981,0.9999999960784314,11.91200065612793,254.0,189.88800048828125,4.550028371652633,4.550028371652633,0.2905138888888889,55.42814636230469,142.61294555664062,3014.22802734375,949.9498901367188,2561.7705078125,1.9398141410466332,0.8824904045891191,3.6142659667647243,3.5827664732933044,174.81829833984375,175.824462890625,179.68759155273438,100.19662475585938,99.71418762207031,95.98372650146484,130.10133361816406,127.18280792236328,3.540245771408081,1.6586297750473022,9.152263841616524
caltech_binocular_006,data/processed/caltech_binocular_006.png,193.0,300.0,0.6433333333333333,57900.0,92.05905151367188,52.99839782714844,0.8969999551773071,255.0,88.2560043334961,0.18134715025906736,0.03440414507772021,254.1030000448227,0.5757000140673568,0.992989363284219,27.161800384521484,158.0653076171875,71.59675598144531,7.573191597688328,7.573191597688328,0.6854231433506045,87.39056396484375,106.34992218017578,1263.0048828125,905.0750732421875,1528.5159912109375,1.306171432450665,0.78273375074489,2.114440282103483,24.585230827331543,79.71592712402344,105.11310577392578,57.21573257446289,48.73744201660156,56.2183952331543,56.03874206542969,108.33673858642578,119.19603729248047,9.85776138305664,9.086694717407227,40.55706385475755
caltech_binocular_007,data/processed/caltech_binocular_007.png,300.0,298.0,1.0067114093959733,89400.0,103.06961822509766,50.86063003540039,2.178999900817871,250.24099731445312,118.98500061035156,0.17162192393736017,0.007170022371364653,248.06199741363525,0.4934589883787572,0.982735120701811,28.047000885009766,160.01998901367188,86.91975402832031,7.413850383375614,7.413850383375614,0.6007270693512304,66.90909576416016,96.51871490478516,966.5924072265625,497.981201171875,1114.51513671875,1.0151100506737119,0.8084170635921426,1.9020114429514958,20.946415901184082,129.61358642578125,100.51237487792969,46.61748504638672,55.12621307373047,54.237335205078125,27.706745147705078,96.14213562011719,146.9329071044922,17.4339542388916,5.010425090789795,58.27723351503755
caltech_binocular_008,data/processed/caltech_binocular_008.png,163.0,300.0,0.5433333333333333,48900.0,111.13787078857422,35.253578186035156,0.8689999580383301,252.30899047851562,112.72650146484375,0.03586912065439673,0.0011247443762781187,251.4399905204773,0.31720580589396785,0.9931352606669518,61.69800567626953,153.1320037841797,45.160003662109375,7.144280061096792,7.144280061096792,0.48118609406952967,50.77397918701172,70.94422912597656,890.7486572265625,250.708251953125,634.7210083007812,0.7669875345465125,0.8442361587889434,1.651385475169288,26.10557270050049,132.53317260742188,104.27687072753906,90.35028839111328,47.2492790222168,32.018775939941406,28.27143669128418,116.26885223388672,143.26055908203125,8.783149719238281,11.256263732910156,41.468183127701764
caltech_binocular_009,data/processed/caltech_binocular_009.png,179.0,300.0,0.5966666666666667,53700.0,131.62338256835938,83.0240249633789,0.0,255.0,124.78900146484375,0.1531657355679702,0.2595344506517691,255.0,0.6307695693011864,0.9999999960784314,19.165000915527344,248.30999755859375,164.03700256347656,7.334106225072118,7.334106225072118,0.5871880819366853,85.16556549072266,122.82769012451172,2380.966064453125,897.7280883789062,1644.5400390625,1.7183076664506434,0.7651301779595738,4.437663034083229,4.2817054986953735,131.94219970703125,132.42623901367188,126.65318298339844,83.80259704589844,82.250732421875,85.07738494873047,125.19515991210938,128.22738647460938,2.2183070182800293,0.94361412525177,6.501439316225924
caltech_binocular_010,data/processed/caltech_binocular_010.png,300.0,235.0,1.2765957446808511,70500.0,136.44903564453125,105.35240173339844,0.0,255.0,90.94450378417969,0.22547517730496455,0.42512056737588655,255.0,0.7721007368330208,0.9999999960784314,0.0,255.0,210.01399993896484,5.202846754480018,5.202846754480018,0.32052482269503546,58.49201965332031,146.88510131835938,3001.343994140625,1085.1571044921875,2701.4375,1.9677328091273494,0.8824727947173094,3.4303635944302893,11.978567123413086,131.74102783203125,137.8599853515625,141.53204345703125,108.49568176269531,104.4641342163086,102.19622802734375,130.8685302734375,124.64192962646484,3.7134761810302734,4.143001079559326,14.170315354647585
caltech_bonsai_001,data/processed/caltech_bonsai_001.png,280.0,300.0,0.9333333333333333,84000.0,145.1260223388672,91.31340026855469,0.0,255.0,178.14601135253906,0.22129761904761905,0.43204761904761907,255.0,0.6292007330438539,0.9999999960784314,8.211000442504883,234.0,175.89500045776367,6.615088197574204,6.615088197574204,0.45244047619047617,81.6162109375,139.6110382080078,2733.524658203125,861.5983276367188,1675.9366455078125,2.0559537666374954,0.7899693838830666,4.1342738934002465,11.363558769226074,147.67041015625,143.89849853515625,144.77320861816406,90.17643737792969,92.55836486816406,88.95768737792969,127.8009033203125,129.81483459472656,3.9228951930999756,4.759525775909424,13.942943305772685
caltech_bonsai_002,data/processed/caltech_bonsai_002.png,265.0,300.0,0.8833333333333333,79500.0,171.79176330566406,57.24243927001953,4.419000148773193,253.51602172851562,197.88198852539062,0.0074968553459119494,0.3004654088050314,249.09702157974243,0.33320828563218974,0.9657355515394627,83.63009643554688,227.77001953125,103.70924377441406,7.089924378158742,7.089924378158742,0.4170062893081761,57.652366638183594,87.64260864257812,3397.33740234375,432.16534423828125,777.5155639648438,1.6858903861611005,0.7819856796257251,6.89353825594764,32.46927452087402,167.9329833984375,172.51235961914062,178.20213317871094,57.28645324707031,55.449432373046875,68.97370147705078,131.61758422851562,125.24767303466797,9.497559547424316,3.9538791179656982,23.330684266220565
caltech_bonsai_003,data/processed/caltech_bonsai_003.png,230.0,300.0,0.7666666666666667,69000.0,95.29975891113281,55.95298767089844,1.7720000743865967,254.77198791503906,79.12999725341797,0.10456521739130435,0.05533333333333333,252.99998784065247,0.5871262186082599,0.9861856005173473,39.720001220703125,171.9803924560547,75.99575805664062,7.456872587855845,7.456872587855845,0.7136376811594203,92.14151000976562,113.54864501953125,5174.5625,749.5361938476562,1297.1812744140625,2.839462358865987,0.6751046054235762,9.132334223600026,72.41792869567871,93.36756896972656,99.9561767578125,76.39111328125,63.3101806640625,55.31416320800781,54.711891174316406,117.3292007446289,126.62181091308594,16.67963981628418,11.5416259765625,47.42384281360085
caltech_bonsai_004,data/processed/caltech_bonsai_004.png,245.0,300.0,0.8166666666666667,73500.0,208.38754272460938,58.95652770996094,0.8969999551773071,255.0,238.13099670410156,0.010639455782312925,0.6976054421768707,254.1030000448227,0.2829177150236668,0.992989363284219,104.9310073852539,252.13101196289062,71.60023498535156,6.517592304473436,6.517592304473436,0.402,95.1009750366211,155.20570373535156,3969.74853515625,990.0057373046875,1440.837646484375,2.8121969947033594,0.778095075107968,5.146259854891996,92.00433826446533,206.19692993164062,212.4580535888672,193.17333984375,63.72303009033203,55.264625549316406,72.30409240722656,119.41412353515625,126.4375228881836,10.962839126586914,8.342851638793945,33.37774715055519
caltech_bonsai_005,data/processed/caltech_bonsai_005.png,300.0,269.0,1.1152416356877324,80700.0,183.419189453125,85.5766372680664,0.0,255.0,251.83798217773438,0.06137546468401487,0.5617596034696406,255.0,0.4665631609029294,0.9999999960784314,51.979000091552734,255.0,154.6510009765625,5.325093594913316,5.325093594913316,0.482094175960347,93.4958724975586,146.76788330078125,8901.556640625,1139.30322265625,1917.5133056640625,4.363192754646902,0.710811017742965,12.591632044049438,23.80376625061035,180.48500061035156,187.80140686035156,168.55052185058594,88.51924133300781,82.1202163696289,98.54712677001953,119.6091079711914,125.9071273803711,11.33272647857666,5.124895095825195,30.151304703867922
caltech_bonsai_006,data/processed/caltech_bonsai_006.png,208.0,300.0,0.6933333333333334,62400.0,209.5555877685547,66.69384002685547,16.097999572753906,255.0,246.14801025390625,0.00546474358974359,0.7252564102564103,238.9020004272461,0.31826323706649506,0.8812385186261548,84.57990264892578,253.9739990234375,77.95797729492188,6.005838270040217,6.005838270040217,0.3552403846153846,80.06123352050781,148.2386932373047,6701.87841796875,967.6228637695312,1738.6312255859375,3.4984380389522527,0.8070952932449077,8.277459538714346,11.882867336273193,210.8202362060547,210.23448181152344,202.742919921875,65.73573303222656,67.09596252441406,69.71224975585938,124.15538024902344,128.90203857421875,4.498848915100098,6.55120849609375,18.883354923951515
caltech_bonsai_007,data/processed/caltech_bonsai_007.png,300.0,164.0,1.829268292682927,49200.0,194.4829864501953,84.12265014648438,0.0,255.0,254.13099670410156,0.05723577235772358,0.6403252032520326,255.0,0.4325450325984279,0.9999999960784314,54.7495002746582,255.0,140.94025421142578,4.872446767823529,4.872446767823529,0.4038617886178862,86.54839324951172,151.8165283203125,9744.6298828125,1193.83203125,2057.36865234375,4.535818454652327,0.7416904090486646,13.243141131955204,55.08379554748535,193.99192810058594,197.29718017578125,181.28028869628906,84.56623077392578,81.70602416992188,98.5122299194336,120.54927062988281,127.64973449707031,11.241094589233398,5.560227394104004,29.65726601076042
caltech_bonsai_008,data/processed/caltech_bonsai_008.png,300.0,202.0,1.4851485148514851,60600.0,80.3326644897461,36.12469482421875,0.0,215.43099975585938,93.67300415039062,0.17975247524752475,3.3003300330033e-05,215.43099975585938,0.44968873625673256,0.9999999953581425,17.96269989013672,120.08200073242188,47.01900100708008,6.747971357707514,6.747971357707514,0.48704620462046205,69.47361755371094,86.79104614257812,1947.1239013671875,381.3949279785156,414.7679748535156,1.2797488829899308,0.7991664202520803,3.622223962918695,24.802803993225098,84.11045837402344,80.72704315185547,68.39351654052734,36.284732818603516,36.312599182128906,40.47182083129883,121.2623291015625,130.69456481933594,9.02391242980957,5.132585048675537,25.181697408666963
caltech_bonsai_009,data/processed/caltech_bonsai_009.png,255.0,300.0,0.85,76500.0,150.7915496826172,55.43990707397461,19.0,251.44000244140625,134.15550231933594,0.0006928104575163399,0.1960653594771242,232.44000244140625,0.3676592410052426,0.8594882394747746,84.94400024414062,228.05999755859375,102.82674407958984,7.412884709197682,7.412884709197682,0.7892418300653595,95.40119171142578,92.74849700927734,3821.92724609375,638.7271728515625,752.9324340820312,2.2126797549135793,0.6488864960897378,8.664952792157953,0.0,115.73937225341797,168.16107177734375,153.28890991210938,60.43207931518555,52.48932647705078,70.22624969482422,129.40936279296875,102.99842834472656,13.065333366394043,12.686188697814941,53.476144789592816
caltech_bonsai_010,data/processed/caltech_bonsai_010.png,300.0,225.0,1.3333333333333333,67500.0,126.50515747070312,51.63417434692383,2.369999885559082,251.57998657226562,130.15150451660156,0.04814814814814815,0.03,249.20998668670654,0.40815864721343836,0.98133490448821,55.08559799194336,192.94801330566406,83.05999755859375,7.666406538385538,7.666406538385538,0.8548148148148148,134.71607971191406,123.15949249267578,6199.5888671875,1170.651123046875,1155.629150390625,3.7532953429420823,0.599803745521923,9.13368661312785,48.93642711639404,138.9986572265625,128.40045166015625,83.97795867919922,55.41651916503906,53.95365524291992,50.38924789428711,104.00045013427734,136.91116333007812,14.246728897094727,12.532034873962402,54.27755402744908
caltech_brain_001,data/processed/caltech_brain_001.png,300.0,215.0,1.3953488372093024,64500.0,41.60481643676758,60.25107955932617,0.0,255.0,0.8689999580383301,0.667922480620155,0.011875968992248062,255.0,1.4481755544510637,0.9999999960784314,0.0,136.14300537109375,92.04374694824219,4.581390675977826,4.581390675977826,0.3966511627906977,88.84529113769531,166.36102294921875,6226.0390625,1124.0352783203125,2064.208251953125,3.702851247499147,0.8263426973937913,4.842033814380554,27.373635292053223,48.454463958740234,38.23567581176758,40.9876594543457,74.18464660644531,57.92599105834961,65.59866333007812,127.6517105102539,132.88563537597656,16.779939651489258,21.012226104736328,58.9292054587291
caltech_brain_002,data/processed/caltech_brain_002.png,300.0,261.0,1.1494252873563218,78300.0,124.80638885498047,69.92768859863281,0.0,255.0,123.07350158691406,0.16759897828863346,0.019910600255427843,255.0,0.5602893303771201,0.9999999960784314,23.690000534057617,193.32699584960938,127.96125793457031,6.682624746453541,6.682624746453541,0.5954661558109834,134.80958557128906,176.50811767578125,8735.044921875,1453.353271484375,1722.1463623046875,5.335926863491331,0.6688595392466097,8.410165960404568,57.2690544128418,121.09135437011719,130.35150146484375,105.99776458740234,85.49496459960938,64.99330139160156,81.02789306640625,117.38565826416016,125.35016632080078,15.117448806762695,21.692882537841797,61.82930162502285
caltech_brain_003,data/processed/caltech_brain_003.png,300.0,197.0,1.5228426395939085,59100.0,63.143375396728516,65.21531677246094,0.2280000001192093,255.0,37.95899963378906,0.5315397631133671,0.042656514382402706,254.7719999998808,1.0328132655231241,0.9982133582582963,9.064800262451172,165.0983123779297,86.87299919128418,6.908389603206406,6.908389603206406,0.4692554991539763,134.7135772705078,205.08529663085938,22226.6875,2035.75830078125,2590.689697265625,10.38245407603139,0.6884370923233938,17.53051671476869,179.0612335205078,47.89497375488281,59.38450241088867,122.4918441772461,69.76434326171875,67.39422607421875,58.63152313232422,161.4923858642578,117.12385559082031,20.402118682861328,12.675948143005371,69.27457440512357
caltech_brain_004,data/processed/caltech_brain_004.png,300.0,251.0,1.1952191235059761,75300.0,200.9344482421875,43.48271942138672,0.7979999780654907,255.0,223.88751220703125,0.016294820717131474,0.5456175298804781,254.2020000219345,0.21640251129350516,0.9937606980897875,146.10499572753906,230.31298828125,49.78199768066406,5.8031396141604485,5.8031396141604485,0.3418061088977424,64.2011947631836,163.126220703125,3614.99072265625,890.0460815429688,1818.8184814453125,2.5152082893398546,0.876348764009961,2.9670779036008867,34.68623924255371,201.0621795654297,202.76329040527344,191.18235778808594,39.688533782958984,45.903236389160156,60.871307373046875,122.49657440185547,128.0911102294922,18.340862274169922,13.047536849975586,48.765333921931365
caltech_brain_005,data/processed/caltech_brain_005.png,300.0,233.0,1.2875536480686696,69900.0,194.15248107910156,74.83809661865234,0.0,255.0,217.6529998779297,0.08606580829756795,0.5083834048640916,255.0,0.38546041656146235,0.9999999960784314,50.209999084472656,255.0,81.947998046875,6.423453523119232,6.423453523119232,0.5041487839771102,204.19021606445312,295.90771484375,13475.7666015625,3379.17236328125,3099.292236328125,9.905689672496202,0.682951022260382,10.559977557653669,88.03669738769531,184.07960510253906,199.7794952392578,191.59742736816406,83.15464782714844,77.9958724975586,76.93106079101562,126.55811309814453,120.81535339355469,20.322795867919922,26.288686752319336,73.66352767863182
caltech_brain_006,data/processed/caltech_brain_006.png,300.0,265.0,1.1320754716981132,79500.0,189.16969299316406,50.18729019165039,0.0,255.0,184.0625,0.006490566037735849,0.31542138364779876,255.0,0.2653030151513804,0.9999999960784314,127.21199798583984,255.0,94.46125793457031,6.6075010059770385,6.6075010059770385,0.6612704402515723,91.59506225585938,116.5186767578125,7716.00927734375,715.2909545898438,1240.046875,3.654688442766788,0.6413190688398698,13.622689705553585,30.349278450012207,196.7147674560547,187.34828186035156,178.759033203125,47.617000579833984,51.91556167602539,57.35816192626953,122.12490844726562,133.38165283203125,12.834753036499023,7.93643045425415,35.328068108301366
caltech_brain_007,data/processed/caltech_brain_007.png,300.0,198.0,1.5151515151515151,59400.0,49.32310104370117,55.1536750793457,0.0,227.7840118408203,23.98349952697754,0.5380303030303031,0.00018518518518518518,227.7840118408203,1.1182118073287146,0.9999999956098763,0.0,127.74290466308594,95.2074966430664,5.649053273393666,5.649053273393666,0.48648148148148146,71.534423828125,107.21216583251953,1053.698974609375,569.9965209960938,897.1359252929688,1.0854582152441345,0.8145581361931787,2.294905669360748,51.30825614929199,62.38846969604492,42.751869201660156,48.89126205444336,71.53901672363281,52.88452911376953,52.97652816772461,127.75629425048828,137.319091796875,17.68865966796875,19.87422752380371,60.956544151851446
caltech_brain_008,data/processed/caltech_brain_008.png,300.0,218.0,1.3761467889908257,65400.0,136.09011840820312,61.44880294799805,0.0,255.0,140.2965087890625,0.06058103975535168,0.08241590214067278,255.0,0.45153023022694244,0.9999999960784314,53.13399887084961,213.0,106.89599609375,7.738410921682675,7.738410921682675,0.6149082568807339,118.53865814208984,143.3161163330078,1969.7255859375,1176.5155029296875,1466.646728515625,2.092834813555956,0.7083682258972652,3.672913198324496,243.0188980102539,133.31854248046875,134.02740478515625,153.98060607910156,65.1645736694336,62.526702880859375,56.80527114868164,138.09620666503906,126.02313232421875,15.956334114074707,9.331406593322754,43.2499157907374
caltech_brain_009,data/processed/caltech_brain_009.png,300.0,275.0,1.0909090909090908,82500.0,38.948726654052734,71.5820083618164,0.0,250.81399536132812,0.0,0.7655151515151515,0.04243636363636363,250.81399536132812,1.8378522912896254,0.9999999960129817,0.0,173.30728149414062,20.0,3.7977497844814927,3.7977497844814927,0.29455757575757574,47.27525329589844,103.78435516357422,2356.618408203125,438.966552734375,912.8547973632812,1.3648841896493429,0.8955955288945074,3.0022513225021807,0.7287992686033249,35.19865417480469,39.70224380493164,44.90453338623047,65.01333618164062,72.99421691894531,81.92828369140625,131.36105346679688,125.32518768310547,6.675349712371826,5.093652725219727,19.613981109754715
caltech_brain_010,data/processed/caltech_brain_010.png,300.0,282.0,1.0638297872340425,84600.0,202.9576416015625,74.15472412109375,0.0,255.0,240.95449829101562,0.07625295508274231,0.6286524822695035,255.0,0.36537044464332413,0.9999999960784314,64.0,255.0,64.71199035644531,6.335010521009157,6.335010521009157,0.4897517730496454,167.2386474609375,261.53924560546875,10236.037109375,2786.7841796875,3294.13623046875,7.414544314908843,0.7299501020296739,9.035261129364047,96.60585403442383,208.6348876953125,200.5106201171875,200.66737365722656,70.29034423828125,77.41949462890625,77.3319091796875,126.70751953125,132.0493927001953,9.258594512939453,13.439116477966309,36.713981576936696
caltech_brontosaurus_001,data/processed/caltech_brontosaurus_001.png,300.0,179.0,1.675977653631285,53700.0,95.5186996459961,64.55638122558594,0.29899999499320984,254.5439910888672,83.19400024414062,0.2448417132216015,0.06636871508379888,254.24499109387398,0.6758507055580637,0.9976534532690244,23.300899505615234,187.322998046875,93.14999771118164,7.6069230760483375,7.6069230760483375,0.8145996275605214,117.24346923828125,103.1900634765625,3603.513671875,859.8621826171875,864.654052734375,2.3916839415548097,0.6325229111025538,7.544595597816819,19.297786712646484,103.36949920654297,95.93638610839844,72.77679443359375,69.22025299072266,63.812828063964844,66.7680435180664,115.16597747802734,133.59970092773438,13.702106475830078,9.709173202514648,42.49751882561006
caltech_brontosaurus_002,data/processed/caltech_brontosaurus_002.png,232.0,300.0,0.7733333333333333,69600.0,148.39048767089844,60.57489776611328,1.1740000247955322,255.0,143.16250610351562,0.021135057471264367,0.20808908045977012,253.82599997520447,0.408212806013846,0.9908343507139751,69.89800262451172,234.87940979003906,103.78526306152344,7.756629206217392,7.756629206217392,0.854683908045977,128.52560424804688,108.38941192626953,10183.8671875,1037.418212890625,955.05908203125,4.955717160567236,0.5009201882734312,16.729808477648856,16.96200942993164,162.3142852783203,146.06817626953125,123.82904815673828,58.24078369140625,64.00789642333984,55.24490737915039,114.1391372680664,137.9313507080078,10.709351539611816,8.05732250213623,37.56622892376453
caltech_brontosaurus_003,data/processed/caltech_brontosaurus_003.png,215.0,300.0,0.7166666666666667,64500.0,129.41259765625,63.209407806396484,0.0,253.44699096679688,143.09600830078125,0.10485271317829457,0.0337984496124031,253.44699096679688,0.48843318550688714,0.9999999960544018,38.93190002441406,200.1562042236328,111.11099243164062,7.693783548712762,7.693783548712762,0.9049612403100775,149.1804962158203,133.20030212402344,10221.31640625,1397.1243896484375,1278.985107421875,5.242268629741441,0.4686670411703783,19.196908820394167,27.060593605041504,110.8799057006836,140.55458068847656,120.6488037109375,54.729942321777344,67.17639923095703,80.16422271728516,123.05430603027344,114.78124237060547,16.707489013671875,16.191850662231445,56.6137646512546
caltech_brontosaurus_004,data/processed/caltech_brontosaurus_004.png,300.0,220.0,1.3636363636363635,66000.0,149.39527893066406,67.07125854492188,2.3919999599456787,241.49899291992188,167.61599731445312,0.11104545454545454,0.14269696969696968,239.1069929599762,0.4489516574824209,0.9803846757775411,34.14899826049805,218.7060089111328,104.8840103149414,7.636319583306221,7.636319583306221,0.4787727272727273,55.356842041015625,79.24762725830078,561.7730712890625,367.8869323730469,855.6264038085938,0.6597589145683249,0.845510382882491,1.5565755342920609,6.9452351331710815,171.6588592529297,137.4313507080078,152.60592651367188,66.21215057373047,66.253173828125,74.65802764892578,129.81187438964844,143.8798828125,5.651026248931885,4.16225004196167,24.502994965952112
caltech_brontosaurus_005,data/processed/caltech_brontosaurus_005.png,297.0,300.0,0.99,89100.0,155.92559814453125,51.7456169128418,27.80900001525879,253.40399169921875,171.23699951171875,0.0015151515151515152,0.07107744107744107,225.59499168395996,0.3318609464817738,0.8022210834085184,74.94599914550781,212.84799194335938,90.09249877929688,7.318050860690974,7.318050860690974,0.3828731762065095,46.42555618286133,69.13540649414062,452.03179931640625,278.1952209472656,575.5866088867188,0.5284017214995473,0.8743152827259748,1.0028731810986973,4.040511846542358,148.4874267578125,159.69944763183594,156.0025177001953,39.942230224609375,56.06736373901367,90.37886810302734,128.0434112548828,122.69458770751953,27.406980514526367,21.681556701660156,74.27436243232935
caltech_brontosaurus_006,data/processed/caltech_brontosaurus_006.png,300.0,195.0,1.5384615384615385,58500.0,181.2543182373047,45.32693862915039,0.0,255.0,192.0,0.017504273504273506,0.2254871794871795,255.0,0.25007370207717217,0.9999999960784314,121.0,227.00001525878906,50.0,7.151476500724514,7.151476500724514,0.5983076923076923,83.24205017089844,101.57611083984375,7141.24267578125,701.8082885742188,978.42431640625,3.225385159094947,0.6838037706514075,11.703943562255729,0.0,181.2543182373047,181.2543182373047,181.2543182373047,45.326942443847656,45.326942443847656,45.326942443847656,128.0,128.0,0.0,1.483558548898145e-06,0.0
caltech_brontosaurus_007,data/processed/caltech_brontosaurus_007.png,300.0,184.0,1.6304347826086956,55200.0,203.99452209472656,47.610809326171875,0.0,255.0,224.0,0.013514492753623188,0.5661231884057971,255.0,0.23339258625126616,0.9999999960784314,138.0,243.0,54.0,6.790708441728405,6.790708441728405,0.6401268115942029,97.17916107177734,119.14466094970703,11840.939453125,953.5571899414062,1338.3306884765625,4.906779865728082,0.6115835114851701,18.499281935579738,0.0,203.99452209472656,203.99452209472656,203.99452209472656,47.610809326171875,47.610809326171875,47.610809326171875,128.0,128.0,0.0,1.9031976989936084e-06,0.0
caltech_brontosaurus_008,data/processed/caltech_brontosaurus_008.png,300.0,193.0,1.5544041450777202,57900.0,166.0794677734375,60.00949478149414,0.0,255.0,162.0,0.04145077720207254,0.22761658031088083,255.0,0.36133000198451964,0.9999999960784314,91.0,252.99998474121094,77.0,7.1771229596010855,7.1771229596010855,0.43877374784110534,64.53430938720703,106.57001495361328,1569.870849609375,615.62255859375,1118.745361328125,1.2001731581824757,0.8339168884618757,2.9186708761721,0.0,166.0794677734375,166.0794677734375,166.0794677734375,60.00949478149414,60.00949478149414,60.00949478149414,128.0,128.0,0.0,8.595961276114394e-07,0.0
caltech_brontosaurus_009,data/processed/caltech_brontosaurus_009.png,300.0,223.0,1.345291479820628,66900.0,164.81509399414062,83.28925323486328,0.0,255.0,150.14450073242188,0.04974588938714499,0.43112107623318385,255.0,0.5053496661687712,0.9999999960784314,52.972999572753906,255.0,162.17499542236328,6.125168572226466,6.125168572226466,0.5688938714499253,90.10277557373047,134.88519287109375,10251.357421875,1147.3114013671875,1855.0499267578125,4.428623745977035,0.6260959084227791,18.586603173368,25.20683240890503,168.5980987548828,167.20437622070312,142.59031677246094,81.19259643554688,81.77384185791016,99.35755920410156,115.45780181884766,130.6982879638672,13.63363265991211,4.9392805099487305,36.411717285098185
caltech_brontosaurus_010,data/processed/caltech_brontosaurus_010.png,300.0,206.0,1.4563106796116505,61800.0,179.8389892578125,101.46501922607422,0.0,255.0,254.0,0.1973139158576052,0.6033171521035599,255.0,0.5641992266561139,0.9999999960784314,0.0,255.0,161.8385009765625,4.355964285773089,4.355964285773089,0.29702265372168285,70.20503234863281,173.23204040527344,3673.122802734375,1577.630859375,3451.721923828125,2.5312463269175987,0.8733948298688101,4.0692696404212505,10.87406587600708,185.958740234375,178.07716369628906,172.85986328125,99.37483978271484,102.39940643310547,105.42118072509766,124.06145477294922,132.36502075195312,8.028759002685547,9.03459358215332,28.484710506098345
caltech_buddha_001,data/processed/caltech_buddha_001.png,167.0,300.0,0.5566666666666666,50100.0,100.51615142822266,58.37397766113281,2.0929999351501465,253.63198852539062,106.28099822998047,0.20912175648702594,0.03808383233532934,251.53898859024048,0.5807422613277697,0.9836308493779556,22.0,176.73789978027344,96.15249633789062,7.518349801956694,7.518349801956694,0.7092614770459081,102.83936309814453,112.51026153564453,1211.984130859375,870.9653930664062,1082.6597900390625,1.4352974063558426,0.731173922122011,2.3695499615233246,39.254655838012695,132.93157958984375,89.53025817871094,72.0644302368164,70.37348937988281,55.069950103759766,51.2823371887207,111.9437255859375,151.12083435058594,8.69290542602539,13.072017669677734,50.20781998087682
caltech_buddha_002,data/processed/caltech_buddha_002.png,261.0,300.0,0.87,78300.0,172.41319274902344,71.84339904785156,5.980000019073486,255.0,165.09149169921875,0.022298850574712644,0.37727969348659,249.0199999809265,0.41669316300950715,0.9541727297438669,73.04669952392578,255.0,136.95999145507812,6.389576858539922,6.389576858539922,0.5743933588761175,72.08443450927734,105.73597717285156,5984.66552734375,669.7398071289062,1285.5352783203125,2.807740376606571,0.682398854175349,12.024848892517545,28.97912883758545,208.81277465820312,165.94204711914062,110.26480102539062,53.15408706665039,78.05587768554688,110.6807861328125,92.92755126953125,153.96258544921875,31.23407554626465,21.419246673583984,102.90150796428539
caltech_buddha_003,data/processed/caltech_buddha_003.png,231.0,300.0,0.77,69300.0,145.7814178466797,49.83899688720703,1.7939999103546143,254.70098876953125,141.84300231933594,0.014906204906204906,0.12694083694083694,252.90698885917664,0.3418748238389927,0.9860114194620831,81.73540496826172,236.7655029296875,47.204254150390625,7.297194496587658,7.297194496587658,0.39126984126984127,75.93054962158203,116.90625,1399.838134765625,655.6698608398438,1110.4097900390625,1.337558094079832,0.810587924237585,2.28639600759739,20.448790550231934,154.3437042236328,145.7315673828125,123.58076477050781,45.33148956298828,52.82000732421875,54.752410888671875,115.47142791748047,134.10719299316406,12.544829368591309,8.8277587890625,39.34171247687174
caltech_buddha_004,data/processed/caltech_buddha_004.png,297.0,300.0,0.99,89100.0,64.51176452636719,73.28797149658203,0.0,251.9849853515625,28.23699951171875,0.5147250280583614,0.048058361391694726,251.9849853515625,1.1360403935407386,0.9999999960315096,0.0,174.68740844726562,117.2874984741211,5.524567196589312,5.524567196589312,0.4024466891133558,61.543460845947266,101.3028793334961,798.925537109375,529.4612426757812,1023.4605712890625,0.8848599724686688,0.852340388711045,1.3582283471090253,7.709535598754883,78.90643310546875,64.30108642578125,27.842098236083984,87.01197052001953,73.82066345214844,41.240516662597656,107.30606079101562,138.26722717285156,23.259653091430664,12.049970626831055,66.2359429119046
caltech_buddha_005,data/processed/caltech_buddha_005.png,180.0,300.0,0.6,54000.0,190.61314392089844,71.73429870605469,9.866999626159668,255.0,249.38600158691406,0.00862962962962963,0.5244444444444445,245.13300037384033,0.37633447963844957,0.9254946814602533,92.75080871582031,255.0,135.95724487304688,5.3682406432272884,5.3682406432272884,0.43337037037037035,61.33029556274414,100.34972381591797,1122.6610107421875,475.9959716796875,986.0938720703125,1.0113252949517215,0.8344161601839123,2.107950143881834,12.411736965179443,211.7163543701172,186.4769744873047,156.56105041503906,52.57335662841797,76.0289077758789,104.15792083740234,108.78324890136719,143.0522003173828,20.302318572998047,15.98586654663086,67.21187099743597
caltech_buddha_006,data/processed/caltech_buddha_006.png,200.0,300.0,0.6666666666666666,60000.0,79.0040512084961,52.50729751586914,1.1959999799728394,248.7169952392578,66.90399932861328,0.2710166666666667,0.00455,247.52099525928497,0.664615245016793,0.9904286651909557,18.84000015258789,161.177001953125,74.76949691772461,7.491309553493758,7.491309553493758,0.5197166666666667,85.26570129394531,111.27589416503906,3213.04052734375,642.5685424804688,821.9728393554688,2.0392418614813197,0.7527386826538403,5.219308754918989,62.86642265319824,67.34071350097656,88.31231689453125,61.66529846191406,65.41207885742188,55.314632415771484,46.95958709716797,118.21514892578125,119.68092346191406,28.18705940246582,20.60393524169922,78.56576874768072
caltech_buddha_007,data/processed/caltech_buddha_007.png,300.0,219.0,1.36986301369863,65700.0,227.69622802734375,31.333843231201172,46.763999938964844,251.12399291992188,237.82199096679688,0.0,0.792054794520548,204.35999298095703,0.137612482055811,0.6860296393071985,177.3278045654297,248.14300537109375,26.16900634765625,4.225954840327596,4.225954840327596,0.19362252663622526,22.546411514282227,55.7180061340332,641.7680053710938,129.5406951904297,396.7337646484375,0.4149715660919358,0.9205907546352519,1.6695818469732489,0.0,247.2598419189453,227.06597900390625,179.62960815429688,17.684825897216797,38.80072784423828,40.06389617919922,100.87439727783203,141.9541015625,9.500777244567871,13.180935859680176,52.1225151884139
caltech_buddha_008,data/processed/caltech_buddha_008.png,300.0,300.0,1.0,90000.0,191.23948669433594,64.21244049072266,1.0429999828338623,255.0,188.07000732421875,0.0019555555555555554,0.4599888888888889,253.95700001716614,0.3357697788510886,0.9918529272127709,99.22699737548828,255.0,118.05099487304688,5.385317037244354,5.385317037244354,0.3881,59.373809814453125,101.01238250732422,2124.87158203125,460.76885986328125,885.8687133789062,1.3813879598662213,0.8438142043568524,2.8567912472233394,19.6590838432312,172.94789123535156,197.53253173828125,206.81129455566406,79.18115234375,59.60258865356445,52.906272888183594,136.78768920898438,114.95320892333984,8.76429271697998,13.26975154876709,42.9029003659046
caltech_buddha_009,data/processed/caltech_buddha_009.png,277.0,300.0,0.9233333333333333,83100.0,181.2935791015625,57.0250129699707,2.3480000495910645,251.57998657226562,199.9600067138672,0.01588447653429603,0.4609145607701564,249.23198652267456,0.31454513137213524,0.9815065635609443,90.9259033203125,233.32200622558594,84.54800415039062,6.933306619524974,6.933306619524974,0.46182912154031286,72.15662384033203,109.8289794921875,2582.5537109375,634.9802856445312,1098.176025390625,1.6884507876234047,0.784782601381568,4.5091573282474,110.39653301239014,202.40948486328125,181.36070251464844,125.56497192382812,56.61503601074219,59.31400680541992,62.50474166870117,96.55045318603516,143.06126403808594,11.661407470703125,15.075292587280273,60.33298286632055
caltech_buddha_010,data/processed/caltech_buddha_010.png,300.0,280.0,1.0714285714285714,84000.0,80.7817611694336,82.82449340820312,0.0,255.0,30.000001907348633,0.5124047619047619,0.0726904761904762,255.0,1.025287034893904,0.9999999960784314,3.0,207.0,156.0,6.8543356513197295,6.8543356513197295,0.5155357142857143,69.37081909179688,97.44622802734375,816.99658203125,546.2927856445312,999.2251586914062,0.9097950213518231,0.837510028107178,1.2147111382848588,0.0,80.7817611694336,80.7817611694336,80.7817611694336,82.82449340820312,82.82449340820312,82.82449340820312,128.0,128.0,0.0,8.070758212852525e-07,0.0
caltech_butterfly_001,data/processed/caltech_butterfly_001.png,300.0,198.0,1.5151515151515151,59400.0,175.82464599609375,93.86128234863281,0.0,255.0,243.0,0.18385521885521885,0.5287542087542088,255.0,0.5338346127930409,0.9999999960784314,9.690000534057617,255.0,119.02398681640625,5.177014525049133,5.177014525049133,0.37232323232323233,121.80852508544922,230.12112426757812,8116.7548828125,2205.8486328125,3424.163818359375,5.3942648957016655,0.8052272274684628,8.851670571264705,70.92763137817383,199.1233673095703,169.93441772460938,145.0462646484375,90.49182891845703,97.44550323486328,116.56251525878906,110.63069915771484,144.61817932128906,29.103084564208984,26.36960220336914,94.77766250938564
caltech_butterfly_002,data/processed/caltech_butterfly_002.png,221.0,300.0,0.7366666666666667,66300.0,62.391075134277344,51.531070709228516,0.0,254.0709991455078,56.358001708984375,0.3969683257918552,0.001282051282051282,254.0709991455078,0.8259365585925132,0.9999999960640923,0.0,133.848388671875,84.19250106811523,6.805050976225476,6.805050976225476,0.45487179487179485,68.37303161621094,108.42758178710938,1180.9093017578125,561.55859375,982.1729125976562,1.1226888181822758,0.8239092885646264,2.4691211834147464,75.59173583984375,72.92316436767578,61.95186996459961,37.0289306640625,67.60620880126953,52.51180648803711,35.6100959777832,113.6872787475586,135.51219177246094,22.56304359436035,19.14421844482422,70.03600577112547
caltech_butterfly_003,data/processed/caltech_butterfly_003.png,300.0,192.0,1.5625,57600.0,110.86392211914062,49.454795837402344,5.680999755859375,253.64698791503906,109.91850280761719,0.08428819444444445,0.015590277777777778,247.9659881591797,0.4460855654932528,0.9561867557375855,44.115901947021484,175.02099609375,76.94850158691406,7.554353726494029,7.554353726494029,0.7640798611111111,122.62027740478516,130.60704040527344,2700.618408203125,1056.254150390625,1213.9991455078125,2.3917894308106726,0.6666578450426794,4.746033572752995,58.70902633666992,121.82805633544922,112.14257049560547,75.52326202392578,69.11244201660156,50.626922607421875,48.29872131347656,108.05606079101562,135.82032775878906,25.511669158935547,26.696123123168945,88.5857571130357
caltech_butterfly_004,data/processed/caltech_butterfly_004.png,300.0,271.0,1.1070110701107012,81300.0,141.50440979003906,69.8528060913086,8.166999816894531,255.0,99.95500183105469,0.023997539975399752,0.24591635916359164,246.83300018310547,0.49364401930166374,0.9379329453043626,76.1249008178711,248.71200561523438,128.9960174560547,7.021675516362157,7.021675516362157,0.49632226322263223,44.77925109863281,56.70634460449219,561.0098266601562,260.3281555175781,634.9329223632812,0.5083593247136484,0.8273257387834682,2.4376126702886767,78.69316864013672,168.1946258544922,132.66928100585938,116.99437713623047,68.39102172851562,78.00967407226562,91.55818939208984,114.16814422607422,147.03721618652344,23.147239685058594,33.92683029174805,100.04670959568669
caltech_butterfly_005,data/processed/caltech_butterfly_005.png,300.0,278.0,1.079136690647482,83400.0,106.8582763671875,63.551063537597656,0.0,254.47299194335938,90.18000030517578,0.11922062350119904,0.06447242206235013,254.47299194335938,0.5947228900127488,0.9999999960703099,36.983001708984375,204.62460327148438,103.46549224853516,7.690987449094284,7.690987449094284,0.7768585131894484,128.62123107910156,133.7820281982422,1805.1092529296875,1157.0106201171875,1335.435791015625,2.078969971819652,0.6807641779092328,3.052176994243637,26.592308044433594,109.86900329589844,107.33171081542969,96.52385711669922,65.30284118652344,65.42716217041016,62.24791717529297,122.16793823242188,130.1474609375,14.239830017089844,9.960407257080078,39.100478198465154
caltech_butterfly_006,data/processed/caltech_butterfly_006.png,300.0,271.0,1.1070110701107012,81300.0,172.65565490722656,106.21086883544922,0.0,255.0,254.01699829101562,0.24603936039360394,0.6094464944649447,255.0,0.6151600900495245,0.9999999960784314,12.1589994430542,255.0,213.87000274658203,4.631801642540427,4.631801642540427,0.29974169741697415,52.55172348022461,118.55078125,486.58074951171875,785.0193481445312,1895.154541015625,0.8004524778432474,0.8951459560290675,0.988333837744613,37.02534580230713,181.44400024414062,169.76870727539062,164.47080993652344,97.54210662841797,109.80238342285156,113.05794525146484,123.38101196289062,134.2684326171875,9.09160041809082,9.756157875061035,32.24207512430394
caltech_butterfly_007,data/processed/caltech_butterfly_007.png,300.0,200.0,1.5,60000.0,25.535022735595703,46.88483810424805,0.0,209.0120086669922,1.0,0.7959833333333334,0.0,209.0120086669922,1.83609925683722,0.9999999952155859,0.0,112.03460693359375,22.0,4.34427909938589,4.34427909938589,0.34105,45.72675704956055,79.37855529785156,725.8737182617188,293.5174560546875,598.9288330078125,0.6024175784160494,0.8812034601999581,1.803034794428624,6.4624738693237305,31.954015731811523,24.87244987487793,12.110899925231934,58.106197357177734,46.636112213134766,21.9063663482666,120.42430877685547,132.5784454345703,15.998369216918945,9.016730308532715,42.1465005551745
caltech_butterfly_008,data/processed/caltech_butterfly_008.png,300.0,252.0,1.1904761904761905,75600.0,163.3968963623047,89.88304901123047,0.0,255.0,212.93800354003906,0.058637566137566134,0.49886243386243384,255.0,0.5500903044194907,0.9999999960784314,43.95100021362305,251.83200073242188,169.29700469970703,6.427245233483872,6.427245233483872,0.3263888888888889,62.782997131347656,146.93344116210938,1446.048583984375,1060.6453857421875,2600.096435546875,1.48985751742724,0.878683480860603,1.5932116345818879,3.9418901205062866,160.42633056640625,163.60813903808594,170.10031127929688,91.49093627929688,90.89044952392578,84.40612030029297,131.78297424316406,125.88121795654297,12.79551887512207,6.450393199920654,31.250068619320224
caltech_butterfly_009,data/processed/caltech_butterfly_009.png,300.0,253.0,1.1857707509881423,75900.0,207.46815490722656,83.2300033569336,0.0,255.0,254.0,0.10306982872200264,0.7299077733860343,255.0,0.4011700156729186,0.9999999960784314,36.0,254.0,54.0,3.794779470737388,3.794779470737388,0.25866930171277996,30.253902435302734,66.88701629638672,92.25233459472656,333.4742431640625,1092.436279296875,0.24459535948193792,0.9350056451768399,0.30353485767995575,0.0,207.46815490722656,207.46815490722656,207.46815490722656,83.2300033569336,83.2300033569336,83.2300033569336,128.0,128.0,0.0,5.958812039352779e-07,0.0
caltech_butterfly_010,data/processed/caltech_butterfly_010.png,300.0,200.0,1.5,60000.0,79.73074340820312,53.2121467590332,0.0,251.47799682617188,78.6760025024414,0.27923333333333333,0.0032833333333333334,251.47799682617188,0.6673980928435739,0.999999996023509,10.983000755310059,149.92620849609375,83.26300811767578,7.464509274198891,7.464509274198891,0.6751,73.08355712890625,83.88764953613281,1152.6812744140625,561.980712890625,798.1127319335938,0.9898793017484306,0.7846011260606524,3.095994695012326,19.591959953308105,82.62971496582031,83.04734802246094,55.04964828491211,60.29736328125,53.769283294677734,41.23801803588867,114.07161712646484,130.06773376464844,15.251632690429688,8.966568946838379,43.921479356144715
caltech_camera_001,data/processed/caltech_camera_001.png,287.0,300.0,0.9566666666666667,86100.0,179.73565673828125,97.09430694580078,0.0,255.0,252.99998474121094,0.12922183507549362,0.617096399535424,255.0,0.5402061458899984,0.9999999960784314,31.84589958190918,255.0,186.84300231933594,5.096812367448949,5.096812367448949,0.33983739837398375,67.7103042602539,150.2726287841797,2983.8505859375,952.3074951171875,2231.824462890625,2.137557769201459,0.8700239833887702,2.4726240922264267,5.9305641651153564,180.05227661132812,179.4554443359375,180.34812927246094,96.97869110107422,97.50650787353516,96.4038314819336,128.3456268310547,128.225830078125,2.8364856243133545,5.382186412811279,13.014243355532901
caltech_camera_002,data/processed/caltech_camera_002.png,300.0,178.0,1.6853932584269662,53400.0,177.05816650390625,77.56916809082031,0.0,255.0,194.156005859375,0.06846441947565543,0.43647940074906366,255.0,0.4380999147588545,0.9999999960784314,62.76839828491211,255.0,135.71200561523438,6.673645833536323,6.673645833536323,0.5085205992509363,112.30130004882812,177.1610107421875,3830.93701171875,1381.6739501953125,2069.4150390625,3.097800477352406,0.7861704326085927,3.597733203101168,7.335487127304077,174.31509399414062,177.9063262939453,179.885498046875,80.08232116699219,76.9813461303711,74.98541259765625,129.59556579589844,126.04345703125,4.691786766052246,4.050248146057129,14.19829407726537
caltech_camera_003,data/processed/caltech_camera_003.png,300.0,300.0,1.0,90000.0,207.1396026611328,49.898963928222656,0.8969999551773071,255.0,207.87599182128906,0.0070888888888888885,0.4757222222222222,254.1030000448227,0.24089533361208018,0.992989363284219,140.20249938964844,255.0,71.5579833984375,6.095945115881064,6.095945115881064,0.3470888888888889,42.705204010009766,76.91507720947266,696.084716796875,286.8141784667969,747.2877807617188,0.6308695652173915,0.877752280552631,1.594510483983619,2.8419249057769775,212.0091552734375,205.482421875,202.9007110595703,46.641822814941406,51.1053581237793,52.88542938232422,125.60786437988281,131.47328186035156,2.472782850265503,3.714174509048462,11.916561923097948
caltech_camera_004,data/processed/caltech_camera_004.png,300.0,282.0,1.0638297872340425,84600.0,180.60394287109375,70.91426086425781,0.0,255.0,195.15701293945312,0.05515366430260047,0.4258983451536643,255.0,0.3926506771904878,0.9999999960784314,61.145999908447266,255.0,108.16400146484375,7.008104030278769,7.008104030278769,0.5107801418439716,85.82221221923828,136.1046905517578,3207.938720703125,919.9810180664062,1573.643798828125,2.2224348975776254,0.7904781482412278,4.41356761448135,2.0254979133605957,179.3004608154297,180.59884643554688,184.0491485595703,71.39058685302734,70.93922424316406,69.79425811767578,129.94422912597656,127.07025909423828,1.972252607345581,1.9813194274902344,7.024939846476447
caltech_camera_005,data/processed/caltech_camera_005.png,276.0,300.0,0.92,82800.0,173.1610107421875,82.20510864257812,0.5270000100135803,255.0,204.69500732421875,0.06881642512077295,0.4578140096618358,254.47299998998642,0.47473220337248906,0.9958751872958198,45.144996643066406,255.0,160.10400390625,6.757877097776273,6.757877097776273,0.4469202898550725,93.83826446533203,167.19895935058594,3433.057373046875,1284.3233642578125,2185.532470703125,2.6978323229385612,0.8173981435434949,3.269843416283696,3.0765949487686157,174.50335693359375,171.2855682373047,179.2972869873047,81.0542221069336,83.90961456298828,76.74657440185547,131.46290588378906,128.9574432373047,4.327243328094482,1.632402777671814,11.398727895423953
caltech_camera_006,data/processed/caltech_camera_006.png,271.0,300.0,0.9033333333333333,81300.0,145.93040466308594,99.85000610351562,0.0,255.0,163.15301513671875,0.24011070110701108,0.4416728167281673,255.0,0.6842303058763671,0.9999999960784314,10.793999671936035,255.0,211.89599990844727,6.46586195752924,6.46586195752924,0.41034440344403444,69.8349838256836,129.52146911621094,1529.989501953125,766.6099853515625,1563.873046875,1.423183582954372,0.8428522973094301,2.340103355786488,6.3860814571380615,147.34007263183594,145.13389587402344,146.33448791503906,98.5110855102539,100.38908386230469,101.1667251586914,128.22804260253906,129.00546264648438,3.92563533782959,3.4682788848876953,11.34249104897786
caltech_camera_007,data/processed/caltech_camera_007.png,300.0,232.0,1.293103448275862,69600.0,76.7361068725586,74.77362060546875,0.0,255.0,38.167999267578125,0.5129885057471264,0.05985632183908046,255.0,0.9744255042183129,0.9999999960784314,6.901999473571777,198.80499267578125,101.31774711608887,7.116287369403069,7.116287369403069,0.4668103448275862,84.53167724609375,158.03424072265625,3381.3388671875,1049.4610595703125,1719.0238037109375,2.564934969245317,0.813598733492018,3.7469902953738816,383.2942953109741,74.34334564208984,74.92398071289062,92.34265899658203,70.68990325927734,77.68824005126953,81.1888656616211,136.80731201171875,126.2933349609375,20.73272705078125,6.629199028015137,48.52371382585458
caltech_camera_008,data/processed/caltech_camera_008.png,300.0,156.0,1.9230769230769231,46800.0,133.3821563720703,70.91185760498047,0.0,255.0,145.09800720214844,0.08232905982905983,0.14942307692307694,255.0,0.5316442543898239,0.9999999960784314,43.792999267578125,231.2519989013672,129.00100326538086,7.732909779038424,7.732909779038424,0.39942307692307694,90.74871826171875,163.32740783691406,3282.381591796875,1059.9803466796875,1892.9088134765625,2.6327348564694546,0.8121513185160887,3.4461683819568356,47.6265811920166,121.25023651123047,139.2899627685547,134.78184509277344,77.46389770507812,70.0413818359375,62.12766647338867,128.78988647460938,119.34671020507812,8.72210693359375,9.065983772277832,31.386433136845156
caltech_camera_009,data/processed/caltech_camera_009.png,300.0,276.0,1.0869565217391304,82800.0,163.99473571777344,94.14029693603516,1.1959999799728394,255.0,214.99998474121094,0.03799516908212561,0.4999033816425121,253.80400002002716,0.5740446237493938,0.9906633946244435,44.0880012512207,255.0,197.9829978942871,5.231028791674606,5.231028791674606,0.3761352657004831,44.35469055175781,88.45602416992188,1804.6492919921875,369.2596740722656,967.9293823242188,1.086001996994814,0.8544469176160633,3.352532558145189,2.272657036781311,165.07034301757812,164.09500122070312,160.65731811523438,93.48827362060547,93.90635681152344,97.25740051269531,126.11659240722656,128.76719665527344,2.349637031555176,2.1687378883361816,7.752280450556386
caltech_camera_010,data/processed/caltech_camera_010.png,300.0,198.0,1.5151515151515151,59400.0,209.12158203125,44.52342987060547,15.829999923706055,255.0,217.96099853515625,0.001548821548821549,0.5276599326599326,239.17000007629395,0.21290690910632656,0.8831000969632945,154.0469970703125,255.0,67.82798767089844,6.3768618367655625,6.3768618367655625,0.4103703703703704,58.91975402832031,93.42527770996094,1780.2298583984375,445.3247985839844,759.52392578125,1.2126520900566367,0.8299489191750701,2.9743673240614976,0.0,206.3802490234375,209.59024047851562,213.89842224121094,45.88115692138672,44.305259704589844,42.31279373168945,130.69573974609375,126.0447006225586,2.2699882984161377,1.5037130117416382,7.510361516369173
caltech_cannon_001,data/processed/caltech_cannon_001.png,300.0,183.0,1.639344262295082,54900.0,194.03282165527344,45.34409713745117,5.381999969482422,251.69400024414062,221.91900634765625,0.006083788706739527,0.5696539162112932,246.3120002746582,0.233692921212672,0.9581291101147156,129.04290771484375,229.99000549316406,62.66473388671875,6.438795040310636,6.438795040310636,0.5057741347905282,82.74639129638672,117.68934631347656,5175.9677734375,687.888427734375,983.2608642578125,2.84132541727695,0.7190535748014357,7.375881381018855,41.7281494140625,220.74508666992188,191.55816650390625,136.71409606933594,37.69158935546875,46.675758361816406,67.19889831542969,95.6530990600586,147.05294799804688,17.175256729125977,8.673354148864746,61.106202356257015
caltech_cannon_002,data/processed/caltech_cannon_002.png,300.0,222.0,1.3513513513513513,66600.0,167.71585083007812,88.6974868774414,0.0,255.0,197.13699340820312,0.05653153153153153,0.4761111111111111,255.0,0.5288557158407755,0.9999999960784314,52.0,255.0,174.0,5.87351650019845,5.87351650019845,0.2999099099099099,72.83686065673828,167.28468322753906,4397.50146484375,1105.20068359375,2259.93505859375,2.864939703622569,0.858010113732333,4.713227112983652,37.98064136505127,177.83262634277344,164.8881378173828,155.74185180664062,87.85840606689453,89.99594116210938,95.1916275024414,121.2426528930664,135.2159423828125,14.492653846740723,14.996068954467773,48.82924673721773
caltech_cannon_003,data/processed/caltech_cannon_003.png,300.0,183.0,1.639344262295082,54900.0,192.51658630371094,105.89500427246094,0.0,255.0,255.0,0.24316939890710382,0.75408014571949,255.0,0.5500565211318792,0.9999999960784314,1.0,255.0,31.0,3.1988646650730823,3.1988646650730823,0.3099817850637523,160.52996826171875,328.1396179199219,20294.654296875,4494.060546875,5832.1904296875,11.473243585827335,0.8822723177070244,14.037987371800924,0.0,192.51658630371094,192.51658630371094,192.51658630371094,105.89500427246094,105.89500427246094,105.89500427246094,128.0,128.0,0.0,5.002186753699789e-07,0.0
caltech_cannon_004,data/processed/caltech_cannon_004.png,300.0,239.0,1.2552301255230125,71700.0,158.14016723632812,100.15530395507812,0.0,255.0,212.0,0.19290097629009764,0.4967782426778243,255.0,0.6333324737925146,0.9999999960784314,3.0,255.0,193.0,6.014847625145595,6.014847625145595,0.47478382147838216,116.70622253417969,194.8992156982422,6245.6494140625,1888.5057373046875,2989.490234375,4.1775252663722044,0.7563787448495507,7.400396507155193,0.0,158.14016723632812,158.14016723632812,158.14016723632812,100.15530395507812,100.15530395507812,100.15530395507812,128.0,128.0,0.0,7.41899953027314e-07,0.0
caltech_cannon_005,data/processed/caltech_cannon_005.png,300.0,300.0,1.0,90000.0,114.93806457519531,80.60176849365234,0.0,255.0,103.70899963378906,0.2708111111111111,0.18156666666666665,255.0,0.7012626155685618,0.9999999960784314,15.460000038146973,224.326904296875,161.39599609375,7.854050195349951,7.854050195349951,0.7633444444444445,122.64474487304688,132.24879455566406,2376.687744140625,1200.132080078125,1477.9456787109375,2.225540691192866,0.6874704631077214,3.8995810864383915,34.483540534973145,129.675537109375,112.6588134765625,88.02064514160156,84.08814239501953,80.51194763183594,79.99127197265625,112.80958557128906,138.51174926757812,13.639195442199707,11.237421989440918,47.08308928379368
caltech_cannon_006,data/processed/caltech_cannon_006.png,280.0,300.0,0.9333333333333333,84000.0,199.06507873535156,81.26399230957031,0.0,255.0,253.20599365234375,0.06448809523809523,0.67475,255.0,0.40822826593999956,0.9999999960784314,94.38740539550781,255.0,140.22799682617188,4.522957241405765,4.522957241405765,0.2591547619047619,76.81967163085938,195.34295654296875,5747.61865234375,1696.05712890625,3266.880615234375,3.574426443381563,0.8843879909396073,6.128780614637169,0.4952741116285324,208.72467041015625,197.38119506835938,182.40037536621094,73.58124542236328,83.3420181274414,100.71414184570312,118.59552001953125,134.88986206054688,18.024913787841797,14.29555892944336,53.717878766157405
caltech_cannon_007,data/processed/caltech_cannon_007.png,300.0,263.0,1.1406844106463878,78900.0,208.96522521972656,72.60203552246094,0.0,255.0,248.843994140625,0.03921419518377693,0.7517997465145754,255.0,0.3474359673897131,0.9999999960784314,69.0,248.843994140625,31.714752197265625,3.8246494635277197,3.8246494635277197,0.3108745247148289,68.64263916015625,147.3040008544922,9253.1123046875,1104.904052734375,2037.0501708984375,4.060124179399262,0.7933683979975856,12.441946916181982,5.323476433753967,213.44345092773438,213.4629669189453,174.0602569580078,74.81765747070312,74.8900375366211,55.91506576538086,108.30194091796875,131.19415283203125,11.235339164733887,1.873125433921814,34.30707167925555
caltech_cannon_008,data/processed/caltech_cannon_008.png,300.0,207.0,1.4492753623188406,62100.0,112.06520080566406,36.52415466308594,31.86100196838379,254.18499755859375,107.92950439453125,8.051529790660226e-05,0.010660225442834138,222.32399559020996,0.32591878722909606,0.7772316172245946,70.89280700683594,161.8529052734375,55.821746826171875,6.994097045994039,6.994097045994039,0.6193075684380033,77.69929504394531,95.72273254394531,1155.7384033203125,476.8117980957031,699.5390625,1.1361559336117026,0.7769431935965279,2.532903967565471,0.0,122.83760070800781,109.01516723632812,99.51626586914062,39.46599578857422,36.343807220458984,31.18840980529785,120.91820526123047,135.68359375,5.448441505432129,3.0551023483276367,18.980973915223046
caltech_cannon_009,data/processed/caltech_cannon_009.png,299.0,237.0,1.261603375527426,70863.0,129.7443389892578,45.11610412597656,17.861000061035156,253.64698791503906,150.05801391601562,0.029549976715634394,0.0032456994482310936,235.7859878540039,0.34773080759986874,0.8684311233095311,51.016998291015625,171.0,65.98550415039062,6.702208608449116,6.702208608449116,0.267953657056574,34.55534362792969,59.942955017089844,187.93991088867188,193.6396942138672,447.98980712890625,0.3185130077505731,0.9048731212028152,0.6209253943801601,9.202038288116455,131.63833618164062,128.82196044921875,129.52609252929688,43.546260833740234,45.94798278808594,50.43798065185547,127.87684631347656,129.35092163085938,5.666073322296143,7.883783340454102,21.057456983544153
caltech_cannon_010,data/processed/caltech_cannon_010.png,300.0,229.0,1.3100436681222707,68700.0,119.97553253173828,65.00406646728516,1.1959999799728394,255.0,111.93699645996094,0.09998544395924308,0.1140174672489083,253.80400002002716,0.5418110222455398,0.9906633946244435,40.00090026855469,224.11000061035156,103.17074584960938,7.72836708653834,7.72836708653834,0.6212081513828239,69.18534088134766,83.66939544677734,981.7667236328125,463.545654296875,909.8411865234375,0.9434312325933685,0.7868920452083278,2.428236312526251,15.005034446716309,119.6087646484375,117.12117767333984,135.63490295410156,63.61629867553711,68.9501953125,67.6305160522461,136.8371124267578,127.73841094970703,15.53693962097168,17.001054763793945,52.59909617481575
caltech_car_side_001,data/processed/caltech_car_side_001.png,300.0,197.0,1.5228426395939085,59100.0,115.6690673828125,52.8553466796875,0.0,255.0,92.99999237060547,0.027901861252115058,0.07423011844331641,255.0,0.4569531631806709,0.9999999960784314,67.0,198.00001525878906,65.0,7.234030874260046,7.234030874260046,0.6251945854483926,95.67613983154297,106.31348419189453,1886.1376953125,709.1436767578125,1038.618408203125,1.6164552128594671,0.7442013113199717,3.2228175386025724,0.0,115.6690673828125,115.6690673828125,115.6690673828125,52.855350494384766,52.855350494384766,52.855350494384766,128.0,128.0,0.0,5.98752080804843e-07,0.0
caltech_car_side_002,data/processed/caltech_car_side_002.png,300.0,197.0,1.5228426395939085,59100.0,111.5865478515625,56.562660217285156,0.0,255.0,91.0,0.04700507614213198,0.0889678510998308,255.0,0.5068949689673383,0.9999999960784314,59.0,188.0,62.0,6.98712909198791,6.98712909198791,0.40362098138747887,57.7646598815918,85.67526245117188,739.8157958984375,422.1287841796875,764.3651733398438,0.7597855349293854,0.8639168609016229,1.2221737105229302,0.0,111.5865478515625,111.5865478515625,111.5865478515625,56.562660217285156,56.562660217285156,56.562660217285156,128.0,128.0,0.0,2.8418639885785524e-07,0.0
caltech_car_side_003,data/processed/caltech_car_side_003.png,300.0,197.0,1.5228426395939085,59100.0,117.30863189697266,39.36280059814453,14.0,255.0,112.0,0.014991539763113368,0.006565143824027073,241.0,0.33554905232520493,0.8959107773386217,73.0,184.0,33.0,6.923564408705938,6.923564408705938,0.4340439932318105,55.93302917480469,76.36919403076172,634.5399169921875,342.3442077636719,568.1810302734375,0.6796817562738047,0.8545134485270045,1.2056096298177073,0.0,117.30863189697266,117.30863189697266,117.30863189697266,39.36280059814453,39.36280059814453,39.36280059814453,128.0,128.0,0.0,4.861854563387169e-07,0.0
caltech_car_side_004,data/processed/caltech_car_side_004.png,300.0,197.0,1.5228426395939085,59100.0,111.49409484863281,48.45000457763672,7.0,255.0,99.00000762939453,0.027343485617597293,0.01979695431472081,248.0,0.4345521994582894,0.9465648818833402,57.0,187.0,67.0,7.2601994894553865,7.2601994894553865,0.477580372250423,51.86497497558594,68.5110855102539,529.3364868164062,284.01690673828125,550.068359375,0.5898037519253664,0.8537394207657337,1.250345172865064,0.0,111.49409484863281,111.49409484863281,111.49409484863281,48.45000076293945,48.45000076293945,48.45000076293945,128.0,128.0,0.0,5.099155941934441e-07,0.0
caltech_car_side_005,data/processed/caltech_car_side_005.png,300.0,197.0,1.5228426395939085,59100.0,120.87196350097656,32.29400634765625,17.0,255.0,125.0,0.0030626057529610827,0.007055837563451776,238.0,0.2671753245757443,0.8749999967830883,78.0,157.0,37.0,6.823887677812248,6.823887677812248,0.5029441624365483,56.03144836425781,67.49005126953125,638.0443725585938,297.6740417480469,507.51141357421875,0.6482981033270311,0.8399739492911154,1.4828691215665408,0.0,120.87196350097656,120.87196350097656,120.87196350097656,32.29400634765625,32.29400634765625,32.29400634765625,128.0,128.0,0.0,2.4711104629204783e-07,0.0
caltech_car_side_006,data/processed/caltech_car_side_006.png,300.0,197.0,1.5228426395939085,59100.0,113.4643325805664,48.87540817260742,0.0,255.0,110.0,0.045025380710659896,0.057495769881556684,255.0,0.4307556976739566,0.9999999960784314,53.0,181.0,50.0,7.325120846758816,7.325120846758816,0.587258883248731,70.96097564697266,84.30197143554688,933.258056640625,473.3890686035156,752.1826782226562,0.9371431385059328,0.8062240144140993,1.817352342019917,0.0,113.4643325805664,113.4643325805664,113.4643325805664,48.87540817260742,48.87540817260742,48.87540817260742,128.0,128.0,0.0,5.954531161478371e-07,0.0
caltech_car_side_007,data/processed/caltech_car_side_007.png,300.0,197.0,1.5228426395939085,59100.0,120.48328399658203,45.25420379638672,0.0,255.0,116.0,0.02365482233502538,0.05746192893401015,255.0,0.3756056601351011,0.9999999960784314,68.0,192.0,42.0,7.2092838704764075,7.2092838704764075,0.5845516074450084,79.31565856933594,102.2804946899414,1259.594970703125,613.9087524414062,1045.2806396484375,1.2273466308496825,0.8041798804950223,1.868360566675762,0.0,120.48328399658203,120.48328399658203,120.48328399658203,45.25420379638672,45.25420379638672,45.25420379638672,128.0,128.0,0.0,7.265721251314972e-07,0.0
caltech_car_side_008,data/processed/caltech_car_side_008.png,300.0,197.0,1.5228426395939085,59100.0,114.69419860839844,29.7740535736084,29.0,255.0,113.0,0.0005583756345177665,0.009763113367174281,226.0,0.2595951118301209,0.7957746450853006,81.0,149.0,28.0,6.626003753620303,6.626003753620303,0.514331641285956,52.763038635253906,60.0869026184082,487.7513427734375,248.2017822265625,435.5128173828125,0.5406954362649258,0.8469381762398598,1.2443600640523804,0.0,114.69419860839844,114.69419860839844,114.69419860839844,29.7740535736084,29.7740535736084,29.7740535736084,128.0,128.0,0.0,3.0264800443546847e-07,0.0
caltech_car_side_009,data/processed/caltech_car_side_009.png,300.0,197.0,1.5228426395939085,59100.0,115.15177917480469,45.06568908691406,0.0,255.0,112.0,0.04480541455160744,0.03658206429780034,255.0,0.3913590308243839,0.9999999960784314,59.0,172.0,50.0,7.295766641423343,7.295766641423343,0.5985956006768189,80.21438598632812,100.47920989990234,1187.4833984375,603.3299560546875,989.6187133789062,1.2062934263480107,0.7925896448689345,1.9118414610682974,0.0,115.15177917480469,115.15177917480469,115.15177917480469,45.06568908691406,45.06568908691406,45.06568908691406,128.0,128.0,0.0,5.701029408555769e-07,0.0
caltech_car_side_010,data/processed/caltech_car_side_010.png,300.0,197.0,1.5228426395939085,59100.0,121.40473937988281,42.09847640991211,0.0,255.0,115.0,0.02751269035532995,0.02766497461928934,255.0,0.34676138903788617,0.9999999960784314,73.0,182.0,44.99999237060547,7.183326296211277,7.183326296211277,0.5457868020304568,74.17314147949219,92.40544891357422,1165.130859375,513.82861328125,828.9392700195312,1.0995742690825376,0.8009316911050455,2.0021395436171963,0.0,121.40473937988281,121.40473937988281,121.40473937988281,42.09847640991211,42.09847640991211,42.09847640991211,128.0,128.0,0.0,5.471836743708991e-07,0.0
caltech_ceiling_fan_001,data/processed/caltech_ceiling_fan_001.png,300.0,186.0,1.6129032258064515,55800.0,135.87857055664062,70.84856414794922,0.0,254.70098876953125,164.7169952392578,0.18876344086021504,0.0735304659498208,254.70098876953125,0.5214108695455058,0.9999999960738276,21.99070167541504,212.0600128173828,131.1355094909668,7.543810179957525,7.543810179957525,0.4108243727598566,62.139400482177734,125.1526107788086,2328.45458984375,746.3031616210938,1746.450439453125,1.693516864798771,0.831377741802972,3.3714741537203543,130.06951141357422,131.8041229248047,137.35623168945312,138.9563751220703,68.34720611572266,73.80802154541016,68.50202178955078,129.73692321777344,125.09383392333984,7.495492935180664,10.74133586883545,29.36966427950744
caltech_ceiling_fan_002,data/processed/caltech_ceiling_fan_002.png,300.0,166.0,1.8072289156626506,49800.0,209.2478790283203,93.02156066894531,0.0,255.0,255.0,0.17305220883534136,0.8242168674698795,255.0,0.44455198617235914,0.9999999960784314,6.0,255.0,13.0,3.204407476440988,3.204407476440988,0.4232128514056225,209.02308654785156,311.5628662109375,81263.5625,5129.912109375,5662.486328125,31.583902452416332,0.7903134726272774,39.85888752146041,0.0,209.2478790283203,209.2478790283203,209.2478790283203,93.02156066894531,93.02156066894531,93.02156066894531,128.0,128.0,0.0,6.673257644251862e-07,0.0
caltech_ceiling_fan_003,data/processed/caltech_ceiling_fan_003.png,300.0,184.0,1.6304347826086956,55200.0,163.63829040527344,55.291385650634766,1.1740000247955322,255.0,172.14601135253906,0.027481884057971015,0.17277173913043478,253.82599997520447,0.3378878206061062,0.9908343507139751,87.71389770507812,230.84979248046875,84.85675048828125,7.576898451970294,7.576898451970294,0.4032065217391304,62.5999641418457,101.54521179199219,1055.858154296875,520.5559692382812,965.1325073242188,1.0390124879717062,0.8421870831521198,1.7166182234541616,18.506993293762207,172.54269409179688,163.95004272460938,138.67843627929688,50.8590087890625,57.73768997192383,57.25703430175781,113.91431427001953,134.35121154785156,5.836174488067627,6.7166595458984375,27.592885423763263
caltech_ceiling_fan_004,data/processed/caltech_ceiling_fan_004.png,300.0,183.0,1.639344262295082,54900.0,220.07740783691406,60.262245178222656,39.94599914550781,255.0,255.0,3.6429872495446266e-05,0.7471220400728598,215.0540008544922,0.2738229493735967,0.7291300805855921,99.36890411376953,255.0,49.88624572753906,3.747282835807318,3.747282835807318,0.2405646630236794,56.140846252441406,136.1375732421875,3283.07666015625,763.52197265625,1508.5517578125,2.0400659432038624,0.8782138902494834,4.2649318346542495,0.0,226.25160217285156,218.5722198486328,211.63400268554688,52.35381317138672,63.588096618652344,75.32977294921875,123.23509979248047,132.40383911132812,13.453691482543945,14.251858711242676,44.20433913933275
caltech_ceiling_fan_005,data/processed/caltech_ceiling_fan_005.png,300.0,166.0,1.8072289156626506,49800.0,75.93717193603516,64.38473510742188,6.533999919891357,255.0,46.230003356933594,0.3068875502008032,0.09632530120481927,248.46600008010864,0.84786847624227,0.9500332622381077,33.92000198364258,208.28871154785156,38.770503997802734,6.500136504333523,6.500136504333523,0.2695381526104418,49.974639892578125,106.28699493408203,1246.970703125,485.6914978027344,1122.5843505859375,1.0516652587852175,0.8735689832402578,1.9289039460329644,3.14971661567688,78.26365661621094,77.23626708984375,63.14600372314453,63.013729095458984,65.13334655761719,66.86250305175781,120.78150939941406,129.65939331054688,6.615362644195557,5.88194465637207,22.459837605827083
caltech_ceiling_fan_006,data/processed/caltech_ceiling_fan_006.png,300.0,225.0,1.3333333333333333,67500.0,102.92010498046875,75.17388153076172,0.0,255.0,110.15900421142578,0.3724,0.08228148148148148,255.0,0.7304100672518501,0.9999999960784314,16.58799934387207,211.13699340820312,141.9705047607422,7.510347426314654,7.510347426314654,0.6672592592592592,107.10679626464844,143.9808807373047,7942.8515625,1262.5054931640625,1679.5145263671875,4.160815872684081,0.6140936468985256,13.05896569145442,23.38424587249756,94.47235870361328,106.71852111816406,105.51837158203125,66.76507568359375,79.52095031738281,82.0143814086914,129.46629333496094,121.97450256347656,10.176121711730957,13.038302421569824,38.17495405874377
caltech_ceiling_fan_007,data/processed/caltech_ceiling_fan_007.png,300.0,233.0,1.2875536480686696,69900.0,92.48069763183594,59.071475982666016,1.4730000495910645,247.56900024414062,93.25900268554688,0.2792274678111588,0.04526466380543634,246.09600019454956,0.6387438336493169,0.9881706656552784,18.617000579833984,165.64401245117188,97.62299728393555,7.501544141382459,7.501544141382459,0.3744921316165951,47.630950927734375,73.73774719238281,415.3305358886719,363.8037414550781,795.2774047851562,0.5390483317684174,0.8678939626130941,1.0373606372943565,10.002268612384796,98.45989990234375,97.68659210205078,49.99263381958008,60.18525314331055,60.40357208251953,51.82250213623047,104.02252960205078,132.26473999023438,10.042620658874512,1.8697763681411743,34.60604467074401
caltech_ceiling_fan_008,data/processed/caltech_ceiling_fan_008.png,300.0,150.0,2.0,45000.0,240.48817443847656,30.191448211669922,3.5440001487731934,255.0,255.0,0.0009111111111111111,0.8216666666666667,251.4559998512268,0.1255423396872738,0.9725849322898513,206.11898803710938,255.0,14.227996826171875,3.4911353353383108,3.4911353353383108,0.1596,26.180753707885742,68.05338287353516,954.0527954101562,189.5804443359375,529.5262451171875,0.5731021376250439,0.9308016743968434,1.7618385018197151,0.0,242.46055603027344,240.3203582763672,236.17910766601562,27.97223663330078,30.43549919128418,35.730567932128906,125.56824493408203,129.40682983398438,4.334049224853516,2.826279401779175,12.107776312458448
caltech_ceiling_fan_009,data/processed/caltech_ceiling_fan_009.png,300.0,121.0,2.479338842975207,36300.0,155.7469940185547,41.15729904174805,6.901000022888184,255.0,139.2220001220703,0.0009366391184573002,0.1447382920110193,248.09899997711182,0.26425741977779305,0.9473006938046404,129.08990478515625,247.04000854492188,18.641006469726562,5.999832934002952,5.999832934002952,0.34633608815426997,62.443912506103516,109.59864807128906,1137.4415283203125,567.9219360351562,959.4110717773438,1.09177288466913,0.8631962179668906,1.7832111114162568,0.0,164.7808837890625,155.5179901123047,133.23211669921875,38.58657455444336,41.6193733215332,46.201263427734375,115.29407501220703,134.4435577392578,4.130929470062256,2.818233013153076,18.6296280042957
caltech_ceiling_fan_010,data/processed/caltech_ceiling_fan_010.png,300.0,163.0,1.8404907975460123,48900.0,138.75096130371094,18.562158584594727,43.13100051879883,241.77200317382812,139.95399475097656,0.0,0.0023721881390593048,198.6410026550293,0.13378039529530728,0.6972232632974051,131.77200317382812,140.95401000976562,0.0,2.746998620459098,2.746998620459098,0.13171779141104295,18.831005096435547,53.79465866088867,213.02841186523438,111.18099975585938,304.9327697753906,0.231052206936517,0.9512811734893266,0.5398130897590946,0.0,138.78732299804688,142.1129608154297,121.34423065185547,18.563976287841797,18.83683204650879,18.81319236755371,118.17678833007812,128.02593994140625,4.083139896392822,0.07087723165750504,13.880400628144184
caltech_cellphone_001,data/processed/caltech_cellphone_001.png,300.0,290.0,1.0344827586206897,87000.0,184.27395629882812,94.61902618408203,0.0,255.0,247.83749389648438,0.1666551724137931,0.5778505747126437,255.0,0.5134693343055685,0.9999999960784314,0.0,255.0,111.04750061035156,4.596068770714,4.596068770714,0.2739885057471264,55.9244384765625,142.51751708984375,3931.021728515625,923.1921997070312,2487.90087890625,2.17428514116644,0.8867375219601467,5.083869922897062,1.1875110864639282,185.9728240966797,183.6277618408203,183.14540100097656,94.51282501220703,94.77616882324219,94.55174255371094,127.36312866210938,129.21176147460938,3.310863733291626,2.734389066696167,9.610590076047943
caltech_cellphone_002,data/processed/caltech_cellphone_002.png,300.0,225.0,1.3333333333333333,67500.0,114.67832946777344,61.37785339355469,0.0,255.0,143.9580078125,0.18038518518518518,0.011259259259259259,255.0,0.5352175353721504,0.9999999960784314,0.0,166.864990234375,84.99774169921875,6.509609299575119,6.509609299575119,0.5753925925925926,71.50135040283203,110.5972900390625,3961.432861328125,640.9853515625,1224.0562744140625,2.1602920863858364,0.7680121624763863,6.935989378623961,10.143059968948364,148.8395538330078,103.86177825927734,80.77579498291016,83.3796615600586,56.36362838745117,47.573699951171875,108.86763763427734,152.3660430908203,17.433530807495117,21.506744384765625,76.36602044702289
caltech_cellphone_003,data/processed/caltech_cellphone_003.png,209.0,300.0,0.6966666666666667,62700.0,164.7978515625,99.92442321777344,0.0,255.0,230.15000915527344,0.2226634768740032,0.5930781499202552,255.0,0.6063454205501667,0.9999999960784314,0.0,252.99998474121094,185.2617645263672,5.996480696359786,5.996480696359786,0.20318979266347686,42.548038482666016,123.64860534667969,2541.1884765625,788.1041870117188,2363.60009765625,1.4765956747771676,0.9067207251691976,3.540171545059242,15.183549404144287,160.28305053710938,165.5448760986328,172.7926483154297,101.32903289794922,99.59065246582031,98.80989074707031,132.51174926757812,124.77975463867188,5.135528564453125,4.074579238891602,16.650820739910476
caltech_cellphone_004,data/processed/caltech_cellphone_004.png,300.0,225.0,1.3333333333333333,67500.0,97.02529907226562,65.57587432861328,0.0,255.0,99.91450500488281,0.23964444444444444,0.030518518518518518,255.0,0.6758636590638892,0.9999999960784314,0.0,183.9036102294922,99.13225936889648,7.182177961836571,7.182177961836571,0.49047407407407406,67.12876892089844,101.80810546875,1621.13330078125,610.3974609375,1164.8173828125,1.1870610036099167,0.8215232622974589,3.6178140005714017,10.956416368484497,93.48954010009766,99.2058334350586,95.07103729248047,67.53369140625,65.84278869628906,65.33387756347656,126.89715576171875,125.47805786132812,10.283809661865234,9.222874641418457,29.90931507339949
caltech_cellphone_005,data/processed/caltech_cellphone_005.png,300.0,248.0,1.2096774193548387,74400.0,97.6620864868164,75.62083435058594,0.0,255.0,102.16300201416016,0.35719086021505375,0.07387096774193548,255.0,0.7743110586366909,0.9999999960784314,0.0,196.13099670410156,131.989013671875,7.1613784205778,7.1613784205778,0.5379032258064517,100.62478637695312,154.9225311279297,8536.2236328125,1136.98681640625,1752.861328125,4.31270825880647,0.7307602166258811,11.049367120597397,14.596831798553467,99.97091674804688,97.60015106201172,91.92546844482422,75.30573272705078,78.47520446777344,76.59588623046875,124.76263427734375,129.6468048095703,4.9538774490356445,17.384868621826172,40.61575175325222
caltech_cellphone_006,data/processed/caltech_cellphone_006.png,262.0,300.0,0.8733333333333333,78600.0,64.50908660888672,37.12347412109375,0.0,251.25,71.05799865722656,0.25195928753180663,0.001005089058524173,251.25,0.5754766575861422,0.9999999960199005,0.2280000001192093,102.94000244140625,50.14299774169922,6.4497560040471615,6.4497560040471615,0.28526717557251907,38.99174118041992,74.79817199707031,1199.6571044921875,246.47445678710938,539.3212280273438,0.7608816714497839,0.8776422467133056,2.9350306358648224,232.13314056396484,145.8381805419922,28.40734100341797,37.0909423828125,82.12592315673828,32.376773834228516,35.02517318725586,112.5270004272461,186.00933837890625,14.48058795928955,40.58205032348633,129.51946225930465
caltech_cellphone_007,data/processed/caltech_cellphone_007.png,300.0,206.0,1.4563106796116505,61800.0,78.9202651977539,66.52201080322266,0.0,255.0,64.72599792480469,0.3289644012944984,0.06048543689320388,255.0,0.8429015005668581,0.9999999960784314,0.0,184.90911865234375,91.0407485961914,7.156657900232723,7.156657900232723,0.7246440129449838,97.6081314086914,118.6274185180664,5974.54931640625,961.395263671875,1611.106689453125,3.0499258794344595,0.6427144026210612,12.190050442104814,26.3115234375,89.56327056884766,72.59064483642578,83.59770202636719,71.82001495361328,64.99131774902344,64.07322692871094,130.6396484375,135.59129333496094,6.936184406280518,7.809418678283691,26.68021684867233
caltech_cellphone_008,data/processed/caltech_cellphone_008.png,196.0,300.0,0.6533333333333333,58800.0,128.07516479492188,92.16973114013672,0.0,255.0,158.10800170898438,0.2614965986394558,0.20744897959183672,255.0,0.7196534204587476,0.9999999960784314,0.0,249.00001525878906,175.29349899291992,6.855881337511426,6.855881337511426,0.5834353741496598,158.5906982421875,209.38087463378906,28068.55859375,2653.9921875,2909.138427734375,12.324957310460423,0.6491708420704848,23.751847901797525,4.49003541469574,130.63909912109375,128.47714233398438,119.28070068359375,93.02765655517578,92.4710922241211,91.95496368408203,123.03697204589844,129.82876586914062,12.602472305297852,5.400406360626221,30.456957933374923
caltech_cellphone_009,data/processed/caltech_cellphone_009.png,211.0,300.0,0.7033333333333334,63300.0,104.24555206298828,109.56810760498047,0.0,255.0,65.91799926757812,0.44015797788309635,0.32178515007898895,255.0,1.0510578570078297,0.9999999960784314,0.0,255.0,248.0,4.787161134696298,4.787161134696298,0.3342654028436019,90.63282012939453,195.80545043945312,8253.197265625,1707.9879150390625,3122.804931640625,4.5060955269288225,0.8261496430606912,9.43391960370686,0.3350411653518677,103.32925415039062,104.709228515625,104.2613754272461,109.62459564208984,109.60121154785156,109.3951416015625,128.00892639160156,127.34642791748047,2.2525205612182617,1.3356380462646484,5.7054335272940895
caltech_cellphone_010,data/processed/caltech_cellphone_010.png,266.0,300.0,0.8866666666666667,79800.0,177.65069580078125,104.00592041015625,0.0,255.0,240.54998779296875,0.2530451127819549,0.6117418546365915,255.0,0.5854518011082682,0.9999999960784314,0.0,255.0,222.05474853515625,4.812493022555718,4.812493022555718,0.3345363408521303,148.56307983398438,284.65960693359375,22977.611328125,3130.65625,4321.57080078125,11.887124021165427,0.8214239936996052,17.36576299217954,40.064836502075195,188.1077117919922,172.38099670410156,177.3584442138672,104.40353393554688,106.04058074951172,105.29129791259766,127.8350601196289,135.45863342285156,13.088859558105469,16.148696899414062,48.00698431925047
caltech_chair_001,data/processed/caltech_chair_001.png,223.0,300.0,0.7433333333333333,66900.0,204.86390686035156,76.52362060546875,0.0,255.0,254.2449951171875,0.02587443946188341,0.694932735426009,255.0,0.3735339299376842,0.9999999960784314,75.54299926757812,255.0,124.98350524902344,4.55296210387956,4.55296210387956,0.3303139013452915,67.45669555664062,145.38702392578125,2231.516357421875,1013.2078247070312,2080.136474609375,1.8004146187295926,0.8455884518765047,3.218938292598725,53.553823471069336,209.32810974121094,204.3594970703125,195.7524871826172,71.05050659179688,77.33199310302734,88.66160583496094,122.85811614990234,131.18417358398438,9.127854347229004,6.852174758911133,26.74286531519579
caltech_chair_002,data/processed/caltech_chair_002.png,200.0,300.0,0.6666666666666666,60000.0,202.75408935546875,73.44347381591797,6.673000335693359,255.0,254.5439910888672,0.027466666666666667,0.6481333333333333,248.32699966430664,0.3622293078633174,0.9489974066745026,93.78300476074219,255.0,134.9290008544922,4.558912582038101,4.558912582038101,0.2012,43.13158416748047,119.43885040283203,701.9183349609375,719.9328002929688,1825.7288818359375,0.8613315462485225,0.9191934953768772,1.1200968055666676,2.955772638320923,197.29429626464844,204.5743408203125,207.70130920410156,80.0543212890625,71.57823181152344,66.81025695800781,130.79190063476562,124.10572814941406,5.117658615112305,6.379007339477539,19.878943650463086
caltech_chair_003,data/processed/caltech_chair_003.png,230.0,300.0,0.7666666666666667,69000.0,181.97901916503906,66.9715347290039,0.0,255.0,202.30999755859375,0.0737536231884058,0.3695507246376812,255.0,0.3680178883712341,0.9999999960784314,53.264896392822266,242.13101196289062,50.967254638671875,7.147128726493181,7.147128726493181,0.3498405797101449,84.51403045654297,166.74398803710938,2082.214111328125,1305.3123779296875,2293.56689453125,2.148824061556581,0.8312104872827821,1.8770682224521147,7.0243470668792725,185.1784210205078,181.202880859375,177.58396911621094,67.38092041015625,67.33992004394531,68.15129852294922,125.51973724365234,130.2820281982422,9.194718360900879,7.178534507751465,25.702409227029836
caltech_chair_004,data/processed/caltech_chair_004.png,198.0,300.0,0.66,59400.0,111.22489929199219,84.67916870117188,0.0,253.74598693847656,92.23100280761719,0.31427609427609426,0.1798821548821549,253.74598693847656,0.7613328353531326,0.999999996059051,9.022000312805176,223.21998596191406,177.60523986816406,7.615783932250437,7.615783932250437,0.6627441077441077,106.8127212524414,132.87908935546875,2082.531005859375,956.4525146484375,1542.0869140625,1.978683654191269,0.7396492617479273,2.672490389398815,26.32671356201172,128.75900268554688,108.7698974609375,77.87738800048828,91.56624603271484,85.77615356445312,65.2160873413086,109.18085479736328,140.50648498535156,15.56313705444336,8.869227409362793,49.59701890848599
caltech_chair_005,data/processed/caltech_chair_005.png,250.0,300.0,0.8333333333333334,75000.0,69.31617736816406,29.509157180786133,1.2710000276565552,245.67599487304688,69.60499572753906,0.14492,0.00408,244.40499484539032,0.42571817828807584,0.9897062888088939,34.91699981689453,90.87999725341797,27.918251037597656,6.56230783621513,6.56230783621513,0.25626666666666664,43.605464935302734,88.76873016357422,833.04638671875,292.57196044921875,753.9410400390625,0.7722889506744932,0.879995644931709,1.5060321798966863,313.9789276123047,28.045120239257812,81.46113586425781,115.02633666992188,59.8172607421875,33.54633712768555,44.01594924926758,153.79580688476562,98.56273651123047,25.73076820373535,34.156620025634766,112.73263812024597
caltech_chair_006,data/processed/caltech_chair_006.png,300.0,276.0,1.0869565217391304,82800.0,98.54434204101562,53.629520416259766,18.018999099731445,255.0,83.13800048828125,0.010422705314009661,0.06603864734299517,236.98100090026855,0.5442171388157548,0.8680018636567473,45.58800506591797,169.35659790039062,62.495750427246094,7.122801494129039,7.122801494129039,0.5516787439613526,81.2352294921875,123.07064056396484,1915.4984130859375,567.1026000976562,1102.9073486328125,1.6982433504743524,0.7819605318555487,2.990670948840508,16.25991439819336,110.22234344482422,93.67752075195312,92.97503662109375,52.060386657714844,55.934112548828125,57.94974899291992,124.8570556640625,136.32952880859375,8.71170425415039,12.873377799987793,38.00178630188133
caltech_chair_007,data/processed/caltech_chair_007.png,199.0,300.0,0.6633333333333333,59700.0,187.208984375,45.82858657836914,0.0,254.77198791503906,204.0,0.04490787269681742,0.016298157453936347,254.77198791503906,0.24479907567774853,0.9999999960749217,133.16000366210938,204.0709991455078,0.227996826171875,3.2826440243591724,3.2826440243591724,0.21090452261306533,54.71871566772461,155.41864013671875,4079.7431640625,838.199462890625,1962.8577880859375,2.567495818054044,0.8907423961647214,3.4095277812026117,17.445401668548584,191.34088134765625,186.35958862304688,180.74551391601562,42.489994049072266,47.03584289550781,54.104434967041016,124.35244750976562,130.9471435546875,9.590084075927734,7.767919540405273,27.897605872686746
caltech_chair_008,data/processed/caltech_chair_008.png,239.0,300.0,0.7966666666666666,71700.0,175.8936767578125,51.811370849609375,4.261000156402588,231.22499084472656,195.84400939941406,0.03693165969316597,0.16170153417015343,226.96399068832397,0.2945607341325156,0.9638110053154911,84.89759826660156,218.62200927734375,49.123992919921875,6.75107900589466,6.75107900589466,0.2506555090655509,50.30397033691406,112.81993103027344,850.9542236328125,605.83349609375,1261.794189453125,0.9264557093040539,0.8834476025649047,1.7372355351364641,14.750351905822754,187.90469360351562,171.4107208251953,167.47447204589844,47.52862548828125,54.30673599243164,52.194828033447266,123.2487564086914,136.56704711914062,3.9388318061828613,5.897269248962402,20.929317322490764
caltech_chair_009,data/processed/caltech_chair_009.png,203.0,300.0,0.6766666666666666,60900.0,115.96346282958984,26.877038955688477,3.2890000343322754,237.78799438476562,116.81299591064453,0.002413793103448276,0.0016420361247947454,234.49899435043335,0.2317716120931392,0.9727141071373107,81.14480590820312,141.95640563964844,26.426002502441406,6.61641982855212,6.61641982855212,0.29807881773399014,40.854896545410156,65.22920989990234,986.8184204101562,196.59703063964844,374.8974304199219,0.6999387464900997,0.8543131369931259,2.446099968665535,92.10403823852539,120.46141052246094,112.78589630126953,120.52788543701172,33.40596389770508,28.31319236755371,26.531206130981445,130.57586669921875,131.20823669433594,10.941012382507324,12.754617691040039,37.23210061433293
caltech_chair_010,data/processed/caltech_chair_010.png,198.0,300.0,0.66,59400.0,182.97312927246094,44.47170639038086,4.185999870300293,250.8909912109375,188.88198852539062,0.012222222222222223,0.24846801346801348,246.7049913406372,0.24305047590408002,0.9671785343229458,129.90289306640625,232.9619903564453,48.94775390625,7.120518243894229,7.120518243894229,0.3791919191919192,68.6104965209961,127.1827392578125,1813.2520751953125,732.3904418945312,1275.267822265625,1.5928791437111887,0.8409092927306551,1.9071653185606054,5.0900719165802,202.90493774414062,172.70716857910156,183.55642700195312,44.85765075683594,43.670108795166016,48.632877349853516,128.32919311523438,142.21670532226562,3.8155744075775146,2.654834270477295,18.60160616427986
caltech_chandelier_001,data/processed/caltech_chandelier_001.png,228.0,300.0,0.76,68400.0,79.2734146118164,59.09098434448242,1.1959999799728394,255.0,49.83000183105469,0.06340643274853801,0.0589327485380117,253.80400002002716,0.7454073208329677,0.9906633946244435,41.85199737548828,187.18218994140625,34.92900466918945,6.31166433840996,6.31166433840996,0.3889327485380117,105.47489929199219,171.1809844970703,13782.8212890625,1387.505615234375,2020.2470703125,6.604354936890648,0.7184072808621742,13.510567785095626,15.195338249206543,90.30410766601562,72.04059600830078,87.58464813232422,57.23904037475586,61.80754470825195,51.301055908203125,132.69032287597656,135.8678436279297,7.141406536102295,2.975231170654297,21.29105243848688
caltech_chandelier_002,data/processed/caltech_chandelier_002.png,300.0,224.0,1.3392857142857142,67200.0,18.243131637573242,46.72310256958008,0.0,255.0,0.0,0.8588988095238095,0.015,255.0,2.5611337426418737,0.9999999960784314,0.0,78.91000366210938,3.0,3.116922994795069,3.116922994795069,0.2151934523809524,56.0108528137207,144.50889587402344,1923.813720703125,815.1588134765625,1841.551025390625,1.562009610385392,0.9084104907491606,2.2803251824997477,1.219398021697998,19.747737884521484,18.00259017944336,15.535431861877441,49.40411376953125,46.50899124145508,41.86683654785156,126.4719467163086,129.07318115234375,5.2147603034973145,3.2276697158813477,13.458948440601805
caltech_chandelier_003,data/processed/caltech_chandelier_003.png,277.0,300.0,0.9233333333333333,83100.0,64.40206146240234,69.7442626953125,0.0,255.0,36.897003173828125,0.5217208182912154,0.08264741275571601,255.0,1.082950763199997,0.9999999960784314,11.22800064086914,185.8669891357422,66.23175239562988,6.875477573395525,6.875477573395525,0.5268471720818291,74.75861358642578,102.28974151611328,2102.3251953125,569.3983154296875,1079.8271484375,1.4857153994395018,0.7703001395009033,4.477364072402366,52.432984352111816,85.44938659667969,57.35322570800781,45.494319915771484,77.62122344970703,70.0939712524414,65.46022033691406,117.32971954345703,143.01235961914062,13.651052474975586,18.26905632019043,58.72155746019219
caltech_chandelier_004,data/processed/caltech_chandelier_004.png,232.0,300.0,0.7733333333333333,69600.0,186.87709045410156,75.37902069091797,0.0,255.0,220.82598876953125,0.12142241379310345,0.5927586206896551,255.0,0.40336148269640437,0.9999999960784314,30.049100875854492,237.8909912109375,29.405014038085938,6.5539736295285325,6.5539736295285325,0.34360632183908046,116.58354949951172,228.3940887451172,5935.07763671875,2208.892333984375,3159.92529296875,4.7466214191439065,0.814314826762081,4.430163301262071,25.197301864624023,202.7742919921875,184.1202850341797,159.3768768310547,80.5550537109375,74.97764587402344,65.45747375488281,112.48069763183594,139.3389434814453,8.169865608215332,5.5969085693359375,31.656251954700586
caltech_chandelier_005,data/processed/caltech_chandelier_005.png,300.0,225.0,1.3333333333333333,67500.0,22.139448165893555,50.33717346191406,0.0,220.1949920654297,0.0,0.8426370370370371,2.962962962962963e-05,220.1949920654297,2.273641637817254,0.9999999954585707,0.0,126.222900390625,2.990000009536743,2.9781921854802604,2.9781921854802604,0.19237037037037036,41.67244338989258,110.73282623291016,851.3892822265625,631.8806762695312,1389.4722900390625,0.8180128785767372,0.9220033047491751,1.6845724881167594,7.741266489028931,30.840503692626953,19.051645278930664,15.217733383178711,67.37447357177734,44.91904830932617,36.93364334106445,124.09383392333984,134.2061767578125,9.346163749694824,13.472227096557617,38.647776783052734
caltech_chandelier_006,data/processed/caltech_chandelier_006.png,282.0,300.0,0.94,84600.0,16.47228240966797,39.864341735839844,0.0,255.0,0.0,0.8576713947990544,0.0020449172576832153,255.0,2.4200859555659737,0.9999999960784314,0.0,68.98249816894531,3.16225004196167,2.948717043677165,2.948717043677165,0.243628841607565,59.291690826416016,133.4945831298828,3339.95263671875,604.706298828125,1173.3048095703125,1.9917634613042177,0.8602591000109623,4.8901062435963984,4.048350691795349,19.000980377197266,15.903215408325195,12.770200729370117,44.92021560668945,39.14065170288086,32.27542495727539,125.9107894897461,129.8036346435547,6.756373405456543,4.907711505889893,18.56754281764998
caltech_chandelier_007,data/processed/caltech_chandelier_007.png,216.0,300.0,0.72,64800.0,154.84681701660156,45.58445739746094,3.305999994277954,254.77198791503906,164.07699584960938,0.011481481481481481,0.14094135802469135,251.4659879207611,0.29438420486350386,0.9743798337219715,83.2168960571289,218.7530059814453,40.19999694824219,7.008771418162201,7.008771418162201,0.48421296296296296,72.27130126953125,102.04654693603516,1424.5501708984375,516.338134765625,683.4440307617188,1.231041729681769,0.8039498038834983,2.6906989210816774,285.02284240722656,159.12120056152344,155.490966796875,140.3190155029297,49.33049011230469,45.88636779785156,46.34602737426758,119.80147552490234,131.04876708984375,11.19882583618164,10.839681625366211,37.111134498801114
caltech_chandelier_008,data/processed/caltech_chandelier_008.png,300.0,199.0,1.5075376884422111,59700.0,135.42091369628906,65.69840240478516,0.0,253.9739990234375,156.1304931640625,0.1216750418760469,0.0457286432160804,253.9739990234375,0.4851422142002818,0.999999996062589,30.6283016204834,207.05931091308594,107.00775146484375,7.618208044816555,7.618208044816555,0.5191289782244556,108.94119262695312,165.90969848632812,9694.3623046875,1399.4656982421875,2023.673583984375,5.119895566647804,0.716694008610325,10.12124570845566,61.343637466430664,159.0988311767578,127.87796020507812,112.15798950195312,64.00770568847656,68.87277221679688,68.59364318847656,114.87193298339844,144.88865661621094,14.538617134094238,14.743005752563477,55.70447237207991
caltech_chandelier_009,data/processed/caltech_chandelier_009.png,218.0,300.0,0.7266666666666667,65400.0,134.0681610107422,58.846839904785156,5.968999862670898,255.0,146.02301025390625,0.0770948012232416,0.03918960244648318,249.0310001373291,0.4389322492544506,0.9542551004683353,42.9640007019043,203.10198974609375,106.27776336669922,7.271107883163113,7.271107883163113,0.3908715596330275,84.9375991821289,151.39808654785156,3745.5107421875,1111.946044921875,1763.6812744140625,2.5877131909655695,0.7975760918704617,5.53474588125768,39.708600997924805,171.75709533691406,125.20992279052734,80.82951354980469,71.64028930664062,57.269222259521484,39.05329513549805,97.95561218261719,154.88226318359375,14.738243103027344,11.764955520629883,62.9021848931341
caltech_chandelier_010,data/processed/caltech_chandelier_010.png,300.0,225.0,1.3333333333333333,67500.0,80.73204803466797,66.27735137939453,0.7979999780654907,255.0,70.17350769042969,0.3798222222222222,0.052844444444444444,254.2020000219345,0.8209546539681373,0.9937606980897875,9.767000198364258,174.90530395507812,106.98850631713867,7.5138828265268485,7.5138828265268485,0.6203407407407407,115.87505340576172,141.00332641601562,8340.14453125,1185.30712890625,1412.44775390625,4.4193962016244654,0.6884872610814354,10.611414403796303,13.345610618591309,88.34782409667969,77.61368560791016,76.81410217285156,67.29067993164062,67.79621124267578,64.12259674072266,125.78897857666016,133.4320831298828,10.75252628326416,11.098264694213867,35.40134777988717
caltech_cougar_body_001,data/processed/caltech_cougar_body_001.png,300.0,288.0,1.0416666666666667,86400.0,121.8486557006836,49.3930778503418,0.0,255.0,108.0739974975586,0.022488425925925926,0.055532407407407405,255.0,0.40536415573028384,0.9999999960784314,71.94999694824219,198.70480346679688,64.84675598144531,7.461715698712458,7.461715698712458,0.8245717592592593,90.68037414550781,86.17339324951172,3442.53369140625,560.7620849609375,905.1102905273438,2.0404837820804143,0.669456802004446,6.088755113494365,33.57846450805664,118.13914489746094,124.19412231445312,119.50094604492188,53.52029800415039,49.19394302368164,46.303741455078125,126.67510223388672,125.35411834716797,9.868245124816895,8.438380241394043,28.291424123093723
caltech_cougar_body_002,data/processed/caltech_cougar_body_002.png,248.0,300.0,0.8266666666666667,74400.0,109.15921020507812,42.49642562866211,3.8869998455047607,254.5439910888672,103.07400512695312,0.01818548387096774,0.026370967741935484,250.65699124336243,0.38930682220507984,0.9699184659207448,59.228904724121094,165.8560028076172,53.94500732421875,7.3400922213698605,7.3400922213698605,0.5126075268817204,71.94538879394531,94.51299285888672,2923.598388671875,480.0383605957031,832.4847412109375,1.7645789303337103,0.7497163928178876,5.445827132411933,34.67858123779297,125.82183837890625,104.8086929321289,87.85760498046875,51.39407730102539,41.43696975708008,35.71360778808594,115.97879028320312,139.8848876953125,11.559258460998535,11.460797309875488,43.681085263090665
caltech_cougar_body_003,data/processed/caltech_cougar_body_003.png,300.0,170.0,1.7647058823529411,51000.0,189.69886779785156,20.18708610534668,0.29899999499320984,251.35198974609375,192.0,0.004470588235294118,0.025686274509803923,251.05298975110054,0.10641648120136449,0.9976236891091692,184.32789611816406,200.26809692382812,0.0,3.2669338577117646,3.2669338577117646,0.23580392156862745,34.186214447021484,87.32981872558594,1833.5111083984375,265.7157897949219,747.3548583984375,1.1102687187558333,0.8688967377302985,2.9261749985129453,23.215715408325195,196.3546905517578,189.1887664794922,174.8685760498047,23.148733139038086,20.493816375732422,33.916812896728516,119.63075256347656,132.74737548828125,15.348731994628906,8.715860366821289,41.166663423001005
caltech_cougar_body_004,data/processed/caltech_cougar_body_004.png,300.0,188.0,1.5957446808510638,56400.0,101.47782897949219,48.4984016418457,0.8969999551773071,252.947998046875,100.07600402832031,0.11624113475177306,0.023510638297872342,252.0509980916977,0.47792115432155796,0.9929326915345686,36.970001220703125,164.7902069091797,65.70600128173828,7.560437914128566,7.560437914128566,0.877854609929078,134.6011505126953,118.48336029052734,13227.58203125,1125.645263671875,1144.8284912109375,6.175080251322566,0.5332727300742099,16.77537162812915,46.32345771789551,129.1451416015625,96.03501892089844,56.93751907348633,63.7637939453125,45.643226623535156,35.82744598388672,102.8643798828125,147.73416137695312,13.231772422790527,15.505278587341309,61.434314892073814
caltech_cougar_body_005,data/processed/caltech_cougar_body_005.png,297.0,300.0,0.99,89100.0,55.284366607666016,48.80773162841797,0.0,254.42999267578125,37.04100036621094,0.5339281705948372,0.013714927048260382,254.42999267578125,0.8828486919627898,0.9999999960696457,14.032999992370605,127.3550033569336,51.84799766540527,7.010538405968967,7.010538405968967,0.7208529741863076,100.1224136352539,114.93217468261719,6612.361328125,796.7122802734375,1226.570068359375,3.4334400731683354,0.6785833361675424,8.882059033795944,23.45089054107666,73.0276870727539,49.02395248413086,40.98269271850586,65.1281967163086,45.36407470703125,35.5921745300293,119.9290771484375,140.6557159423828,11.87651252746582,15.941057205200195,50.591601114625476
caltech_cougar_body_006,data/processed/caltech_cougar_body_006.png,251.0,300.0,0.8366666666666667,75300.0,100.08302307128906,63.73365020751953,0.29899999499320984,253.74598693847656,100.63249969482422,0.25387782204515275,0.03743691899070385,253.44698694348335,0.6368077983147482,0.9976460823145898,17.09800148010254,188.10618591308594,110.80325317382812,7.7864469640500396,7.7864469640500396,0.8351925630810093,114.28851318359375,107.55815887451172,1568.668212890625,892.29736328125,1117.993408203125,1.6539863388808198,0.6884130728302011,2.932523666422315,51.7835807800293,116.59368133544922,98.39971160888672,65.4462661743164,69.04178619384766,64.2939224243164,53.32850646972656,108.45330047607422,139.7764892578125,11.793028831481934,8.741555213928223,43.541975530620235
caltech_cougar_body_007,data/processed/caltech_cougar_body_007.png,300.0,186.0,1.6129032258064515,55800.0,80.2248306274414,74.23609924316406,0.0,255.0,57.04900360107422,0.4268817204301075,0.059551971326164875,255.0,0.9253506394118893,0.9999999960784314,2.0929999351501465,193.74310302734375,127.816237449646,7.490756103910222,7.490756103910222,0.775483870967742,131.0061492919922,139.18251037597656,4483.05615234375,1333.2755126953125,1700.4364013671875,3.1361076814218434,0.6481284685549829,7.190557097947944,26.194990634918213,100.77143096923828,72.60621643066406,65.5642318725586,87.90161895751953,69.8878173828125,68.87837982177734,119.72652435302734,142.65521240234375,7.7548441886901855,15.460474967956543,46.899841629053654
caltech_cougar_body_008,data/processed/caltech_cougar_body_008.png,300.0,202.0,1.4851485148514851,60600.0,86.83014678955078,53.182010650634766,0.0,255.0,78.0989990234375,0.24729372937293728,0.021386138613861388,255.0,0.6124832446390784,0.9999999960784314,29.91200065612793,161.027099609375,81.85300064086914,7.525517362807049,7.525517362807049,0.8813861386138614,145.9054412841797,115.04490661621094,9154.75,1094.6328125,806.803955078125,4.89595073299573,0.49799956014922175,14.355297506395711,11.32857084274292,92.9897232055664,84.7853775024414,81.20352935791016,58.56437683105469,52.22982406616211,47.77234649658203,124.82471466064453,132.39341735839844,7.632753849029541,7.335524559020996,25.020221413074832
caltech_cougar_body_009,data/processed/caltech_cougar_body_009.png,300.0,262.0,1.1450381679389312,78600.0,196.73048400878906,57.54754638671875,1.1959999799728394,255.0,206.37100219726562,0.00455470737913486,0.4694529262086514,253.80400002002716,0.29251971998212567,0.9906633946244435,116.72699737548828,255.0,103.99824523925781,6.234264437788298,6.234264437788298,0.46944020356234095,49.05919647216797,71.86608123779297,364.3109130859375,286.4969482421875,655.7518920898438,0.5002411913049152,0.8650902098121119,0.9719287622787338,30.930835723876953,210.64141845703125,193.4142303466797,177.32054138183594,46.9355583190918,61.204341888427734,75.6323471069336,117.04631042480469,137.92221069335938,13.304512977600098,14.007728576660156,48.66479397928936
caltech_cougar_body_010,data/processed/caltech_cougar_body_010.png,300.0,178.0,1.6853932584269662,53400.0,122.29084014892578,51.54338073730469,20.941999435424805,253.74598693847656,114.80200958251953,0.011741573033707865,0.06095505617977528,232.80398750305176,0.4214819380834511,0.8475215451856011,60.85200119018555,199.93431091308594,82.24298858642578,7.562080124764432,7.562080124764432,0.464438202247191,61.2237434387207,82.15904998779297,638.5234375,394.0594177246094,690.3118286132812,0.7336065148285182,0.8362652662125063,1.5836612068505143,22.63345432281494,125.2523422241211,121.55256652832031,118.32489013671875,51.89392852783203,53.18303298950195,48.37971496582031,125.76187896728516,130.11233520507812,10.54723072052002,7.320896148681641,27.805718078696803
caltech_cougar_face_001,data/processed/caltech_cougar_face_001.png,300.0,278.0,1.079136690647482,83400.0,183.25210571289062,49.015777587890625,0.0,255.0,191.84400939941406,0.02068345323741007,0.28381294964028775,255.0,0.2674772938064274,0.9999999960784314,120.86900329589844,237.18099975585938,60.54899597167969,7.4220926737542126,7.4220926737542126,0.6576858513189449,69.369140625,81.72843170166016,1057.7587890625,469.58062744140625,936.155029296875,0.956321976503532,0.8047149348337335,2.066787173082725,47.80588912963867,204.59036254882812,180.22271728515625,142.88467407226562,46.6862907409668,50.35416793823242,54.123111724853516,105.21928405761719,143.2198486328125,9.6417236328125,7.471657752990723,41.28807424137187
caltech_cougar_face_002,data/processed/caltech_cougar_face_002.png,300.0,216.0,1.3888888888888888,64800.0,174.14613342285156,54.08042526245117,0.0,255.0,193.0,0.03868827160493827,0.1744753086419753,255.0,0.3105462285550147,0.9999999960784314,85.0,223.0,54.0,7.243001770757461,7.243001770757461,0.5887037037037037,86.95623016357422,117.62060546875,4574.02099609375,794.1712036132812,1395.429443359375,2.547432332581473,0.7329290009914244,6.829597738844852,0.0,174.14613342285156,174.14613342285156,174.14613342285156,54.08042526245117,54.08042526245117,54.08042526245117,128.0,128.0,0.0,1.512278458903893e-06,0.0
caltech_cougar_face_003,data/processed/caltech_cougar_face_003.png,300.0,268.0,1.1194029850746268,80400.0,102.24451446533203,60.9803352355957,1.7939999103546143,253.3699951171875,87.83650207519531,0.147363184079602,0.06325870646766169,251.57599520683289,0.5964166875657234,0.9859384518326718,32.935001373291016,193.1772003173828,92.84149551391602,7.7502354201104575,7.7502354201104575,0.8866293532338309,100.67056274414062,83.25563049316406,12002.5078125,756.3905639648438,906.1533203125,4.900289445947271,0.4636249880777024,23.149334651859665,15.221504211425781,134.7412872314453,93.18236541748047,63.673919677734375,58.83898162841797,63.588897705078125,55.53680419921875,106.23328399658203,151.17884826660156,7.342452526092529,5.058893203735352,37.62983404353126
caltech_cougar_face_004,data/processed/caltech_cougar_face_004.png,300.0,262.0,1.1450381679389312,78600.0,133.04359436035156,58.54478073120117,0.0,255.0,128.03298950195312,0.05472010178117048,0.10400763358778627,255.0,0.44004208224102276,0.9999999960784314,59.181697845458984,221.71270751953125,64.15098571777344,7.5333190508247965,7.5333190508247965,0.589440203562341,76.48371887207031,119.3703842163086,2970.07421875,690.1248779296875,1665.8961181640625,2.001248486150347,0.7941113077609212,3.185583601533275,31.25389575958252,141.94369506835938,131.23342895507812,119.02115631103516,63.0424919128418,57.618446350097656,61.142906188964844,120.086669921875,134.34814453125,12.743782043457031,10.057435989379883,39.16183442953035
caltech_cougar_face_005,data/processed/caltech_cougar_face_005.png,300.0,250.0,1.2,75000.0,84.9747085571289,38.13488006591797,4.185999870300293,249.06700134277344,79.8479995727539,0.10272,0.006266666666666667,244.88100147247314,0.44877917517658245,0.9669421461248588,39.89069747924805,136.03919982910156,50.154754638671875,7.198952925374915,7.198952925374915,0.7019866666666666,58.025814056396484,47.176849365234375,401.2374267578125,218.1499481201172,373.7459716796875,0.5094975263372332,0.8090768581016374,1.4222744176052018,6.151252746582031,101.75194549560547,78.9194564819336,72.15045166015625,39.88312911987305,37.61684036254883,38.38159942626953,120.7628402709961,139.96664428710938,4.230360984802246,4.210424423217773,20.996158610686763
caltech_cougar_face_006,data/processed/caltech_cougar_face_006.png,254.0,300.0,0.8466666666666667,76200.0,142.51577758789062,74.85529327392578,0.5870000123977661,254.42999267578125,149.3050079345703,0.12951443569553805,0.23476377952755906,253.84299266338348,0.5252421452250771,0.9953963812065363,29.081998825073242,234.6219940185547,131.2864990234375,7.856043696775165,7.856043696775165,0.665511811023622,80.50331115722656,86.22734069824219,3487.8798828125,516.22216796875,686.2078247070312,1.9402438734379843,0.7131436272372591,6.978796870052068,45.59541130065918,165.50538635253906,138.76434326171875,101.53502655029297,75.7289047241211,76.70912170410156,71.52314758300781,104.87316131591797,144.397705078125,14.148126602172852,10.359567642211914,52.66925655229322
caltech_cougar_face_007,data/processed/caltech_cougar_face_007.png,300.0,289.0,1.0380622837370241,86700.0,92.32592010498047,37.652591705322266,29.763999938964844,244.21401977539062,83.85199737548828,0.002087658592848904,0.011084198385236447,214.45001983642578,0.40782254056809103,0.7827270934992537,50.93199920654297,145.22000122070312,47.16699981689453,7.017865505645787,7.017865505645787,0.5835294117647059,58.85161590576172,62.519771575927734,364.74530029296875,280.947265625,464.8194885253906,0.5291234834535381,0.825499466569098,1.1700581200275568,4.190381288528442,101.92861938476562,90.93315124511719,74.31143951416016,37.752193450927734,37.82373046875,39.41343307495117,117.83381652832031,134.84927368164062,4.502307891845703,4.925156116485596,21.13953976450462
caltech_cougar_face_008,data/processed/caltech_cougar_face_008.png,298.0,300.0,0.9933333333333333,89400.0,89.37627410888672,53.34962844848633,0.0,255.0,82.38200378417969,0.19973154362416107,0.030939597315436242,255.0,0.5969104036109215,0.9999999960784314,27.869001388549805,158.947998046875,73.93125534057617,7.547975618131218,7.547975618131218,0.7786129753914989,80.2412338256836,69.89217376708984,499.8479309082031,487.30853271484375,678.3532104492188,0.7356314566634572,0.7811730712981113,1.3649209397482782,21.10332155227661,91.77918243408203,89.04055786132812,84.80250549316406,56.108760833740234,52.98905944824219,55.8516731262207,125.41886901855469,129.7139129638672,5.765745639801025,10.391514778137207,26.798731926925765
caltech_cougar_face_009,data/processed/caltech_cougar_face_009.png,300.0,260.0,1.1538461538461537,78000.0,88.72296142578125,50.01837158203125,0.0,254.20199584960938,79.10700225830078,0.13964102564102565,0.02558974358974359,254.20199584960938,0.5637590339014293,0.9999999960661206,28.98699951171875,160.28770446777344,53.68400192260742,7.501707039327934,7.501707039327934,0.7926025641025641,126.86778259277344,126.6512222290039,6766.111328125,959.52490234375,1200.0020751953125,4.037774353610476,0.6117262836140022,8.496583138256527,31.11229419708252,110.64009094238281,82.27017974853516,64.4647445678711,56.945648193359375,49.01941680908203,43.313358306884766,114.31025695800781,143.63275146484375,7.189452648162842,9.835083961486816,38.11677336029674
caltech_cougar_face_010,data/processed/caltech_cougar_face_010.png,300.0,246.0,1.2195121951219512,73800.0,230.640869140625,40.828468322753906,53.0,255.0,250.0,0.0,0.7999457994579946,202.0,0.17702182747515743,0.6558441537147918,169.00001525878906,254.0,22.999984741210938,5.144270947072108,5.144270947072108,0.34088075880758806,48.537452697753906,84.01000213623047,1666.4090576171875,343.2060241699219,720.5423583984375,0.9799066641584442,0.8492668391513086,3.9962315643751167,0.0,230.640869140625,230.640869140625,230.640869140625,40.828468322753906,40.828468322753906,40.828468322753906,128.0,128.0,0.0,9.40715551678295e-07,0.0
caltech_crab_001,data/processed/caltech_crab_001.png,300.0,187.0,1.6042780748663101,56100.0,36.68777084350586,38.76358413696289,0.0,254.20199584960938,24.12449836730957,0.6611229946524064,0.004456327985739751,254.20199584960938,1.05658049505736,0.9999999960661206,1.1959999799728394,86.6583023071289,42.85324668884277,6.5111867545044735,6.5111867545044735,0.6875579322638146,91.24347686767578,99.23041534423828,2603.512939453125,524.7694702148438,748.2769165039062,1.8034990253355085,0.7038329031625141,5.305091227334582,44.86341667175293,57.00759506225586,29.060482025146484,22.6666316986084,55.79411697387695,35.516632080078125,29.75417709350586,120.08739471435547,142.4934539794922,11.015308380126953,17.370101928710938,53.259240041875344
caltech_crab_002,data/processed/caltech_crab_002.png,300.0,238.0,1.2605042016806722,71400.0,170.43556213378906,58.24693298339844,1.0429999828338623,255.0,187.88900756835938,0.04638655462184874,0.22361344537815125,253.95700001716614,0.3417533988354037,0.9918529272127709,77.61359405517578,230.07101440429688,69.94526672363281,7.588695993201468,7.588695993201468,0.8753221288515406,117.70165252685547,104.58438873291016,3743.196533203125,835.4393920898438,922.2501220703125,2.5162365767045425,0.612152207610459,6.927207915787609,32.06206512451172,177.48704528808594,170.20169067382812,153.14503479003906,58.457061767578125,56.858360290527344,69.82820892333984,118.24237823486328,133.0295867919922,10.981072425842285,7.163244724273682,33.03858485663996
caltech_crab_003,data/processed/caltech_crab_003.png,300.0,250.0,1.2,75000.0,166.78848266601562,46.91508102416992,1.1959999799728394,250.09799194335938,193.10601806640625,0.017466666666666665,0.010066666666666666,248.90199196338654,0.28128489445419197,0.9904812648638384,82.76500701904297,193.291015625,39.32525634765625,4.743715167788523,4.743715167788523,0.33021333333333336,67.77754974365234,130.05003356933594,2032.3724365234375,717.2138671875,1183.20654296875,1.603687051438754,0.8229983010152666,3.6829231626844425,140.15317058563232,148.7753448486328,185.88067626953125,115.7252426147461,35.84035110473633,64.86824798583984,55.35367202758789,99.18328857421875,115.15180969238281,13.914514541625977,33.69792556762695,96.12449264037319
caltech_crab_004,data/processed/caltech_crab_004.png,282.0,300.0,0.94,84600.0,130.49378967285156,88.24427032470703,0.0,254.42999267578125,131.08399963378906,0.19788416075650117,0.26933806146572103,254.42999267578125,0.6762334810698829,0.9999999960696457,0.0,240.9759979248047,162.4447364807129,7.274576017254461,7.274576017254461,0.46717494089834516,61.40620422363281,110.1535873413086,1891.314208984375,719.7034912109375,2153.709228515625,1.2948927294307542,0.8463026652844094,2.6411403696306675,64.76760196685791,170.67257690429688,118.12258911132812,88.81326293945312,89.3619384765625,92.8008804321289,89.08357238769531,104.478271484375,156.658203125,17.547481536865234,24.50020980834961,85.52895188104775
caltech_crab_005,data/processed/caltech_crab_005.png,300.0,182.0,1.6483516483516483,54600.0,102.24683380126953,39.60871124267578,2.3919999599456787,250.02999877929688,99.86599731445312,0.03454212454212454,0.004194139194139194,247.6379988193512,0.3873832507349556,0.9810476070832442,53.23379898071289,155.29998779296875,57.829986572265625,7.3120685648137105,7.3120685648137105,0.9215750915750915,141.43421936035156,99.34458923339844,5988.91552734375,830.7643432617188,534.5384521484375,3.5986331373129907,0.5271918908794252,10.588410346230276,53.276164054870605,130.9051971435547,94.65477752685547,66.17386627197266,38.670589447021484,42.90876388549805,39.385498046875,107.64278411865234,148.44105529785156,6.273004531860352,12.21898078918457,46.59401733223088
caltech_crab_006,data/processed/caltech_crab_006.png,300.0,254.0,1.1811023622047243,76200.0,229.58168029785156,37.622352600097656,29.336999893188477,251.57998657226562,247.78399658203125,0.00010498687664041995,0.8176115485564305,222.24298667907715,0.16387349542617766,0.7911340239130522,175.88800048828125,248.07200622558594,15.624984741210938,4.29654935891759,4.29654935891759,0.35023622047244096,71.40660095214844,129.96316528320312,4746.29541015625,673.7136840820312,1095.3345947265625,2.634251362012403,0.7991591920006316,7.295357602783789,0.0,240.77125549316406,232.19325256347656,186.7861785888672,31.873394012451172,41.55937194824219,34.62392807006836,103.84904479980469,135.98114013671875,2.822295904159546,6.053736209869385,29.29614955493858
caltech_crab_007,data/processed/caltech_crab_007.png,300.0,226.0,1.3274336283185841,67800.0,193.4561309814453,87.53325653076172,1.5959999561309814,255.0,253.26199340820312,0.08696165191740413,0.6567256637168142,253.40400004386902,0.4524708296098734,0.9875602078739814,47.57670211791992,255.0,140.98699951171875,4.948727973034529,4.948727973034529,0.30942477876106195,55.14475631713867,137.0327911376953,4264.27685546875,908.6513061523438,2146.219482421875,2.297893581248103,0.832423070792462,7.31263887698971,50.102359771728516,174.279296875,198.85044860839844,215.97738647460938,107.84915924072266,86.1050033569336,60.9621467590332,140.7095184326172,114.3218002319336,17.862998962402344,24.931001663208008,75.22213066022934
caltech_crab_008,data/processed/caltech_crab_008.png,300.0,224.0,1.3392857142857142,67200.0,133.45065307617188,77.46513366699219,0.0,254.5439910888672,140.9840087890625,0.17395833333333333,0.21483630952380953,254.5439910888672,0.5804777369077271,0.999999996071406,6.0,226.14801025390625,136.28526306152344,7.56642503088584,7.56642503088584,0.7911309523809524,129.08531188964844,136.1609344482422,10805.4345703125,1308.7440185546875,1751.0484619140625,5.301031633400392,0.5414072217316508,16.980124340170214,80.99691104888916,160.6411895751953,124.66583251953125,107.36914825439453,76.81874084472656,81.8324966430664,76.8746566772461,113.28132629394531,147.39410400390625,11.233100891113281,20.368444442749023,63.866566343803065
caltech_crab_009,data/processed/caltech_crab_009.png,300.0,281.0,1.0676156583629892,84300.0,215.6737823486328,48.00167465209961,8.970000267028809,255.0,239.22500610351562,0.0012574139976275207,0.6635349940688019,246.0299997329712,0.22256610843843622,0.9320377260751318,137.84149169921875,255.0,66.47373962402344,6.114970848985319,6.114970848985319,0.4330604982206406,75.48405456542969,114.87654876708984,1664.7608642578125,538.9492797851562,929.2813720703125,1.4703846210522677,0.7816604786684169,2.9348436869741223,97.16136074066162,222.29867553710938,214.28443908691406,205.45184326171875,29.419721603393555,58.73591995239258,67.1072006225586,122.23141479492188,132.72531127929688,12.646306991577148,23.859907150268555,61.16993939691635
caltech_crab_010,data/processed/caltech_crab_010.png,300.0,245.0,1.2244897959183674,73500.0,84.15263366699219,60.683311462402344,0.0,254.42999267578125,76.28799438476562,0.29277551020408166,0.019496598639455784,254.42999267578125,0.7211100603390213,0.9999999960696457,7.163999557495117,171.32029724121094,98.04274940490723,7.651721183804047,7.651721183804047,0.8094149659863945,135.67401123046875,131.640869140625,2922.978515625,1239.4779052734375,1339.581787109375,2.598149683827697,0.6639385071874038,4.2421688175687455,25.98465633392334,96.72733306884766,80.9365463256836,67.73165893554688,65.61280822753906,60.350955963134766,57.23807144165039,118.73308563232422,136.9691162109375,12.021966934204102,9.121264457702637,38.52905165765245
caltech_crayfish_001,data/processed/caltech_crayfish_001.png,300.0,225.0,1.3333333333333333,67500.0,86.27250671386719,68.14204406738281,0.0,243.7139892578125,106.66600036621094,0.35888888888888887,0.003274074074074074,243.7139892578125,0.7898465672678002,0.9999999958968298,0.0,166.72000122070312,147.9122587889433,6.157160975834069,6.157160975834069,0.6083703703703703,69.37955474853516,80.16425323486328,1449.6800537109375,396.8200988769531,594.6825561523438,1.074757417250623,0.7647573288703455,3.66602691368092,5.6265469789505005,95.98829650878906,82.82374572753906,78.54794311523438,75.17236328125,66.1187515258789,63.10857009887695,123.64075469970703,134.92996215820312,7.1573615074157715,7.9204864501953125,27.106938239078197
caltech_crayfish_002,data/processed/caltech_crayfish_002.png,300.0,177.0,1.694915254237288,53100.0,212.02256774902344,66.92256164550781,3.48799991607666,255.0,252.0,0.009378531073446328,0.7242372881355932,251.51200008392334,0.3156388588269854,0.9730122837136327,92.72270202636719,252.010009765625,79.31974792480469,4.376449718592492,4.376449718592492,0.32787193973634654,64.00715637207031,125.45159149169922,1444.1929931640625,746.0470581054688,1408.9454345703125,1.290825335543234,0.8570053479296014,2.9105331887981065,64.83455181121826,227.35794067382812,206.59140014648438,199.7665557861328,47.76063537597656,75.51972198486328,83.41693878173828,121.0835189819336,138.93821716308594,11.809852600097656,19.77366828918457,56.20716731508561
caltech_crayfish_003,data/processed/caltech_crayfish_003.png,300.0,222.0,1.3513513513513513,66600.0,154.97341918945312,83.30703735351562,0.0,255.0,165.12399291992188,0.13536036036036037,0.363993993993994,255.0,0.5375569388071437,0.9999999960784314,29.868799209594727,251.30999755859375,157.24749755859375,7.679336880801776,7.679336880801776,0.7482732732732733,142.06979370117188,152.0443878173828,3442.7265625,1614.5753173828125,1937.9276123046875,2.9198254116796307,0.6569111114927251,6.2512260636231805,189.54626655578613,162.7612762451172,151.79135131835938,150.93222045898438,81.32766723632812,85.62516021728516,89.07081604003906,125.71942138671875,133.55484008789062,7.950472354888916,16.157947540283203,41.7628215274998
caltech_crayfish_004,data/processed/caltech_crayfish_004.png,300.0,217.0,1.3824884792626728,65100.0,121.70880126953125,58.48393630981445,0.0,255.0,128.0,0.10192012288786483,0.021996927803379418,255.0,0.48052347257759026,0.9999999960784314,39.0,197.0,89.0,7.550557606166585,7.550557606166585,0.8746236559139785,131.13490295410156,110.08736419677734,5951.81494140625,979.4256591796875,1079.3206787109375,3.4550293251023696,0.5455658365363559,11.32778585131193,0.0,121.70880126953125,121.70880126953125,121.70880126953125,58.48393630981445,58.48393630981445,58.48393630981445,128.0,128.0,0.0,6.896923423482804e-07,0.0
caltech_crayfish_005,data/processed/caltech_crayfish_005.png,300.0,225.0,1.3333333333333333,67500.0,52.857425689697266,59.206886291503906,0.29899999499320984,255.0,22.982999801635742,0.7025481481481481,0.03382222222222222,254.7010000050068,1.120124266341635,0.9976576446141356,16.854000091552734,156.1302032470703,37.161001205444336,6.196770376389423,6.196770376389423,0.4161925925925926,86.03750610351562,148.7150115966797,2598.93994140625,1343.6552734375,2217.439697265625,2.1008826130089715,0.7912090913742085,4.271393933793046,17.58844757080078,63.94050216674805,49.435081481933594,41.410709381103516,69.55204772949219,57.87145233154297,43.440799713134766,121.54022979736328,135.90518188476562,12.496142387390137,9.993474006652832,38.784042646064776
caltech_crayfish_006,data/processed/caltech_crayfish_006.png,300.0,200.0,1.5,60000.0,176.4594268798828,84.88446807861328,0.0,255.0,214.99998474121094,0.13435,0.4991833333333333,255.0,0.4810424078695004,0.9999999960784314,24.0,255.0,129.00001525878906,7.003897665045296,7.003897665045296,0.9443833333333334,229.30557250976562,211.1427001953125,21788.607421875,3089.467041015625,2632.6044921875,11.295889424827593,0.46089950764875187,24.715105982928744,0.0,176.4594268798828,176.4594268798828,176.4594268798828,84.88446807861328,84.88446807861328,84.88446807861328,128.0,128.0,0.0,1.2713114756479627e-06,0.0
caltech_crayfish_007,data/processed/caltech_crayfish_007.png,300.0,209.0,1.4354066985645932,62700.0,197.11984252929688,87.44486999511719,0.2280000001192093,255.0,249.8909912109375,0.12165869218500798,0.7247527910685806,254.7719999998808,0.44361272020856046,0.9982133582582963,34.270999908447266,250.17898559570312,106.08274841308594,4.722395969462516,4.722395969462516,0.33931419457735246,88.31790161132812,186.40809631347656,3897.4765625,1532.7952880859375,2670.2900390625,2.9628715201655718,0.8285644494876726,5.345641339758518,5.213235378265381,199.96275329589844,194.89999389648438,201.09375,88.34517669677734,86.91828155517578,87.91666412353516,130.24261474609375,130.0277557373047,1.1164755821228027,1.6533150672912598,6.043579097793503
caltech_crayfish_008,data/processed/caltech_crayfish_008.png,300.0,240.0,1.25,72000.0,107.71106719970703,52.03519821166992,1.5959999561309814,253.5050048828125,120.95550537109375,0.13783333333333334,0.01584722222222222,251.90900492668152,0.4830998251283841,0.987487305658539,29.233001708984375,161.751708984375,77.20449829101562,7.51560193249129,7.51560193249129,0.3932777777777778,44.41764831542969,64.81120300292969,172.28732299804688,278.920654296875,581.3114013671875,0.3795350202674654,0.8820281949644719,0.7641955454375041,57.327378273010254,104.7460708618164,110.45402526855469,101.36382293701172,54.977718353271484,57.4827995300293,41.21036911010742,124.41804504394531,125.88516998291016,8.996705055236816,18.35417938232422,45.689101602722545
caltech_crayfish_009,data/processed/caltech_crayfish_009.png,300.0,181.0,1.6574585635359116,54300.0,156.89967346191406,35.074031829833984,21.439998626708984,246.66799926757812,171.18600463867188,0.002246777163904236,0.005285451197053407,225.22800064086914,0.22354432506071184,0.8400644574937683,99.32039642333984,184.76400756835938,35.001495361328125,6.538675538482873,6.538675538482873,0.3729281767955801,48.54256057739258,69.58338928222656,1161.65625,246.56356811523438,500.59765625,0.8179903740933047,0.8306361475555951,3.087789599949132,74.98329544067383,124.80020141601562,161.67825317382812,216.4847869873047,30.77773094177246,43.46590805053711,62.000606536865234,161.6259307861328,105.10454559326172,20.443742752075195,25.167945861816406,91.5534774087862
caltech_crayfish_010,data/processed/caltech_crayfish_010.png,300.0,211.0,1.4218009478672986,63300.0,183.9715118408203,72.05875396728516,2.0929999351501465,253.0449981689453,227.21499633789062,0.04203791469194313,0.6642022116903633,250.95199823379517,0.3916843040239243,0.9835931892348485,59.04290008544922,233.281005859375,111.08800506591797,6.091483824331264,6.091483824331264,0.3839494470774092,91.95677185058594,185.54763793945312,3807.78515625,1394.651611328125,2048.33154296875,3.1142477179504757,0.8179953743067612,4.074786475978445,143.35948371887207,214.75892639160156,178.86338806152344,129.5244140625,55.10252380371094,84.19718170166016,62.45281219482422,97.27365112304688,149.95962524414062,8.412485122680664,17.642457962036133,64.26337020684852
caltech_crocodile_001,data/processed/caltech_crocodile_001.png,300.0,239.0,1.2552301255230125,71700.0,137.09593200683594,61.144996643066406,0.5870000123977661,254.20199584960938,144.9980010986328,0.04223152022315202,0.0994979079497908,253.6149958372116,0.4460015355817854,0.9953922616782727,54.97800064086914,214.95899963378906,110.50501251220703,7.764856905023348,7.764856905023348,0.9017991631799163,146.9701385498047,115.73160552978516,12769.515625,1220.0692138671875,864.7244262695312,6.1442814316222005,0.4670483817318136,19.27142620281842,20.48334789276123,143.9247283935547,137.89041137695312,115.09452056884766,63.303897857666016,61.24212646484375,57.56374740600586,115.58385467529297,132.87074279785156,7.42801570892334,5.3286333084106445,26.431659040124554
caltech_crocodile_002,data/processed/caltech_crocodile_002.png,300.0,185.0,1.6216216216216217,55500.0,91.51126098632812,56.0161018371582,0.29899999499320984,248.9239959716797,79.15800476074219,0.25473873873873876,0.01172972972972973,248.62499597668648,0.6121224931367143,0.9976005384845509,26.0,172.8090057373047,98.08524703979492,7.3951269246203095,7.3951269246203095,0.780990990990991,133.9979248046875,121.43061828613281,6004.4267578125,1082.087890625,1001.0029907226562,3.6091133922383944,0.5813588719318636,10.493857195460054,39.3456916809082,112.0003433227539,87.37666320800781,59.06183624267578,67.52516174316406,55.16709899902344,42.220314025878906,109.68768310546875,142.6141815185547,17.759124755859375,12.193422317504883,57.74243724137489
caltech_crocodile_003,data/processed/caltech_crocodile_003.png,300.0,240.0,1.25,72000.0,207.2584686279297,60.864837646484375,0.0,255.0,241.0,0.03770833333333334,0.7049722222222222,255.0,0.2936663469326436,0.9999999960784314,107.77200317382812,241.0,44.30999755859375,4.597783304101836,4.597783304101836,0.3963055555555556,98.72347259521484,165.8769989013672,6856.08984375,1146.4566650390625,1860.5772705078125,3.98754221999879,0.7475598688556766,8.614626201476948,4.224706768989563,206.13052368164062,207.96263122558594,206.5911407470703,61.78303527832031,60.266300201416016,61.77128982543945,127.6233901977539,127.19547271728516,1.1704679727554321,1.9088259935379028,5.264691738753601
caltech_crocodile_004,data/processed/caltech_crocodile_004.png,300.0,209.0,1.4354066985645932,62700.0,114.75586700439453,60.68578338623047,0.0,253.63198852539062,115.01699829101562,0.14685805422647527,0.04674641148325359,253.63198852539062,0.5288251001151988,0.9999999960572797,19.81599998474121,197.66600036621094,80.89324951171875,7.794328113292764,7.794328113292764,0.9774641148325359,202.2093048095703,116.35547637939453,33532.08203125,2080.53271484375,784.6130981445312,13.800435621062764,0.3020134696089258,39.77265680085119,18.307122230529785,110.08497619628906,124.27827453613281,77.97467041015625,63.92808151245117,61.993629455566406,52.5229606628418,107.24312591552734,124.66838836669922,14.896881103515625,5.368824481964111,44.02131969763194
caltech_crocodile_005,data/processed/caltech_crocodile_005.png,300.0,172.0,1.744186046511628,51600.0,141.8945770263672,58.82231903076172,12.258999824523926,234.39700317382812,159.81802368164062,0.00437984496124031,0.06248062015503876,222.1380033493042,0.41454944825186496,0.9005984032352536,59.957000732421875,211.9239959716797,115.59474182128906,7.367983046657989,7.367983046657989,0.6468992248062015,57.59340286254883,53.89921569824219,298.2583312988281,238.48638916015625,384.0971984863281,0.4800315913191757,0.8186585803315626,1.3175008214559238,12.213386058807373,168.2180938720703,134.56350708007812,110.60166931152344,55.622318267822266,60.118896484375,62.604766845703125,110.34034729003906,146.7756805419922,5.2853851318359375,5.279871940612793,31.215494899609823
caltech_crocodile_006,data/processed/caltech_crocodile_006.png,300.0,195.0,1.5384615384615385,58500.0,72.07852172851562,37.326377868652344,0.29899999499320984,247.48800659179688,66.19300079345703,0.17377777777777778,0.0010085470085470086,247.18900659680367,0.5178571432331163,0.9975866329885075,27.94300079345703,124.0770034790039,44.032997131347656,7.157622272994751,7.157622272994751,0.7182564102564103,74.48999786376953,68.19664001464844,781.46435546875,314.3910217285156,411.8481140136719,0.8180984438391432,0.7674048551691999,2.2153236444201982,10.552846908569336,88.19613647460938,67.49950408935547,53.383026123046875,42.42715072631836,36.27560043334961,30.56013298034668,117.44949340820312,139.49615478515625,5.115409851074219,4.580225944519043,23.61248799538474
caltech_crocodile_007,data/processed/caltech_crocodile_007.png,300.0,180.0,1.6666666666666667,54000.0,62.81662368774414,40.8648681640625,0.0,247.35699462890625,55.75849914550781,0.3415925925925926,0.004555555555555556,247.35699462890625,0.6505422468526147,0.9999999959572601,18.121000289916992,117.07919311523438,53.68574333190918,7.184830300906568,7.184830300906568,0.8393518518518519,103.21590423583984,91.96389770507812,6219.38037109375,676.4703979492188,798.4589233398438,3.0972493247717905,0.6168669580002025,11.750505244141918,28.490081787109375,97.65996551513672,51.2825927734375,30.819425582885742,54.72273635864258,37.87362289428711,26.75684928894043,109.94288635253906,152.85260009765625,11.136301040649414,12.153968811035156,52.98751942383735
caltech_crocodile_008,data/processed/caltech_crocodile_008.png,300.0,209.0,1.4354066985645932,62700.0,156.40582275390625,74.3910903930664,5.604000091552734,255.0,154.81851196289062,0.058261562998405104,0.33585326953748007,249.39599990844727,0.475628647371313,0.9569922137182845,50.27079772949219,249.85501098632812,146.56600189208984,7.635835722547157,7.635835722547157,0.6832695374800638,85.79899597167969,86.09774780273438,1214.04833984375,522.4603271484375,733.5670776367188,1.1512086340433014,0.7425291433827171,2.507341296921413,8.825093269348145,160.14988708496094,157.54940795898438,140.69737243652344,70.2027587890625,76.55094146728516,78.33203887939453,119.13518524169922,130.67051696777344,8.9010591506958,8.414435386657715,30.539452593022528
caltech_crocodile_009,data/processed/caltech_crocodile_009.png,300.0,192.0,1.5625,57600.0,106.00962829589844,53.295047760009766,1.1740000247955322,253.33299255371094,90.26750183105469,0.07029513888888889,0.034652777777777775,252.1589925289154,0.5027377995186686,0.9907743161923493,51.98550033569336,193.1739959716797,71.16899871826172,7.54813986090691,7.54813986090691,0.6925694444444445,90.8621597290039,93.74604797363281,2077.811279296875,611.795654296875,803.3582153320312,1.5641291288004813,0.7064046130796986,4.639532584139559,13.317055225372314,98.4110107421875,109.51253509521484,107.90245056152344,64.77836608886719,52.36162185668945,46.295066833496094,129.0681915283203,122.58015441894531,22.06768798828125,12.470245361328125,54.334395288401865
caltech_crocodile_010,data/processed/caltech_crocodile_010.png,300.0,179.0,1.675977653631285,53700.0,59.015419006347656,49.903987884521484,0.0,254.5439910888672,44.68199920654297,0.4560148975791434,0.012681564245810056,254.5439910888672,0.8456092980301394,0.999999996071406,9.170000076293945,130.78131103515625,62.83974838256836,7.280955284746073,7.280955284746073,0.8849906890130353,141.73362731933594,122.92044830322266,5363.31298828125,1042.5147705078125,1039.78955078125,3.5836571062763904,0.5840434421285363,7.584737363462126,12.976553201675415,72.5947265625,53.33854675292969,52.630409240722656,54.132972717285156,48.79801940917969,46.849788665771484,124.39672088623047,137.68568420410156,5.220783710479736,5.412417888641357,22.025665839179247
caltech_crocodile_head_001,data/processed/caltech_crocodile_head_001.png,300.0,239.0,1.2552301255230125,71700.0,127.7409896850586,64.25652313232422,0.7120000123977661,254.20199584960938,126.27349853515625,0.09762900976290098,0.12359832635983263,253.4899958372116,0.5030219570689464,0.9944137982130248,40.631202697753906,220.10501098632812,103.06023406982422,7.888837074016079,7.888837074016079,0.9099721059972106,150.7630615234375,117.86424255371094,8473.8515625,1142.6915283203125,967.320068359375,4.743648864199969,0.504074399929688,13.4038252312495,13.665322303771973,133.5227813720703,128.40634155273438,109.15040588378906,66.53893280029297,64.55473327636719,59.137733459472656,117.50872039794922,132.1239471435547,7.825584888458252,5.164638519287109,25.620380619374462
caltech_crocodile_head_002,data/processed/caltech_crocodile_head_002.png,300.0,225.0,1.3333333333333333,67500.0,151.71165466308594,58.81111145019531,1.7660000324249268,254.77198791503906,155.1304931640625,0.019303703703703705,0.1784,253.00598788261414,0.3876505809204287,0.9862320544440958,68.70230102539062,233.19500732421875,96.2030029296875,7.717958360514569,7.717958360514569,0.7614518518518518,109.88574981689453,104.67920684814453,10750.029296875,846.4358520507812,886.2836303710938,4.795897435897435,0.6051339960680167,15.10484093171583,15.751186847686768,162.7520294189453,150.76718139648438,127.61808776855469,57.36286544799805,60.89881896972656,59.57853317260742,114.4031753540039,135.8747100830078,13.049090385437012,7.604380130767822,39.82306325986796
caltech_crocodile_head_003,data/processed/caltech_crocodile_head_003.png,300.0,214.0,1.4018691588785046,64200.0,78.83641052246094,61.76445770263672,0.0,251.00999450683594,64.12899780273438,0.325202492211838,0.03174454828660436,251.00999450683594,0.7834509018087369,0.9999999960160949,12.279000282287598,181.06600952148438,84.80924606323242,7.569706017845482,7.569706017845482,0.5788473520249221,79.66688537597656,100.3409652709961,2856.797607421875,612.0197143554688,1078.5023193359375,1.7570482610461498,0.7307495153515584,6.556176150249344,42.75361633300781,76.1807632446289,80.28739929199219,78.33031463623047,70.3443603515625,62.1684455871582,43.703704833984375,127.71439361572266,126.10582733154297,14.203913688659668,10.629554748535156,37.164520553780804
caltech_crocodile_head_004,data/processed/caltech_crocodile_head_004.png,300.0,225.0,1.3333333333333333,67500.0,124.0828628540039,43.61320114135742,0.29899999499320984,254.42999267578125,120.10199737548828,0.030059259259259258,0.049466666666666666,254.13099268078804,0.3514844821173114,0.9976524031231431,76.83499908447266,183.1320037841797,43.441741943359375,7.3509927045607295,7.3509927045607295,0.8154222222222223,115.51983642578125,119.66315460205078,15702.1103515625,1023.3743286132812,1341.826904296875,6.680960476721346,0.5818308668969632,18.306087834787533,32.0275821685791,129.5530548095703,126.85806274414062,95.4457015991211,47.20100402832031,43.54624938964844,42.20406723022461,111.83908081054688,131.9016876220703,10.154279708862305,7.849318981170654,35.88878146338648
caltech_crocodile_head_005,data/processed/caltech_crocodile_head_005.png,300.0,225.0,1.3333333333333333,67500.0,69.88888549804688,44.98394012451172,0.8969999551773071,224.76199340820312,58.763999938964844,0.33626666666666666,5.925925925925926e-05,223.86499345302582,0.6436494037684926,0.9920499472426713,21.121000289916992,145.09100341796875,66.29899978637695,7.191296811446438,7.191296811446438,0.6459111111111111,69.05918884277344,72.35807037353516,772.8246459960938,323.6700134277344,464.17022705078125,0.8001993914901522,0.7870581824228668,2.1470999223983562,6.742169380187988,78.92131805419922,67.77084350585938,57.104652404785156,47.51118469238281,44.786102294921875,41.246158599853516,120.7854232788086,134.44252014160156,5.835636615753174,3.9563212394714355,20.13415367744384
caltech_crocodile_head_006,data/processed/caltech_crocodile_head_006.png,300.0,184.0,1.6304347826086956,55200.0,167.29119873046875,79.59611511230469,0.0,255.0,189.92401123046875,0.09994565217391305,0.3509963768115942,255.0,0.47579379692742946,0.9999999960784314,40.018898010253906,255.0,143.71700286865234,7.176395072970719,7.176395072970719,0.6956702898550725,179.4209442138672,181.89227294921875,20841.822265625,2228.68212890625,2037.5185546875,10.039641943539259,0.5560391973872585,20.89760246408726,27.256722450256348,171.65516662597656,168.35537719726562,150.3658447265625,73.3448715209961,85.51311492919922,84.68254089355469,118.44844055175781,131.11264038085938,9.05188274383545,19.41179084777832,51.32808787273957
caltech_crocodile_head_007,data/processed/caltech_crocodile_head_007.png,300.0,288.0,1.0416666666666667,86400.0,82.16493225097656,58.87948989868164,0.5870000123977661,252.833984375,61.80950164794922,0.3951851851851852,0.011168981481481481,252.24698436260223,0.7166012016200577,0.9953673882886973,25.851999282836914,171.98440551757812,105.82826614379883,6.899678049602055,6.899678049602055,0.6089930555555556,88.05059814453125,100.26319122314453,2126.015625,615.4912109375,870.3572387695312,1.6116270852836334,0.7459247350446456,3.8061756618913254,31.752552032470703,99.46501159667969,78.64761352539062,54.90123748779297,72.76976013183594,57.75581359863281,43.22027587890625,112.61416625976562,140.3395538330078,20.532939910888672,14.035489082336426,62.20862298210476
caltech_crocodile_head_008,data/processed/caltech_crocodile_head_008.png,300.0,268.0,1.1194029850746268,80400.0,152.24114990234375,44.88523483276367,16.135000228881836,228.0850067138672,166.82200622558594,0.00722636815920398,0.006840796019900498,211.95000648498535,0.29482984440623183,0.8678650380466431,78.87199401855469,197.80299377441406,63.006996154785156,7.189315427426404,7.189315427426404,0.5058333333333334,41.853816986083984,37.78799057006836,122.3829574584961,168.19541931152344,288.7831726074219,0.2826919671181752,0.8787485381876681,0.6933601394656393,8.014378786087036,181.2376708984375,143.04180908203125,123.55740356445312,37.97124481201172,48.12806701660156,48.35469055175781,111.81277465820312,148.68223571777344,4.325229167938232,6.654720306396484,32.85695234307536
caltech_crocodile_head_009,data/processed/caltech_crocodile_head_009.png,300.0,285.0,1.0526315789473684,85500.0,129.6985321044922,82.13459777832031,0.0,255.0,129.83749389648438,0.21314619883040936,0.2605146198830409,255.0,0.6332731435917491,0.9999999960784314,29.878698348999023,231.87600708007812,172.70225143432617,7.488583507155017,7.488583507155017,0.7051228070175438,93.94152069091797,111.13738250732422,1343.657470703125,733.835205078125,1255.7646484375,1.4164404017840542,0.7427812026079463,2.7215575656077817,9.607299089431763,148.92665100097656,132.4270477294922,65.21734619140625,94.55522155761719,87.1973876953125,41.20649719238281,91.61107635498047,141.7147674560547,33.68301010131836,14.308526992797852,96.1735601570208
caltech_crocodile_head_010,data/processed/caltech_crocodile_head_010.png,300.0,236.0,1.271186440677966,70800.0,143.50621032714844,70.20713806152344,4.942999839782715,248.54299926757812,152.2034912109375,0.032994350282485874,0.20413841807909605,243.5999994277954,0.4892271729024574,0.9609998158660504,50.847999572753906,219.78700256347656,141.17198944091797,7.154872715485967,7.154872715485967,0.6188418079096045,75.45184326171875,90.94473266601562,988.7471313476562,490.5346374511719,888.865234375,1.0364264927648799,0.7679848548849912,2.592624148332663,20.085660934448242,136.89466857910156,148.2681427001953,136.32720947265625,69.86668395996094,76.92072296142578,47.98709487915039,123.94864654541016,123.28421020507812,23.54287338256836,6.40872859954834,52.33186043395768
caltech_cup_001,data/processed/caltech_cup_001.png,300.0,198.0,1.5151515151515151,59400.0,234.74244689941406,29.938232421875,14.860000610351562,255.0,243.62200927734375,0.00023569023569023568,0.8464983164983165,240.13999938964844,0.1275365094373702,0.8898688132981798,198.84300231933594,255.0,23.63397216796875,5.365772924083445,5.365772924083445,0.22845117845117846,45.55643081665039,104.28828430175781,1501.460693359375,405.7879638671875,957.7423706054688,1.1300509946415933,0.8983056592613502,1.628306696025344,0.0,236.69029235839844,234.56690979003906,230.5374755859375,29.434711456298828,29.966562271118164,31.828290939331055,125.62700653076172,129.3893280029297,2.8123159408569336,1.959893822669983,8.575549904255796
caltech_cup_002,data/processed/caltech_cup_002.png,300.0,260.0,1.1538461538461537,78000.0,181.67869567871094,69.66910552978516,1.7939999103546143,255.0,191.40899658203125,0.028153846153846154,0.42948717948717946,253.20600008964539,0.3834742697047813,0.9860277077813754,79.08570098876953,255.0,124.29425048828125,6.70289585709328,6.70289585709328,0.4895,58.03184509277344,82.26223754882812,309.8345947265625,463.20294189453125,865.3501586914062,0.550308350542464,0.8577730462715938,0.8827888681928661,56.52241802215576,194.96163940429688,178.409912109375,163.6714324951172,60.890865325927734,72.74896240234375,85.50345611572266,117.83789825439453,137.4742889404297,16.789091110229492,11.307412147521973,49.3731254585131
caltech_cup_003,data/processed/caltech_cup_003.png,300.0,296.0,1.0135135135135136,88800.0,76.1131820678711,55.10984420776367,0.0,255.0,38.349998474121094,0.5299436936936937,0.012916666666666667,255.0,0.7240512351010405,0.9999999960784314,30.000001907348633,142.3054962158203,100.88899993896484,5.196179055181494,5.196179055181494,0.2708108108108108,45.746273040771484,97.40741729736328,906.072265625,414.96661376953125,863.4833984375,0.8126201942546817,0.8865205524511228,1.7753832222165504,184.71331882476807,109.2254867553711,61.314247131347656,65.46754455566406,41.36674118041992,66.08548736572266,62.761749267578125,121.99229431152344,151.61790466308594,6.123100280761719,24.051128387451172,68.3501538213341
caltech_cup_004,data/processed/caltech_cup_004.png,300.0,250.0,1.2,75000.0,209.0605926513672,36.156612396240234,47.915000915527344,255.0,215.03399658203125,0.0,0.5002666666666666,207.08499908447266,0.1729480040439165,0.6836406179124188,162.29299926757812,249.01698303222656,53.30998229980469,6.862578069065901,6.862578069065901,0.69256,70.08524322509766,66.55398559570312,875.8990478515625,306.266845703125,351.5904846191406,0.8147126790327419,0.7914226329335248,2.044048888554786,0.0,214.2898712158203,207.37806701660156,204.00863647460938,33.488529205322266,37.46782302856445,39.97685623168945,125.14900970458984,131.72987365722656,7.146791458129883,4.652785301208496,20.112750841147218
caltech_cup_005,data/processed/caltech_cup_005.png,300.0,221.0,1.3574660633484164,66300.0,213.9749298095703,59.68999481201172,5.381999969482422,255.0,252.07098388671875,0.004374057315233786,0.6810859728506787,249.61800003051758,0.278957888132856,0.9586607334651123,108.7979965209961,255.0,70.04598999023438,5.492403478015518,5.492403478015518,0.1651734539969834,30.073163986206055,85.61003875732422,682.575927734375,299.45855712890625,999.6774291992188,0.6076961820722393,0.9375604715990982,0.7875016822092317,12.809326648712158,221.00640869140625,211.64035034179688,207.55384826660156,50.53233337402344,62.799442291259766,67.98483276367188,124.37635040283203,133.01531982421875,4.867024898529053,6.865591526031494,21.315894981772075
caltech_cup_006,data/processed/caltech_cup_006.png,300.0,269.0,1.1152416356877324,80700.0,149.99435424804688,72.08895111083984,5.9160003662109375,255.0,171.60899353027344,0.09338289962825279,0.2267905824039653,249.08399963378906,0.4806110936083279,0.9546520655288789,41.172000885009766,233.9980010986328,131.82901000976562,7.775866807027209,7.775866807027209,0.4585006195786865,51.19802474975586,70.0737075805664,251.5173797607422,336.4742736816406,728.8539428710938,0.46861401348864823,0.8647601188311815,0.8853492203934019,32.40592098236084,149.5879364013672,150.625,147.8129425048828,79.87327575683594,72.72091674804688,66.13387298583984,126.7689437866211,127.71012115478516,23.15269660949707,13.873153686523438,54.96204454388911
caltech_cup_007,data/processed/caltech_cup_007.png,300.0,300.0,1.0,90000.0,205.61456298828125,98.51439666748047,0.0,255.0,255.0,0.19192222222222222,0.8070444444444445,255.0,0.4791216865022031,0.9999999960784314,0.0,255.0,7.0,2.3769413852020413,2.3769413852020413,0.1710111111111111,78.84618377685547,243.99290466308594,7819.44482421875,2219.469482421875,4663.5791015625,5.028578595317724,0.948099576410053,4.45193447579605,0.0,205.61456298828125,205.61456298828125,205.61456298828125,98.51439666748047,98.51439666748047,98.51439666748047,128.0,128.0,0.0,3.9480016766901826e-07,0.0
caltech_cup_008,data/processed/caltech_cup_008.png,300.0,250.0,1.2,75000.0,121.47237396240234,72.28169250488281,0.5870000123977661,255.0,90.69000244140625,0.08818666666666666,0.18064,254.41299998760223,0.5950463430656984,0.995406648146638,42.97800064086914,225.635986328125,137.7632713317871,7.638964348259901,7.638964348259901,0.7640533333333334,94.30198669433594,98.0741195678711,1602.5252685546875,709.5955810546875,1130.2021484375,1.4446127878291315,0.7065836668690357,3.622851992227046,6.847877025604248,130.76132202148438,119.78409576416016,105.80245208740234,85.24811553955078,69.38135528564453,59.62635040283203,119.15693664550781,134.62548828125,12.871501922607422,13.237286567687988,44.543841909035294
caltech_cup_009,data/processed/caltech_cup_009.png,300.0,262.0,1.1450381679389312,78600.0,112.56220245361328,30.151437759399414,5.305000305175781,254.5439910888672,107.80549621582031,0.0018702290076335877,0.008804071246819338,249.2389907836914,0.26786467245930184,0.9591685866756711,78.27079772949219,154.6320037841797,38.15824890136719,6.7914004203264415,6.7914004203264415,0.5051017811704834,51.88574981689453,61.06744384765625,1112.8707275390625,219.41661071777344,413.1484069824219,0.7672859110993855,0.841419800166567,1.9359901057631823,40.26042366027832,105.64891815185547,116.17558288574219,112.088623046875,36.21385192871094,31.73957061767578,30.384397506713867,127.73274993896484,123.06898498535156,9.070856094360352,13.856451988220215,37.710484844847365
caltech_cup_010,data/processed/caltech_cup_010.png,191.0,300.0,0.6366666666666667,57300.0,158.9640655517578,50.407772064208984,3.1619999408721924,255.0,175.4499969482422,0.0075043630017452,0.06300174520069808,251.8380000591278,0.31710167686101876,0.9755037501309389,87.0929946899414,203.97698974609375,91.7030029296875,6.854471599591027,6.854471599591027,0.2125130890052356,31.551830291748047,68.20558166503906,463.6573486328125,220.27659606933594,647.2250366210938,0.45503207009802416,0.9183985844645444,1.0660901342836522,94.96682357788086,191.2814178466797,138.79478454589844,178.05604553222656,38.19365310668945,65.18702697753906,87.60662841796875,138.7742462158203,151.0509033203125,25.28485679626465,37.58073806762695,110.43199448155363
caltech_dalmatian_001,data/processed/caltech_dalmatian_001.png,300.0,249.0,1.2048192771084338,74700.0,196.82913208007812,77.41041564941406,0.0,255.0,243.0,0.09095046854082998,0.675421686746988,255.0,0.3932873880916823,0.9999999960784314,42.0,246.00001525878906,75.0,5.567714341700404,5.567714341700404,0.4041499330655957,86.11384582519531,152.33766174316406,1418.011474609375,1156.614501953125,1972.179443359375,1.6483741785569301,0.826074669258756,2.0359309670861236,0.0,196.8286895751953,196.8286895751953,196.83255004882812,77.41047668457031,77.41047668457031,77.40995025634766,128.00192260742188,127.99967956542969,0.04386336728930473,0.007133272476494312,0.08888336108066142
caltech_dalmatian_002,data/processed/caltech_dalmatian_002.png,300.0,300.0,1.0,90000.0,112.48394775390625,62.33588409423828,0.2280000001192093,255.0,106.00800323486328,0.11745555555555555,0.10716666666666666,254.7719999998808,0.5541758160590315,0.9982133582582963,36.13999938964844,217.1510009765625,88.78276062011719,7.633653272427808,7.633653272427808,0.5734,105.14111328125,145.494384765625,2189.177001953125,1158.7689208984375,1689.185791015625,2.1045317725752533,0.7525030343423218,3.343332436710716,59.268781661987305,119.86900329589844,109.70453643798828,107.42588806152344,64.85531616210938,65.7788314819336,65.56401824951172,125.14556884765625,133.26751708984375,9.179625511169434,20.903541564941406,52.01254253361834
caltech_dalmatian_003,data/processed/caltech_dalmatian_003.png,300.0,262.0,1.1450381679389312,78600.0,118.95071411132812,65.77910614013672,0.2280000001192093,255.0,106.93600463867188,0.0388295165394402,0.10258269720101781,254.7719999998808,0.5529946253670931,0.9982133582582963,51.14099884033203,215.9433135986328,117.04849243164062,7.389838296371863,7.389838296371863,0.6696437659033079,113.77735137939453,131.57493591308594,2309.639892578125,1076.81005859375,1377.4385986328125,2.10528339650231,0.7091759466243058,3.7626090879619714,146.04621124267578,158.38821411132812,103.10338592529297,97.11365509033203,54.51850509643555,78.58114624023438,59.99565505981445,115.67658996582031,156.1294708251953,12.642220497131348,24.15801429748535,76.94519939648893
caltech_dalmatian_004,data/processed/caltech_dalmatian_004.png,244.0,300.0,0.8133333333333334,73200.0,221.12753295898438,68.82171630859375,0.0,255.0,252.28799438476562,0.06356557377049181,0.814672131147541,255.0,0.31123087693529417,0.9999999960784314,89.0,252.99998474121094,6.3099822998046875,3.9563716184548907,3.9563716184548907,0.2985792349726776,86.51065063476562,175.38999938964844,1633.5152587890625,1493.8885498046875,2652.532958984375,1.9356015813804688,0.8593965136141535,2.239046346445837,0.44688792526721954,220.33767700195312,221.55523681640625,220.99688720703125,68.47811126708984,69.01848602294922,68.7386703491211,127.92625427246094,127.4366226196289,0.2641848623752594,0.7281592488288879,2.0130733180412115
caltech_dalmatian_005,data/processed/caltech_dalmatian_005.png,225.0,300.0,0.75,67500.0,63.56479263305664,70.30391693115234,0.0,255.0,27.918001174926758,0.6734518518518519,0.06865185185185185,255.0,1.1060197463551749,0.9999999960784314,15.951000213623047,201.91799926757812,50.0,6.689012736333812,6.689012736333812,0.4557481481481481,102.18763732910156,167.5209197998047,9173.5888671875,1300.73583984375,2068.587646484375,4.887558661145622,0.7135102882151385,10.915776639189843,1.3486234247684479,61.394535064697266,64.66168975830078,63.608917236328125,68.54902648925781,71.22991180419922,70.34803009033203,128.02490234375,126.45201110839844,0.6173475384712219,2.2838706970214844,6.040968731382165
caltech_dalmatian_006,data/processed/caltech_dalmatian_006.png,243.0,300.0,0.81,72900.0,108.16602325439453,56.03611755371094,0.0,215.83200073242188,138.9534912109375,0.21167352537722908,1.3717421124828532e-05,215.83200073242188,0.5180565518606858,0.9999999953667668,21.0,166.22799682617188,94.51601028442383,6.888157842474702,6.888157842474702,0.32452674897119344,37.86309051513672,58.682979583740234,91.40103912353516,240.99310302734375,562.89306640625,0.2963959044745167,0.8967724438154205,0.5134920054857873,11.586222648620605,108.69127655029297,108.18123626708984,106.7100830078125,55.29987335205078,56.31892013549805,56.8546028137207,127.17835235595703,128.37464904785156,2.100039482116699,2.0367002487182617,6.530714533185205
caltech_dalmatian_007,data/processed/caltech_dalmatian_007.png,285.0,300.0,0.95,85500.0,110.43772888183594,63.527000427246094,2.9790000915527344,251.87098693847656,98.00300598144531,0.14950877192982456,0.067953216374269,248.89198684692383,0.5752291403962895,0.9766215363431627,27.23000144958496,201.96400451660156,106.19800567626953,7.739406301059175,7.739406301059175,0.5584912280701755,64.14852142333984,68.92096710205078,112.74884033203125,442.99932861328125,666.8089599609375,0.4553717337174491,0.8359166853117396,0.642971541590433,14.653094410896301,118.37821197509766,108.83133697509766,97.88287353515625,64.73836517333984,63.257530212402344,63.820404052734375,120.91487884521484,133.66366577148438,3.403815507888794,5.745235443115234,19.496560220439402
caltech_dalmatian_008,data/processed/caltech_dalmatian_008.png,300.0,259.0,1.1583011583011582,77700.0,86.14339447021484,81.05150604248047,0.0,255.0,63.0,0.4474002574002574,0.06166023166023166,255.0,0.9408905418698644,0.9999999960784314,2.0,207.0,158.16424560546875,7.231484136424022,7.231484136424022,0.6695238095238095,108.07595825195312,130.90650939941406,2598.133544921875,1137.4012451171875,1430.8262939453125,2.1013531317348297,0.7595236969490545,3.4951457207544423,0.7403865903615952,88.23967742919922,85.25050354003906,85.2428970336914,82.48462677001953,81.08317565917969,81.08854675292969,127.49181365966797,129.49520874023438,3.2232677936553955,9.373099327087402,21.997710422767216
caltech_dalmatian_009,data/processed/caltech_dalmatian_009.png,300.0,241.0,1.2448132780082988,72300.0,125.79456329345703,85.9513168334961,0.0,255.0,143.96800231933594,0.3017704011065007,0.1990179806362379,255.0,0.6832673360431257,0.9999999960784314,12.249999046325684,233.77220153808594,177.2122573852539,7.742000956562842,7.742000956562842,0.6691424619640387,112.19446563720703,145.37657165527344,972.9591064453125,1578.1927490234375,2144.723388671875,1.6427101833798237,0.7544056132217118,2.1568363238567336,22.759075164794922,110.5514144897461,128.99334716796875,149.30349731445312,83.40447998046875,87.65127563476562,88.03314971923828,141.2668914794922,117.12757873535156,8.951543807983398,8.990524291992188,36.433899899965105
caltech_dalmatian_010,data/processed/caltech_dalmatian_010.png,300.0,283.0,1.0600706713780919,84900.0,96.3201904296875,50.76833724975586,0.8149999976158142,255.0,94.65449523925781,0.15974087161366313,0.02243816254416961,254.1850000023842,0.5270788657725634,0.9936282040190175,25.96700096130371,163.03599548339844,64.91800308227539,7.574716508142592,7.574716508142592,0.44380447585394583,51.29716873168945,69.98516082763672,222.49639892578125,335.9856872558594,647.2802124023438,0.4567477611748063,0.8640516835391387,0.8570961465706036,6.321780204772949,94.88207244873047,97.49352264404297,94.05044555664062,48.891380310058594,51.307151794433594,56.06789779663086,126.71910858154297,126.9742431640625,6.861405849456787,6.011261463165283,19.58477191721532
caltech_dollar_bill_001,data/processed/caltech_dollar_bill_001.png,300.0,190.0,1.5789473684210527,57000.0,89.6219711303711,41.90342712402344,12.725000381469727,225.87899780273438,75.23699951171875,0.04843859649122807,1.7543859649122806e-05,213.15399742126465,0.4675575210849796,0.8933379077888303,43.84700012207031,152.90499877929688,74.65999984741211,7.040299927272175,7.040299927272175,0.7892631578947369,82.91736602783203,70.68022155761719,3799.14794921875,422.3141784667969,417.42803955078125,1.976278833464189,0.6450726234236379,9.158464313201327,3.820404291152954,92.41336822509766,90.27703857421875,78.92771911621094,42.971778869628906,42.7985954284668,35.39197540283203,121.9648666381836,129.99099731445312,5.277721405029297,2.1638402938842773,15.152819931895586
caltech_dollar_bill_002,data/processed/caltech_dollar_bill_002.png,300.0,127.0,2.3622047244094486,38100.0,166.3552703857422,74.03582763671875,0.0,253.63198852539062,200.8614959716797,0.0731496062992126,0.4397112860892388,253.63198852539062,0.4450464780586697,0.9999999960572797,50.22840118408203,238.19000244140625,128.9110107421875,7.539637910829864,7.539637910829864,0.8052755905511811,213.43528747558594,202.33563232421875,23347.072265625,2872.345458984375,1979.3302001953125,12.023380152313743,0.4980285414449871,22.819893796761793,7.802556991577148,168.039794921875,170.23684692382812,141.950439453125,75.25296783447266,75.01848602294922,66.73165130615234,114.2275161743164,129.2014923095703,5.583795070648193,3.4966447353363037,21.497609484292006
caltech_dollar_bill_003,data/processed/caltech_dollar_bill_003.png,300.0,126.0,2.380952380952381,37800.0,152.0939483642578,70.67632293701172,2.934999942779541,252.30699157714844,152.2689971923828,0.05402116402116402,0.32584656084656083,249.3719916343689,0.4646885903905702,0.9770022133599322,55.05070114135742,236.1295166015625,134.77352142333984,7.711364466451107,7.711364466451107,0.8428835978835979,203.12380981445312,178.17507934570312,21663.796875,2362.8984375,1688.495361328125,10.807289666082712,0.4671870044250195,24.24884337684161,4.730323791503906,146.5107879638672,159.18247985839844,130.23773193359375,74.6687240600586,69.72594451904297,65.63921356201172,115.6657943725586,124.01771545410156,3.935042142868042,3.9910690784454346,19.263539633370453
caltech_dollar_bill_004,data/processed/caltech_dollar_bill_004.png,300.0,190.0,1.5789473684210527,57000.0,203.63644409179688,61.766090393066406,0.0,255.0,228.83799743652344,0.02024561403508772,0.6083508771929824,255.0,0.3033155011384283,0.9999999960784314,101.83200073242188,255.0,81.86898803710938,6.4793800055402855,6.4793800055402855,0.6236315789473684,149.53172302246094,189.58865356445312,14458.361328125,1764.14599609375,1980.497314453125,7.604324011440717,0.6321075913627223,14.821990544856913,10.95082688331604,203.0853729248047,205.09104919433594,197.59185791015625,62.1328010559082,61.70807647705078,63.9378662109375,124.5888442993164,127.60693359375,3.7746005058288574,6.349678993225098,17.54102438240635
caltech_dollar_bill_005,data/processed/caltech_dollar_bill_005.png,300.0,125.0,2.4,37500.0,172.91213989257812,60.3568229675293,0.5870000123977661,254.2449951171875,191.83799743652344,0.03421333333333333,0.3035466666666667,253.65799510478973,0.3490606423352658,0.9953930391684468,73.61000061035156,234.01898193359375,83.66348266601562,7.608453112840521,7.608453112840521,0.89688,220.1038818359375,174.8973388671875,35115.0546875,2537.2255859375,1558.39501953125,15.448714918905306,0.38362568832287147,35.06986366786124,11.109795570373535,170.78050231933594,176.13357543945312,161.91554260253906,63.06645202636719,59.528743743896484,58.25360107421875,121.79425048828125,126.47956085205078,3.1169121265411377,3.5730443000793457,13.596312699380647
caltech_dollar_bill_006,data/processed/caltech_dollar_bill_006.png,300.0,121.0,2.479338842975207,36300.0,168.3123016357422,70.47908020019531,0.29899999499320984,254.5439910888672,199.6490020751953,0.06790633608815427,0.3888429752066116,254.24499109387398,0.4187399203534432,0.9976534532690244,54.07550048828125,236.22999572753906,110.08799743652344,7.6086376889105996,7.6086376889105996,0.8779063360881543,259.0455627441406,218.5208282470703,38108.37890625,3622.735107421875,2085.9296875,18.166364296276846,0.40136473220914515,32.47777226088185,7.294563293457031,170.7828369140625,169.4480438232422,155.9844970703125,71.43218231201172,70.5960922241211,68.02229309082031,121.04299926757812,129.76214599609375,3.0935378074645996,2.933105707168579,13.015261953205876
caltech_dollar_bill_007,data/processed/caltech_dollar_bill_007.png,300.0,146.0,2.0547945205479454,43800.0,148.69540405273438,78.57074737548828,0.0,255.0,164.04150390625,0.12755707762557078,0.2870319634703196,255.0,0.5284006412143227,0.9999999960784314,31.982200622558594,242.1992950439453,139.6967315673828,7.842016283257813,7.842016283257813,0.8227397260273973,217.03794860839844,219.9123077392578,9067.6884765625,2975.28125,2624.105224609375,7.171700387424831,0.5937679811584345,7.301393201323526,21.727785110473633,151.6422576904297,147.06881713867188,149.34178161621094,79.56356048583984,78.976318359375,75.95763397216797,128.36477661132812,130.10191345214844,6.8229241371154785,4.868610382080078,18.382749870656927
caltech_dollar_bill_008,data/processed/caltech_dollar_bill_008.png,300.0,172.0,1.744186046511628,51600.0,132.53860473632812,83.68173217773438,0.5870000123977661,253.78900146484375,113.70899963378906,0.16420542635658913,0.29709302325581394,253.20200145244598,0.6313762825014966,0.9953847807444,28.920900344848633,245.1020050048828,171.32900619506836,7.722219005483884,7.722219005483884,0.8247868217054264,186.67930603027344,204.35928344726562,16799.28515625,2443.545654296875,2438.44140625,9.287611956896985,0.5291087074098668,17.66307455797305,13.457449436187744,126.8909912109375,139.49252319335938,111.54474639892578,88.30176544189453,82.7519302368164,78.1598892211914,116.15245056152344,123.97172546386719,4.872256278991699,6.317867755889893,24.11876017005193
caltech_dollar_bill_009,data/processed/caltech_dollar_bill_009.png,300.0,202.0,1.4851485148514851,60600.0,180.5526885986328,60.26540756225586,1.4839999675750732,255.0,197.95350646972656,0.006419141914191419,0.4313861386138614,253.51600003242493,0.33378294001726244,0.9884281244679844,93.6238021850586,247.3909912109375,106.82098388671875,7.4560326914703285,7.4560326914703285,0.801980198019802,151.19931030273438,145.98133850097656,8941.080078125,1458.837158203125,1320.8612060546875,5.100607806525174,0.5690027645383727,13.015108301466373,11.185802936553955,187.72146606445312,181.59036254882812,156.40724182128906,59.62575912475586,61.06011199951172,60.80211639404297,114.3739013671875,133.1132354736328,8.972240447998047,3.981407403945923,28.25714663515464
caltech_dollar_bill_010,data/processed/caltech_dollar_bill_010.png,300.0,138.0,2.1739130434782608,41400.0,171.34727478027344,92.86512756347656,0.0,255.0,216.0,0.1808695652173913,0.5005797101449275,255.0,0.541970259758094,0.9999999960784314,10.0,255.0,161.00001525878906,6.747101756725312,6.747101756725312,0.8726086956521739,302.6428527832031,291.0892028808594,39520.71875,5370.56787109375,3316.25830078125,20.864334208283395,0.4557766080122996,29.702371979393586,0.0,171.34727478027344,171.34727478027344,171.34727478027344,92.86512756347656,92.86512756347656,92.86512756347656,128.0,128.0,0.0,1.1750209978345083e-06,0.0
caltech_dolphin_001,data/processed/caltech_dolphin_001.png,300.0,179.0,1.675977653631285,53700.0,92.51463317871094,47.19552230834961,0.0,255.0,86.8905029296875,0.08035381750465549,0.03443202979515829,255.0,0.5101411547191745,0.9999999960784314,52.132598876953125,152.56289672851562,33.36650085449219,6.958912423630965,6.958912423630965,0.7154562383612663,72.6573257446289,90.40423583984375,1545.33642578125,503.5844421386719,1425.8272705078125,1.1913587718412448,0.7619560063023152,3.4376246764540648,29.690457344055176,43.335845947265625,106.63357543945312,148.8009490966797,54.830318450927734,47.92336654663086,55.61170959472656,159.7642822265625,92.92242431640625,18.407846450805664,19.095369338989258,83.5502621970113
caltech_dolphin_002,data/processed/caltech_dolphin_002.png,300.0,179.0,1.675977653631285,53700.0,83.6318588256836,48.74524688720703,0.0,255.0,77.7135009765625,0.15985102420856612,0.03253258845437616,255.0,0.582854990775145,0.9999999960784314,29.18000030517578,141.90919494628906,52.21950149536133,7.425869440836115,7.425869440836115,0.9005214152700186,128.05421447753906,106.12333679199219,3352.61865234375,896.2967529296875,1044.9505615234375,2.4170283481782193,0.6508150969175108,5.446686632657368,61.75521659851074,73.33386993408203,83.97709655761719,108.86387634277344,51.49819564819336,48.50412368774414,53.102882385253906,142.23928833007812,120.65479278564453,13.947391510009766,8.965921401977539,42.973479709825305
caltech_dolphin_003,data/processed/caltech_dolphin_003.png,300.0,166.0,1.8072289156626506,49800.0,136.8549346923828,45.154659271240234,0.5270000100135803,252.0019989013672,143.72750854492188,0.07022088353413655,0.009879518072289156,251.4749988913536,0.32994542025679746,0.9958262178981542,67.90859985351562,187.31410217285156,47.751243591308594,7.264515986648834,7.264515986648834,0.23606425702811246,36.913394927978516,80.9728775024414,533.720947265625,331.7952575683594,1011.0929565429688,0.5725904009267029,0.9013023088656653,1.1771388407993002,8.020110130310059,148.19171142578125,132.10116577148438,131.59861755371094,55.940834045410156,44.01283645629883,44.23140335083008,125.03367614746094,136.0861358642578,14.518487930297852,16.18731117248535,50.17440849299946
caltech_dolphin_004,data/processed/caltech_dolphin_004.png,300.0,259.0,1.1583011583011582,77700.0,93.7218017578125,54.529727935791016,0.0,227.30201721191406,116.91500091552734,0.23867438867438867,0.00045045045045045046,227.30201721191406,0.5818254272882678,0.999999995600567,0.0,134.0679931640625,82.2800064086914,6.242229442500394,6.242229442500394,0.25764478764478765,31.75122833251953,59.695106506347656,490.7643737792969,213.12908935546875,628.6381225585938,0.4092631386261315,0.9073396312416766,1.3888389257251952,3.4224413633346558,90.75076293945312,93.89509582519531,100.62191772460938,54.076454162597656,55.03762435913086,56.980133056640625,131.89398193359375,125.880859375,6.3322272300720215,7.052358150482178,22.152583211501398
caltech_dolphin_005,data/processed/caltech_dolphin_005.png,300.0,225.0,1.3333333333333333,67500.0,111.35536193847656,43.49468231201172,0.0,254.41299438476562,109.16699981689453,0.07376296296296296,0.015674074074074073,254.41299438476562,0.39059351219610655,0.9999999960693832,67.0072021484375,172.7976837158203,28.206253051757812,7.018927090918778,7.018927090918778,0.5346074074074074,65.62920379638672,98.86216735839844,3055.024658203125,532.5543823242188,1191.32666015625,1.750296756383713,0.7987290495211716,5.127360757952444,9.38304877281189,78.16931915283203,124.32026672363281,131.6379852294922,47.280975341796875,43.866764068603516,45.52083969116211,139.44619750976562,104.32951354980469,4.18546199798584,12.91445255279541,45.37878421549139
caltech_dolphin_006,data/processed/caltech_dolphin_006.png,300.0,277.0,1.0830324909747293,83100.0,84.01934814453125,63.39663314819336,0.0,255.0,74.10700225830078,0.21929001203369433,0.06496991576413959,255.0,0.7545480153522446,0.9999999960784314,0.0,180.13719177246094,68.72724914550781,6.941338202829958,6.941338202829958,0.5182069795427197,57.838008880615234,108.15216064453125,2266.310546875,639.8583374023438,2163.791748046875,1.3680704651955242,0.8460527485177705,3.2173551423643536,15.392087936401367,74.04246520996094,84.00060272216797,110.28330993652344,63.090335845947266,63.10118103027344,70.95428466796875,142.8216552734375,120.88382720947266,11.869407653808594,6.999821186065674,37.510138264170486
caltech_dolphin_007,data/processed/caltech_dolphin_007.png,300.0,183.0,1.639344262295082,54900.0,141.15875244140625,50.39836120605469,0.0,253.80398559570312,150.34600830078125,0.046939890710382515,0.04650273224043716,253.80398559570312,0.3570331982775308,0.9999999960599516,64.16939544677734,199.922119140625,67.08051300048828,7.5835768369542365,7.5835768369542365,0.7270491803278688,98.17154693603516,98.61236572265625,576.3845825195312,768.4445190429688,1009.99169921875,1.0384110579370724,0.7363282125569083,1.7047292341142162,24.662924766540527,121.77003479003906,148.31063842773438,155.1856231689453,47.65847396850586,51.6085319519043,60.54606628417969,135.9158477783203,114.1706771850586,12.272605895996094,9.528916358947754,41.528916510871085
caltech_dolphin_008,data/processed/caltech_dolphin_008.png,300.0,225.0,1.3333333333333333,67500.0,97.49533081054688,57.57402801513672,5.4720001220703125,255.0,58.81800079345703,0.007051851851851852,0.04468148148148148,249.5279998779297,0.5905311253980312,0.9579839629710845,52.18590545654297,189.75079345703125,88.81698608398438,6.101707442904027,6.101707442904027,0.46623703703703706,60.067867279052734,92.38375091552734,1145.8143310546875,460.3668212890625,866.549560546875,0.9882969604369057,0.8368005012764004,2.0845216782031772,264.20907974243164,64.18443298339844,105.61054992675781,143.0771942138672,73.80065155029297,55.10509490966797,37.88361740112305,153.723388671875,104.2404556274414,18.977481842041016,14.318140983581543,69.53742288732212
caltech_dolphin_009,data/processed/caltech_dolphin_009.png,300.0,214.0,1.4018691588785046,64200.0,100.18412780761719,70.27175903320312,0.0,255.0,101.99199676513672,0.22579439252336447,0.11637071651090343,255.0,0.7014260628861229,0.9999999960784314,0.0,228.3218994140625,69.58126068115234,6.791019096760047,6.791019096760047,0.46506230529595016,55.40396499633789,93.57755279541016,1776.144287109375,479.4185485839844,1535.435302734375,1.1776730191908662,0.8156676912418553,3.5942772731158525,147.07481384277344,40.689064025878906,119.53883361816406,156.56842041015625,73.76097869873047,76.64007568359375,81.71231079101562,159.81959533691406,85.56417083740234,23.015960693359375,30.872135162353516,112.78323665760365
caltech_dolphin_010,data/processed/caltech_dolphin_010.png,300.0,223.0,1.345291479820628,66900.0,218.57562255859375,75.62026977539062,0.0,255.0,250.0,0.10246636771300448,0.8560986547085202,255.0,0.34596845038906654,0.9999999960784314,38.070499420166016,255.0,8.0,4.74298782118277,4.74298782118277,0.13183856502242153,34.784828186035156,113.02762603759766,1861.0474853515625,614.9132690429688,2106.830810546875,0.9741031194218952,0.8986268054068154,8.242258435991115,3.200475513935089,218.18521118164062,218.85595703125,218.15606689453125,76.31005859375,75.09988403320312,76.56890869140625,127.76322937011719,127.72154235839844,0.7991917729377747,1.2703660726547241,3.379842061070824
caltech_dragonfly_001,data/processed/caltech_dragonfly_001.png,275.0,300.0,0.9166666666666666,82500.0,209.9130859375,89.99990844726562,0.0,255.0,255.0,0.16231515151515152,0.8206666666666667,255.0,0.4287484394627687,0.9999999960784314,11.0,255.0,16.999984741210938,3.733985718209574,3.733985718209574,0.44324848484848484,194.39727783203125,293.72540283203125,73517.9296875,4598.8369140625,5215.0419921875,29.235160255485546,0.7606621636159061,36.219922012304735,0.0,209.9130859375,209.9130859375,209.9130859375,89.99990844726562,89.99990844726562,89.99990844726562,128.0,128.0,0.0,7.901958269940224e-07,0.0
caltech_dragonfly_002,data/processed/caltech_dragonfly_002.png,300.0,295.0,1.0169491525423728,88500.0,241.165283203125,37.07191467285156,1.4950000047683716,255.0,255.0,0.005853107344632768,0.9016384180790961,253.50499999523163,0.1537199468627798,0.988342848796959,216.1179962158203,255.0,5.9999847412109375,3.697225860743497,3.697225860743497,0.23507344632768362,37.42754364013672,86.75357055664062,801.2302856445312,299.55419921875,843.7921752929688,0.635158106739852,0.9135112644154768,1.5397354572633517,9.35994267463684,241.5962677001953,241.35610961914062,239.05247497558594,35.479068756103516,37.24344253540039,41.132022857666016,126.80766296386719,128.30740356445312,3.6306755542755127,2.491680860519409,9.62356971774367
caltech_dragonfly_003,data/processed/caltech_dragonfly_003.png,300.0,262.0,1.1450381679389312,78600.0,115.92852783203125,46.46807098388672,0.0,213.91200256347656,118.08099365234375,0.07980916030534352,0.0,213.91200256347656,0.40083378485044235,0.9999999953251806,59.738502502441406,170.8330078125,63.09101104736328,7.259998975316286,7.259998975316286,0.2714885496183206,45.133209228515625,87.61373138427734,783.1084594726562,320.85211181640625,716.527587890625,0.7337521495010308,0.8778153421205785,1.7479798421904242,31.7424955368042,102.44442749023438,115.33777618408203,154.3364715576172,49.99740982055664,45.27021026611328,51.4640998840332,149.67494201660156,118.38226318359375,12.409944534301758,7.171957492828369,42.966008716383485
caltech_dragonfly_004,data/processed/caltech_dragonfly_004.png,300.0,300.0,1.0,90000.0,36.30089569091797,60.8213996887207,0.0,255.0,0.0,0.7341555555555556,0.006355555555555555,255.0,1.6754792645091179,0.9999999960784314,0.0,146.30410766601562,51.0,4.230263413505875,4.230263413505875,0.2882888888888889,37.07422637939453,80.8878173828125,332.48736572265625,349.70513916015625,926.8463745117188,0.45445930880713525,0.9167986354863258,0.5691329922802748,4.620045781135559,39.40218734741211,33.65745544433594,41.77817916870117,66.16545104980469,56.76294708251953,70.40727996826172,131.0910186767578,130.21205139160156,7.868880271911621,5.58095121383667,22.070352639994066
caltech_dragonfly_005,data/processed/caltech_dragonfly_005.png,260.0,300.0,0.8666666666666667,78000.0,209.13064575195312,75.04139709472656,0.0,255.0,254.0,0.07861538461538461,0.6830512820512821,255.0,0.35882544361722407,0.9999999960784314,107.0,255.0,77.0,4.503440946090758,4.503440946090758,0.3675128205128205,86.15648651123047,168.72933959960938,4343.70068359375,1212.643798828125,2658.038330078125,2.943099550724968,0.8183219084011648,4.82449217775773,0.0,209.13064575195312,209.13064575195312,209.13064575195312,75.04139709472656,75.04139709472656,75.04139709472656,128.0,128.0,0.0,6.807514409956639e-07,0.0
caltech_dragonfly_006,data/processed/caltech_dragonfly_006.png,195.0,300.0,0.65,58500.0,183.405029296875,63.66610336303711,1.1740000247955322,255.0,208.57400512695312,0.054461538461538464,0.40341880341880343,253.82599997520447,0.3471338995445312,0.9908343507139751,62.85810089111328,238.14599609375,51.074005126953125,7.299699359265082,7.299699359265082,0.5021709401709402,71.46896362304688,134.92507934570312,2194.53466796875,833.1700439453125,1851.6676025390625,1.811355014556407,0.7942917209252588,3.3994051724400602,246.82702255249023,181.66812133789062,181.2067108154297,199.2799530029297,62.58098602294922,67.16271209716797,59.09107208251953,136.95875549316406,126.7611312866211,12.995379447937012,11.443440437316895,40.70861963258147
caltech_dragonfly_007,data/processed/caltech_dragonfly_007.png,258.0,300.0,0.86,77400.0,110.32152557373047,38.2764892578125,0.29899999499320984,251.35198974609375,108.1989974975586,0.05129198966408269,0.016498708010335917,251.05298975110054,0.34695394857712947,0.9976236891091692,71.92399597167969,154.80709838867188,37.06775665283203,7.132383274775546,7.132383274775546,0.6925064599483204,66.92082977294922,76.13299560546875,2495.294677734375,374.87689208984375,630.5943603515625,1.4661110689095564,0.7181156567723894,5.683853596725003,15.02023696899414,121.30101013183594,115.77560424804688,53.44063186645508,42.278839111328125,39.927127838134766,22.320186614990234,95.90018463134766,135.83128356933594,11.59288501739502,4.068714618682861,44.00707917510281
caltech_dragonfly_008,data/processed/caltech_dragonfly_008.png,209.0,300.0,0.6966666666666667,62700.0,43.85931396484375,77.81659698486328,0.0,255.0,1.0,0.7544178628389154,0.08035087719298245,255.0,1.774231928775874,0.9999999960784314,1.0,198.00001525878906,35.0,4.687770838179651,4.687770838179651,0.4153429027113238,152.62423706054688,245.93052673339844,12938.18359375,2414.832275390625,3211.933837890625,7.820433394075408,0.7546932227286223,10.61488918772175,2.325853943824768,42.772281646728516,44.5850715637207,42.97338104248047,77.3252944946289,78.74201965332031,77.33914947509766,127.50003814697266,127.22465515136719,4.2811994552612305,6.548375606536865,17.07042630569597
caltech_dragonfly_009,data/processed/caltech_dragonfly_009.png,202.0,300.0,0.6733333333333333,60600.0,220.14254760742188,84.61051940917969,0.0,255.0,255.0,0.13594059405940595,0.8606600660066006,255.0,0.3843442348805765,0.9999999960784314,14.0,255.0,0.0,1.9818259332038652,1.9818259332038652,0.18778877887788778,95.72341918945312,250.0101318359375,20172.25,2204.973388671875,4528.37353515625,9.718688383089795,0.9135432483891341,10.968545500884765,0.0,220.14254760742188,220.14254760742188,220.14254760742188,84.61051940917969,84.61051940917969,84.61051940917969,128.0,128.0,0.0,3.8209870467653673e-07,0.0
caltech_dragonfly_010,data/processed/caltech_dragonfly_010.png,225.0,300.0,0.75,67500.0,74.40374755859375,32.407108306884766,0.0,253.80398559570312,66.37899780273438,0.07142222222222222,0.0048,253.80398559570312,0.43555746766392855,0.9999999960599516,43.9370002746582,116.2080078125,38.471004486083984,6.850334232896021,6.850334232896021,0.6946666666666667,68.02262115478516,75.93526458740234,3239.288330078125,362.52001953125,734.0772094726562,1.6531308727504375,0.7430638475220647,6.680614882873702,35.2403507232666,65.71569061279297,82.02574920654297,57.94428253173828,34.699649810791016,31.5753173828125,38.56999588012695,118.71136474609375,121.8030776977539,8.577122688293457,5.4891815185546875,27.524836966426193
caltech_electric_guitar_001,data/processed/caltech_electric_guitar_001.png,300.0,212.0,1.4150943396226414,63600.0,22.902496337890625,50.289886474609375,0.0,247.37899780273438,0.0,0.8192767295597484,0.0024056603773584904,247.37899780273438,2.195825447882846,0.9999999959576197,0.0,113.8270034790039,3.0,2.9539228884271793,2.9539228884271793,0.21748427672955975,37.66440200805664,93.23558807373047,628.2559814453125,426.2076721191406,1073.9500732421875,0.6285358290389604,0.9131334931899322,1.0329344985092173,8.250094652175903,22.834794998168945,23.139291763305664,21.860754013061523,49.715362548828125,52.58338928222656,47.884151458740234,127.412109375,127.95171356201172,9.032995223999023,6.916757583618164,23.69511478395615
caltech_electric_guitar_002,data/processed/caltech_electric_guitar_002.png,300.0,224.0,1.3392857142857142,67200.0,11.364694595336914,31.684083938598633,0.0,255.0,0.0,0.8980059523809524,0.0008333333333333334,255.0,2.7879395160921896,0.9999999960784314,0.0,41.164798736572266,0.5270000100135803,2.4212647637230593,2.4212647637230593,0.1690922619047619,25.894603729248047,72.05117797851562,588.9930419921875,212.40316772460938,592.7658081054688,0.45016145086797255,0.9389249827745196,1.0231766906396798,6.692474365234375,10.845535278320312,11.848169326782227,10.2368745803833,29.288198471069336,34.9393424987793,27.890701293945312,127.36354064941406,127.62969970703125,7.12390661239624,5.369746208190918,18.744166595085794
caltech_electric_guitar_003,data/processed/caltech_electric_guitar_003.png,300.0,176.0,1.7045454545454546,52800.0,227.3937530517578,58.490509033203125,0.0,255.0,255.0,0.01734848484848485,0.8243371212121212,255.0,0.2572212648368957,0.9999999960784314,119.10589599609375,255.0,14.999984741210938,4.184648201550625,4.184648201550625,0.32922348484848485,87.97056579589844,179.32186889648438,12005.7119140625,1396.5831298828125,2308.001220703125,5.854894546757595,0.8365471799088259,9.307650755548927,63.24525213241577,235.52447509765625,224.1814422607422,222.60897827148438,44.706626892089844,66.64723205566406,65.8046646118164,125.29978942871094,133.79937744140625,7.843996047973633,17.625001907348633,44.750738294740195
caltech_electric_guitar_004,data/processed/caltech_electric_guitar_004.png,300.0,144.0,2.0833333333333335,43200.0,132.7700653076172,74.98701477050781,0.0,255.0,162.98550415039062,0.19724537037037038,0.13416666666666666,255.0,0.5647885615780981,0.9999999960784314,21.46179962158203,228.2205810546875,126.02374649047852,7.6370872188998895,7.6370872188998895,0.4946990740740741,119.40474700927734,189.99172973632812,8805.134765625,1567.597412109375,2359.4296875,5.360968590588159,0.72144044271566,8.462970441366794,21.39619493484497,135.19979858398438,137.2576446533203,103.29022979736328,81.310791015625,74.09507751464844,66.09089660644531,111.36354064941406,129.7330322265625,9.443061828613281,7.715014934539795,34.68647593663006
caltech_electric_guitar_005,data/processed/caltech_electric_guitar_005.png,300.0,150.0,2.0,45000.0,124.36003112792969,41.39735412597656,36.104000091552734,242.364990234375,127.08200073242188,8.888888888888889e-05,0.0012,206.26099014282227,0.3328831089669624,0.7406964386257598,73.0739974975586,181.96099853515625,74.01500701904297,7.131702266708951,7.131702266708951,0.6666666666666666,68.40116882324219,71.48458862304688,1337.242431640625,328.8733215332031,403.60528564453125,1.0410256784359513,0.7425173760991421,3.6941399149439875,0.0,138.9022674560547,117.50804138183594,121.50031280517578,32.325042724609375,46.45396423339844,45.87546157836914,126.38616943359375,138.3724822998047,5.589604377746582,10.710813522338867,32.12361395920358
caltech_electric_guitar_006,data/processed/caltech_electric_guitar_006.png,300.0,134.0,2.2388059701492535,40200.0,146.23497009277344,83.951416015625,0.0,255.0,169.70849609375,0.21597014925373134,0.28703980099502485,255.0,0.5740857702386736,0.9999999960784314,20.167999267578125,240.2880096435547,160.3610076904297,7.586773996852438,7.586773996852438,0.512636815920398,85.65274047851562,140.03968811035156,3988.13720703125,925.315185546875,1747.364013671875,2.5724687273517493,0.7523997180631361,6.062847929495619,6.24025821685791,150.2170867919922,145.7387237548828,138.34584045410156,84.0356216430664,84.63482666015625,83.9664306640625,123.54789733886719,130.84030151367188,10.860454559326172,6.7946014404296875,28.954855980069357
caltech_electric_guitar_007,data/processed/caltech_electric_guitar_007.png,300.0,225.0,1.3333333333333333,67500.0,27.42230224609375,63.00965881347656,0.0,255.0,0.0,0.8343555555555555,0.04008888888888889,255.0,2.297752243785436,0.9999999960784314,0.0,140.92300415039062,4.86899995803833,3.158288811272133,3.158288811272133,0.2184888888888889,49.07160186767578,120.73268127441406,6501.349609375,659.4400634765625,1519.576171875,2.8531740557148124,0.8964229284504818,5.671765589413696,0.9488825350999832,27.266725540161133,27.632282257080078,26.749126434326172,62.80316162109375,63.68878173828125,61.006832122802734,127.62010192871094,127.8890380859375,3.5988006591796875,3.5062692165374756,10.540170799304855
caltech_electric_guitar_008,data/processed/caltech_electric_guitar_008.png,300.0,199.0,1.5075376884422111,59700.0,79.09889221191406,52.68124771118164,0.0,255.0,71.80500793457031,0.2440536013400335,0.029765494137353434,255.0,0.6660175076033386,0.9999999960784314,8.794000625610352,136.21099853515625,72.51325225830078,7.344589818986915,7.344589818986915,0.42008375209380233,65.93807220458984,109.79278564453125,1294.409912109375,571.0407104492188,1112.80224609375,1.2101155096168208,0.835398152028597,1.8827278950336674,165.1814727783203,134.4770965576172,58.24403762817383,41.23670196533203,85.91488647460938,50.16808319091797,45.5894889831543,106.63306427001953,167.49945068359375,18.670936584472656,36.18294143676758,113.7117775169287
caltech_electric_guitar_009,data/processed/caltech_electric_guitar_009.png,300.0,223.0,1.345291479820628,66900.0,180.21295166015625,97.14591979980469,0.0,255.0,252.77198791503906,0.18690582959641255,0.5538415545590434,255.0,0.5390618064118925,0.9999999960784314,0.0,255.0,125.61000061035156,4.2988594509819436,4.2988594509819436,0.18979073243647235,48.59540557861328,143.18203735351562,3094.082763671875,922.9081420898438,2512.299072265625,1.9116193468615956,0.9086397663345018,3.2961030207159894,3.3232182264328003,186.88917541503906,178.97808837890625,169.06094360351562,96.59204864501953,97.63438415527344,101.16841125488281,121.70655059814453,132.76193237304688,13.450111389160156,8.948864936828613,37.33801735704672
caltech_electric_guitar_010,data/processed/caltech_electric_guitar_010.png,300.0,225.0,1.3333333333333333,67500.0,62.050758361816406,53.26594924926758,0.0,255.0,53.829498291015625,0.3530814814814815,0.029644444444444445,255.0,0.8584254213340916,0.9999999960784314,0.0,119.00299835205078,63.03199577331543,6.817742875719998,6.817742875719998,0.665437037037037,93.28251647949219,110.90650939941406,5410.96875,788.3834228515625,1211.3472900390625,2.8360679032621956,0.6968804470099704,9.065115250717918,10.597447395324707,49.946163177490234,66.59032440185547,70.42398834228516,49.41743850708008,55.17167282104492,55.95041275024414,132.7252960205078,119.36619567871094,2.95611834526062,6.515012741088867,21.255074127977014
caltech_elephant_001,data/processed/caltech_elephant_001.png,300.0,225.0,1.3333333333333333,67500.0,135.3904571533203,52.38789749145508,24.97100067138672,255.0,124.99850463867188,0.00025185185185185185,0.12437037037037037,230.02899932861328,0.38693936194624157,0.8216172316253224,78.04620361328125,243.2825927734375,55.154991149902344,7.158155804740196,7.158155804740196,0.7089925925925926,81.14794158935547,83.72856140136719,3908.5751953125,449.5437316894531,654.1498413085938,2.064453286749483,0.699763720809432,7.397253201276458,0.0,151.32522583007812,131.93472290039062,111.39057922363281,48.284610748291016,53.99869918823242,57.950008392333984,114.4560546875,139.36575317382812,8.169068336486816,4.956579685211182,30.05577674697057
caltech_elephant_002,data/processed/caltech_elephant_002.png,300.0,225.0,1.3333333333333333,67500.0,122.83697509765625,45.18821334838867,0.0,254.20199584960938,119.98249816894531,0.037007407407407406,0.018755555555555557,254.20199584960938,0.3678714242563553,0.9999999960661206,64.24100494384766,183.58799743652344,60.69000244140625,7.514714262592575,7.514714262592575,0.8673777777777778,104.8011245727539,87.23899841308594,7503.40478515625,710.0394897460938,720.176513671875,3.649089242581088,0.5521891597750759,13.643012015723949,17.61448335647583,120.08489227294922,127.25862121582031,107.28768920898438,48.407325744628906,44.41907501220703,46.767154693603516,119.2249984741211,126.0370101928711,6.508028984069824,6.648340702056885,24.650796790784973
caltech_elephant_003,data/processed/caltech_elephant_003.png,300.0,264.0,1.1363636363636365,79200.0,122.82770538330078,77.65386199951172,0.0,254.42999267578125,92.72899627685547,0.12117424242424242,0.23208333333333334,254.42999267578125,0.6322177974827776,0.9999999960696457,35.94199752807617,238.16200256347656,149.8030014038086,7.742485435232033,7.742485435232033,0.6864141414141414,84.86046600341797,117.12435150146484,1397.3106689453125,908.6962890625,1851.4677734375,1.433706322607793,0.80205561028452,1.7050074356858493,5.734515905380249,126.9317398071289,122.67633819580078,112.8429946899414,82.03521728515625,76.52070617675781,72.66322326660156,122.36528778076172,130.92727661132812,4.129480361938477,4.502655982971191,16.376028450331557
caltech_elephant_004,data/processed/caltech_elephant_004.png,300.0,243.0,1.2345679012345678,72900.0,145.21876525878906,63.89860916137695,0.0,250.15301513671875,153.11000061035156,0.09668038408779149,0.18554183813443073,250.15301513671875,0.44001619630554895,0.9999999960024468,41.0989990234375,222.8470001220703,95.6187515258789,7.517578222701951,7.517578222701951,0.47772290809327844,50.455177307128906,80.9356918334961,553.8868408203125,312.3174743652344,772.0567016601562,0.6513217234220743,0.8511705735202095,1.3413288081518966,11.129933834075928,160.39210510253906,140.73208618164062,128.52450561523438,64.2806167602539,64.27117156982422,70.5107192993164,118.57884979248047,138.8226318359375,10.687074661254883,12.13391399383545,42.135345503583125
caltech_elephant_005,data/processed/caltech_elephant_005.png,300.0,188.0,1.5957446808510638,56400.0,128.0249481201172,37.39162063598633,22.395000457763672,237.32699584960938,131.17750549316406,0.00010638297872340425,0.0018794326241134752,214.9319953918457,0.2920651083477822,0.827546367347084,76.23400115966797,173.90110778808594,66.8110122680664,7.07991803121119,7.07991803121119,0.6092021276595745,52.466880798339844,51.529441833496094,275.8305358886719,199.41575622558594,308.2164611816406,0.43781521266638534,0.8441957695343842,1.0921200188332774,0.0,131.9355010986328,124.1514892578125,137.71331787109375,40.00000762939453,38.46165466308594,30.298391342163086,133.46746826171875,130.7892608642578,5.5270538330078125,7.041016578674316,22.308497551404503
caltech_elephant_006,data/processed/caltech_elephant_006.png,300.0,212.0,1.4150943396226414,63600.0,126.04940032958984,72.52613830566406,0.0,255.0,114.29550170898438,0.10680817610062893,0.1975943396226415,255.0,0.5753786812205882,0.9999999960784314,38.73849868774414,232.8740234375,130.13648986816406,7.792987895121554,7.792987895121554,0.7276729559748427,98.3571548461914,119.79792022705078,3084.6630859375,871.5971069335938,1352.7457275390625,2.1588762196880484,0.7166616572206814,4.841906780309487,19.858826637268066,136.38473510742188,125.38058471679688,102.38561248779297,76.938720703125,71.71903228759766,68.81416320800781,114.64572143554688,135.37184143066406,8.833270072937012,7.3277716636657715,32.53114249232003
caltech_elephant_007,data/processed/caltech_elephant_007.png,239.0,300.0,0.7966666666666666,71700.0,167.92909240722656,71.794921875,0.0,255.0,176.28350830078125,0.06785216178521618,0.35185495118549515,255.0,0.42753117055719436,0.9999999960784314,56.05999755859375,255.0,113.05623626708984,7.437449426634514,7.437449426634514,0.6681311018131102,91.51984405517578,116.6773452758789,1754.7974853515625,839.1519775390625,1392.2486572265625,1.580664655697293,0.7489375381230705,3.3785706049723285,11.695273160934448,167.4142303466797,170.82159423828125,154.38571166992188,70.09581756591797,72.69609832763672,76.6183853149414,120.35701751708984,127.63274383544922,11.248225212097168,7.415945529937744,31.720064408221766
caltech_elephant_008,data/processed/caltech_elephant_008.png,300.0,225.0,1.3333333333333333,67500.0,118.63081359863281,68.51222229003906,0.0,255.0,101.04350280761719,0.0662962962962963,0.1534222222222222,255.0,0.5775246719989112,0.9999999960784314,46.14569854736328,254.47299194335938,81.74000549316406,7.24466884714448,7.24466884714448,0.7782518518518519,99.50184631347656,98.51871490478516,8839.5771484375,754.014404296875,965.4138793945312,3.950470334315442,0.5803778641843502,15.728818326458638,18.269219398498535,126.36314392089844,117.96202850341797,101.7940902709961,69.66082763671875,68.50038146972656,70.0001220703125,118.49846649169922,133.51519775390625,9.665441513061523,6.861489295959473,30.60360085717917
caltech_elephant_009,data/processed/caltech_elephant_009.png,300.0,291.0,1.0309278350515463,87300.0,147.1077423095703,68.57804870605469,15.054999351501465,253.95700073242188,180.87599182128906,0.0010538373424971363,0.14552119129438718,238.9020013809204,0.4661756557691225,0.8880719091279146,58.125999450683594,219.12901306152344,143.93499374389648,6.861465928978821,6.861465928978821,0.5025658648339061,49.49233627319336,72.63868713378906,469.4234924316406,308.6876220703125,822.4910888671875,0.5869080907603291,0.8515802542805895,1.225856991198726,0.0,152.7010498046875,144.52088928222656,145.75759887695312,65.39830017089844,70.3570556640625,69.23778533935547,127.23807525634766,131.98953247070312,5.134761810302734,5.051086902618408,17.35131214342171
caltech_elephant_010,data/processed/caltech_elephant_010.png,300.0,195.0,1.5384615384615385,58500.0,130.3777618408203,76.41793060302734,0.0,251.71099853515625,139.69900512695312,0.18582905982905984,0.16128205128205128,251.71099853515625,0.586127027630677,0.9999999960271899,0.0,228.03050231933594,108.07799530029297,6.865622220970339,6.865622220970339,0.2823076923076923,43.813812255859375,100.42645263671875,1418.1136474609375,529.6023559570312,1518.6510009765625,0.99133512271498,0.8920711471000076,2.3772573594552346,4.843115448951721,111.31684112548828,134.9799346923828,156.67379760742188,67.1081771850586,79.3785629272461,93.75341033935547,142.8397674560547,114.40448760986328,17.66385841369629,12.288732528686523,55.73365085716433
caltech_emu_001,data/processed/caltech_emu_001.png,300.0,248.0,1.2096774193548387,74400.0,154.47628784179688,65.91239929199219,1.7660000324249268,252.65200805664062,176.02999877929688,0.06770161290322581,0.20231182795698924,250.8860080242157,0.42668295429789077,0.9861173307758517,47.974998474121094,228.5576934814453,111.13400268554688,7.690672639378009,7.690672639378009,0.6537096774193548,68.75908660888672,80.15159606933594,3230.065673828125,439.4959411621094,840.822509765625,1.7053323235535156,0.7496283151443122,6.4605111390249474,11.316428422927856,178.35423278808594,141.83938598632812,156.91810607910156,69.67227172851562,63.930667877197266,67.74492645263672,129.37799072265625,145.03134155273438,2.9192049503326416,5.560825824737549,24.21011417903877
caltech_emu_002,data/processed/caltech_emu_002.png,300.0,220.0,1.3636363636363635,66000.0,153.96640014648438,61.215396881103516,0.0,255.0,174.7899932861328,0.06936363636363636,0.11756060606060606,255.0,0.3975893209510229,0.9999999960784314,51.78070068359375,216.88919067382812,81.00301361083984,7.550644588233375,7.550644588233375,0.862030303030303,152.23033142089844,146.4816436767578,13005.7607421875,1486.8955078125,1359.1168212890625,6.657514937249902,0.547857484563558,15.080637468643912,56.96566200256348,183.25025939941406,145.1298370361328,122.6610336303711,63.92362594604492,61.681888580322266,56.79265213012695,110.33332061767578,148.88719177246094,7.668598651885986,8.703413963317871,40.795302383410274
caltech_emu_003,data/processed/caltech_emu_003.png,272.0,300.0,0.9066666666666666,81600.0,76.92262268066406,30.6787052154541,0.8969999551773071,217.64599609375,85.01699829101562,0.16549019607843138,1.2254901960784313e-05,216.7489961385727,0.39882551774122293,0.9917910848913957,21.972999572753906,105.16200256347656,32.704498291015625,6.609291492244748,6.609291492244748,0.620735294117647,55.114376068115234,55.22904586791992,467.65069580078125,224.78961181640625,388.9638977050781,0.5512504806437011,0.8275110510850383,1.3217298148038477,13.29984164237976,82.19503784179688,79.09025573730469,51.93263626098633,32.226322174072266,32.36224365234375,24.494157791137695,113.89730072021484,131.7606201171875,9.274080276489258,3.970695734024048,28.87312153094004
caltech_emu_004,data/processed/caltech_emu_004.png,300.0,288.0,1.0416666666666667,86400.0,67.76947021484375,36.63050079345703,0.0,235.18099975585938,75.14099884033203,0.2871875,0.00042824074074074075,235.18099975585938,0.5405162551339746,0.9999999957479558,17.292999267578125,104.8489990234375,57.01974868774414,6.905694834910649,6.905694834910649,0.7090972222222223,79.37027740478516,80.0625,1029.59130859375,434.763427734375,598.5897827148438,1.0257060531815307,0.7606832720471888,2.1887288033915375,9.100188493728638,73.47235107421875,67.96463775634766,51.80691146850586,39.2630729675293,37.481056213378906,31.549861907958984,118.99178314208984,132.06765747070312,9.98794174194336,4.082900524139404,27.482078454506496
caltech_emu_005,data/processed/caltech_emu_005.png,300.0,300.0,1.0,90000.0,179.52235412597656,78.88021087646484,0.0,255.0,224.10400390625,0.1173,0.5941666666666666,255.0,0.4393893497058463,0.9999999960784314,29.917701721191406,241.28799438476562,103.20001220703125,7.089782307486026,7.089782307486026,0.6168666666666667,104.3153305053711,137.30116271972656,9348.44140625,1127.409423828125,1875.516845703125,4.553567447045708,0.6666140387103923,12.314952691595522,18.208280563354492,182.54685974121094,178.52378845214844,176.73138427734375,79.63467407226562,78.68031311035156,78.65141296386719,126.42495727539062,130.1572723388672,3.9857773780822754,3.2768685817718506,12.147846990822138
caltech_emu_006,data/processed/caltech_emu_006.png,189.0,300.0,0.63,56700.0,124.67694854736328,61.778404235839844,0.29899999499320984,254.77198791503906,126.28299713134766,0.1280952380952381,0.06338624338624338,254.47298792004585,0.49550782610678945,0.9976555507447484,31.22770118713379,206.06480407714844,95.70500183105469,7.847027533660698,7.847027533660698,0.8987654320987655,134.316162109375,108.65301513671875,3714.689453125,899.2381591796875,898.9745483398438,2.7236420074683245,0.5970741995320623,6.300013350697763,29.52882194519043,109.3615493774414,139.50543212890625,88.49260711669922,64.96202087402344,65.62044525146484,59.19745635986328,107.57994842529297,117.07601165771484,12.10824203491211,17.236160278320312,58.29956668762561
caltech_emu_007,data/processed/caltech_emu_007.png,300.0,240.0,1.25,72000.0,95.72064971923828,42.62089920043945,0.2280000001192093,253.5050048828125,100.20600128173828,0.14356944444444444,0.002277777777777778,253.2770048826933,0.44526336668408534,0.9982028313634183,29.918001174926758,146.90200805664062,58.86000061035156,7.3651968624891415,7.3651968624891415,0.910375,132.69227600097656,97.75211334228516,5679.90625,821.2200317382812,643.0579833984375,3.4121248769725208,0.5572261994108605,8.603916701326991,8.621609807014465,91.13011169433594,97.07949829101562,100.76387786865234,45.176815032958984,41.845306396484375,42.213775634765625,130.8460693359375,124.72572326660156,1.9832276105880737,5.218537330627441,14.512494369951138
caltech_emu_008,data/processed/caltech_emu_008.png,300.0,225.0,1.3333333333333333,67500.0,109.21900939941406,44.88209533691406,0.0,254.20199584960938,114.65699768066406,0.09848888888888889,0.015022222222222222,254.20199584960938,0.41093665995306294,0.9999999960661206,40.647300720214844,159.26930236816406,48.024009704589844,7.403728469566147,7.403728469566147,0.9055555555555556,125.55741882324219,96.83126068115234,8980.21875,892.2765502929688,740.06787109375,4.470759683402344,0.522403051508928,14.550077706791289,15.610079288482666,104.40467834472656,117.4157485961914,79.64004516601562,45.75408935546875,45.9322624206543,42.59423065185547,111.30758666992188,124.56607055664062,7.752530097961426,5.1176934242248535,29.078975774495152
caltech_emu_009,data/processed/caltech_emu_009.png,300.0,253.0,1.1857707509881423,75900.0,142.6583251953125,27.859905242919922,6.588000297546387,254.20199584960938,147.927001953125,0.0014888010540184454,0.004466403162055336,247.613995552063,0.1952911266095827,0.9494765836909843,104.84170532226562,170.9929962158203,32.498260498046875,6.6905215833874,6.6905215833874,0.824189723320158,83.34918212890625,66.5227279663086,1414.4482421875,343.7156677246094,396.5454406738281,1.1477575568903546,0.7145203513591001,3.038763437737245,9.793154954910278,157.44569396972656,144.657470703125,93.58013153076172,29.734729766845703,29.578310012817383,25.465015411376953,100.30349731445312,138.5473175048828,12.015975952148438,4.288297176361084,43.08610812312445
caltech_emu_010,data/processed/caltech_emu_010.png,300.0,260.0,1.1538461538461537,78000.0,147.96409606933594,52.867305755615234,7.996000289916992,249.4139862060547,158.77200317382812,0.005064102564102564,0.07373076923076922,241.4179859161377,0.35729820140653196,0.9378734223353153,71.04019927978516,211.1835174560547,92.791748046875,7.53748605592212,7.53748605592212,0.8654358974358974,94.57144165039062,74.79156494140625,1473.4501953125,533.8134765625,688.582763671875,1.2789000724786672,0.7003223960513028,3.2069457773862173,24.56490421295166,175.22581481933594,144.53334045410156,94.12722778320312,55.76510238647461,54.317169189453125,42.004974365234375,97.6180191040039,147.44483947753906,10.900436401367188,6.0098114013671875,46.728141194734306
caltech_euphonium_001,data/processed/caltech_euphonium_001.png,300.0,208.0,1.4423076923076923,62400.0,186.06996154785156,84.91220092773438,0.0,255.0,247.52499389648438,0.06633012820512821,0.579775641025641,255.0,0.4563455582246249,0.9999999960784314,55.5906982421875,255.0,150.26525115966797,5.556092012012575,5.556092012012575,0.509102564102564,138.17559814453125,206.626708984375,15435.5654296875,2307.710205078125,2847.170166015625,7.889767101163425,0.7117295650372721,12.952239809973817,16.062981128692627,185.44662475585938,186.20147705078125,187.02774047851562,85.37117767333984,84.98269653320312,84.28231048583984,128.54051208496094,127.55538177490234,5.152657508850098,3.6228058338165283,13.148371630474736
caltech_euphonium_002,data/processed/caltech_euphonium_002.png,300.0,225.0,1.3333333333333333,67500.0,54.20421600341797,49.8353157043457,0.0,254.77198791503906,50.98699951171875,0.3737333333333333,0.03088888888888889,254.77198791503906,0.9193992360631873,0.9999999960749217,0.0,104.28609466552734,41.84824752807617,6.543292104422743,6.543292104422743,0.5195111111111111,95.28592681884766,146.7223358154297,9815.2373046875,987.4332885742188,1676.33056640625,4.929764053126821,0.725509043351809,9.982766046663343,30.4619197845459,58.413272857666016,53.00794219970703,49.32444381713867,51.439022064208984,52.74469757080078,49.49416732788086,125.2461929321289,131.002197265625,7.171529293060303,15.822136878967285,39.13134514649734
caltech_euphonium_003,data/processed/caltech_euphonium_003.png,300.0,160.0,1.875,48000.0,209.7104949951172,49.196144104003906,53.19599914550781,255.0,221.1475067138672,0.0,0.5162916666666667,201.8040008544922,0.2345907574657082,0.6547911094213259,135.86788940429688,255.0,79.68798828125,6.008167542401288,6.008167542401288,0.52975,96.57683563232422,126.67853546142578,2523.6083984375,780.9434204101562,877.1671142578125,1.992554067366413,0.7828477022116243,3.1632951371946896,0.0,219.16575622558594,210.94020080566406,178.57933044433594,42.531803131103516,48.98834991455078,72.26384735107422,110.43162536621094,134.74411010742188,16.49861717224121,6.550677299499512,46.51472493548605
caltech_euphonium_004,data/processed/caltech_euphonium_004.png,300.0,225.0,1.3333333333333333,67500.0,76.61077117919922,69.10810089111328,1.6519999504089355,255.0,42.79999923706055,0.45825185185185185,0.07197037037037037,253.34800004959106,0.9020676717559178,0.9871265336386126,22.763500213623047,195.8249969482422,91.62149810791016,7.053164706867064,7.053164706867064,0.5384148148148148,110.07237243652344,158.02743530273438,4830.78125,1276.220947265625,1889.7579345703125,3.291142979906565,0.7528967137559579,5.55563748038075,20.657835006713867,104.7752914428711,63.88969039916992,68.24312591552734,57.5586051940918,76.11624908447266,68.68240356445312,123.2778549194336,148.0888214111328,4.331064224243164,12.763668060302734,41.85580975952314
caltech_euphonium_005,data/processed/caltech_euphonium_005.png,300.0,187.0,1.6042780748663101,56100.0,210.47935485839844,57.38312530517578,2.0929999351501465,255.0,250.6899871826172,0.01265597147950089,0.5979144385026738,252.90700006484985,0.2726306581049246,0.9837179508774097,132.12559509277344,255.0,88.18800354003906,5.44897488606486,5.44897488606486,0.4361140819964349,91.30918884277344,147.88414001464844,3703.14697265625,908.0404052734375,1317.384765625,2.6012451532004386,0.7958937958652853,4.557372909504067,22.604662895202637,220.45570373535156,209.80682373046875,187.77638244628906,48.71769714355469,58.61177062988281,78.46493530273438,115.18793487548828,135.1157684326172,15.18305492401123,9.241425514221191,44.51281440173841
caltech_euphonium_006,data/processed/caltech_euphonium_006.png,300.0,174.0,1.7241379310344827,52200.0,215.09812927246094,52.026580810546875,19.590999603271484,255.0,245.385009765625,0.0003831417624521073,0.6470498084291187,235.40900039672852,0.24187370082968987,0.857307777310761,135.01300048828125,255.0,74.92623901367188,5.934601749683417,5.934601749683417,0.4874521072796935,103.82884979248047,149.6744842529297,3969.519775390625,963.9019775390625,1290.3377685546875,2.8836917046145674,0.7864145366127419,3.8252370195495184,0.0,228.4970703125,215.21572875976562,179.34959411621094,41.564292907714844,53.104530334472656,81.96422576904297,107.82589721679688,137.55702209472656,20.45966148376465,11.41326904296875,60.30823215668413
caltech_euphonium_007,data/processed/caltech_euphonium_007.png,300.0,199.0,1.5075376884422111,59700.0,134.87261962890625,35.47332763671875,7.762999534606934,255.0,138.10299682617188,0.006616415410385259,0.013467336683417085,247.23700046539307,0.26301355657885106,0.9409125332043503,87.1207046508789,174.11199951171875,45.035003662109375,7.152357034938731,7.152357034938731,0.7883249581239531,78.30772399902344,71.12610626220703,2744.42822265625,384.2731018066406,459.405029296875,1.6373022774650487,0.6583779931228595,6.56134160645706,18.30546474456787,140.7528533935547,131.8995361328125,134.75857543945312,33.353675842285156,35.996402740478516,42.82942581176758,127.93565368652344,132.19418334960938,7.167022228240967,5.95850133895874,21.657597350993974
caltech_euphonium_008,data/processed/caltech_euphonium_008.png,300.0,181.0,1.6574585635359116,54300.0,191.11349487304688,77.756103515625,7.4639997482299805,255.0,248.0070037841797,0.007090239410681399,0.5848066298342541,247.53600025177002,0.4068582554069176,0.9431236266539283,69.03219604492188,255.0,147.84324645996094,5.681580810521976,5.681580810521976,0.46918968692449353,126.5979995727539,188.2345733642578,4775.22607421875,1732.0306396484375,2159.445068359375,3.76764060783746,0.7594473080589388,5.170199829312731,26.17630100250244,198.53936767578125,191.16876220703125,171.3522491455078,72.1048812866211,78.13350677490234,93.92247772216797,116.84806060791016,133.296630859375,13.837459564208984,6.704606056213379,38.09788987968565
caltech_euphonium_009,data/processed/caltech_euphonium_009.png,300.0,185.0,1.6216216216216217,55500.0,182.72601318359375,81.78044891357422,0.0,255.0,240.85400390625,0.03652252252252252,0.5377477477477477,255.0,0.4475577781246047,0.9999999960784314,63.047698974609375,255.0,153.8629913330078,5.787224412568712,5.787224412568712,0.5272432432432432,133.66317749023438,196.9385528564453,10079.275390625,2035.6856689453125,2516.405517578125,5.77278945961011,0.7283439726069849,9.80054872286197,18.534241199493408,181.80130004882812,182.91598510742188,184.1732177734375,82.48515319824219,81.77696228027344,81.02657318115234,128.81671142578125,127.3404312133789,5.532008647918701,3.779975175857544,14.155460861375392
caltech_euphonium_010,data/processed/caltech_euphonium_010.png,300.0,170.0,1.7647058823529411,51000.0,61.50688171386719,76.17426300048828,0.0,255.0,16.22800064086914,0.6124901960784314,0.07029411764705883,255.0,1.2384673005597506,0.9999999960784314,4.0,194.0170135498047,101.0,6.702598824416365,6.702598824416365,0.5571764705882353,144.69351196289062,192.4525146484375,9522.2333984375,1876.971923828125,2241.324951171875,5.842365148786554,0.6976829551355388,8.680600440721467,0.812820166349411,61.856529235839844,61.643707275390625,59.88529586791992,76.29273223876953,76.3486099243164,75.0904769897461,127.08488464355469,128.2493896484375,2.0565381050109863,0.9850569367408752,5.12394039316947
caltech_ewer_001,data/processed/caltech_ewer_001.png,172.0,300.0,0.5733333333333334,51600.0,145.63925170898438,48.39680862426758,0.8969999551773071,254.77198791503906,147.89950561523438,0.025329457364341085,0.07195736434108527,253.87498795986176,0.33230607630879455,0.9929831110206906,76.77539825439453,206.15000915527344,61.977996826171875,7.560954596763242,7.560954596763242,0.4471899224806202,77.739990234375,113.2232666015625,7007.3955078125,700.3629150390625,1170.8187255859375,3.2664620951928707,0.7360285370057673,10.268230456119664,23.3919734954834,153.59962463378906,141.48849487304688,146.13339233398438,44.53268051147461,50.96855163574219,57.05747604370117,128.27886962890625,133.67788696289062,11.120010375976562,12.047616958618164,37.34339859106008
caltech_ewer_002,data/processed/caltech_ewer_002.png,187.0,300.0,0.6233333333333333,56100.0,112.15804290771484,44.895896911621094,0.0,241.8800048828125,104.66500854492188,0.0264349376114082,0.017058823529411765,241.8800048828125,0.40029136874535765,0.9999999958657186,62.879600524902344,174.860107421875,62.321998596191406,7.397489447730555,7.397489447730555,0.861711229946524,99.32701110839844,98.87083435058594,2838.599609375,675.987548828125,926.0790405273438,1.9885715517649758,0.622115449781518,5.982995954146577,9.423238754272461,120.86529541015625,110.78042602539062,96.4140853881836,44.4023323059082,46.36727523803711,41.311275482177734,119.11515045166016,134.21058654785156,6.618670463562012,4.284804344177246,22.475234277892895
caltech_ewer_003,data/processed/caltech_ewer_003.png,200.0,300.0,0.6666666666666666,60000.0,33.37828826904297,54.525672912597656,0.0,255.0,13.832000732421875,0.8203333333333334,0.024066666666666667,255.0,1.6335670313447743,0.9999999960784314,4.287999629974365,118.90300750732422,15.36799955368042,5.211784753330903,5.211784753330903,0.22341666666666668,44.052162170410156,101.03156280517578,1226.843017578125,415.59246826171875,1043.615478515625,0.9818977552197999,0.880440417702077,1.8331469221079286,3.5783897042274475,34.03739929199219,32.797401428222656,34.64063262939453,57.063385009765625,52.96141052246094,56.69182586669922,128.71238708496094,128.47012329101562,3.7859480381011963,2.880100965499878,10.21666895823534
caltech_ewer_004,data/processed/caltech_ewer_004.png,192.0,300.0,0.64,57600.0,116.4320297241211,43.84420394897461,0.4560000002384186,254.77198791503906,112.91999816894531,0.026302083333333334,0.017690972222222223,254.31598791480064,0.37656479644214824,0.996426720265466,67.06500244140625,174.1217041015625,67.79148864746094,7.297529085706708,7.297529085706708,0.28289930555555554,46.68796157836914,88.67682647705078,1192.46044921875,351.9465026855469,745.3961791992188,0.9142817116537385,0.862516563264254,2.3743555252425588,70.6215763092041,82.85369873046875,125.94977569580078,155.49356079101562,51.366127014160156,43.21550750732422,40.48335647583008,150.0437469482422,104.04969787597656,9.413856506347656,12.781135559082031,52.95494610407374
caltech_ewer_005,data/processed/caltech_ewer_005.png,228.0,300.0,0.76,68400.0,166.65838623046875,55.005889892578125,1.4730000495910645,252.14999389648438,192.7740020751953,0.0381140350877193,0.03402046783625731,250.6769938468933,0.3300517352091708,0.9883843296629767,70.0259017944336,211.2740020751953,59.548004150390625,6.774632110478937,6.774632110478937,0.4163011695906433,67.76542663574219,103.63662719726562,4814.3505859375,549.62939453125,1014.8258666992188,2.42055810632913,0.7614181236153242,6.942371627800706,21.1218843460083,166.12991333007812,171.42543029785156,143.4984130859375,51.35017395019531,55.66069030761719,62.36531066894531,114.93003845214844,127.62303924560547,6.447546005249023,3.8255298137664795,22.80904154896105
caltech_ewer_006,data/processed/caltech_ewer_006.png,236.0,300.0,0.7866666666666666,70800.0,81.88704681396484,52.18218231201172,0.0,255.0,69.28750610351562,0.21046610169491525,0.023983050847457627,255.0,0.6372458612815284,0.9999999960784314,25.048999786376953,154.87310791015625,74.33874893188477,7.5063697944527465,7.5063697944527465,0.7989265536723164,145.7308807373047,134.0635223388672,3737.04833984375,1090.1822509765625,1003.43408203125,2.9633539405503218,0.6482613315671195,5.819576968761156,48.422157287597656,93.39704895019531,81.67062377929688,52.812965393066406,52.22500228881836,53.06312942504883,54.29308319091797,111.5925064086914,136.20968627929688,10.451377868652344,7.645410537719727,37.211435899398225
caltech_ewer_007,data/processed/caltech_ewer_007.png,205.0,300.0,0.6833333333333333,61500.0,113.22123718261719,36.45179748535156,11.894000053405762,255.0,114.81200408935547,0.014146341463414635,0.022991869918699188,243.10599994659424,0.32195194179520986,0.9108709786922056,70.81999969482422,143.17100524902344,32.970252990722656,6.882670655632258,6.882670655632258,0.35159349593495937,53.79971694946289,87.08317565917969,1014.1275024414062,382.3654479980469,815.7572631835938,0.9121451280025288,0.835957633796347,1.958215503906843,18.734835624694824,131.9688720703125,109.80814361572266,81.62421417236328,36.42140579223633,36.293453216552734,45.05127716064453,110.1687240600586,141.3720703125,12.842476844787598,4.081868648529053,40.249630581695186
caltech_ewer_008,data/processed/caltech_ewer_008.png,241.0,300.0,0.8033333333333333,72300.0,90.51124572753906,49.6016731262207,2.0929999351501465,252.81700134277344,73.01100158691406,0.05868603042876902,0.028354080221300138,250.7240014076233,0.5480166821205529,0.9835785146408795,46.1156005859375,172.83499145507812,54.894996643066406,7.215512445926854,7.215512445926854,0.3213969571230982,47.558082580566406,86.81792449951172,702.8572998046875,336.2391662597656,850.3231201171875,0.7284505770541425,0.8705584775490671,1.4511365394094144,39.560611724853516,93.06356811523438,91.5274429321289,78.58448028564453,75.49028015136719,48.02092361450195,42.68640899658203,121.26932525634766,129.82046508789062,33.28695297241211,25.1898193359375,88.63568499537173
caltech_ewer_009,data/processed/caltech_ewer_009.png,300.0,225.0,1.3333333333333333,67500.0,173.49325561523438,35.60202407836914,0.0,253.87498474121094,180.97499084472656,0.023333333333333334,0.03942222222222222,253.87498474121094,0.20520696177446093,0.9999999960610535,138.87921142578125,198.7620086669922,22.578018188476562,6.47951711703373,6.47951711703373,0.3012740740740741,46.467044830322266,86.38880920410156,568.3209228515625,283.1088562011719,624.494140625,0.6633164865026278,0.87944062301141,0.9866769563841762,2.764932483434677,195.8691864013672,163.1090850830078,168.27488708496094,37.08241653442383,35.921024322509766,37.271419525146484,125.05509948730469,143.9600067138672,6.184220314025879,7.182293891906738,30.011063006231183
caltech_ewer_010,data/processed/caltech_ewer_010.png,215.0,300.0,0.7166666666666667,64500.0,167.3733367919922,72.72834777832031,0.29899999499320984,255.0,207.90599060058594,0.07576744186046512,0.45634108527131784,254.7010000050068,0.43452767769204353,0.9976576446141356,48.04399871826172,235.89500427246094,119.0570068359375,7.442147434477205,7.442147434477205,0.41272868217054265,105.69120788574219,173.62611389160156,7247.3916015625,1195.052490234375,1822.2303466796875,4.380457288137395,0.7443019711646292,8.090698027543974,10.92768669128418,172.76499938964844,163.8798828125,171.22032165527344,67.53719329833984,74.40577697753906,78.75777435302734,130.17098999023438,131.845703125,5.164057731628418,5.568019866943359,18.40173355126607
caltech_ferry_001,data/processed/caltech_ferry_001.png,300.0,244.0,1.2295081967213115,73200.0,133.6527862548828,62.543678283691406,0.0,255.0,133.91900634765625,0.05489071038251366,0.12260928961748634,255.0,0.46795640830458224,0.9999999960784314,49.86479949951172,234.0,88.10749053955078,7.645414486534766,7.645414486534766,0.5761338797814207,114.69300842285156,163.85646057128906,3648.011474609375,1411.72265625,1995.16357421875,2.972458020998581,0.7424359554554316,3.9927092137202087,88.86178970336914,130.59072875976562,132.8153076171875,145.99630737304688,62.9830436706543,64.03106689453125,66.455810546875,134.96588134765625,125.81592559814453,15.923505783081055,11.98951530456543,44.68577222283048
caltech_ferry_002,data/processed/caltech_ferry_002.png,300.0,193.0,1.5544041450777202,57900.0,159.7667694091797,49.1056022644043,8.770999908447266,254.77198791503906,176.322998046875,0.013661485319516407,0.09233160621761657,246.0009880065918,0.3073580453472248,0.9334378011905918,79.30970764160156,204.9842071533203,43.26249694824219,6.553265039388254,6.553265039388254,0.355699481865285,64.55062866210938,122.57157135009766,1818.04443359375,686.3958740234375,1282.00390625,1.4887607090320247,0.8475396824938405,2.1285766646327526,22.282215118408203,139.5282440185547,164.21006774902344,189.96951293945312,48.08982467651367,49.512779235839844,62.48444366455078,145.04441833496094,113.56453704833984,15.759149551391602,10.79737377166748,52.15655935892626
caltech_ferry_003,data/processed/caltech_ferry_003.png,300.0,163.0,1.8404907975460123,48900.0,83.26451873779297,63.18055725097656,0.0,255.0,62.1609992980957,0.21719836400817996,0.09458077709611452,255.0,0.7587932705303231,0.9999999960784314,27.73870277404785,207.82899475097656,53.053253173828125,7.346295047686547,7.346295047686547,0.7717791411042945,120.65316772460938,168.37449645996094,5990.05712890625,1211.0604248046875,2080.21484375,4.0808323618808675,0.66700804298656,6.451090442544252,61.978675842285156,73.81729888916016,81.44989776611328,117.38645935058594,68.48886108398438,62.96201705932617,62.78559494018555,147.2561798095703,121.26162719726562,18.726776123046875,10.002357482910156,54.6347889102898
caltech_ferry_004,data/processed/caltech_ferry_004.png,300.0,225.0,1.3333333333333333,67500.0,136.89878845214844,70.55609893798828,0.0,255.0,146.95001220703125,0.1484888888888889,0.0701925925925926,255.0,0.5153887716636855,0.9999999960784314,25.102001190185547,211.75799560546875,122.00499725341797,7.625231105301322,7.625231105301322,0.5292148148148148,84.03973388671875,138.4205780029297,2620.576171875,781.1336059570312,1602.7354736328125,2.140398293584433,0.7841520768651735,2.7299103354802825,12.756571292877197,129.679443359375,139.4539031982422,142.67724609375,69.922607421875,70.8468017578125,72.55671691894531,131.26097106933594,122.85066986083984,3.82080078125,5.528571605682373,17.812877761157743
caltech_ferry_005,data/processed/caltech_ferry_005.png,300.0,178.0,1.6853932584269662,53400.0,147.0821533203125,47.5677604675293,0.8689999580383301,255.0,147.79100036621094,0.014176029962546816,0.12391385767790263,254.13100004196167,0.32340946246909874,0.9932074580759328,87.18900299072266,219.12631225585938,51.52349853515625,7.418828224058966,7.418828224058966,0.6146629213483146,77.4165267944336,108.26249694824219,2062.97705078125,563.8377685546875,1135.0277099609375,1.6058797308590718,0.7629944437285134,3.15381302804357,45.95019340515137,121.07022094726562,154.32806396484375,177.9962921142578,54.78636932373047,45.5585823059082,45.99044418334961,145.44589233398438,109.44657135009766,7.982816696166992,9.818188667297363,41.82463015874681
caltech_ferry_006,data/processed/caltech_ferry_006.png,300.0,180.0,1.6666666666666667,54000.0,140.79733276367188,66.74987030029297,0.8969999551773071,255.0,142.83299255371094,0.10581481481481482,0.058611111111111114,254.1030000448227,0.47408476081182427,0.992989363284219,38.0880012512207,208.0380096435547,110.97999572753906,7.348462819773751,7.348462819773751,0.5097962962962963,99.4805908203125,162.05239868164062,2682.661865234375,1182.4940185546875,2095.421142578125,2.4706422504977277,0.7782435159878758,2.8628814221525065,4.472950577735901,145.65805053710938,137.68836975097656,144.0570068359375,70.9721908569336,64.52977752685547,67.76648712158203,129.8395538330078,131.4669952392578,3.1438941955566406,4.096625328063965,13.236140971977136
caltech_ferry_007,data/processed/caltech_ferry_007.png,300.0,151.0,1.9867549668874172,45300.0,110.00425720214844,51.24525451660156,3.746999740600586,253.23898315429688,101.22900390625,0.09044150110375276,0.025894039735099336,249.4919834136963,0.4658479167454694,0.970838874682496,45.93000030517578,201.7119903564453,46.54399108886719,7.172983303614542,7.172983303614542,0.4627373068432671,71.03246307373047,128.9445037841797,2214.74755859375,748.8231201171875,1576.770751953125,1.823067274284406,0.8345691247575661,1.782722008556021,89.58623790740967,73.31355285644531,109.64781188964844,208.07235717773438,59.43869400024414,52.62835693359375,46.385475158691406,183.34317016601562,101.82976531982422,23.229738235473633,13.1438570022583,90.14657051736015
caltech_ferry_008,data/processed/caltech_ferry_008.png,300.0,179.0,1.675977653631285,53700.0,99.41102600097656,52.826175689697266,0.0,255.0,112.78500366210938,0.18821229050279328,0.0164804469273743,255.0,0.53139150940648,0.9999999960784314,19.270999908447266,150.90899658203125,77.76850128173828,7.435280420413542,7.435280420413542,0.7963500931098696,162.0316925048828,169.64657592773438,9603.8173828125,1497.2132568359375,1658.54638671875,6.016159214028278,0.6047275661673404,8.860797016227998,57.47873592376709,97.12908935546875,101.05387115478516,96.9368896484375,51.18453598022461,55.5395622253418,57.08464431762695,126.603759765625,126.37236785888672,8.88608169555664,13.834270477294922,35.63064808197988
caltech_ferry_009,data/processed/caltech_ferry_009.png,300.0,186.0,1.6129032258064515,55800.0,180.96896362304688,65.7909927368164,8.560999870300293,253.74598693847656,207.1790008544922,0.00510752688172043,0.4619354838709677,245.18498706817627,0.3635484839837435,0.9347253350601449,72.88800048828125,247.7969970703125,110.02023315429688,7.363928658060834,7.363928658060834,0.5931899641577061,84.55049133300781,119.4054183959961,3386.1025390625,692.5087890625,1178.40869140625,2.2156321546489846,0.7306428887744272,5.585829797817131,10.464285373687744,178.62554931640625,186.3365936279297,159.47669982910156,65.00220489501953,66.96245574951172,64.57774353027344,115.87118530273438,126.3285140991211,7.40557861328125,5.581265926361084,26.07666287322206
caltech_ferry_010,data/processed/caltech_ferry_010.png,300.0,225.0,1.3333333333333333,67500.0,151.65829467773438,38.91896057128906,2.052000045776367,253.21701049804688,166.7530059814453,0.007466666666666667,0.00011851851851851852,251.1650104522705,0.2566226951012936,0.9839228386292075,99.12100219726562,188.98098754882812,54.0,6.718286997973532,6.718286997973532,0.22936296296296296,28.258188247680664,54.844791412353516,698.0838012695312,139.5953826904297,372.03411865234375,0.48694711538461555,0.8953901688697505,1.4925950694705856,3.090881824493408,148.3397674560547,149.6712646484375,170.59368896484375,39.87759017944336,38.7253532409668,37.63180160522461,138.68588256835938,125.63301086425781,1.4858142137527466,1.4098615646362305,10.692035112310045
caltech_flamingo_001,data/processed/caltech_flamingo_001.png,250.0,300.0,0.8333333333333334,75000.0,242.60165405273438,37.190101623535156,1.1959999799728394,255.0,255.0,0.00632,0.9017733333333333,253.80400002002716,0.15329698231222344,0.9906633946244435,216.74899291992188,255.0,1.0,2.7298460255702657,2.7298460255702657,0.16893333333333332,41.670326232910156,118.95071411132812,5101.986328125,498.9271545410156,1300.7568359375,2.44691734608445,0.9015430528197019,5.24427225365902,40.50667428970337,246.0292510986328,240.75045776367188,243.1436767578125,29.507421493530273,41.623199462890625,36.44651412963867,128.30589294433594,130.44479370117188,0.9411752820014954,7.044265270233154,16.818269163091543
caltech_flamingo_002,data/processed/caltech_flamingo_002.png,80.0,300.0,0.26666666666666666,24000.0,59.5079460144043,51.337032318115234,0.2280000001192093,255.0,31.381999969482422,0.544875,0.019458333333333334,254.7719999998808,0.8626920418828894,0.9982133582582963,14.0,119.81800079345703,83.07424926757812,6.694460180195771,6.694460180195771,0.488375,75.55718994140625,120.0799331665039,2098.99169921875,706.4907836914062,1308.41064453125,1.6801916903038243,0.8001289656319557,3.2129626660232193,20.328144073486328,73.04558563232422,55.86716842651367,42.748165130615234,70.63502502441406,46.59184265136719,44.419578552246094,118.5418930053711,137.65594482421875,11.91646671295166,19.684955596923828,56.412476328766715
caltech_flamingo_003,data/processed/caltech_flamingo_003.png,225.0,300.0,0.75,67500.0,121.00794982910156,30.2463436126709,0.2280000001192093,251.85400390625,122.57400512695312,0.02551111111111111,0.0016592592592592592,251.6260039061308,0.24995335765488283,0.9981910608795428,87.71199798583984,153.97850036621094,33.75300598144531,6.860771741445781,6.860771741445781,0.8064592592592592,74.8464584350586,62.895469665527344,1816.9898681640625,305.5599060058594,407.34375,1.2277016062138337,0.6860236688820229,5.062937782227844,113.09379005432129,134.27328491210938,114.83936309814453,117.97827911376953,45.11292266845703,31.57551383972168,31.474401473999023,126.29025268554688,137.4617156982422,6.920796871185303,21.34684181213379,53.774512383060475
caltech_flamingo_004,data/processed/caltech_flamingo_004.png,300.0,225.0,1.3333333333333333,67500.0,74.18582153320312,60.37228775024414,0.0,255.0,58.99850082397461,0.43979259259259257,0.03727407407407408,255.0,0.8137981852694766,0.9999999960784314,13.832000732421875,148.77920532226562,95.1412467956543,7.232818994918446,7.232818994918446,0.6524740740740741,111.77654266357422,140.7083740234375,5688.7939453125,1133.586181640625,1456.134765625,3.458097950509637,0.6751212763858667,8.537901588288994,23.550077438354492,82.6000747680664,74.21835327148438,51.949317932128906,71.10327911376953,59.48237991333008,54.121517181396484,115.45118713378906,134.00160217285156,13.089469909667969,15.770098686218262,50.802856212221116
caltech_flamingo_005,data/processed/caltech_flamingo_005.png,300.0,300.0,1.0,90000.0,119.40637969970703,38.923030853271484,0.0,179.79800415039062,132.3820037841797,0.07966666666666666,0.0,179.79800415039062,0.3259711133122636,0.9999999944382031,52.784000396728516,153.0850067138672,35.93999481201172,6.791559401974046,6.791559401974046,0.23224444444444445,26.532882690429688,35.86470031738281,56.97740936279297,92.22795104980469,258.7655334472656,0.18222408026755854,0.9247112017433676,0.506675081148573,6.703846454620361,134.924560546875,114.07354736328125,106.16454315185547,44.41374969482422,37.48875045776367,34.2493896484375,120.52717590332031,139.068603515625,5.099541664123535,5.746006011962891,24.149389190921447
caltech_flamingo_006,data/processed/caltech_flamingo_006.png,277.0,300.0,0.9233333333333333,83100.0,27.998456954956055,65.71159362792969,0.0,249.4429931640625,0.0,0.8452707581227437,0.020697954271961493,249.4429931640625,2.346971884439013,0.999999995991068,0.0,174.97900390625,1.1740000247955322,2.5775919484408956,2.5775919484408956,0.13749699157641396,30.00843620300293,102.72802734375,982.0980834960938,500.4582214355469,1532.0462646484375,0.7642842970350429,0.9434771211192747,1.7067588972311851,2.3361706733703613,35.340492248535156,25.475078582763672,21.73489761352539,81.7857894897461,60.54529571533203,51.407962799072266,124.46527099609375,133.23681640625,8.458734512329102,12.268217086791992,34.90306855014949
caltech_flamingo_007,data/processed/caltech_flamingo_007.png,212.0,300.0,0.7066666666666667,63600.0,26.36631202697754,61.177215576171875,0.0,244.53599548339844,0.0,0.8415094339622642,0.008474842767295597,244.53599548339844,2.3202794988277824,0.9999999959106225,0.0,157.4350128173828,1.1740000247955322,2.605652180874232,2.605652180874232,0.15124213836477987,31.684276580810547,107.58097839355469,956.829833984375,523.8317260742188,1629.916748046875,0.8029894984134913,0.9442628564084957,1.5432852051849122,2.518307387828827,35.06748580932617,23.205392837524414,19.820755004882812,80.24684143066406,54.655967712402344,46.561214447021484,124.30611419677734,134.2062530517578,8.759735107421875,14.503350257873535,39.895205458722344
caltech_flamingo_008,data/processed/caltech_flamingo_008.png,181.0,300.0,0.6033333333333334,54300.0,138.8399658203125,27.122554779052734,16.659000396728516,254.70098876953125,132.79100036621094,0.0003130755064456722,0.052338858195211786,238.04198837280273,0.19535120470141645,0.8772184441300893,124.05699920654297,169.02540588378906,8.566009521484375,5.321835608893318,5.321835608893318,0.18966850828729281,34.60072326660156,74.48556518554688,492.39373779296875,204.8936309814453,530.0988159179688,0.5225828106511511,0.9002715428457033,1.0500882486361773,0.0,109.98265075683594,147.30209350585938,170.95452880859375,38.99168395996094,24.096759796142578,19.0385799407959,146.12335205078125,107.41704559326172,7.329291343688965,10.604849815368652,43.7093748674701
caltech_flamingo_009,data/processed/caltech_flamingo_009.png,182.0,300.0,0.6066666666666667,54600.0,237.33314514160156,48.177886962890625,0.0,255.0,255.0,0.03743589743589744,0.8545787545787545,255.0,0.20299687484084483,0.9999999960784314,204.3470001220703,255.0,4.2752532958984375,3.1928882113287465,3.1928882113287465,0.19305860805860806,71.15411376953125,198.62789916992188,13121.4638671875,1365.511962890625,2716.817138671875,6.476951965235747,0.8967285837196379,8.654845980655143,29.947296857833862,243.81219482421875,234.42364501953125,235.3212127685547,43.13045120239258,51.54345703125,50.727012634277344,126.86459350585938,132.62130737304688,2.761847496032715,10.176458358764648,25.460516653942157
caltech_flamingo_010,data/processed/caltech_flamingo_010.png,300.0,219.0,1.36986301369863,65700.0,110.2723159790039,52.41407012939453,0.0,255.0,96.80650329589844,0.01726027397260274,0.08421613394216133,255.0,0.47531485295057585,0.9999999960784314,68.12799835205078,189.11471557617188,46.43525695800781,6.8928478165916065,6.8928478165916065,0.45315068493150684,66.60311889648438,121.53250122070312,2631.732666015625,615.7066650390625,1510.390380859375,1.8850045699228688,0.8343264473540288,2.37214272803793,26.36819076538086,91.6797103881836,122.32674407958984,96.96739959716797,70.58792114257812,46.18668746948242,54.709083557128906,120.49158477783203,114.7385025024414,7.1943464279174805,19.121389389038086,53.00991149200446
caltech_flamingo_head_001,data/processed/caltech_flamingo_head_001.png,200.0,300.0,0.6666666666666666,60000.0,83.3440170288086,53.75782775878906,0.8969999551773071,252.947998046875,75.82099914550781,0.33198333333333335,0.018516666666666667,252.0509980916977,0.6450112321223486,0.9929326915345686,29.18199920654297,163.268798828125,85.48199462890625,7.144785629176868,7.144785629176868,0.3222,38.998294830322266,69.35794067382812,157.51116943359375,303.09149169921875,830.3652954101562,0.3677683008128717,0.8958799093078356,0.7831126855556293,11.319754362106323,133.3493194580078,68.06587982177734,30.85871696472168,86.2933578491211,47.91910171508789,40.63667297363281,98.38075256347656,163.66709899902344,16.693016052246094,31.78254508972168,103.98288737315382
caltech_flamingo_head_002,data/processed/caltech_flamingo_head_002.png,205.0,300.0,0.6833333333333333,61500.0,101.62588500976562,33.19722366333008,0.0,224.406005859375,102.73899841308594,0.04694308943089431,0.00011382113821138211,224.406005859375,0.3266610995169088,0.9999999955437913,59.3400993347168,142.9810028076172,39.149253845214844,7.0677591826871655,7.0677591826871655,0.8612195121951219,81.4697036743164,55.20193862915039,1667.432861328125,282.41973876953125,232.63551330566406,1.2042250404797983,0.6755985799895035,4.222788369852821,29.80747413635254,117.52299499511719,96.23908996582031,87.6681137084961,46.86145782470703,33.120643615722656,33.84176254272461,120.12315368652344,139.3388671875,11.37791633605957,19.323484420776367,55.474897971657334
caltech_flamingo_head_003,data/processed/caltech_flamingo_head_003.png,217.0,300.0,0.7233333333333334,65100.0,40.056610107421875,48.82654571533203,0.0,255.0,19.017000198364258,0.78036866359447,0.02456221198156682,255.0,1.2189385064151177,0.9999999960784314,13.0,112.72429656982422,20.779250144958496,5.786676820872227,5.786676820872227,0.25827956989247314,40.732357025146484,90.29374694824219,395.98974609375,377.2008056640625,1201.6790771484375,0.6013060431854252,0.8880085819000507,0.8323890044657691,8.25466275215149,46.345115661621094,38.456573486328125,31.801843643188477,60.052146911621094,45.964725494384766,42.15242004394531,123.341552734375,132.48538208007812,8.075308799743652,12.303936958312988,34.616572365696385
caltech_flamingo_head_004,data/processed/caltech_flamingo_head_004.png,300.0,249.0,1.2048192771084338,74700.0,141.77699279785156,25.199256896972656,20.697999954223633,255.0,135.98199462890625,0.0006024096385542169,0.05692101740294511,234.30200004577637,0.17773868821694905,0.849850195630107,129.2570037841797,142.69400024414062,5.9250030517578125,4.791191673017184,4.791191673017184,0.10295850066934405,17.341184616088867,43.09290313720703,142.93484497070312,98.45392608642578,430.5450134277344,0.1699615329372297,0.9595801120813772,0.46444180107972327,0.0,112.03851318359375,150.6965789794922,173.8470916748047,36.223567962646484,22.19639778137207,16.92367172241211,146.0982666015625,106.7885513305664,6.519181251525879,9.376873970031738,40.95384304461404
caltech_flamingo_head_005,data/processed/caltech_flamingo_head_005.png,300.0,278.0,1.079136690647482,83400.0,129.08425903320312,30.224374771118164,14.675000190734863,254.42999267578125,123.17900848388672,0.004160671462829736,0.0215947242206235,239.7549924850464,0.2341445406538631,0.89093475762093,101.8949966430664,172.18551635742188,24.0050048828125,6.62181278978422,6.62181278978422,0.5160551558752997,38.73451614379883,33.84461212158203,50.29522705078125,126.42395782470703,290.04913330078125,0.23528098492433855,0.8922080348560724,0.5375670207910205,20.143301963806152,110.90911102294922,146.13998413085938,88.93211364746094,45.593475341796875,24.40912437438965,40.40605545043945,105.34078216552734,115.03624725341797,7.720407009124756,14.778946876525879,51.204267422091256
caltech_flamingo_head_006,data/processed/caltech_flamingo_head_006.png,300.0,283.0,1.0600706713780919,84900.0,238.51568603515625,23.36363983154297,0.2280000001192093,255.0,243.9669952392578,0.0037220259128386336,0.9414369846878681,254.7719999998808,0.09795431119001939,0.9982133582582963,231.81399536132812,246.0489959716797,0.011016845703125,3.0615159868412842,3.0615159868412842,0.1182567726737338,14.184632301330566,49.79750442504883,149.40933227539062,109.19526672363281,697.931640625,0.1750475424085124,0.9670596573472723,0.3284095139866067,74.51911926269531,234.9197235107422,240.6496124267578,236.95924377441406,19.188480377197266,25.686342239379883,28.09285545349121,127.12167358398438,125.43512725830078,3.958956718444824,6.851628303527832,18.290752550926484
caltech_flamingo_head_007,data/processed/caltech_flamingo_head_007.png,300.0,236.0,1.271186440677966,70800.0,85.34799194335938,45.05257797241211,0.5699999928474426,248.0070037841797,73.8594970703125,0.11874293785310734,0.0039689265536723166,247.43700379133224,0.5278692142451545,0.9954138920182201,38.00199890136719,157.32899475097656,58.004005432128906,7.312369714486563,7.312369714486563,0.7990395480225989,75.63945770263672,62.429195404052734,636.8757934570312,358.44451904296875,526.0107421875,0.7574528297032097,0.7698606791433174,1.6594959208616216,30.067325592041016,94.5782470703125,80.25223541259766,87.3775405883789,58.516197204589844,45.89628982543945,37.969703674316406,129.1453399658203,134.58364868164062,9.701032638549805,21.20047378540039,53.43543861840141
caltech_flamingo_head_008,data/processed/caltech_flamingo_head_008.png,300.0,214.0,1.4018691588785046,64200.0,171.69227600097656,50.94779968261719,1.6089999675750732,252.37799072265625,183.69898986816406,0.018364485981308413,0.19146417445482866,250.76899075508118,0.29673902969047,0.9873300561035232,94.35299682617188,229.66122436523438,60.041015625,7.360067536261948,7.360067536261948,0.405607476635514,55.96381378173828,89.94090270996094,1578.0859375,442.058837890625,981.9544677734375,1.1276660071914208,0.8305757821502951,2.8955561955746507,90.3822021484375,205.0946044921875,164.42694091796875,121.49443817138672,45.42708206176758,60.406822204589844,47.833988189697266,99.6716537475586,151.82476806640625,9.265134811401367,21.621334075927734,72.28247898683577
caltech_flamingo_head_009,data/processed/caltech_flamingo_head_009.png,196.0,300.0,0.6533333333333333,58800.0,119.98285675048828,69.33428955078125,0.4560000002384186,249.01998901367188,119.11299896240234,0.19032312925170067,0.08806122448979592,248.56398901343346,0.577868295944127,0.9963443335752431,22.005001068115234,212.80679321289062,125.81824493408203,7.805529967019715,7.805529967019715,0.5384863945578231,55.583126068115234,80.12736511230469,620.2769165039062,402.3069763183594,944.6624755859375,0.6983373224429126,0.8477952684359862,1.6213619368378007,15.549964427947998,131.85409545898438,114.53758239746094,116.88522338867188,74.95361328125,68.31588745117188,67.05271911621094,126.25190734863281,136.4673614501953,5.322679042816162,12.060218811035156,33.31683052814657
caltech_flamingo_head_010,data/processed/caltech_flamingo_head_010.png,225.0,300.0,0.75,67500.0,83.40133666992188,79.79559326171875,0.0,255.0,64.72650146484375,0.3985185185185185,0.11768888888888888,255.0,0.9567663480114239,0.9999999960784314,1.86899995803833,223.7889862060547,127.22525310516357,7.368697976596261,7.368697976596261,0.5625629629629629,74.72687530517578,117.90497589111328,1861.401123046875,750.2637329101562,1637.002197265625,1.5070048226230284,0.805575573732911,3.379511227978083,101.88798522949219,117.87097930908203,67.51412963867188,74.79924774169922,95.5101318359375,80.88739013671875,86.46768951416016,123.14553833007812,152.58604431152344,19.107458114624023,34.859554290771484,99.30141493187746
caltech_garfield_001,data/processed/caltech_garfield_001.png,221.0,300.0,0.7366666666666667,66300.0,229.26161193847656,69.87992095947266,0.0,255.0,255.0,0.0806184012066365,0.8849019607843137,255.0,0.3048042804192661,0.9999999960784314,151.0,255.0,3.0,2.66366735236984,2.66366735236984,0.25794871794871793,137.09420776367188,294.962158203125,15702.47265625,2907.54052734375,4360.22216796875,9.483151662816823,0.8804396222263533,9.277850809150285,0.0,229.26161193847656,229.26161193847656,229.26161193847656,69.87992095947266,69.87992095947266,69.87992095947266,128.0,128.0,0.0,5.183152893550869e-07,0.0
caltech_garfield_002,data/processed/caltech_garfield_002.png,266.0,300.0,0.8866666666666667,79800.0,145.8444366455078,55.937374114990234,9.940000534057617,255.0,141.978515625,0.0028947368421052633,0.15266917293233082,245.05999946594238,0.3835413610421856,0.9249641354532879,76.83560180664062,227.91201782226562,93.93724060058594,7.657751177075012,7.657751177075012,0.5958395989974937,94.66059875488281,127.8398208618164,3406.201904296875,833.38623046875,1146.476806640625,2.371587745630878,0.7384409882065839,5.298581584798423,201.42431640625,143.51052856445312,144.92105102539062,156.72044372558594,71.85655212402344,58.15085220336914,73.60559844970703,134.1376953125,126.33531188964844,33.92584228515625,29.780305862426758,95.72415039970454
caltech_garfield_003,data/processed/caltech_garfield_003.png,143.0,300.0,0.4766666666666667,42900.0,154.23605346679688,70.11722564697266,0.0,254.20199584960938,138.00799560546875,0.10995337995337995,0.33375291375291377,254.20199584960938,0.45460982446271747,0.9999999960661206,36.0989990234375,237.23001098632812,102.86601257324219,6.9795831810253315,6.9795831810253315,0.5332867132867133,129.4237518310547,189.159423828125,7747.38134765625,1757.2425537109375,2280.244873046875,4.952817913515194,0.7147412706234284,9.354889032783442,100.64026641845703,198.1194610595703,142.92843627929688,97.36274719238281,65.57133483886719,77.36835479736328,96.31587982177734,95.90444946289062,159.30055236816406,27.738584518432617,30.922346115112305,112.9112707027626
caltech_garfield_004,data/processed/caltech_garfield_004.png,194.0,300.0,0.6466666666666666,58200.0,90.31341552734375,58.26299285888672,0.2280000001192093,254.5439910888672,90.30500793457031,0.29582474226804123,0.0377147766323024,254.31599108874798,0.6451200175917021,0.9982101604006803,22.895000457763672,172.03311157226562,91.00850296020508,7.543982086554191,7.543982086554191,0.7323367697594502,138.34231567382812,176.58676147460938,5555.6669921875,1432.7784423828125,2130.906005859375,4.228565614408179,0.6854093347849436,5.0807311248057445,45.433067321777344,105.42352294921875,85.14845275878906,77.27755737304688,71.30453491210938,56.96456527709961,45.780967712402344,120.64341735839844,138.7775421142578,17.020370483398438,15.645001411437988,55.30117467437998
caltech_garfield_005,data/processed/caltech_garfield_005.png,300.0,300.0,1.0,90000.0,105.54995727539062,52.00045394897461,0.0,255.0,84.78299713134766,0.08938888888888889,0.04463333333333333,255.0,0.492662003838032,0.9999999960784314,79.04869842529297,163.3209991455078,74.18599700927734,4.016047267438327,4.016047267438327,0.21337777777777778,78.19635772705078,191.15347290039062,4128.34326171875,1156.9739990234375,2310.498779296875,3.2650613154960997,0.8912756619775121,2.962323165400186,116.08432197570801,81.99919891357422,132.50550842285156,28.52156639099121,107.27985382080078,44.5523567199707,48.796390533447266,84.53026580810547,111.20198059082031,18.884986877441406,48.83591079711914,139.02598393845804
caltech_garfield_006,data/processed/caltech_garfield_006.png,225.0,300.0,0.75,67500.0,156.26071166992188,65.7562484741211,0.2280000001192093,255.0,178.04249572753906,0.09807407407407408,0.16754074074074074,254.7719999998808,0.42081113896505545,0.9982133582582963,40.80590057373047,230.94020080566406,76.89049530029297,7.575946565269579,7.575946565269579,0.5663703703703704,82.28801727294922,116.592041015625,2448.322021484375,754.7024536132812,1282.4443359375,1.8169401808939853,0.767027593587867,3.914312846806622,33.573256492614746,183.47659301757812,153.37399291992188,99.74268341064453,72.9765625,68.77130126953125,83.3713607788086,96.10494995117188,147.41217041015625,40.062007904052734,19.867666244506836,111.87176689114965
caltech_garfield_007,data/processed/caltech_garfield_007.png,262.0,300.0,0.8733333333333333,78600.0,89.42142486572266,35.704917907714844,0.2280000001192093,251.96800231933594,85.81400299072266,0.06372773536895675,0.02143765903307888,251.74000231921673,0.39928817464094346,0.9981918785617677,60.14200210571289,122.04420471191406,27.943748474121094,6.7273201008177415,6.7273201008177415,0.34036895674300255,58.21195983886719,108.19175720214844,1556.9151611328125,493.66278076171875,1143.5025634765625,1.2555758750428403,0.8385291734666631,2.4726595806250042,211.44394302368164,198.20962524414062,47.44097900390625,20.253511428833008,48.44104766845703,43.4041633605957,44.5424919128418,88.96617126464844,205.59498596191406,16.948579788208008,29.114450454711914,125.18848529063163
caltech_garfield_008,data/processed/caltech_garfield_008.png,300.0,298.0,1.0067114093959733,89400.0,137.5426025390625,69.37348937988281,0.0,255.0,170.98199462890625,0.20916107382550336,0.05360178970917226,255.0,0.5043781897016406,0.9999999960784314,1.9290000200271606,180.69700622558594,26.635498046875,5.5085906421443624,5.5085906421443624,0.40074944071588364,106.25350952148438,200.88211059570312,7162.84423828125,1485.22802734375,2348.410400390625,4.829764422373115,0.8145986734837806,5.989624513161934,130.5359649658203,196.0449676513672,116.63629913330078,91.75139617919922,92.2987289428711,64.50886535644531,62.93223571777344,102.158447265625,169.727783203125,24.320405960083008,22.142696380615234,98.04791615887989
caltech_garfield_009,data/processed/caltech_garfield_009.png,292.0,300.0,0.9733333333333334,87600.0,233.17849731445312,51.32525634765625,0.8860000371932983,255.0,255.0,0.007191780821917808,0.8396803652968037,254.1139999628067,0.22011144560353724,0.9930750370586743,148.087890625,255.0,0.57000732421875,2.576536101929318,2.576536101929318,0.1665296803652968,35.947044372558594,109.14230346679688,1692.7987060546875,436.951904296875,1311.9912109375,1.1672563867979642,0.9247048411618056,1.9202110689641252,64.2189588546753,241.411865234375,231.2863006591797,221.3269805908203,37.736515045166016,55.361717224121094,75.0274887084961,121.31180572509766,133.8726043701172,15.753764152526855,14.683697700500488,49.3838524844389
caltech_garfield_010,data/processed/caltech_garfield_010.png,227.0,300.0,0.7566666666666667,68100.0,126.75389099121094,41.54390335083008,0.0,255.0,114.72150421142578,0.031938325991189426,0.03380323054331865,255.0,0.32775248710872495,0.9999999960784314,98.22700500488281,181.68649291992188,51.118247985839844,6.860314088425856,6.860314088425856,0.4951982378854626,91.0350341796875,140.40623474121094,4013.04052734375,787.6298828125,1335.6441650390625,2.7674443726173115,0.7556998024550174,4.6570386892348345,102.55311584472656,146.24505615234375,116.63333129882812,127.7444076538086,50.75606918334961,45.56312561035156,59.69105911254883,128.55897521972656,141.9023895263672,38.68769073486328,13.398126602172852,90.22629343311819
caltech_gerenuk_001,data/processed/caltech_gerenuk_001.png,295.0,300.0,0.9833333333333333,88500.0,118.46237182617188,51.007530212402344,0.8860000371932983,252.72000122070312,123.21900177001953,0.0784632768361582,0.015231638418079096,251.83400118350983,0.43058001452705374,0.993012779434989,47.64769744873047,181.34829711914062,80.1709976196289,7.637109030604643,7.637109030604643,0.8950847457627119,138.38636779785156,109.04657745361328,2951.681640625,924.462646484375,807.659423828125,2.4480023978489607,0.6102456783733243,5.0948835475387275,12.84465503692627,141.24708557128906,113.3120346069336,85.2222900390625,56.518367767333984,50.747886657714844,43.27845764160156,109.2414779663086,144.2515411376953,7.878140926361084,8.772978782653809,39.41563409919054
caltech_gerenuk_002,data/processed/caltech_gerenuk_002.png,300.0,300.0,1.0,90000.0,102.33035278320312,40.0805778503418,3.2890000343322754,254.77198791503906,97.22000885009766,0.030722222222222224,0.026533333333333332,251.4829878807068,0.39167828868506044,0.9745098974647614,59.09989929199219,148.09100341796875,42.96699523925781,7.187067446083184,7.187067446083184,0.7078,92.64114379882812,107.2176742553711,2844.51708984375,744.9141235351562,1350.8577880859375,2.0262207357859543,0.7322245373117828,4.214973097312917,17.590325355529785,128.29624938964844,91.40098571777344,90.50346374511719,37.89338302612305,42.158164978027344,41.719261169433594,121.32566833496094,146.52061462402344,7.580854892730713,7.715904235839844,34.686986872712914
caltech_gerenuk_003,data/processed/caltech_gerenuk_003.png,274.0,300.0,0.9133333333333333,82200.0,98.0274429321289,30.26317596435547,2.3919999599456787,250.02999877929688,97.8219985961914,0.027968369829683697,0.004318734793187348,247.6379988193512,0.30872146360675007,0.9810476070832442,62.07490158081055,132.73199462890625,34.77799987792969,6.906470896714524,6.906470896714524,0.8377007299270073,93.0782241821289,79.01318359375,1042.766845703125,481.8503723144531,578.54296875,1.113488917021127,0.7343769533207887,2.1542580163668306,14.129419803619385,120.61009979248047,92.14237213134766,69.10047149658203,34.18629837036133,29.562862396240234,26.76253890991211,111.67552185058594,144.10745239257812,5.085371494293213,5.100567817687988,28.83395135740922
caltech_gerenuk_004,data/processed/caltech_gerenuk_004.png,265.0,300.0,0.8833333333333333,79500.0,99.86180877685547,54.094383239746094,0.0,254.77198791503906,102.96600341796875,0.178125786163522,0.008880503144654089,254.77198791503906,0.5416923983314722,0.9999999960749217,20.20599937438965,167.95358276367188,79.82600784301758,7.640022707726065,7.640022707726065,0.9232452830188679,145.89662170410156,109.68043518066406,5337.9462890625,1017.8857421875,885.5984497070312,3.377089614594229,0.5287042933240267,10.882538242783427,13.371112823486328,102.67926788330078,100.3037338256836,90.1966781616211,56.08384704589844,54.473323822021484,52.31245040893555,122.5456314086914,130.00958251953125,8.310851097106934,6.878340721130371,25.491415645838728
caltech_gerenuk_005,data/processed/caltech_gerenuk_005.png,257.0,300.0,0.8566666666666667,77100.0,95.4859390258789,17.993694305419922,43.0880012512207,250.94200134277344,93.36300659179688,0.0,0.0001556420233463035,207.85400009155273,0.1884433907289724,0.7069142521202159,74.7070083618164,118.86399841308594,24.667999267578125,6.156556524216168,6.156556524216168,0.6137743190661479,49.719356536865234,42.41260528564453,304.83917236328125,130.6684112548828,161.33189392089844,0.42041354375425655,0.8332455063979087,1.3179899463063618,0.0,98.48684692382812,98.08662414550781,74.22386169433594,19.8098087310791,18.14308738708496,16.23539161682129,116.00109100341797,130.14044189453125,4.4308671951293945,3.472158432006836,18.66569001249575
caltech_gerenuk_006,data/processed/caltech_gerenuk_006.png,261.0,300.0,0.87,78300.0,92.40438079833984,38.92667770385742,0.5870000123977661,249.85501098632812,95.09400177001953,0.1145338441890166,0.0002681992337164751,249.26801097393036,0.4212644135081134,0.9953122840076788,35.936195373535156,139.95449829101562,50.01750183105469,7.264882388700338,7.264882388700338,0.8622605363984674,104.43341064453125,80.47515106201172,4932.44384765625,567.3800048828125,563.0376586914062,2.633878374915108,0.5929742681828356,10.414438252027526,8.190399408340454,91.43692016601562,95.98713684082031,76.4937515258789,39.8731689453125,39.418148040771484,35.59354019165039,119.0210952758789,127.3099365234375,4.880490303039551,3.245640277862549,17.176940212939762
caltech_gerenuk_007,data/processed/caltech_gerenuk_007.png,300.0,180.0,1.6666666666666667,54000.0,141.27793884277344,52.17074203491211,1.1959999799728394,252.947998046875,151.10198974609375,0.03844444444444445,0.05137037037037037,251.75199806690216,0.3692773414800097,0.9905880092817262,57.87580108642578,201.8776092529297,72.96199035644531,7.617234320110901,7.617234320110901,0.9040185185185186,136.57379150390625,110.99494171142578,6336.4462890625,986.1319580078125,987.16259765625,3.7304938352339363,0.5476260937549273,10.129056857187127,20.912165641784668,156.09913635253906,141.84625244140625,99.47844696044922,56.737789154052734,52.728267669677734,46.985877990722656,104.41111755371094,138.57144165039062,9.352201461791992,10.5715913772583,44.59961937120191
caltech_gerenuk_008,data/processed/caltech_gerenuk_008.png,300.0,223.0,1.345291479820628,66900.0,159.39715576171875,41.350521087646484,1.4240000247955322,254.70098876953125,167.72549438476562,0.009985052316890881,0.011195814648729447,253.27698874473572,0.2594181849144334,0.9888804249367543,104.97089385986328,197.3780059814453,65.42774963378906,6.395561644938589,6.395561644938589,0.6048281016442452,81.99979400634766,96.64226531982422,3238.014404296875,521.28515625,710.1585693359375,1.9673480535066603,0.7266393645366402,5.824044523155539,29.036799430847168,172.0109405517578,155.62254333496094,145.74969482421875,32.3610725402832,44.67523956298828,61.7097053527832,120.29827117919922,136.99697875976562,15.713343620300293,13.498594284057617,49.45868548079898
caltech_gerenuk_009,data/processed/caltech_gerenuk_009.png,300.0,176.0,1.7045454545454546,52800.0,141.28004455566406,54.51122283935547,0.29899999499320984,250.35598754882812,143.98800659179688,0.023428030303030305,0.12143939393939394,250.05698755383492,0.3858380893420519,0.9976142466046237,67.10469818115234,218.0692138671875,85.91075134277344,7.664284318973352,7.664284318973352,0.8324621212121213,102.7810287475586,92.87642669677734,3803.991455078125,694.9434204101562,851.4999389648438,2.293078353530529,0.6424142878716652,7.4011277178268315,30.12017822265625,133.7258758544922,152.00245666503906,105.88214111328125,52.111541748046875,61.06015396118164,43.78654479980469,108.02375793457031,122.6118392944336,15.830869674682617,10.888984680175781,51.572788230537796
caltech_gerenuk_010,data/processed/caltech_gerenuk_010.png,300.0,161.0,1.8633540372670807,48300.0,63.51430130004883,47.93614959716797,1.1740000247955322,254.18499755859375,53.22650146484375,0.414824016563147,0.005900621118012423,253.01099753379822,0.7547300034992452,0.9908050976757559,17.854999542236328,137.72930908203125,63.0359992980957,6.955512082582539,6.955512082582539,0.4402070393374741,66.16999053955078,105.30239868164062,1497.8603515625,553.4336547851562,1128.6942138671875,1.254281118436542,0.8029601817480723,2.945188424249037,9.943312406539917,72.37399291992188,65.77001953125,28.662050247192383,59.43706512451172,46.28267288208008,33.33366012573242,108.3316879272461,134.31930541992188,14.009077072143555,10.492876052856445,47.708103417457224
caltech_gramophone_001,data/processed/caltech_gramophone_001.png,272.0,300.0,0.9066666666666666,81600.0,108.60347747802734,49.58529281616211,2.32099986076355,255.0,101.96099853515625,0.04528186274509804,0.044178921568627454,252.67900013923645,0.45657186593884475,0.9819602725545169,49.8108024597168,169.16769409179688,72.75200653076172,7.433780254339576,7.433780254339576,0.3990196078431373,62.117733001708984,102.41875457763672,3817.930908203125,487.66900634765625,917.7974243164062,2.0536933947516727,0.7992248557058584,5.339028398406008,39.37636756896973,177.66932678222656,80.97169494628906,69.73650360107422,57.92321014404297,54.426265716552734,47.05342102050781,106.0660400390625,177.26235961914062,12.757964134216309,22.30838966369629,88.22268105801723
caltech_gramophone_002,data/processed/caltech_gramophone_002.png,266.0,300.0,0.8866666666666667,79800.0,189.7729034423828,95.07453918457031,0.0,255.0,254.77198791503906,0.14451127819548873,0.6654887218045112,255.0,0.5009911160074805,0.9999999960784314,27.118000030517578,255.0,171.5070037841797,4.486923116439032,4.486923116439032,0.286140350877193,63.61745071411133,155.3701171875,2382.89013671875,1045.865966796875,2455.53466796875,1.9283023005231898,0.8790622777011023,2.8900556649771234,46.21540069580078,199.39566040039062,187.65420532226562,175.44375610351562,85.03382110595703,98.29875946044922,109.34832000732422,119.91358184814453,134.86358642578125,14.33963680267334,11.186367988586426,43.341952498454745
caltech_gramophone_003,data/processed/caltech_gramophone_003.png,300.0,246.0,1.2195121951219512,73800.0,228.65179443359375,55.07437515258789,0.5870000123977661,255.0,255.0,0.009173441734417344,0.8201490514905149,254.41299998760223,0.24086570170223257,0.995406648146638,131.16600036621094,255.0,12.156982421875,4.068316961731882,4.068316961731882,0.3723441734417344,107.20426177978516,184.70196533203125,17586.357421875,1555.2879638671875,2093.68359375,7.778523295116237,0.7820093020552752,14.850522292673144,1.3222534656524658,228.6787872314453,228.82211303710938,227.70379638671875,55.12753677368164,54.872711181640625,56.018951416015625,127.46504211425781,128.01927185058594,1.1407595872879028,0.3957684338092804,2.724009263996366
caltech_gramophone_004,data/processed/caltech_gramophone_004.png,261.0,300.0,0.87,78300.0,116.91915893554688,56.073490142822266,0.8969999551773071,253.74598693847656,103.79999542236328,0.05365261813537676,0.040344827586206895,252.84898698329926,0.47959196913263374,0.9929548387521127,53.30590057373047,208.28799438476562,77.14949798583984,7.495650086060831,7.495650086060831,0.6725925925925926,76.35691833496094,90.29839324951172,1488.5126953125,486.8745422363281,814.2644653320312,1.245198679506402,0.753836414330403,3.287902215670123,84.47078514099121,130.551513671875,116.8704833984375,81.41471099853516,54.35158920288086,58.18287658691406,54.253536224365234,107.96363067626953,137.72349548339844,9.463981628417969,5.691167831420898,35.60281085202406
caltech_gramophone_005,data/processed/caltech_gramophone_005.png,234.0,300.0,0.78,70200.0,125.33309173583984,81.7291030883789,0.5870000123977661,253.6750030517578,152.1510009765625,0.3019088319088319,0.16693732193732194,253.08800303936005,0.652095159421594,0.995382711510056,20.7760009765625,220.94000244140625,171.7454948425293,7.371149550386137,7.371149550386137,0.2803133903133903,43.95563507080078,99.9874038696289,1040.531982421875,525.7610473632812,1395.609619140625,0.9047900316757163,0.8824764687580082,2.0132615599745662,32.738036155700684,125.03684997558594,127.23670959472656,116.30815887451172,69.19041442871094,86.84663391113281,89.99048614501953,122.90692138671875,127.78868865966797,5.979109764099121,10.840751647949219,28.952233554701504
caltech_gramophone_006,data/processed/caltech_gramophone_006.png,264.0,300.0,0.88,79200.0,218.19378662109375,60.956626892089844,36.76199722290039,255.0,253.56100463867188,1.2626262626262626e-05,0.7274368686868686,218.2380027770996,0.27936921374656454,0.748000096333211,94.74500274658203,255.0,52.793487548828125,4.769080190879166,4.769080190879166,0.27443181818181817,40.05292510986328,83.79048156738281,932.906494140625,349.1763916015625,821.2733764648438,0.7168504802080597,0.8935558944744356,1.8006334508356165,0.0,225.07101440429688,218.264892578125,199.7899932861328,57.420406341552734,62.131591796875,74.29859161376953,117.6141128540039,132.9052734375,17.61212921142578,9.188523292541504,46.6196949682774
caltech_gramophone_007,data/processed/caltech_gramophone_007.png,292.0,300.0,0.9733333333333334,87600.0,167.63771057128906,84.06394958496094,0.0,255.0,203.0,0.17840182648401826,0.3835502283105023,255.0,0.5014620445305481,0.9999999960784314,9.0,243.0,86.0,7.161398979345046,7.161398979345046,0.912351598173516,162.4425048828125,142.71507263183594,10361.4248046875,1440.9600830078125,1846.927001953125,5.661118450403308,0.532864510093069,14.730596106518233,0.0,167.63771057128906,167.63771057128906,167.63771057128906,84.06394958496094,84.06394958496094,84.06394958496094,128.0,128.0,0.0,1.5160492239374435e-06,0.0
caltech_gramophone_008,data/processed/caltech_gramophone_008.png,230.0,300.0,0.7666666666666667,69000.0,114.99100494384766,59.9898681640625,0.8969999551773071,254.41299438476562,105.94149780273438,0.09855072463768116,0.0928695652173913,253.51599442958832,0.5216918286057669,0.9929732445141213,40.15999984741211,214.30999755859375,89.30398559570312,7.540740861005288,7.540740861005288,0.5501739130434783,66.08321380615234,91.22039031982422,1795.9130859375,441.8673400878906,809.8251953125,1.2653645508232736,0.7815250712334048,3.6587564887139763,14.301788806915283,124.69544982910156,113.489013671875,97.27202606201172,60.87967300415039,62.2686653137207,65.4312515258789,118.00057983398438,134.92185974121094,10.949617385864258,17.3933162689209,50.23993572883684
caltech_gramophone_009,data/processed/caltech_gramophone_009.png,204.0,300.0,0.68,61200.0,165.2677001953125,57.32831954956055,0.5699999928474426,255.0,178.05099487304688,0.026258169934640523,0.24102941176470588,254.43000000715256,0.34688156932618214,0.995539378717118,79.19249725341797,227.13189697265625,90.1087646484375,7.617089695569895,7.617089695569895,0.5507352941176471,101.22944641113281,140.88143920898438,6271.64111328125,1079.5406494140625,1559.3287353515625,3.547415487472813,0.7179837980500328,7.991037503812337,38.40060043334961,162.67929077148438,165.8607635498047,169.002685546875,59.71199417114258,57.73735809326172,60.614200592041016,130.1077880859375,126.15379333496094,14.443585395812988,11.07012939453125,38.572608227408104
caltech_gramophone_010,data/processed/caltech_gramophone_010.png,300.0,300.0,1.0,90000.0,134.22332763671875,65.57878875732422,1.9229999780654907,254.42999267578125,166.9110107421875,0.1101,0.0067555555555555554,252.50699269771576,0.4885796636351945,0.9849972457847548,37.167598724365234,204.6110076904297,122.08800506591797,7.36231438095893,7.36231438095893,0.3984,85.04714965820312,136.35105895996094,2256.17236328125,816.3886108398438,1166.0526123046875,1.9299944258639912,0.8052642624081672,3.0833732034297503,20.578043937683105,164.1417236328125,123.96360778808594,108.58174133300781,71.33995819091797,66.69510650634766,53.83071517944336,113.52957916259766,149.33978271484375,11.969416618347168,12.001629829406738,50.85746522981198
caltech_grand_piano_001,data/processed/caltech_grand_piano_001.png,300.0,271.0,1.1070110701107012,81300.0,48.55838394165039,54.198394775390625,0.0,255.0,27.0,0.6396678966789668,0.026765067650676506,255.0,1.11614904079939,0.9999999960784314,4.0,127.64479064941406,44.89299774169922,6.873563899383686,6.873563899383686,0.3600738007380074,67.72988891601562,151.95269775390625,1963.6766357421875,1196.83154296875,3012.051513671875,1.8024523105506052,0.8766504586823445,1.2095098379487839,7.549423575401306,60.084205627441406,44.544612884521484,38.99578094482422,66.25265502929688,51.346527099609375,45.01020431518555,122.6034927368164,136.22097778320312,9.815032005310059,12.789963722229004,39.51409490997711
caltech_grand_piano_002,data/processed/caltech_grand_piano_002.png,300.0,234.0,1.2820512820512822,70200.0,167.7497100830078,110.52903747558594,0.0,255.0,254.0,0.27472934472934474,0.6113532763532763,255.0,0.6588925653701586,0.9999999960784314,5.168000221252441,255.0,220.13925170898438,4.473790890781966,4.473790890781966,0.22903133903133904,66.76934051513672,186.20925903320312,3212.853759765625,1500.9085693359375,3234.90087890625,2.5139847134825404,0.9039079731025963,2.976104421227971,3.56937575340271,167.00411987304688,168.2600555419922,167.0774688720703,111.42428588867188,110.08306884765625,110.74667358398438,127.6206283569336,127.46819305419922,3.2952728271484375,2.1095774173736572,8.297678380523772
caltech_grand_piano_003,data/processed/caltech_grand_piano_003.png,300.0,299.0,1.0033444816053512,89700.0,144.81973266601562,78.15560150146484,0.0,255.0,192.0,0.196164994425864,0.05890746934225195,255.0,0.5396750810335551,0.9999999960784314,9.130999565124512,198.77200317382812,133.15700149536133,4.994498710523372,4.994498710523372,0.3579264214046823,74.08236694335938,165.3386993408203,5964.181640625,1174.94677734375,2360.832275390625,3.283078945923636,0.8031396742281757,7.250446452104119,2.8891848027706146,145.15789794921875,145.04556274414062,142.77000427246094,78.21102142333984,78.06800079345703,79.08860778808594,126.84326934814453,128.2412109375,4.943810939788818,1.886683464050293,11.22025772869662
caltech_grand_piano_004,data/processed/caltech_grand_piano_004.png,300.0,225.0,1.3333333333333333,67500.0,14.301862716674805,42.244529724121094,0.0,255.0,0.0,0.8819703703703704,0.018755555555555557,255.0,2.953777952370461,0.9999999960784314,0.0,52.276100158691406,0.2280000001192093,2.2999630643066196,2.2999630643066196,0.16327407407407407,29.957021713256836,91.03035736083984,1985.0272216796875,349.1754150390625,1119.2186279296875,1.046403670303126,0.9276357320464612,2.8043337599560725,3.8051470518112183,15.525911331176758,13.814651489257812,13.600132942199707,44.33369827270508,41.85911560058594,40.829715728759766,127.60399627685547,128.87306213378906,5.465840816497803,3.996192216873169,14.304698471033822
caltech_grand_piano_005,data/processed/caltech_grand_piano_005.png,300.0,288.0,1.0416666666666667,86400.0,179.05970764160156,98.1933364868164,0.0,255.0,249.71200561523438,0.16189814814814815,0.6278125,255.0,0.5483832026296663,0.9999999960784314,21.040998458862305,254.0,187.49698638916016,5.740868858208708,5.740868858208708,0.2821064814814815,67.22767639160156,172.3760986328125,2841.48876953125,1273.86279296875,2850.3505859375,2.273607480801278,0.8832221430133129,2.643147332177971,20.03133201599121,185.2450714111328,176.5895538330078,175.5558624267578,91.3887939453125,100.93431854248047,103.32542419433594,126.02265930175781,132.4118194580078,5.997076988220215,7.2604451179504395,22.510148917259468
caltech_grand_piano_006,data/processed/caltech_grand_piano_006.png,233.0,300.0,0.7766666666666666,69900.0,34.97675323486328,59.78022384643555,0.0,255.0,2.0,0.7083547925608011,0.04427753934191703,255.0,1.7091415471264417,0.9999999960784314,0.0,108.81129455566406,51.07099914550781,4.832725790670684,4.832725790670684,0.3529184549356223,56.57088088989258,111.77304077148438,2124.57177734375,585.9692993164062,1252.6087646484375,1.4116782977362434,0.8508099793960053,3.4676646380965566,10.734147548675537,38.08952713012695,33.75151824951172,33.12144470214844,62.65602111816406,59.29199981689453,58.35663604736328,126.95298767089844,130.22023010253906,8.709598541259766,6.075986862182617,22.99434260745714
caltech_grand_piano_007,data/processed/caltech_grand_piano_007.png,300.0,234.0,1.2820512820512822,70200.0,48.998558044433594,61.69770431518555,0.0,255.0,21.750001907348633,0.6084615384615385,0.012507122507122508,255.0,1.2591738516072672,0.9999999960784314,0.0,155.0,75.0,6.210935345853768,6.210935345853768,0.28766381766381766,45.14137649536133,110.3463363647461,1334.2904052734375,502.3838195800781,1412.6962890625,1.0399239336236774,0.9060040899396413,1.758585064203437,1.3672271966934204,48.43901824951172,49.329673767089844,48.76116943359375,61.969390869140625,61.717079162597656,61.24108123779297,127.86604309082031,127.60089874267578,2.7838120460510254,1.7475682497024536,6.891101487278015
caltech_grand_piano_008,data/processed/caltech_grand_piano_008.png,300.0,246.0,1.2195121951219512,73800.0,217.91404724121094,78.38581085205078,0.0,255.0,255.0,0.06807588075880759,0.8092953929539295,255.0,0.35970976393997717,0.9999999960784314,69.0,255.0,0.587005615234375,2.6698048540532477,2.6698048540532477,0.21757452574525746,44.640419006347656,122.5965576171875,7211.5927734375,727.2789916992188,1810.97607421875,2.9003586602762486,0.8567743302525126,9.181638109560675,7.3715550899505615,218.66651916503906,217.73431396484375,216.86598205566406,77.30714416503906,78.7538833618164,79.87203216552734,127.40853881835938,128.53672790527344,3.5526392459869385,2.991638660430908,9.931948848449252
caltech_grand_piano_009,data/processed/caltech_grand_piano_009.png,300.0,300.0,1.0,90000.0,153.42982482910156,65.66649627685547,0.0,254.77198791503906,192.0,0.12865555555555555,0.008133333333333333,254.77198791503906,0.4279904244302432,0.9999999960749217,32.013999938964844,192.0,89.86249542236328,3.798011365610102,3.798011365610102,0.2539111111111111,49.978912353515625,128.02952575683594,1907.4969482421875,680.1170043945312,1566.470458984375,1.4643478260869571,0.87111220716494,2.5342908566156046,14.6311936378479,156.44061279296875,152.72425842285156,149.16610717773438,62.024261474609375,66.49974060058594,71.69184875488281,125.59384155273438,130.14749145507812,5.05859899520874,3.953681468963623,14.9928547110192
caltech_grand_piano_010,data/processed/caltech_grand_piano_010.png,300.0,284.0,1.056338028169014,85200.0,119.05265045166016,96.80101013183594,0.0,255.0,129.07949829101562,0.35589201877934273,0.2780399061032864,255.0,0.813094113835346,0.9999999960784314,2.38100004196167,238.08799743652344,210.79600715637207,7.308496740172393,7.308496740172393,0.5803638497652582,99.11776733398438,143.4663848876953,2616.274169921875,1137.5570068359375,1864.74072265625,2.2292167366561557,0.7890434005064618,2.7010883834881865,7.735308408737183,127.68946075439453,116.80613708496094,107.96752166748047,98.3696060180664,96.96617889404297,92.8957290649414,121.7442855834961,134.1603546142578,5.700710296630859,4.5719122886657715,20.21996623512146
caltech_hawksbill_001,data/processed/caltech_hawksbill_001.png,300.0,223.0,1.345291479820628,66900.0,102.93029022216797,35.0055046081543,3.8930001258850098,246.32901000976562,106.79899597167969,0.04922272047832586,0.010044843049327354,242.43600988388062,0.340089435213948,0.968883627717511,55.11899948120117,134.0447998046875,40.0574951171875,6.9976255361925,6.9976255361925,0.38252615844544097,40.13093185424805,61.07463836669922,261.49200439453125,182.70339965820312,417.23443603515625,0.3843936019871874,0.88675727694283,0.9107591343812063,63.50336837768555,9.86038875579834,125.26592254638672,232.02577209472656,25.697858810424805,47.9832649230957,39.76905822753906,200.85299682617188,61.61637496948242,16.303930282592773,21.63585090637207,116.64227989308193
caltech_hawksbill_002,data/processed/caltech_hawksbill_002.png,300.0,230.0,1.3043478260869565,69000.0,153.0163116455078,54.571224212646484,0.0,254.5439910888672,168.9250030517578,0.07959420289855072,0.04776811594202898,254.5439910888672,0.3566366439575066,0.999999996071406,54.91740417480469,203.12640380859375,50.10099792480469,7.385237921631504,7.385237921631504,0.8800579710144928,137.0319061279297,133.7358856201172,16452.896484375,1246.239990234375,1539.4981689453125,7.337197366323926,0.5063844225424827,20.36090231805971,16.926452159881592,119.86752319335938,171.1969451904297,146.34494018554688,52.531654357910156,59.664817810058594,68.2100601196289,124.2351303100586,104.35604858398438,21.808958053588867,19.75762939453125,75.5180877400681
caltech_hawksbill_003,data/processed/caltech_hawksbill_003.png,300.0,198.0,1.5151515151515151,59400.0,100.3270263671875,27.97407341003418,0.2280000001192093,254.70098876953125,99.34500122070312,0.022996632996632998,0.011666666666666667,254.47298876941204,0.2788288873311446,0.9982112626710268,78.32600402832031,114.87000274658203,15.258010864257812,6.167292030928081,6.167292030928081,0.3509090909090909,64.23017120361328,110.42073059082031,3997.982421875,483.65472412109375,1009.999267578125,2.202222076459554,0.8083547714424477,5.6813341073336465,56.44466972351074,76.68915557861328,100.08972930908203,163.5464324951172,30.62421226501465,29.078208923339844,39.45493698120117,163.67686462402344,111.13992309570312,17.327816009521484,9.467072486877441,63.204200629011005
caltech_hawksbill_004,data/processed/caltech_hawksbill_004.png,300.0,256.0,1.171875,76800.0,65.14985656738281,40.97359848022461,0.0,254.70098876953125,56.683998107910156,0.2645182291666667,0.013138020833333333,254.70098876953125,0.628913093752303,0.9999999960738276,26.66400146484375,116.90299987792969,36.09925842285156,6.9907716558057595,6.9907716558057595,0.5223046875,87.71138763427734,121.1378173828125,6026.9189453125,701.6856689453125,1133.6412353515625,3.1427400153971847,0.7196136372530976,8.571324928313565,404.7300491333008,27.996341705322266,68.11515808105469,147.32769775390625,46.203304290771484,45.25042724609375,75.88351440429688,174.37574768066406,101.49966430664062,42.12469482421875,15.41563892364502,121.2638365817952
caltech_hawksbill_005,data/processed/caltech_hawksbill_005.png,300.0,230.0,1.3043478260869565,69000.0,115.89212036132812,89.61638641357422,0.0,255.0,94.89900207519531,0.3100289855072464,0.2717826086956522,255.0,0.7732741912124337,0.9999999960784314,8.869000434875488,234.91201782226562,193.3320198059082,7.224277379462736,7.224277379462736,0.4904927536231884,82.32622528076172,123.38717651367188,1944.8931884765625,783.7964477539062,1554.7552490234375,1.6533352467637323,0.7828784007313243,3.1565731969961277,8.059864282608032,126.0623779296875,112.60089874267578,106.16439056396484,94.5246353149414,90.48444366455078,78.33441925048828,122.51032257080078,135.2541046142578,12.897455215454102,11.034634590148926,40.20865027880478
caltech_hawksbill_006,data/processed/caltech_hawksbill_006.png,300.0,215.0,1.3953488372093024,64500.0,83.50485229492188,56.38131332397461,1.1959999799728394,254.77198791503906,65.19100189208984,0.2658759689922481,0.04734883720930232,253.57598793506622,0.6751860652320107,0.9906550777295563,29.079999923706055,159.93418884277344,76.50249862670898,7.319685166026847,7.319685166026847,0.5049147286821706,77.1815414428711,112.24598693847656,1501.56591796875,573.9320068359375,1094.574462890625,1.3710113791849339,0.7882210165363228,2.901194383402348,15.49186110496521,66.42063903808594,83.18898010253906,129.93991088867188,49.00047302246094,59.99711227416992,80.784423828125,154.20489501953125,115.81441497802734,24.205015182495117,16.935218811035156,76.92861988863507
caltech_hawksbill_007,data/processed/caltech_hawksbill_007.png,299.0,234.0,1.2777777777777777,69966.0,132.75433349609375,85.35062408447266,0.0,255.0,119.52400207519531,0.16196438270016866,0.26911642797930424,255.0,0.6429215619094084,0.9999999960784314,33.18000030517578,255.0,172.10974884033203,7.434602739139739,7.434602739139739,0.7356859045822256,154.4200439453125,193.4108428955078,10070.16796875,1652.3084716796875,2210.380126953125,6.279510693926754,0.6383411722461689,10.69460155719819,172.87747955322266,116.7811050415039,137.67166137695312,149.32923889160156,96.35396575927734,84.79313659667969,75.21966552734375,137.35377502441406,116.60682678222656,20.1284122467041,16.992021560668945,62.754985543460315
caltech_hawksbill_008,data/processed/caltech_hawksbill_008.png,300.0,262.0,1.1450381679389312,78600.0,94.55632019042969,63.24512481689453,25.41499900817871,250.89599609375,71.37449645996094,0.38670483460559796,0.034223918575063614,225.4809970855713,0.6688619440843449,0.8160406218592666,34.374000549316406,191.9770050048828,111.04199600219727,6.616948032966609,6.616948032966609,0.45447837150127224,44.91010665893555,60.47412872314453,178.35044860839844,250.4757080078125,512.7762451171875,0.3550392103485021,0.8792659519456865,0.7261813233778299,5.321699798107147,148.49269104003906,76.68104553222656,45.13365173339844,40.47632598876953,77.60877227783203,56.8282356262207,100.10910034179688,166.4709930419922,9.618093490600586,19.069944381713867,74.77986152268682
caltech_hawksbill_009,data/processed/caltech_hawksbill_009.png,300.0,204.0,1.4705882352941178,61200.0,69.31893157958984,48.081058502197266,0.2280000001192093,254.77198791503906,61.18000030517578,0.32611111111111113,0.012516339869281046,254.54398791491985,0.6936208725804035,0.9982117607056441,21.964000701904297,144.1925048828125,55.750749588012695,7.110591588160544,7.110591588160544,0.5072385620915033,86.1214599609375,131.66773986816406,2963.74169921875,717.269775390625,1249.2542724609375,2.1767696097006466,0.772080693941184,4.22277728008669,89.97245502471924,53.07331848144531,68.96842956542969,113.73282623291016,52.050418853759766,49.69019317626953,65.60295104980469,153.0642852783203,116.41255950927734,30.033353805541992,13.48840045928955,82.14599223434584
caltech_hawksbill_010,data/processed/caltech_hawksbill_010.png,299.0,152.0,1.9671052631578947,45448.0,84.12606048583984,62.585330963134766,0.0,255.0,64.30999755859375,0.2824106671360676,0.05331367716951241,255.0,0.743946998798573,0.9999999960784314,19.73040008544922,186.99440002441406,83.26499938964844,7.661167700477947,7.661167700477947,0.9513509945432143,190.44970703125,154.16287231445312,32221.572265625,2143.08349609375,1893.8267822265625,13.751180702889336,0.37363839678078437,33.726254410679886,46.19304656982422,62.0905876159668,89.81272888183594,112.63948059082031,56.16594696044922,66.98855590820312,68.5677490234375,144.09109497070312,112.2828369140625,10.417250633239746,14.499587059020996,50.86593812556454
caltech_headphone_001,data/processed/caltech_headphone_001.png,300.0,300.0,1.0,90000.0,163.3713836669922,54.84894943237305,0.5870000123977661,213.71200561523438,192.0,0.018555555555555554,0.0,213.1250056028366,0.3357316799644829,0.9945216683769539,55.13100051879883,192.0,1.0,2.7985320525463884,2.7985320525463884,0.14292222222222223,24.03188705444336,79.58272552490234,417.17205810546875,286.3302307128906,851.1849975585938,0.44938684503901893,0.9264411633120779,1.1686845485245674,1.0439719557762146,163.5250701904297,163.38433837890625,162.90162658691406,54.62281799316406,54.80039978027344,55.75052261352539,127.73490142822266,128.109619140625,1.002601146697998,0.702354907989502,2.6560805399996386
caltech_headphone_002,data/processed/caltech_headphone_002.png,250.0,300.0,0.8333333333333334,75000.0,209.8245391845703,84.40043640136719,0.0,255.0,255.0,0.10318666666666666,0.7368533333333334,255.0,0.4022429231925164,0.9999999960784314,36.0,255.0,45.99998474121094,3.7648591045458026,3.7648591045458026,0.21202666666666667,71.35585021972656,196.51791381835938,7615.47705078125,1461.44140625,3299.93017578125,4.242537973521737,0.901600858251031,6.312236166703831,0.06619974784553051,210.3370361328125,209.6884765625,209.18084716796875,84.28495025634766,84.52153015136719,85.10102844238281,127.63674926757812,128.3655548095703,4.190335750579834,4.433961868286133,12.832293383868324
caltech_headphone_003,data/processed/caltech_headphone_003.png,225.0,300.0,0.75,67500.0,191.81475830078125,73.86973571777344,0.0,255.0,221.0,0.10034074074074074,0.6256444444444444,255.0,0.3851097589520713,0.9999999960784314,39.895198822021484,246.00001525878906,27.16949462890625,6.572312738650952,6.572312738650952,0.26115555555555553,53.50188446044922,130.24386596679688,2257.857421875,773.13818359375,1994.05078125,1.6043752737298933,0.8648802703323076,3.386186052093485,95.17344665527344,194.19764709472656,190.66229248046875,191.49896240234375,70.41463470458984,75.9489517211914,74.52737426757812,127.82177734375,129.69964599609375,3.122058629989624,7.188780784606934,17.632254943004387
caltech_headphone_004,data/processed/caltech_headphone_004.png,300.0,297.0,1.0101010101010102,89100.0,226.02182006835938,67.84590911865234,0.0,255.0,255.0,0.05558922558922559,0.8414478114478114,255.0,0.3001741548579623,0.9999999960784314,97.85919952392578,255.0,4.0,3.1387094158246223,3.1387094158246223,0.18397306397306398,50.140594482421875,147.19534301757812,2092.96044921875,873.1326293945312,2210.4326171875,1.6657820930918752,0.9203517466960393,1.9380239512242472,2.8577526807785034,225.69436645507812,226.0030975341797,226.97706604003906,68.46627044677734,67.91374206542969,65.9887924194336,128.53907775878906,127.76644134521484,2.169145345687866,1.007665991783142,5.123489621647165
caltech_headphone_005,data/processed/caltech_headphone_005.png,300.0,280.0,1.0714285714285714,84000.0,175.7849884033203,100.8265609741211,0.0,255.0,253.87498474121094,0.2054047619047619,0.5856309523809524,255.0,0.5735789006579229,0.9999999960784314,13.227999687194824,255.0,194.71275329589844,4.910047634006771,4.910047634006771,0.29627380952380955,57.68160629272461,137.88775634765625,892.3289794921875,910.4066772460938,2176.178466796875,1.1497792065604124,0.8886669276584187,1.4054264279165125,8.721592426300049,178.1212615966797,175.07546997070312,173.31076049804688,98.74810791015625,101.71826171875,102.21831512451172,126.60371398925781,129.6663818359375,3.9033749103546143,3.464784860610962,11.99085059385633
caltech_headphone_006,data/processed/caltech_headphone_006.png,260.0,300.0,0.8666666666666667,78000.0,190.2189178466797,80.31170654296875,1.7939999103546143,255.0,252.0,0.025256410256410258,0.5881794871794872,253.20600008964539,0.4222067238627385,0.9860277077813754,65.260498046875,255.0,145.21599578857422,5.269588170090784,5.269588170090784,0.42843589743589744,66.334228515625,114.30623626708984,2570.0673828125,693.1602172851562,1318.8505859375,1.6546698975795961,0.8097817337162933,4.408169582456136,8.370451211929321,193.57460021972656,188.8105926513672,188.66928100585938,76.274658203125,82.17967224121094,81.86676788330078,127.12548828125,130.39349365234375,1.875426173210144,4.449409008026123,11.826412789968028
caltech_headphone_007,data/processed/caltech_headphone_007.png,279.0,300.0,0.93,83700.0,229.7548828125,61.05923080444336,0.0,255.0,255.0,0.026594982078853045,0.8364038231780168,255.0,0.26575814098590833,0.9999999960784314,121.99999237060547,255.0,1.0,2.5841818667870062,2.5841818667870062,0.1725925925925926,60.55179214477539,188.3944091796875,4253.1201171875,1058.1937255859375,2330.027587890625,3.047498449185414,0.9306947445558852,1.6169421513434121,0.0,229.7548828125,229.7548828125,229.7548828125,61.05923080444336,61.05923080444336,61.05923080444336,128.0,128.0,0.0,2.650257329150918e-07,0.0
caltech_headphone_008,data/processed/caltech_headphone_008.png,210.0,300.0,0.7,63000.0,35.05257034301758,24.98899269104004,0.0,221.92601013183594,33.62200164794922,0.5698412698412698,4.761904761904762e-05,221.92601013183594,0.712900415963858,0.9999999954939938,5.310999870300293,57.10710144042969,35.8410005569458,6.230657698972504,6.230657698972504,0.17746031746031746,21.508337020874023,43.867645263671875,158.16836547851562,84.94441223144531,324.96478271484375,0.20100435034073477,0.9364944715590791,0.745031888642508,225.04949951171875,79.22490692138672,15.449762344360352,20.134349822998047,59.45368576049805,28.2802734375,40.718650817871094,119.58112335205078,159.5066680908203,16.584739685058594,35.67268753051758,103.60650412611089
caltech_headphone_009,data/processed/caltech_headphone_009.png,300.0,292.0,1.0273972602739727,87600.0,180.24612426757812,104.26097869873047,0.0,255.0,254.70098876953125,0.22234018264840183,0.6499315068493151,255.0,0.5784367266922019,0.9999999960784314,7.917999744415283,255.0,189.03399658203125,4.364032094046242,4.364032094046242,0.2795662100456621,62.701290130615234,160.01388549804688,1625.1802978515625,1206.605224609375,2800.239990234375,1.608066887375478,0.8915871738732338,2.507823378983328,8.854273319244385,178.79762268066406,181.11444091796875,179.57403564453125,105.99073028564453,103.37126159667969,104.63369750976562,127.6207275390625,126.96683502197266,2.7171950340270996,2.7940471172332764,8.722346549869782
caltech_headphone_010,data/processed/caltech_headphone_010.png,300.0,264.0,1.1363636363636365,79200.0,134.4524383544922,56.63209915161133,0.2280000001192093,218.12901306152344,162.89500427246094,0.1429419191919192,2.5252525252525253e-05,217.90101306140423,0.42120544203959953,0.9979116723032782,26.178998947143555,180.77000427246094,69.87899017333984,6.851446083225346,6.851446083225346,0.3273611111111111,53.58522033691406,108.00592803955078,900.9054565429688,541.62060546875,1152.7843017578125,0.9409889245597629,0.8709192065257338,1.5723108724234665,4.267668604850769,134.92034912109375,132.6632537841797,142.43783569335938,55.10711669921875,56.8818244934082,60.00138854980469,132.50643920898438,128.33375549316406,3.788679361343384,2.807326078414917,12.224510667135965
caltech_hedgehog_001,data/processed/caltech_hedgehog_001.png,300.0,225.0,1.3333333333333333,67500.0,102.44847106933594,66.01161193847656,0.29899999499320984,255.0,88.97599792480469,0.2150074074074074,0.08602962962962964,254.7010000050068,0.6443396431896092,0.9976576446141356,24.230899810791016,207.9162139892578,96.6919937133789,7.742724838300415,7.742724838300415,0.7571555555555556,118.07151794433594,112.85042572021484,9196.765625,920.7365112304688,970.611328125,4.443738528229019,0.5864497180709636,14.300776876638857,23.134479522705078,88.76785278320312,111.4244613647461,92.11170196533203,71.88430786132812,66.01079559326172,64.4688720703125,122.16661071777344,118.24205017089844,8.970269203186035,15.635510444641113,44.942911142422716
caltech_hedgehog_002,data/processed/caltech_hedgehog_002.png,300.0,255.0,1.1764705882352942,76500.0,89.7400131225586,62.260005950927734,0.0,253.63198852539062,79.9645004272461,0.2521830065359477,0.04729411764705883,253.63198852539062,0.693781994126932,0.9999999960572797,14.675800323486328,186.02549743652344,88.2352523803711,7.762125814202838,7.762125814202838,0.9330980392156862,213.5613555908203,173.26255798339844,31187.505859375,2477.873291015625,2081.31103515625,14.361932957524518,0.41968020245016624,28.03352399775357,28.658893585205078,109.12870788574219,83.46796417236328,71.18276977539062,67.97988891601562,61.09515380859375,56.79658889770508,117.52750396728516,141.8292999267578,6.6672282218933105,8.130062103271484,32.48686553550778
caltech_hedgehog_003,data/processed/caltech_hedgehog_003.png,300.0,272.0,1.1029411764705883,81600.0,102.25359344482422,73.44487762451172,0.0,232.0,71.71200561523438,0.2857720588235294,0.0003431372549019608,232.0,0.7182620623096275,0.9999999956896553,17.975000381469727,192.0,156.08200073242188,5.693073630342747,5.693073630342747,0.4951470588235294,75.63302612304688,125.39395141601562,3339.166748046875,719.1701049804688,1483.322998046875,2.130638449705374,0.7851848575411084,5.081628903609105,13.741805076599121,105.25909423828125,101.31256103515625,99.21622467041016,71.87379455566406,74.03192901611328,75.24832153320312,126.28590393066406,130.1437225341797,2.9646148681640625,3.713980197906494,11.52275206894687
caltech_hedgehog_004,data/processed/caltech_hedgehog_004.png,300.0,262.0,1.1450381679389312,78600.0,218.17144775390625,65.08546447753906,0.0,255.0,255.0,0.028447837150127227,0.7393638676844784,255.0,0.29832255709570127,0.9999999960784314,107.10140228271484,255.0,49.01499938964844,4.368579208484117,4.368579208484117,0.3537913486005089,103.57786560058594,180.80899047851562,24642.021484375,1603.7686767578125,2321.367431640625,10.136704431271014,0.7466214335325496,19.418515695069825,30.312521934509277,221.792724609375,217.62350463867188,211.49497985839844,60.45608901977539,66.17813873291016,73.17085266113281,124.23223876953125,130.5829315185547,6.506798267364502,5.767487525939941,20.48017866485721
caltech_hedgehog_005,data/processed/caltech_hedgehog_005.png,300.0,222.0,1.3513513513513513,66600.0,60.30983352661133,64.4534912109375,0.0,255.0,29.08100128173828,0.5502102102102102,0.03957957957957958,255.0,1.0687061524351855,0.9999999960784314,7.210999488830566,161.02259826660156,85.20299816131592,7.035696595893418,7.035696595893418,0.6515315315315315,139.3358612060547,152.1370391845703,7959.21337890625,1331.4154052734375,1496.1695556640625,4.6997865433798935,0.6451424138245615,9.86528782061224,20.566487312316895,70.46978759765625,57.90425109863281,46.048919677734375,72.01490783691406,63.63996505737305,52.496192932128906,119.95207977294922,135.2467498779297,10.623059272766113,8.4696683883667,34.18227484871191
caltech_hedgehog_006,data/processed/caltech_hedgehog_006.png,300.0,202.0,1.4851485148514851,60600.0,101.7416763305664,65.1869125366211,0.0,255.0,90.31050109863281,0.2063036303630363,0.06295379537953795,255.0,0.6407100241214216,0.9999999960784314,25.05500030517578,198.64739990234375,103.04999923706055,7.814408192748129,7.814408192748129,0.9308745874587459,200.93936157226562,152.971923828125,8418.1376953125,2213.073974609375,1712.3902587890625,5.636946190600682,0.4927494039126355,11.687858793950262,20.761842250823975,103.3240737915039,101.58379364013672,98.40430450439453,65.93473052978516,66.20785522460938,64.09407043457031,126.11661529541016,129.12867736816406,5.640594959259033,9.211996078491211,24.02328431475707
caltech_hedgehog_007,data/processed/caltech_hedgehog_007.png,300.0,169.0,1.7751479289940828,50700.0,113.91893768310547,54.760658264160156,2.059999942779541,209.0659942626953,109.01849365234375,0.09284023668639053,0.0,207.00599431991577,0.48069845889708357,0.9804855821683666,41.19000244140625,183.7729949951172,104.90026092529297,7.415478333813269,7.415478333813269,0.5771992110453649,67.25238037109375,71.49217987060547,2032.47216796875,375.720703125,535.0053100585938,1.2258435781052843,0.7566703299809974,4.922829730263117,14.980860233306885,116.44071197509766,124.75496673583984,51.50871658325195,55.734039306640625,59.05399703979492,32.15569305419922,92.77979278564453,129.79867553710938,14.243080139160156,3.499131917953491,49.96150184009784
caltech_hedgehog_008,data/processed/caltech_hedgehog_008.png,300.0,264.0,1.1363636363636365,79200.0,87.895263671875,63.63538360595703,0.0,240.15298461914062,77.33300018310547,0.33856060606060606,0.0026136363636363636,240.15298461914062,0.7239910345968761,0.9999999958359876,10.420999526977539,176.04409790039062,125.59475135803223,7.493642509796446,7.493642509796446,0.6942803030303031,131.44784545898438,146.83267211914062,4153.5078125,1132.0963134765625,1239.9002685546875,3.1982557048671243,0.6748217484298613,5.988498769095338,45.376559257507324,106.72189331054688,81.49992370605469,71.44705963134766,75.14398956298828,60.23386764526367,57.755043029785156,118.71771240234375,141.42840576171875,7.307665824890137,12.980491638183594,41.36412837181146
caltech_hedgehog_009,data/processed/caltech_hedgehog_009.png,300.0,260.0,1.1538461538461537,78000.0,187.2924041748047,71.25440979003906,2.3919999599456787,255.0,212.03848266601562,0.0016794871794871796,0.49528205128205127,252.60800004005432,0.380444736792907,0.9814135602425508,82.62199401855469,255.0,136.08999633789062,5.809426822190038,5.809426822190038,0.5480128205128205,103.77783966064453,130.34034729003906,7074.83544921875,898.005859375,1122.46630859375,3.798763992041585,0.6918964728803756,8.553542144812475,7.0384910106658936,193.08619689941406,186.06326293945312,178.4255828857422,67.75582122802734,72.15267181396484,76.95046997070312,122.99613189697266,132.13250732421875,5.070125579833984,4.921098232269287,18.41035881057259
caltech_hedgehog_010,data/processed/caltech_hedgehog_010.png,300.0,225.0,1.3333333333333333,67500.0,111.52855682373047,69.08909606933594,0.2280000001192093,255.0,99.072998046875,0.19597037037037038,0.12198518518518518,254.7719999998808,0.6194744863331813,0.9982133582582963,27.87700080871582,226.1652069091797,104.28198623657227,7.773667248065432,7.773667248065432,0.7662518518518519,135.2519989013672,131.72898864746094,15702.5283203125,1253.2919921875,1375.7830810546875,7.0477968642167035,0.5656421302468051,18.82623533069354,21.112842559814453,96.45552825927734,121.17334747314453,101.39994049072266,75.18040466308594,69.118408203125,68.86460876464844,122.28407287597656,117.24890899658203,9.373624801635742,17.162263870239258,48.74068707181245
caltech_helicopter_001,data/processed/caltech_helicopter_001.png,300.0,193.0,1.5544041450777202,57900.0,138.2616424560547,37.07488250732422,0.2280000001192093,254.70098876953125,150.73899841308594,0.04077720207253886,0.0007426597582037997,254.47298876941204,0.26815016501021244,0.9982112626710268,71.96700286865234,169.13900756835938,28.15899658203125,6.582241359617925,6.582241359617925,0.39288428324697755,60.87318801879883,97.03108215332031,1667.41357421875,428.0443420410156,763.8095092773438,1.2581626379033077,0.823492943382353,2.4792947850419065,11.164304971694946,127.95208740234375,140.5065460205078,153.7423095703125,34.67417907714844,37.886295318603516,45.09943389892578,136.7362823486328,120.64654541015625,10.69711971282959,5.374454021453857,30.888242709750543
caltech_helicopter_002,data/processed/caltech_helicopter_002.png,300.0,196.0,1.530612244897959,58800.0,116.61644744873047,49.270591735839844,2.621999979019165,255.0,107.97799682617188,0.02141156462585034,0.0632312925170068,252.37800002098083,0.42250121995012807,0.9796445919288338,60.9879035949707,187.914306640625,60.93474578857422,7.519880723169957,7.519880723169957,0.9342517006802721,144.0173797607422,118.32324981689453,11993.896484375,1206.0552978515625,1166.2462158203125,5.727331240188384,0.43779501289472317,21.498178997635915,247.4393768310547,79.36823272705078,118.7718505859375,203.21290588378906,55.525123596191406,51.1723747253418,42.17957305908203,176.8693389892578,101.43211364746094,18.857763290405273,12.54224681854248,79.0712022913676
caltech_helicopter_003,data/processed/caltech_helicopter_003.png,300.0,236.0,1.271186440677966,70800.0,133.12158203125,57.0698127746582,1.1740000247955322,255.0,114.2550048828125,0.0032485875706214687,0.18700564971751413,253.82599997520447,0.42870443300889227,0.9908343507139751,73.68999481201172,230.05999755859375,63.86499786376953,7.298646432733321,7.298646432733321,0.6432203389830509,72.5174331665039,93.74115753173828,2739.554443359375,451.4918212890625,782.4638061523438,1.7147678108018036,0.7467535351856998,4.8235843171291135,50.94135093688965,133.07212829589844,133.60275268554688,130.77365112304688,55.62997817993164,58.06120681762695,58.54520797729492,126.67498779296875,127.9647445678711,3.2405810356140137,6.55460786819458,16.163110398179285
caltech_helicopter_004,data/processed/caltech_helicopter_004.png,300.0,180.0,1.6666666666666667,54000.0,96.8945541381836,29.3461856842041,0.2280000001192093,255.0,94.06800842285156,0.026333333333333334,0.021962962962962962,254.7719999998808,0.3028672317278594,0.9982133582582963,82.31800842285156,109.83999633789062,17.62975311279297,5.752646552759615,5.752646552759615,0.16798148148148148,33.320556640625,93.89450073242188,1681.2393798828125,322.4239196777344,1030.1502685546875,0.9935687134229753,0.9146374087740137,2.4731742335675135,53.32597732543945,79.97620391845703,97.12911224365234,140.06036376953125,31.517364501953125,29.77972984313965,29.545827865600586,152.3599395751953,115.93272399902344,7.888765335083008,6.789069175720215,37.491192787607474
caltech_helicopter_005,data/processed/caltech_helicopter_005.png,300.0,165.0,1.8181818181818181,49500.0,164.98699951171875,66.95115661621094,0.0,255.0,170.072998046875,0.06353535353535354,0.3736969696969697,255.0,0.40579655614416427,0.9999999960784314,64.19619750976562,237.20599365234375,105.96401977539062,7.453131526620345,7.453131526620345,0.40763636363636363,83.83438110351562,158.3673553466797,4283.59375,1019.1176147460938,2012.4775390625,2.916149097014686,0.800312759029338,4.4974041705442485,93.28194999694824,161.99830627441406,168.6837921142578,153.79046630859375,66.49677276611328,66.61521911621094,76.49720001220703,121.68142700195312,125.8682632446289,15.221563339233398,6.509836196899414,36.98201026003421
caltech_helicopter_006,data/processed/caltech_helicopter_006.png,300.0,183.0,1.639344262295082,54900.0,226.35618591308594,68.34052276611328,0.0,255.0,255.0,0.05,0.8428415300546448,255.0,0.3019158596816,0.9999999960784314,79.12090301513672,255.0,2.0000152587890625,2.9463801477896823,2.9463801477896823,0.18193078324225864,53.98293685913086,167.37432861328125,2142.8662109375,939.8765869140625,2339.827880859375,1.9136742563684837,0.9315009414145985,1.4991337662292572,16.087600708007812,225.3063201904297,227.5299835205078,223.06581115722656,70.6496810913086,65.93156433105469,75.61112976074219,126.14313507080078,127.25116729736328,6.042091369628906,2.505645275115967,14.356144523425304
caltech_helicopter_007,data/processed/caltech_helicopter_007.png,300.0,221.0,1.3574660633484164,66300.0,94.43734741210938,39.41893768310547,0.0,254.41299438476562,91.66500091552734,0.07155354449472097,0.014600301659125188,254.41299438476562,0.4174083489837895,0.9999999960693832,47.07100296020508,141.71279907226562,46.90150451660156,7.256855163890031,7.256855163890031,0.9034841628959276,127.33466339111328,95.4583740234375,8324.5,842.4242553710938,645.3716430664062,4.1615352769893885,0.5133648970741809,14.915874399187334,18.80167579650879,99.44635009765625,92.2729263305664,92.44458770751953,41.069915771484375,39.29764175415039,38.371456146240234,126.87541198730469,131.57275390625,5.124594211578369,4.59516716003418,16.429863631836536
caltech_helicopter_008,data/processed/caltech_helicopter_008.png,300.0,231.0,1.2987012987012987,69300.0,179.5264129638672,71.12782287597656,0.2280000001192093,255.0,208.74700927734375,0.009249639249639249,0.4816017316017316,254.7719999998808,0.39619697907123724,0.9982133582582963,71.9729995727539,251.91799926757812,131.4707489013672,7.22068567619843,7.22068567619843,0.44422799422799425,71.28269958496094,112.92288208007812,4161.62646484375,647.53564453125,1061.0748291015625,2.3079862311601422,0.779000649224393,6.345891508617348,26.71530532836914,173.6151123046875,182.10690307617188,181.7433624267578,70.8422622680664,70.2627944946289,78.51350402832031,129.25111389160156,123.7836685180664,8.446003913879395,4.475728511810303,21.97324791323883
caltech_helicopter_009,data/processed/caltech_helicopter_009.png,300.0,195.0,1.5384615384615385,58500.0,153.51426696777344,86.05372619628906,8.04699993133545,255.0,117.84300231933594,0.010495726495726495,0.4014358974358974,246.95300006866455,0.5605584896796298,0.9388170144282618,58.18899917602539,255.0,181.83300018310547,5.7656381380653565,5.7656381380653565,0.4523589743589744,62.00687026977539,113.77159118652344,2063.6142578125,623.0049438476562,1361.2841796875,1.45810814663735,0.8266468652129227,3.4088887712418927,7.3728187084198,148.98573303222656,155.03236389160156,157.574951171875,89.06819915771484,85.26925659179688,83.42121124267578,130.29159545898438,124.76995086669922,3.0763003826141357,5.657104969024658,15.963190054709694
caltech_helicopter_010,data/processed/caltech_helicopter_010.png,300.0,254.0,1.1811023622047243,76200.0,87.44522094726562,58.89276123046875,0.0,255.0,73.62350463867188,0.25144356955380576,0.028608923884514435,255.0,0.6734817514213,0.9999999960784314,18.665000915527344,171.07080078125,92.03023147583008,7.703080710816021,7.703080710816021,0.826246719160105,123.80265045166016,128.63343811035156,1813.5247802734375,1039.26171875,1515.6591796875,1.9961252692303715,0.6869288087063425,2.8090429238838293,73.36508369445801,111.57296752929688,81.6922607421875,53.7855110168457,63.141937255859375,61.650123596191406,68.65483856201172,109.00467681884766,145.20950317382812,23.920469284057617,20.545976638793945,79.84366270115812
caltech_ibis_001,data/processed/caltech_ibis_001.png,186.0,300.0,0.62,55800.0,132.82659912109375,53.451698303222656,1.9509999752044678,253.17599487304688,138.24549865722656,0.05935483870967742,0.03874551971326165,251.2249948978424,0.4024171231853594,0.9847056524244505,54.35320281982422,198.9180145263672,81.91799926757812,7.68835765149597,7.68835765149597,0.8660035842293907,118.55085754394531,103.65703582763672,3119.43408203125,878.85009765625,842.50244140625,2.246485445527522,0.6642986124682407,5.500628078597225,19.942337036132812,124.11380004882812,143.66482543945312,99.87129211425781,54.163902282714844,57.384742736816406,40.0344352722168,109.40220642089844,121.78543090820312,12.310453414916992,8.507637023925781,42.204441824922476
caltech_ibis_002,data/processed/caltech_ibis_002.png,300.0,259.0,1.1583011583011582,77700.0,166.76089477539062,48.57969665527344,0.0,255.0,175.16700744628906,0.05866151866151866,0.09332046332046331,255.0,0.29131347867491175,0.9999999960784314,118.19529724121094,214.1160125732422,49.82598876953125,7.20893299125189,7.20893299125189,0.6548005148005148,66.9690933227539,83.57318878173828,1736.1939697265625,456.97015380859375,971.8131103515625,1.1905046469151634,0.8027770729486012,3.151380032734788,7.9588587284088135,167.67648315429688,163.7985382080078,179.61289978027344,54.50229263305664,46.392791748046875,49.772212982177734,135.25282287597656,128.653076171875,8.582189559936523,8.188007354736328,28.57569526055087
caltech_ibis_003,data/processed/caltech_ibis_003.png,300.0,287.0,1.0452961672473868,86100.0,108.8172607421875,69.86678314208984,0.8689999580383301,255.0,84.83499908447266,0.12025551684088269,0.12222996515679442,254.13100004196167,0.6420560674244857,0.9932074580759328,38.060001373291016,230.9792022705078,108.92599868774414,7.5526394276400035,7.5526394276400035,0.44547038327526134,54.264076232910156,85.7107162475586,383.81640625,447.7061462402344,1076.09716796875,0.6049910570165068,0.8630122960000942,0.9936064832501439,12.223926305770874,104.821044921875,112.78684997558594,98.85865020751953,68.93827056884766,71.45377349853516,67.90413665771484,122.38002014160156,125.14962768554688,10.870906829833984,4.164960861206055,27.036210156575724
caltech_ibis_004,data/processed/caltech_ibis_004.png,300.0,265.0,1.1320754716981132,79500.0,76.135986328125,67.27912902832031,0.0,255.0,54.875999450683594,0.4123647798742138,0.06311949685534592,255.0,0.8836705399033694,0.9999999960784314,8.75,172.83050537109375,94.64924812316895,7.542750172177071,7.542750172177071,0.8486037735849057,128.822509765625,108.84752655029297,3841.572998046875,908.3065185546875,978.4818725585938,2.69846801293684,0.6282533794329911,5.92456081498502,19.039793014526367,82.32036590576172,76.1301498413086,59.945648193359375,71.51907348632812,66.3003158569336,65.8253402709961,118.86324310302734,132.41110229492188,8.66012954711914,7.806105136871338,29.92220330347713
caltech_ibis_005,data/processed/caltech_ibis_005.png,280.0,300.0,0.9333333333333333,84000.0,63.317405700683594,34.6059684753418,0.5699999928474426,254.5439910888672,55.22800064086914,0.2939880952380952,0.006440476190476191,253.97399109601974,0.5465474705704929,0.9955314054850832,30.97800064086914,107.70799255371094,38.14799499511719,6.698267839228385,6.698267839228385,0.4954880952380952,55.652767181396484,84.09904479980469,966.0211181640625,344.964599609375,931.9754028320312,0.8708777508917753,0.8284052162551271,2.181548911691138,7.708775758743286,67.0053939819336,63.00033187866211,55.27714157104492,58.440853118896484,29.846027374267578,27.829946517944336,123.46260833740234,130.63052368164062,8.631146430969238,22.6375675201416,54.384949634005224
caltech_ibis_006,data/processed/caltech_ibis_006.png,213.0,300.0,0.71,63900.0,49.869873046875,42.611995697021484,0.29899999499320984,254.5439910888672,35.91999816894531,0.5576369327073553,0.008607198748043818,254.24499109387398,0.854463671934854,0.9976534532690244,14.89799976348877,115.0510025024414,36.487003326416016,6.781131649226921,6.781131649226921,0.5673552425665102,63.28993225097656,90.29920196533203,1810.2913818359375,410.3312072753906,918.3831176757812,1.261858678839407,0.793269227515695,3.573210422121844,10.68837308883667,52.78311538696289,51.054962158203125,36.12683868408203,44.731441497802734,41.68665313720703,44.854209899902344,120.24433135986328,130.07791137695312,5.047564506530762,5.118948936462402,19.558944084675446
caltech_ibis_007,data/processed/caltech_ibis_007.png,300.0,244.0,1.2295081967213115,73200.0,130.97177124023438,37.76918411254883,0.0,255.0,129.2030029296875,0.027021857923497268,0.03789617486338798,255.0,0.2883765216467475,0.9999999960784314,97.15399932861328,171.02880859375,31.457992553710938,6.9899612924355665,6.9899612924355665,0.8787295081967214,97.48064422607422,77.77886199951172,2255.836669921875,479.8537902832031,687.0473022460938,1.6349600311546948,0.6514938034114868,5.116553094858631,27.197300910949707,107.64388275146484,152.2322235107422,82.68360900878906,40.501564025878906,36.85419845581055,48.02251434326172,100.74935150146484,111.36096954345703,12.746967315673828,6.441930770874023,48.32615741058278
caltech_ibis_008,data/processed/caltech_ibis_008.png,300.0,274.0,1.094890510948905,82200.0,111.35335540771484,51.17453384399414,6.457000255584717,249.07598876953125,119.94600677490234,0.10313868613138687,0.028004866180048663,242.61898851394653,0.4595688490665796,0.949462488151138,39.5989990234375,170.92300415039062,79.12449645996094,7.535300704965519,7.535300704965519,0.7639416058394161,79.33106231689453,70.22570037841797,375.7745666503906,383.90692138671875,503.66571044921875,0.6857700309493395,0.7785792029513421,1.251350663761344,23.419569969177246,92.18144989013672,127.82513427734375,76.82234954833984,51.42637634277344,53.74786376953125,50.624271392822266,108.51299285888672,114.3252944946289,13.251466751098633,8.405512809753418,46.52060416631857
caltech_ibis_009,data/processed/caltech_ibis_009.png,253.0,300.0,0.8433333333333334,75900.0,112.69757843017578,51.14503860473633,0.8860000371932983,255.0,102.08650207519531,0.016363636363636365,0.04296442687747035,254.1139999628067,0.4538255290249986,0.9930750370586743,54.63199996948242,187.06649780273438,81.26325225830078,7.512975625812468,7.512975625812468,0.4710540184453228,45.93080520629883,60.03044128417969,752.24755859375,217.5084991455078,528.1367797851562,0.6197189279774347,0.8367627223769933,2.3914539198741185,26.19716453552246,123.68757629394531,110.39022064208984,95.75376892089844,60.3949089050293,46.91168975830078,55.024600982666016,118.43803405761719,135.8387908935547,5.305041313171387,10.668684005737305,32.67575978188203
caltech_ibis_010,data/processed/caltech_ibis_010.png,300.0,233.0,1.2875536480686696,69900.0,98.0855941772461,24.365863800048828,16.762001037597656,245.1909942626953,91.1510009765625,0.00022889842632331902,0.008111587982832617,228.42899322509766,0.2484142932101127,0.8720228302456038,80.19400024414062,127.18770599365234,13.245750427246094,5.90099331565426,5.90099331565426,0.49470672389127324,41.485111236572266,41.85401916503906,272.7793273925781,109.44429779052734,270.87091064453125,0.35613065867198446,0.8633270561012161,1.1958596107263457,0.0,104.53205871582031,94.78759765625,98.15948486328125,26.93465805053711,24.895557403564453,18.398059844970703,128.0417022705078,132.59805297851562,5.913318634033203,4.308743953704834,17.76440273803407
caltech_inline_skate_001,data/processed/caltech_inline_skate_001.png,300.0,257.0,1.1673151750972763,77100.0,151.22622680664062,90.6270980834961,0.0,255.0,153.93699645996094,0.12297016861219195,0.3917769130998703,255.0,0.5992816153516228,0.9999999960784314,34.08599853515625,255.0,194.04549026489258,6.918192822216828,6.918192822216828,0.5610246433203632,71.15635681152344,106.43592834472656,1429.6993408203125,619.5531005859375,1148.1793212890625,1.2337353815334793,0.8388107963421543,1.8713954574539493,173.9017219543457,162.87652587890625,144.54537963867188,155.0703125,84.8106460571289,98.08879089355469,100.92731475830078,130.16934204101562,136.3097686767578,17.55709457397461,28.97789192199707,76.27670553981966
caltech_inline_skate_002,data/processed/caltech_inline_skate_002.png,288.0,300.0,0.96,86400.0,184.0110626220703,87.89281463623047,0.0,255.0,235.17300415039062,0.13490740740740742,0.5722222222222222,255.0,0.4776496201160406,0.9999999960784314,24.15639877319336,255.0,127.03950500488281,6.538075815911143,6.538075815911143,0.4583101851851852,83.9804458618164,133.1666259765625,1466.0184326171875,1015.9170532226562,1726.820556640625,1.5251883366868793,0.8056237697867237,2.3491259513057776,20.38785672187805,186.4061737060547,185.40086364746094,170.5728302001953,89.21028900146484,89.76541137695312,83.26448822021484,120.41634368896484,129.70835876464844,20.200794219970703,5.3320698738098145,45.97304502732645
caltech_inline_skate_003,data/processed/caltech_inline_skate_003.png,291.0,300.0,0.97,87300.0,171.302978515625,89.19082641601562,0.0,255.0,202.072509765625,0.14373424971363116,0.4593012600229095,255.0,0.5206612673533813,0.9999999960784314,19.994699478149414,255.0,158.8874969482422,6.733388273384693,6.733388273384693,0.5662772050400916,98.87090301513672,136.8057403564453,1456.2283935546875,1087.1805419921875,1623.223876953125,1.649793515613326,0.786308403113368,2.1064463502602258,31.03985023498535,182.0161895751953,166.97828674316406,165.47268676757812,90.7649917602539,90.66693878173828,86.80870819091797,124.70976257324219,135.64137268066406,10.46423625946045,14.38891315460205,42.178233165575904
caltech_inline_skate_004,data/processed/caltech_inline_skate_004.png,300.0,274.0,1.094890510948905,82200.0,177.77532958984375,85.68181610107422,0.0,255.0,216.06300354003906,0.12599756690997566,0.5032725060827251,255.0,0.4819668500505052,0.9999999960784314,31.0,254.0,140.13699340820312,6.292069905651538,6.292069905651538,0.5426642335766423,98.93245697021484,135.98809814453125,2043.6566162109375,1014.400390625,1609.8046875,1.9018553948607893,0.8139636892232917,1.7791935762577333,1.3609004020690918,180.2388916015625,177.29371643066406,173.7936553955078,85.86406707763672,85.67898559570312,85.8689193725586,125.75301361083984,129.75718688964844,4.18737268447876,3.1555721759796143,12.346227730215274
caltech_inline_skate_005,data/processed/caltech_inline_skate_005.png,300.0,300.0,1.0,90000.0,208.55160522460938,73.35208129882812,0.0,255.0,253.82598876953125,0.04984444444444444,0.6911444444444445,255.0,0.3517214881568842,0.9999999960784314,75.90299987792969,255.0,66.82998657226562,5.030907977618547,5.030907977618547,0.40347777777777777,96.73641204833984,179.73138427734375,5969.5615234375,1299.1099853515625,2228.68359375,3.850479375696766,0.8028641853491846,6.003904647215135,25.34094262123108,207.5601806640625,208.00991821289062,213.94107055664062,75.56987762451172,74.1189193725586,65.0772476196289,131.04147338867188,127.29285430908203,8.468856811523438,3.60691237449646,20.187329166185375
caltech_inline_skate_006,data/processed/caltech_inline_skate_006.png,300.0,286.0,1.048951048951049,85800.0,144.4856414794922,69.20494842529297,0.2280000001192093,255.0,164.23800659179688,0.11206293706293706,0.0721095571095571,254.7719999998808,0.478974569636673,0.9982133582582963,37.15690231323242,214.31298828125,131.9560089111328,6.857628982741445,6.857628982741445,0.45663170163170164,90.24917602539062,139.86923217773438,3125.036376953125,1070.6431884765625,1489.270263671875,2.2782927390433088,0.7921832296950337,3.9989316856522468,6.1615729331970215,140.0539093017578,145.7245635986328,149.72987365722656,67.2147445678711,70.20084381103516,70.65254211425781,130.95950317382812,124.83899688720703,3.407909393310547,5.068244934082031,15.375277429662304
caltech_inline_skate_007,data/processed/caltech_inline_skate_007.png,300.0,300.0,1.0,90000.0,190.88450622558594,72.27266693115234,0.2280000001192093,255.0,225.77099609375,0.02228888888888889,0.5305666666666666,254.7719999998808,0.37861986801129455,0.9982133582582963,77.83000183105469,255.0,127.7719955444336,6.296707466878997,6.296707466878997,0.2775,50.87141036987305,104.20008087158203,1118.70849609375,489.3465576171875,1094.44140625,0.9756744704570786,0.8700106223819051,2.0019308143496333,1.4658983945846558,189.84947204589844,190.87913513183594,193.62686157226562,73.51576232910156,72.23597717285156,69.4093246459961,129.54762268066406,127.2617416381836,2.450495958328247,1.9098869562149048,7.3326129826732425
caltech_inline_skate_008,data/processed/caltech_inline_skate_008.png,300.0,250.0,1.2,75000.0,191.85879516601562,73.78382110595703,0.0,255.0,232.0,0.023466666666666667,0.5491733333333333,255.0,0.38457356441511187,0.9999999960784314,74.12899780273438,255.0,127.14926147460938,5.999607740483885,5.999607740483885,0.32626666666666665,65.73037719726562,131.01914978027344,3246.880126953125,653.8624877929688,1312.97998046875,2.090135785057733,0.835017640233622,4.216075027250385,9.620553731918335,190.5572509765625,191.7742919921875,195.7076873779297,75.3871078491211,73.86575317382812,69.54607391357422,130.17205810546875,127.0716552734375,4.18149471282959,2.162332773208618,10.829414484603337
caltech_inline_skate_009,data/processed/caltech_inline_skate_009.png,300.0,225.0,1.3333333333333333,67500.0,30.810226440429688,55.30984878540039,0.0,255.0,0.0,0.7500296296296296,0.008666666666666666,255.0,1.7951782047808544,0.9999999960784314,0.0,125.90240478515625,39.986000061035156,4.072893202716081,4.072893202716081,0.3420148148148148,73.35305786132812,136.1096649169922,3803.474609375,842.4405517578125,1479.0457763671875,2.28096595131921,0.8351813301118554,5.041853227737575,9.07782357931137,30.915822982788086,30.05997085571289,34.39641571044922,55.910213470458984,54.68339538574219,60.0678825378418,130.02381896972656,128.0753173828125,9.427990913391113,2.9143078327178955,20.79845619993795
caltech_inline_skate_010,data/processed/caltech_inline_skate_010.png,300.0,277.0,1.0830324909747293,83100.0,168.01853942871094,96.41885375976562,0.0,255.0,238.17550659179688,0.16095066185318893,0.5190854392298435,255.0,0.5738584177302472,0.9999999960784314,27.172000885009766,255.0,190.18174743652344,5.6474396679755525,5.6474396679755525,0.46957882069795426,98.7118911743164,167.1094207763672,3644.032470703125,1232.16748046875,2088.908935546875,2.8479586470880993,0.7819642456032244,4.448305511300208,7.50322151184082,163.85137939453125,168.66307067871094,175.62950134277344,99.42647552490234,96.17853546142578,90.34280395507812,132.2951202392578,125.02770233154297,4.8870110511779785,4.025043487548828,16.024959144097387
caltech_joshua_tree_001,data/processed/caltech_joshua_tree_001.png,232.0,300.0,0.7733333333333333,69600.0,75.6819076538086,34.94960403442383,0.0,253.80398559570312,72.88800048828125,0.11521551724137931,0.0005459770114942528,253.80398559570312,0.46179601778139134,0.9999999960599516,34.805999755859375,122.12229919433594,45.97975158691406,7.068904885503016,7.068904885503016,0.6518247126436781,92.69607543945312,98.44796752929688,5269.12353515625,589.9976196289062,624.2893676757812,2.745148993934599,0.6472811379250176,10.020631140822855,74.40945243835449,62.4883918762207,76.2783203125,107.2149887084961,41.18959426879883,34.47547912597656,61.509986877441406,145.79519653320312,118.58950805664062,27.04751205444336,15.810885429382324,74.93759496505902
caltech_joshua_tree_002,data/processed/caltech_joshua_tree_002.png,285.0,300.0,0.95,85500.0,102.24800109863281,61.12100601196289,0.0,254.41299438476562,112.31199645996094,0.24256140350877192,0.003649122807017544,254.41299438476562,0.5977721300901601,0.9999999960693832,8.670999526977539,175.10000610351562,108.88800811767578,7.5255181095176,7.5255181095176,0.47327485380116957,94.68777465820312,137.99026489257812,3866.1845703125,872.8531494140625,1233.3486328125,2.6338787185354686,0.7548428374563665,5.28190082478217,75.8109359741211,97.36246490478516,100.37767028808594,124.69230651855469,58.077667236328125,63.300045013427734,87.01631927490234,140.66607666015625,124.51531982421875,25.2591495513916,20.114124298095703,73.27547125689823
caltech_joshua_tree_003,data/processed/caltech_joshua_tree_003.png,300.0,268.0,1.1194029850746268,80400.0,144.79502868652344,70.68844604492188,0.0,255.0,158.74900817871094,0.09349502487562189,0.18486318407960198,255.0,0.4881966335305851,0.9999999960784314,46.80860137939453,253.0489959716797,80.52500915527344,7.263013660449704,7.263013660449704,0.4742537313432836,77.17356872558594,124.09295654296875,2179.16015625,703.1097412109375,1300.048828125,1.7205614553091033,0.7974331936435246,3.0929492552259883,12.755069732666016,134.4749755859375,146.10263061523438,165.1294708251953,66.8138427734375,71.80303192138672,87.96207427978516,139.4754180908203,120.63905334472656,20.455074310302734,12.463452339172363,56.35117418655832
caltech_joshua_tree_004,data/processed/caltech_joshua_tree_004.png,214.0,300.0,0.7133333333333334,64200.0,84.65213775634766,78.33401489257812,0.0,255.0,70.14399719238281,0.42909657320872274,0.11415887850467289,255.0,0.9253636829902805,0.9999999960784314,6.0980000495910645,228.96432495117188,113.66724395751953,7.325411278768863,7.325411278768863,0.4864797507788162,102.60231018066406,186.02796936035156,7818.55224609375,1660.3128662109375,3005.521484375,4.525132247483521,0.7667254622066978,8.562153360032829,11.068911075592041,67.20448303222656,89.04730224609375,107.7826156616211,76.05485534667969,78.35714721679688,92.66860961914062,141.05331420898438,115.55518341064453,17.039520263671875,10.617505073547363,51.42463321486437
caltech_joshua_tree_005,data/processed/caltech_joshua_tree_005.png,300.0,273.0,1.098901098901099,81900.0,132.87432861328125,64.8553695678711,0.0,255.0,136.0,0.09527472527472527,0.1084004884004884,255.0,0.48809555432284624,0.9999999960784314,41.0,220.0,106.99998474121094,7.744085794464366,7.744085794464366,0.5805738705738706,88.69691467285156,108.50053405761719,1244.398681640625,670.2084350585938,951.8247680664062,1.3124080884604932,0.7530096843680628,2.78710228026059,0.0,132.87432861328125,132.87432861328125,132.87432861328125,64.8553695678711,64.8553695678711,64.8553695678711,128.0,128.0,0.0,8.081758551270468e-07,0.0
caltech_joshua_tree_006,data/processed/caltech_joshua_tree_006.png,258.0,300.0,0.86,77400.0,90.36853790283203,74.3740005493164,0.0,254.20199584960938,65.17000579833984,0.3736175710594315,0.07554263565891473,254.20199584960938,0.8230076689553031,0.9999999960661206,9.843000411987305,207.89100646972656,130.34124946594238,7.705354217118687,7.705354217118687,0.7278294573643411,83.27544403076172,91.59038543701172,1730.5821533203125,610.4772338867188,1100.3863525390625,1.3268549101475091,0.7050899398942108,4.918364951163847,5.20213395357132,91.02947235107422,93.4732437133789,72.64862060546875,73.73059844970703,77.10090637207031,63.710418701171875,118.00003814697266,128.4713897705078,8.786880493164062,4.58644437789917,25.80949175658863
caltech_joshua_tree_007,data/processed/caltech_joshua_tree_007.png,297.0,300.0,0.99,89100.0,123.98036193847656,60.193321228027344,1.4240000247955322,222.83900451660156,145.8560028076172,0.2008080808080808,3.367003367003367e-05,221.41500449180603,0.48550689642598804,0.987300620346563,14.790800094604492,180.09999084472656,70.04925537109375,6.960749330021756,6.960749330021756,0.21994388327721662,38.33577346801758,89.81730651855469,852.9734497070312,379.80938720703125,924.1575317382812,0.7372309480733392,0.891341010258695,1.632782876286834,30.54203701019287,140.84678649902344,110.21540069580078,150.6204833984375,67.97911834716797,55.837501525878906,75.72114562988281,143.033935546875,140.0302734375,17.779626846313477,13.6062593460083,57.26023285038251
caltech_joshua_tree_008,data/processed/caltech_joshua_tree_008.png,252.0,300.0,0.84,75600.0,181.8170623779297,59.21360397338867,8.072999954223633,254.77198791503906,202.83349609375,0.027843915343915344,0.3979365079365079,246.69898796081543,0.3256768252290256,0.9385721562434726,85.13400268554688,239.9429931640625,80.88749694824219,7.474587888384513,7.474587888384513,0.8270899470899471,119.95780181884766,118.48269653320312,8375.9775390625,1049.456298828125,1295.866943359375,4.282260637335989,0.5715454210775468,13.07590209815111,33.205143451690674,203.11837768554688,174.69383239746094,162.62615966796875,49.301551818847656,63.5887451171875,65.5257339477539,117.169921875,143.19351196289062,6.855189323425293,9.163200378417969,35.373524316414006
caltech_joshua_tree_009,data/processed/caltech_joshua_tree_009.png,293.0,300.0,0.9766666666666667,87900.0,126.70967102050781,92.85436248779297,0.0,255.0,119.9520034790039,0.3000568828213879,0.2833105802047782,255.0,0.7328119551344479,0.9999999960784314,11.364700317382812,240.85198974609375,189.13299751281738,7.613404627164899,7.613404627164899,0.6608418657565416,125.08071899414062,164.2700653076172,3339.37939453125,1714.6533203125,2372.851318359375,2.8952319743845654,0.707655518592269,4.670238439913172,12.962121486663818,127.91387176513672,125.86072540283203,127.92256164550781,90.53240203857422,93.2577896118164,98.14493560791016,128.68447875976562,128.85891723632812,6.931130886077881,4.607472896575928,17.47562221689712
caltech_joshua_tree_010,data/processed/caltech_joshua_tree_010.png,209.0,300.0,0.6966666666666667,62700.0,115.0966796875,69.03520965576172,0.29899999499320984,254.77198791503906,93.99800109863281,0.09481658692185008,0.1651196172248804,254.47298792004585,0.5998019164705525,0.9976555507447484,40.810997009277344,232.6949920654297,100.2975082397461,7.687237985588173,7.687237985588173,0.7734290271132377,115.96393585205078,123.66848754882812,4460.86181640625,870.7083129882812,1116.5911865234375,2.9348659373616446,0.637829382920822,7.303771979346941,9.526449203491211,120.3243408203125,114.40473937988281,104.94851684570312,68.64602661132812,68.59021759033203,73.84403228759766,122.2730484008789,131.7287139892578,6.725189208984375,3.8677611351013184,19.697910595706603
caltech_kangaroo_001,data/processed/caltech_kangaroo_001.png,300.0,204.0,1.4705882352941178,61200.0,132.5989990234375,59.52151870727539,12.833000183105469,254.5439910888672,151.17300415039062,0.09893790849673202,0.02514705882352941,241.71099090576172,0.44888361674488253,0.9040081902780035,40.03569793701172,197.14300537109375,103.69700622558594,7.5626566593453575,7.5626566593453575,0.5559640522875817,65.53687286376953,82.78349304199219,464.1551513671875,494.3560791015625,892.818359375,0.69107734432719,0.8272061166674509,1.259782064458377,2.84622323513031,141.71890258789062,129.3632354736328,125.34053802490234,61.09517288208008,59.324981689453125,57.9150390625,123.90380859375,134.50491333007812,3.8632590770721436,4.3569536209106445,16.83707406748689
caltech_kangaroo_002,data/processed/caltech_kangaroo_002.png,300.0,254.0,1.1811023622047243,76200.0,186.975830078125,46.139869689941406,0.2280000001192093,255.0,198.0709991455078,0.0210498687664042,0.2761679790026247,254.7719999998808,0.24676916489095624,0.9982133582582963,128.6531982421875,229.98101806640625,44.21275329589844,7.1840535077794865,7.1840535077794865,0.825249343832021,125.07842254638672,145.03895568847656,7638.5703125,1105.10302734375,1430.1121826171875,4.426430569886579,0.6279020155795818,9.047978939972971,18.98897886276245,173.50022888183594,196.83168029785156,171.57064819335938,45.001991271972656,48.11738967895508,43.854061126708984,119.30635070800781,118.38829040527344,6.04213809967041,6.2949090003967285,26.16115586246093
caltech_kangaroo_003,data/processed/caltech_kangaroo_003.png,279.0,300.0,0.93,83700.0,107.72502136230469,38.28016662597656,0.29899999499320984,252.37799072265625,106.83100128173828,0.03506571087216249,0.003882915173237754,252.07899072766304,0.35535074197739613,0.9976333381764547,58.620296478271484,157.76730346679688,51.974998474121094,7.296989352666835,7.296989352666835,0.9006690561529271,115.295654296875,80.87745666503906,9456.0009765625,727.5704345703125,485.4637451171875,4.296303146931158,0.5047619129900103,17.444942376316803,12.055665493011475,115.95165252685547,108.00273895263672,84.71812438964844,38.51166915893555,39.042293548583984,35.97162628173828,115.01644134521484,133.86776733398438,4.363062381744385,3.692528486251831,20.219826832176352
caltech_kangaroo_004,data/processed/caltech_kangaroo_004.png,300.0,248.0,1.2096774193548387,74400.0,147.94395446777344,60.98141860961914,0.0,255.0,150.17098999023438,0.044798387096774195,0.16353494623655915,255.0,0.4121927010590351,0.9999999960784314,67.15299987792969,242.85400390625,76.22125244140625,7.689308963765119,7.689308963765119,0.8949059139784946,196.67868041992188,200.403076171875,10784.8232421875,2211.6259765625,2459.0400390625,7.172979006611364,0.5628318164224038,7.667658883284698,3.7350879907608032,153.4814453125,146.67626953125,139.94757080078125,61.48060989379883,60.981258392333984,60.973854064941406,123.48736572265625,131.94972229003906,4.326014041900635,3.818920612335205,15.444098638501554
caltech_kangaroo_005,data/processed/caltech_kangaroo_005.png,276.0,300.0,0.92,82800.0,85.3033218383789,34.705902099609375,0.0,254.41299438476562,84.02100372314453,0.0760024154589372,0.012403381642512078,254.41299438476562,0.40685287448140073,0.9999999960693832,45.323097229003906,119.94000244140625,31.87999725341797,6.954988926294774,6.954988926294774,0.645012077294686,74.05015563964844,80.2405776977539,862.8077392578125,414.8470764160156,754.0003051757812,0.9104112029117704,0.7853700562381698,1.8719979607672856,70.84589004516602,91.47590637207031,82.83228302001953,81.83750915527344,38.089881896972656,35.39454650878906,35.1793327331543,126.04412841796875,132.4027099609375,9.034055709838867,8.804863929748535,29.03127890867713
caltech_kangaroo_006,data/processed/caltech_kangaroo_006.png,245.0,300.0,0.8166666666666667,73500.0,128.72657775878906,41.431278228759766,1.1740000247955322,253.9739990234375,134.93299865722656,0.028108843537414965,0.008326530612244898,252.79999899864197,0.3218548852012504,0.990797493810858,72.96400451660156,173.0634002685547,61.92100524902344,7.2923317785457185,7.2923317785457185,0.3465578231292517,46.56861877441406,76.00006103515625,740.0136108398438,279.1609802246094,592.9555053710938,0.6839307179091825,0.8517644693487054,1.7529635490539326,28.806843757629395,137.0436553955078,127.47469329833984,113.3586654663086,39.69792556762695,42.63044738769531,42.49726867675781,119.32736206054688,133.93226623535156,5.961809158325195,4.590426921844482,21.609398999580627
caltech_kangaroo_007,data/processed/caltech_kangaroo_007.png,164.0,300.0,0.5466666666666666,49200.0,97.2649154663086,52.91737747192383,0.0,255.0,88.28500366210938,0.11355691056910569,0.03103658536585366,255.0,0.5440541090708054,0.9999999960784314,37.115997314453125,169.65370178222656,74.5150032043457,7.627942031094757,7.627942031094757,0.5534756097560976,83.77388763427734,107.70702362060547,2686.013916015625,666.7697143554688,1086.8519287109375,1.8121305810796984,0.7575833029652943,4.854501305018346,12.222895622253418,112.27483367919922,93.13587188720703,79.15774536132812,56.032073974609375,51.47010803222656,54.5789794921875,117.78150177001953,138.70606994628906,6.442714214324951,4.743399620056152,25.330680571601505
caltech_kangaroo_008,data/processed/caltech_kangaroo_008.png,287.0,300.0,0.9566666666666667,86100.0,81.06800079345703,32.11764907836914,0.0,251.57998657226562,85.39949798583984,0.11010452961672473,0.003925667828106853,251.57998657226562,0.39618158049827923,0.999999996025121,35.207801818847656,110.2719955444336,26.47125244140625,6.705865693357254,6.705865693357254,0.622973286875726,60.10797882080078,73.7895278930664,1022.912353515625,309.5063171386719,872.8367919921875,0.8598792035112284,0.811706093437286,2.165803252224651,12.428089618682861,80.94336700439453,86.32638549804688,54.318817138671875,36.53853988647461,33.256675720214844,27.915246963500977,112.9045181274414,127.91107940673828,8.793081283569336,8.44485855102539,34.10218670216297
caltech_kangaroo_009,data/processed/caltech_kangaroo_009.png,283.0,300.0,0.9433333333333334,84900.0,114.63676452636719,25.771169662475586,36.92399978637695,218.18699645996094,117.10800170898438,8.244994110718492e-05,2.3557126030624262e-05,181.26299667358398,0.22480719465648263,0.7105260009569658,75.74299621582031,145.86300659179688,35.944007873535156,6.662214344719276,6.662214344719276,0.4749234393404005,38.732826232910156,34.674007415771484,160.31427001953125,101.24154663085938,160.15606689453125,0.29298695057364743,0.869746091282349,1.0286925799876596,0.0,127.5247573852539,112.61756134033203,91.23110961914062,25.396997451782227,26.787261962890625,22.77289390563965,114.7914047241211,137.1925811767578,4.2958903312683105,1.4556193351745605,18.7598720495644
caltech_kangaroo_010,data/processed/caltech_kangaroo_010.png,274.0,300.0,0.9133333333333333,82200.0,125.86659240722656,53.332340240478516,0.0,255.0,120.36949920654297,0.03759124087591241,0.07665450121654502,255.0,0.42372117014343913,0.9999999960784314,60.82400131225586,203.88031005859375,69.98799896240234,7.701024634103388,7.701024634103388,0.9452189781021898,158.5021209716797,109.97447204589844,8314.1064453125,1222.00927734375,1023.6549682617188,4.687153329233623,0.485388027695023,12.725856048816665,23.015853881835938,129.64476013183594,128.7276153564453,101.22538757324219,56.73936080932617,53.573631286621094,53.38444137573242,114.0941390991211,130.69482421875,4.604015827178955,11.586625099182129,34.84224719052871
caltech_ketch_001,data/processed/caltech_ketch_001.png,300.0,225.0,1.3333333333333333,67500.0,153.66171264648438,42.716583251953125,5.004000186920166,255.0,151.83200073242188,0.007081481481481481,0.09340740740740741,249.99599981307983,0.277991063865312,0.9615082793797259,97.05889892578125,213.73020935058594,50.15199279785156,7.387829166492842,7.387829166492842,0.4291111111111111,53.7775993347168,85.72004699707031,1638.9508056640625,342.8226623535156,699.5123901367188,1.1213508570234114,0.825468863160636,2.8505365247153196,63.02841758728027,130.3470001220703,159.38418579101562,185.34605407714844,50.89729690551758,41.365943908691406,39.65916442871094,145.88055419921875,111.3703842163086,13.144204139709473,10.509370803833008,49.08164318945277
caltech_ketch_002,data/processed/caltech_ketch_002.png,246.0,300.0,0.82,73800.0,171.91200256347656,53.496158599853516,0.0,255.0,181.0,0.0425609756097561,0.1791869918699187,255.0,0.3111833815612571,0.9999999960784314,89.0,231.0,51.0,7.357883591041613,7.357883591041613,0.7623441734417344,82.96988677978516,101.4330062866211,2265.302490234375,538.0234985351562,1018.4258422851562,1.6768540525272835,0.6917580723123766,4.6936136411621305,0.0,171.91200256347656,171.91200256347656,171.91200256347656,53.496158599853516,53.496158599853516,53.496158599853516,128.0,128.0,0.0,1.2238392628205474e-06,0.0
caltech_ketch_003,data/processed/caltech_ketch_003.png,220.0,300.0,0.7333333333333333,66000.0,139.5196533203125,68.5477294921875,0.0,255.0,136.68850708007812,0.0686060606060606,0.18016666666666667,255.0,0.4913123518412253,0.9999999960784314,50.784000396728516,237.04100036621094,114.5360107421875,7.906226180966382,7.906226180966382,0.8829242424242424,163.93087768554688,153.18032836914062,11440.4677734375,1653.5897216796875,1701.13427734375,6.324685724242007,0.509199387744768,14.6801344319398,16.604345321655273,141.2496795654297,137.96063232421875,143.00958251953125,67.27494049072266,68.66057586669922,75.43946838378906,129.969482421875,129.23397827148438,9.406041145324707,7.558993339538574,25.916050026551243
caltech_ketch_004,data/processed/caltech_ketch_004.png,192.0,300.0,0.64,57600.0,108.45414733886719,45.8209114074707,7.290999889373779,252.57199096679688,115.8949966430664,0.11050347222222222,0.028541666666666667,245.2809910774231,0.42249109056024614,0.9438858120019705,37.13999938964844,158.84568786621094,44.569000244140625,7.116663158011227,7.116663158011227,0.2584201388888889,39.61585235595703,82.29264831542969,519.6392822265625,286.05908203125,658.9523315429688,0.5795675721719288,0.9000234867003314,0.9224917262386676,7.102073788642883,106.6363525390625,107.1689224243164,119.83966827392578,46.0775032043457,46.14613342285156,46.965877532958984,134.42523193359375,126.70342254638672,7.383042812347412,5.198566436767578,22.1141011917576
caltech_ketch_005,data/processed/caltech_ketch_005.png,300.0,239.0,1.2552301255230125,71700.0,172.89344787597656,61.32075881958008,0.2280000001192093,255.0,189.1750030517578,0.07442119944211995,0.24209205020920502,254.7719999998808,0.35467369769208507,0.9982133582582963,57.836002349853516,228.1400146484375,47.134002685546875,7.287842140598507,7.287842140598507,0.3596094839609484,65.63368225097656,115.01412200927734,1134.4490966796875,740.7650756835938,1355.6026611328125,1.1513055016159912,0.8538904014655955,1.4635513720844022,44.018043518066406,164.41883850097656,169.91455078125,210.45932006835938,60.636985778808594,61.135093688964844,71.87671661376953,149.19972229003906,121.95536804199219,15.988255500793457,6.965768814086914,47.83217961143749
caltech_ketch_006,data/processed/caltech_ketch_006.png,223.0,300.0,0.7433333333333333,66900.0,70.8420639038086,29.040630340576172,8.77400016784668,245.531005859375,62.18400192260742,0.048011958146487295,0.0071898355754858,236.75700569152832,0.4099348371621914,0.9309962413212928,50.044002532958984,107.09239196777344,25.95975112915039,6.194548162492495,6.194548162492495,0.20227204783258595,33.28056716918945,78.39386749267578,1019.9605102539062,267.20233154296875,747.30224609375,0.7344113267173308,0.9041165605850489,1.6445210454865227,7.206507325172424,63.870147705078125,67.66254425048828,105.49980926513672,26.225460052490234,30.557310104370117,33.029048919677734,147.55856323242188,123.02717590332031,7.029138565063477,4.651097297668457,28.99551852484659
caltech_ketch_007,data/processed/caltech_ketch_007.png,300.0,236.0,1.271186440677966,70800.0,113.32559204101562,76.26935577392578,0.2280000001192093,255.0,99.51350402832031,0.23570621468926553,0.09954802259887005,254.7719999998808,0.6730108683068777,0.9982133582582963,24.826000213623047,214.94020080566406,143.76876068115234,7.727651893484609,7.727651893484609,0.7115254237288136,99.09264373779297,134.13710021972656,5747.09375,975.2182006835938,1612.2254638671875,3.3414052418990097,0.647282823923337,8.941273278156478,68.5613899230957,100.06539916992188,111.82421112060547,155.8353271484375,74.45816040039062,78.09676361083984,75.70187377929688,151.98968505859375,118.54196166992188,11.009446144104004,6.530989170074463,41.108263027348386
caltech_ketch_008,data/processed/caltech_ketch_008.png,233.0,300.0,0.7766666666666666,69900.0,145.3989715576172,50.261295318603516,1.1959999799728394,255.0,131.18450927734375,0.006924177396280401,0.14572246065808298,253.80400002002716,0.3456784765015206,0.9906633946244435,98.69450378417969,242.25518798828125,41.09550476074219,7.096511712244219,7.096511712244219,0.44293276108726753,78.62738037109375,124.62174224853516,1988.7567138671875,889.479736328125,1454.79345703125,1.681150432954536,0.803573949636076,2.5405849438867456,60.36577796936035,131.77093505859375,144.5236053466797,185.65005493164062,52.200416564941406,51.96778869628906,49.759944915771484,150.71505737304688,118.27958679199219,17.3087215423584,8.46407699584961,53.25690513122342
caltech_ketch_009,data/processed/caltech_ketch_009.png,300.0,212.0,1.4150943396226414,63600.0,204.00990295410156,53.645896911621094,1.7610000371932983,254.77198791503906,221.16400146484375,0.02110062893081761,0.5513364779874214,253.01098787784576,0.26295731663934524,0.9862707674019952,129.93199157714844,247.93701171875,60.28950500488281,6.871804566282918,6.871804566282918,0.5156289308176101,87.41390228271484,141.39871215820312,6255.07421875,913.889892578125,1548.06982421875,3.5146164044385326,0.7546063969739543,7.043353079193655,46.40136432647705,207.03256225585938,208.0939483642578,175.05288696289062,53.8759765625,53.755043029785156,56.06940841674805,111.6585693359375,130.15594482421875,8.29017448425293,5.2071380615234375,29.477810636532105
caltech_ketch_010,data/processed/caltech_ketch_010.png,283.0,300.0,0.9433333333333334,84900.0,106.4957504272461,41.20692443847656,9.184000015258789,250.83599853515625,98.78799438476562,0.0408716136631331,0.004216725559481743,241.65199851989746,0.3869349141747461,0.9293592759700154,60.52239990234375,172.28968811035156,32.01500701904297,7.0527496403221726,7.0527496403221726,0.23342756183745583,35.963829040527344,72.9520492553711,338.509765625,249.1924591064453,629.6149291992188,0.4528739294936257,0.9044709311062007,0.7655734858646505,12.714068412780762,135.63372802734375,99.25222778320312,67.3702621459961,29.17314910888672,45.22048568725586,57.71434783935547,105.9201431274414,148.7831268310547,11.595520973205566,11.370001792907715,51.78825560439041
caltech_lamp_001,data/processed/caltech_lamp_001.png,225.0,300.0,0.75,67500.0,220.03884887695312,67.82247924804688,0.0,255.0,255.0,0.018933333333333333,0.7901333333333334,255.0,0.30822956621511866,0.9999999960784314,93.90249633789062,255.0,11.228012084960938,3.4405637103685294,3.4405637103685294,0.1808,50.1745491027832,154.77105712890625,4890.5634765625,840.9019775390625,2194.418701171875,2.799471568588417,0.9100567759289877,3.8466314347511394,7.630343914031982,220.7096710205078,219.57769775390625,220.6538848876953,66.82354736328125,68.7275161743164,66.0093002319336,128.34707641601562,128.47848510742188,2.885305166244507,1.2340890169143677,6.645265891030146
caltech_lamp_002,data/processed/caltech_lamp_002.png,198.0,300.0,0.66,59400.0,97.26486206054688,63.077144622802734,0.0,254.42999267578125,67.01100158691406,0.07767676767676768,0.07493265993265993,254.42999267578125,0.6485090570017822,0.9999999960696457,43.781002044677734,202.80099487304688,95.82600402832031,7.286403474445049,7.286403474445049,0.6995622895622896,70.61067199707031,92.46039581298828,3280.7353515625,537.752197265625,1200.8658447265625,1.835269416573762,0.675737645002489,8.235302574803278,18.439414024353027,121.8074951171875,91.30267333984375,63.59432601928711,69.12443542480469,63.323062896728516,51.531333923339844,108.99856567382812,145.5054168701172,11.023030281066895,9.435413360595703,45.34823927944041
caltech_lamp_003,data/processed/caltech_lamp_003.png,229.0,300.0,0.7633333333333333,68700.0,156.82119750976562,34.26994323730469,4.109000205993652,253.23399353027344,156.2659912109375,0.0005967976710334789,0.10746724890829694,249.12499332427979,0.21852876755798176,0.9680659602939286,115.02099609375,217.17300415039062,36.79399108886719,6.770130993551673,6.770130993551673,0.0797962154294032,20.770030975341797,72.84302520751953,539.0524291992188,142.0912322998047,544.8018188476562,0.4568591971664102,0.9547679164702243,0.5712297059405357,0.0,131.14048767089844,166.0601043701172,176.6044158935547,42.37923049926758,32.673072814941406,26.03925132751465,139.1643524169922,109.68281555175781,8.410731315612793,7.858485221862793,36.92179741629191
caltech_lamp_004,data/processed/caltech_lamp_004.png,204.0,300.0,0.68,61200.0,167.18711853027344,45.659568786621094,14.017000198364258,245.1379852294922,175.81100463867188,0.03150326797385621,0.1334640522875817,231.12098503112793,0.27310458434181756,0.8918253444275029,103.02499389648438,219.864013671875,44.85575866699219,6.777007164930899,6.777007164930899,0.1861437908496732,30.308635711669922,71.2143325805664,187.4943389892578,261.6251220703125,808.3920288085938,0.3429762138969297,0.9215648609401852,0.5555415346803819,28.685494661331177,180.5982208251953,164.776123046875,144.4268341064453,41.36763381958008,47.836090087890625,53.70809555053711,115.15560150146484,137.56568908691406,11.730952262878418,8.293338775634766,38.76635069123569
caltech_lamp_005,data/processed/caltech_lamp_005.png,203.0,300.0,0.6766666666666666,60900.0,134.14544677734375,64.98046112060547,3.5169999599456787,255.0,138.0500030517578,0.07727422003284072,0.12126436781609196,251.48300004005432,0.4844030281852041,0.9727909541973172,43.96600341796875,221.18238830566406,107.7175064086914,7.899049903530294,7.899049903530294,0.526551724137931,60.10374450683594,84.35029602050781,507.65521240234375,464.75335693359375,1168.12109375,0.6939987993436646,0.8347748188880604,1.3059857556531882,202.06102752685547,150.5841064453125,124.25206756591797,141.97230529785156,64.14018249511719,67.92352294921875,58.640724182128906,132.4169464111328,139.72515869140625,12.306068420410156,8.556656837463379,38.311680061978606
caltech_lamp_006,data/processed/caltech_lamp_006.png,216.0,300.0,0.72,64800.0,130.5985870361328,60.958740234375,14.310999870300293,252.947998046875,129.84100341796875,0.07486111111111111,0.10736111111111112,238.6369981765747,0.4667641599425983,0.8929053807109759,45.96699905395508,217.297119140625,97.05799865722656,7.793253050354339,7.793253050354339,0.6781635802469136,88.9085464477539,102.61534881591797,877.6712646484375,647.0918579101562,1016.265380859375,1.1283391739332074,0.7918437310535881,1.3135853250776512,18.110655546188354,183.28201293945312,110.91680908203125,93.7640151977539,62.083961486816406,68.05271911621094,35.33047103881836,107.21299743652344,165.5773162841797,19.73528480529785,13.049942016601562,74.84920351481327
caltech_lamp_007,data/processed/caltech_lamp_007.png,210.0,300.0,0.7,63000.0,140.64874267578125,72.88021850585938,9.479999542236328,255.0,129.00601196289062,0.00780952380952381,0.2633809523809524,245.52000045776367,0.5181718414340082,0.9283121595372017,52.14780044555664,240.023193359375,148.90249633789062,7.613991081567491,7.613991081567491,0.5156984126984127,59.64340591430664,85.53231811523438,575.3765258789062,395.47265625,824.5244750976562,0.7296305791843547,0.8315824005349449,1.4814026828492626,14.773643016815186,161.08526611328125,136.20191955566406,109.94486999511719,77.11937713623047,74.11854553222656,67.1302490234375,110.67276000976562,142.57667541503906,15.389833450317383,13.178728103637695,55.04287347019344
caltech_lamp_008,data/processed/caltech_lamp_008.png,192.0,300.0,0.64,57600.0,122.3023452758789,52.32484436035156,1.1959999799728394,255.0,109.7750015258789,0.03529513888888889,0.04805555555555555,253.80400002002716,0.4278318932845472,0.9906633946244435,58.83899688720703,194.2080078125,76.12650299072266,7.555585966288188,7.555585966288188,0.6166493055555555,83.66691589355469,113.91960906982422,4108.53076171875,741.8136596679688,1236.875732421875,2.476438444465846,0.7169941509800994,6.095636837348807,12.310397148132324,141.33001708984375,113.41313934326172,118.16800689697266,52.059574127197266,53.23329162597656,51.657958984375,125.6668472290039,141.57180786132812,3.8214271068573,6.38019323348999,24.40994043694978
caltech_lamp_009,data/processed/caltech_lamp_009.png,288.0,300.0,0.96,86400.0,121.5169906616211,85.99224853515625,0.0,254.70098876953125,108.24250030517578,0.28791666666666665,0.2172337962962963,254.70098876953125,0.7076561669220068,0.9999999960738276,19.0939998626709,230.91500854492188,174.9075050354004,7.665751872540676,7.665751872540676,0.41480324074074076,61.844478607177734,120.4447250366211,1357.9031982421875,732.10693359375,1625.318603515625,1.3213262162751822,0.850381372720878,1.4844661411571625,21.74425220489502,127.1648178100586,119.25629425048828,118.34443664550781,76.17362213134766,91.25613403320312,96.34882354736328,126.2096176147461,132.0283966064453,16.98429298400879,15.733382225036621,50.1039290030889
caltech_lamp_010,data/processed/caltech_lamp_010.png,222.0,300.0,0.74,66600.0,129.98501586914062,54.91568374633789,1.0260000228881836,255.0,113.64200592041016,0.01608108108108108,0.013498498498498499,253.97399997711182,0.4224770290380696,0.9919851849516139,62.237998962402344,192.15301513671875,109.22898864746094,6.69699693060414,6.69699693060414,0.48226726726726726,74.35426330566406,119.52637481689453,2591.781005859375,574.384521484375,953.8878784179688,1.9352496220399042,0.7893170039547893,2.807130061480981,242.94188690185547,128.05593872070312,125.81354522705078,156.5238800048828,64.53130340576172,57.53404235839844,39.872337341308594,142.97679138183594,126.62408447265625,26.48884391784668,12.217191696166992,67.11296103104546
caltech_laptop_001,data/processed/caltech_laptop_001.png,300.0,300.0,1.0,90000.0,170.31558227539062,101.58525085449219,0.0,255.0,254.41299438476562,0.1813,0.5641444444444444,255.0,0.5964530602595219,0.9999999960784314,9.961000442504883,255.0,189.97149658203125,4.698068361378772,4.698068361378772,0.2464888888888889,61.090267181396484,145.8960723876953,6516.6689453125,930.3218383789062,1844.37646484375,3.3025641025641033,0.8518226881920559,6.828002137825581,2.8310928344726562,167.24403381347656,170.880126953125,175.46461486816406,104.46987915039062,101.00806427001953,97.43546295166016,130.90579223632812,125.8091812133789,4.764804363250732,3.2447259426116943,13.835818663526435
caltech_laptop_002,data/processed/caltech_laptop_002.png,300.0,225.0,1.3333333333333333,67500.0,131.0057830810547,83.5181655883789,0.0,255.0,96.0,0.20020740740740742,0.29789629629629627,255.0,0.6375151003768301,0.9999999960784314,27.772001266479492,235.0709991455078,166.07100296020508,7.129760657626074,7.129760657626074,0.2723259259259259,44.928775787353516,90.9286117553711,713.1957397460938,366.0586853027344,933.7407836914062,0.7260612922705318,0.8863136131556579,1.0371309530849484,0.4818737357854843,132.51644897460938,130.79446411132812,128.1317138671875,84.18366241455078,83.39929962158203,82.7681884765625,126.3780746459961,129.0775146484375,3.2960901260375977,2.3084280490875244,9.304901967935738
caltech_laptop_003,data/processed/caltech_laptop_003.png,300.0,254.0,1.1811023622047243,76200.0,93.12972259521484,65.85492706298828,0.0,255.0,67.0,0.10375328083989502,0.12303149606299213,255.0,0.7071311340858744,0.9999999960784314,39.0,224.0,54.0,7.029770197655367,7.029770197655367,0.596509186351706,80.0510025024414,107.86456298828125,2609.071044921875,699.1770629882812,1358.643798828125,1.7633222848132113,0.757166813462454,4.406351495112519,0.0,93.12972259521484,93.12972259521484,93.12972259521484,65.85492706298828,65.85492706298828,65.85492706298828,128.0,128.0,0.0,8.259206083494064e-07,0.0
caltech_laptop_004,data/processed/caltech_laptop_004.png,300.0,265.0,1.1320754716981132,79500.0,211.0545654296875,57.20579528808594,0.0,255.0,249.86900329589844,0.00879245283018868,0.6106163522012579,255.0,0.2710474180009934,0.9999999960784314,126.1925048828125,255.0,87.2659912109375,5.10597230140247,5.10597230140247,0.3937106918238994,60.83087921142578,105.61028289794922,1494.203125,556.7260131835938,1076.849853515625,1.1496641471508169,0.8308803799465666,3.201271006780848,14.222648620605469,209.52403259277344,210.33338928222656,218.78221130371094,58.600643157958984,57.92036056518555,51.80350112915039,132.36097717285156,126.9083251953125,7.360177040100098,3.3286757469177246,18.81091019625992
caltech_laptop_005,data/processed/caltech_laptop_005.png,300.0,245.0,1.2244897959183674,73500.0,167.2374725341797,95.77396392822266,0.0,255.0,216.01699829101562,0.16385034013605443,0.5149387755102041,255.0,0.572682437161122,0.9999999960784314,4.5879998207092285,255.0,159.19500732421875,5.373684998810665,5.373684998810665,0.33081632653061227,100.25914001464844,209.8491668701172,6429.88232421875,1800.436767578125,3210.279052734375,4.26107308831751,0.8583632013742045,5.8790011078095,2.379403382539749,166.8528289794922,168.02255249023438,164.20384216308594,93.23677825927734,97.33704376220703,95.60956573486328,126.28801727294922,127.72564697265625,2.4296557903289795,5.318447113037109,13.44509571213868
caltech_laptop_006,data/processed/caltech_laptop_006.png,300.0,266.0,1.1278195488721805,79800.0,77.86000061035156,48.643280029296875,0.0,254.77198791503906,76.27099609375,0.16100250626566415,0.026152882205513785,254.77198791503906,0.6247531341282391,0.9999999960749217,3.0,139.1708984375,12.111007690429688,5.201875510748204,5.201875510748204,0.26857142857142857,38.4973258972168,87.47261047363281,555.0419311523438,357.9423522949219,1048.51513671875,0.5919829804206997,0.9079646695240622,0.9715053455474536,45.9814510345459,121.86029815673828,63.79631423950195,34.87135314941406,56.29404067993164,51.92588806152344,64.0020751953125,103.74003601074219,159.38394165039062,20.151338577270508,26.20240592956543,92.99209800531068
caltech_laptop_007,data/processed/caltech_laptop_007.png,300.0,259.0,1.1583011583011582,77700.0,188.75735473632812,69.77545928955078,10.85200023651123,255.0,206.8979949951172,0.002586872586872587,0.47164736164736165,244.14799976348877,0.36965690167337856,0.9183605864463145,87.69499969482422,255.0,130.9199981689453,5.435605960924129,5.435605960924129,0.3025997425997426,50.21468734741211,97.52859497070312,1556.0128173828125,458.3575134277344,966.7523803710938,1.0675105017016038,0.863922967312941,2.9833081402007826,69.26791000366211,201.71212768554688,187.38897705078125,161.82542419433594,65.462158203125,73.12853240966797,95.447509765625,112.80139923095703,137.24020385742188,32.71440124511719,17.04450798034668,84.5768024400027
caltech_laptop_008,data/processed/caltech_laptop_008.png,265.0,300.0,0.8833333333333333,79500.0,165.40631103515625,56.43223190307617,9.809000015258789,255.0,162.7790069580078,0.01952201257861635,0.2505911949685535,245.1909999847412,0.3411733881780872,0.9259164116200599,93.12190246582031,251.73300170898438,86.08050537109375,7.406512190130297,7.406512190130297,0.40688050314465407,82.69815063476562,132.51205444335938,2196.54931640625,719.0166015625,1038.6041259765625,1.8369706279842655,0.8229224410908695,2.4211063171495386,60.16813278198242,152.4910888671875,165.43687438964844,199.12313842773438,61.3890495300293,57.17965316772461,56.753578186035156,147.02755737304688,118.78800201416016,20.434904098510742,11.363443374633789,59.504424081429065
caltech_laptop_009,data/processed/caltech_laptop_009.png,284.0,300.0,0.9466666666666667,85200.0,152.40969848632812,73.01349639892578,14.187999725341797,255.0,136.7310028076172,0.005211267605633803,0.2929929577464789,240.8120002746582,0.47906069393880957,0.8945866815228654,64.89959716796875,255.0,164.0189971923828,6.903860843328367,6.903860843328367,0.4575117370892019,91.85563659667969,148.76890563964844,4561.8447265625,947.3167724609375,1562.22705078125,2.9802746770438326,0.7858776391723307,5.418891648924541,250.41527557373047,158.26441955566406,143.7305450439453,181.7439727783203,68.53718566894531,82.8356704711914,55.519588470458984,144.55433654785156,132.17599487304688,27.99280548095703,9.149292945861816,68.9995100493024
caltech_laptop_010,data/processed/caltech_laptop_010.png,300.0,291.0,1.0309278350515463,87300.0,181.3190155029297,76.34864807128906,0.2280000001192093,255.0,191.0,0.05153493699885452,0.4606758304696449,254.7719999998808,0.42107358369691716,0.9982133582582963,65.85790252685547,255.0,129.8300018310547,5.976319589077704,5.976319589077704,0.4589232531500573,90.58567810058594,149.9068145751953,3450.72998046875,1013.5142211914062,1739.0875244140625,2.5054672192056238,0.7839027727804492,4.438427978052108,31.193960189819336,184.49183654785156,179.98716735839844,179.8552703857422,74.30953979492188,77.28593444824219,78.66361236572266,127.1739501953125,130.26304626464844,4.716623783111572,5.7459397315979,16.901370375047694
caltech_llama_001,data/processed/caltech_llama_001.png,184.0,300.0,0.6133333333333333,55200.0,112.5068130493164,58.059661865234375,11.884000778198242,250.8909912109375,90.80599975585938,0.020471014492753622,0.11447463768115942,239.00699043273926,0.5160546261649931,0.9095499831014013,54.88300323486328,219.0272979736328,83.47600555419922,7.386042890510577,7.386042890510577,0.7240579710144928,75.84097290039062,73.84454345703125,860.2542114257812,404.9532470703125,627.992919921875,0.885777182090826,0.7573434128453143,2.483044095857211,14.228849411010742,123.4459457397461,108.77831268310547,103.01407623291016,58.785728454589844,58.01729202270508,64.10700225830078,122.64292907714844,135.80252075195312,9.685649871826172,10.168183326721191,34.717896083253216
caltech_llama_002,data/processed/caltech_llama_002.png,300.0,225.0,1.3333333333333333,67500.0,93.89472961425781,62.452552795410156,0.0,254.70098876953125,78.8740005493164,0.23971851851851853,0.018518518518518517,254.70098876953125,0.6651337342026178,0.9999999960738276,21.131900787353516,192.06100463867188,99.56150436401367,7.69675374034662,7.69675374034662,0.8039111111111111,98.24483489990234,95.35636138916016,3503.68701171875,595.1583862304688,801.3212280273438,2.1640111549078935,0.6601548603564432,6.709986780797103,12.850962162017822,95.41407775878906,94.95222473144531,84.4646224975586,66.24555206298828,60.47671127319336,64.653564453125,122.67827606201172,129.08370971679688,6.528103828430176,4.4834818840026855,19.286643749925748
caltech_llama_003,data/processed/caltech_llama_003.png,300.0,234.0,1.2820512820512822,70200.0,117.88432312011719,76.94210052490234,0.0,254.10299682617188,144.23599243164062,0.25816239316239314,0.027393162393162394,254.10299682617188,0.6526915355302277,0.999999996064588,9.0,197.93899536132812,153.06999969482422,7.238816811264643,7.238816811264643,0.4424643874643875,50.426055908203125,78.32950592041016,2269.575439453125,346.1218566894531,863.30322265625,1.230561148094127,0.7966995538679986,5.264311928698242,2.5721959471702576,115.27247619628906,120.45975494384766,111.47343444824219,74.7470932006836,77.87384033203125,80.57579803466797,124.38212585449219,126.1370620727539,9.509746551513672,5.137942314147949,24.12615140798844
caltech_llama_004,data/processed/caltech_llama_004.png,300.0,226.0,1.3274336283185841,67800.0,84.82535552978516,54.79597854614258,0.0,255.0,62.888999938964844,0.06367256637168142,0.05663716814159292,255.0,0.6459858323955502,0.9999999960784314,44.167999267578125,173.0544891357422,45.73750686645508,7.0648342883966055,7.0648342883966055,0.6885398230088495,126.15896606445312,153.3116912841797,9036.4404296875,1322.1129150390625,1676.9051513671875,5.017208774797234,0.6400157005929482,10.447675834682927,18.98488140106201,87.61669921875,81.9123306274414,92.5037612915039,55.310142517089844,55.41494369506836,52.57722473144531,132.33319091796875,129.990966796875,6.863748073577881,4.06072473526001,18.927200104305776
caltech_llama_005,data/processed/caltech_llama_005.png,260.0,300.0,0.8666666666666667,78000.0,119.09117889404297,55.338294982910156,1.9890000820159912,254.41299438476562,119.031005859375,0.07348717948717949,0.03192307692307692,252.42399430274963,0.46467164933746885,0.984485295612501,44.928001403808594,191.0989990234375,94.02224731445312,7.71320130741119,7.71320130741119,0.8201153846153846,98.52626037597656,90.95624542236328,863.3641967773438,591.6517333984375,843.5208740234375,1.1223482111609189,0.7237216308114734,2.0961879249622686,10.361573219299316,116.80065155029297,121.51969146728516,112.59398651123047,59.80677795410156,54.45165252685547,51.02086639404297,124.33341979980469,126.36625671386719,7.956527233123779,5.583883285522461,22.06723330046523
caltech_llama_006,data/processed/caltech_llama_006.png,224.0,300.0,0.7466666666666667,67200.0,127.84224700927734,71.63069915771484,0.0,254.77198791503906,126.01750183105469,0.13816964285714287,0.15488095238095237,254.77198791503906,0.5603053784889381,0.9999999960749217,26.90070152282715,231.9625244140625,112.68849182128906,7.955510501299994,7.955510501299994,0.8574107142857142,140.94232177734375,132.8981475830078,12706.2255859375,1418.501220703125,1420.5987548828125,5.949325790216801,0.501974537883645,20.52199913522241,36.28415393829346,123.55863189697266,131.41683959960938,120.67131042480469,73.58026123046875,73.15848541259766,78.13691711425781,123.95319366455078,124.94462585449219,19.52850914001465,16.715749740600586,55.42302955511591
caltech_llama_007,data/processed/caltech_llama_007.png,210.0,300.0,0.7,63000.0,68.65211486816406,63.14317321777344,0.0,254.08799743652344,56.06299591064453,0.39571428571428574,0.05746031746031746,254.08799743652344,0.919755675688573,0.9999999960643556,7.13100004196167,183.32699584960938,72.08374404907227,7.3029300599423905,7.3029300599423905,0.5929523809523809,75.48163604736328,108.35604095458984,1066.8516845703125,548.0752563476562,1094.15478515625,1.163616215973196,0.8100433566090138,1.5256736582233188,4.897166609764099,71.08924102783203,70.61096954345703,52.1735725402832,63.503658294677734,64.26558685302734,58.078697204589844,118.70059967041016,129.73831176757812,7.566996097564697,2.983022928237915,21.794889686101094
caltech_llama_008,data/processed/caltech_llama_008.png,266.0,300.0,0.8866666666666667,79800.0,119.84288024902344,67.4084701538086,0.0,253.40399169921875,126.80500793457031,0.12640350877192982,0.14809523809523809,253.40399169921875,0.5624737110061586,0.9999999960537322,36.76669692993164,230.88009643554688,91.7959976196289,7.504915666334736,7.504915666334736,0.6036215538847117,77.90355682373047,95.5527114868164,5212.5439453125,564.0770263671875,925.9624633789062,2.5528217810570477,0.7005411308007605,9.098737186957544,24.594362258911133,121.39524841308594,122.17720794677734,103.75150299072266,72.63021850585938,68.32671356201172,60.57073974609375,118.91909790039062,129.10723876953125,17.00869369506836,11.463768005371094,46.78877589743574
caltech_llama_009,data/processed/caltech_llama_009.png,202.0,300.0,0.6733333333333333,60600.0,84.6707534790039,66.92257690429688,0.0,254.47299194335938,74.16499328613281,0.3384653465346535,0.05221122112211221,254.47299194335938,0.790385975843547,0.9999999960703099,5.4770002365112305,179.8590087890625,105.1760025024414,7.659462288708623,7.659462288708623,0.7744389438943894,135.49758911132812,132.96365356445312,6812.49658203125,1307.6273193359375,1325.0108642578125,3.9325909427662147,0.6101104537667386,11.091593541684377,26.962864875793457,83.34114074707031,89.702392578125,62.2495231628418,71.13378143310547,67.71421813964844,61.50762176513672,115.34693145751953,127.05162048339844,17.980899810791016,7.458498001098633,46.30040565631005
caltech_lobster_001,data/processed/caltech_lobster_001.png,300.0,276.0,1.0869565217391304,82800.0,102.41947937011719,44.87179183959961,0.0,239.4980010986328,129.0,0.1460144927536232,0.00022946859903381643,239.4980010986328,0.43811774554454586,0.9999999958245999,20.631000518798828,133.0,60.04774475097656,4.854208524249143,4.854208524249143,0.3817512077294686,63.229732513427734,117.2168197631836,3121.22900390625,634.873779296875,1096.8070068359375,1.8689688200898038,0.8211644974676677,5.312744027491661,157.63490104675293,131.78225708007812,89.81844329833984,90.2908935546875,51.38518142700195,56.96528244018555,56.33353805541992,121.15542602539062,148.94349670410156,11.721343994140625,35.22608947753906,92.69331216408958
caltech_lobster_002,data/processed/caltech_lobster_002.png,300.0,280.0,1.0714285714285714,84000.0,144.30018615722656,65.0757064819336,0.29899999499320984,255.0,155.10299682617188,0.04417857142857143,0.1386547619047619,254.7010000050068,0.4509745119805591,0.9976576446141356,59.81500244140625,246.9510040283203,102.00424194335938,7.583655326796931,7.583655326796931,0.6443571428571429,93.43052673339844,110.53484344482422,2132.220458984375,705.2553100585938,939.0498657226562,1.739204385557822,0.7419931290919988,3.625164823440008,112.96682548522949,165.14598083496094,136.2238311767578,131.2119140625,54.71076583862305,71.16313171386719,74.42194366455078,120.61383056640625,142.86859130859375,7.857767581939697,17.328969955444336,50.573777776869036
caltech_lobster_003,data/processed/caltech_lobster_003.png,300.0,197.0,1.5228426395939085,59100.0,58.743289947509766,51.69488525390625,0.0,252.91400146484375,37.777000427246094,0.5152622673434856,0.004923857868020304,252.91400146484375,0.8800134350678167,0.9999999960460869,10.28800106048584,140.068603515625,80.1934986114502,7.034912690815686,7.034912690815686,0.694010152284264,101.32096099853516,111.19422149658203,4817.3955078125,775.4132690429688,941.3253173828125,2.7046370979337535,0.6622928665607853,9.45376963842471,38.61271381378174,89.57487487792969,48.291385650634766,31.696107864379883,82.75963592529297,43.43440628051758,29.981130599975586,112.7363510131836,149.99114990234375,16.105810165405273,25.567136764526367,79.70321274482227
caltech_lobster_004,data/processed/caltech_lobster_004.png,300.0,282.0,1.0638297872340425,84600.0,177.1016845703125,98.03986358642578,0.0,255.0,254.0,0.14052009456264775,0.5938770685579197,255.0,0.5535795058681259,0.9999999960784314,19.47370147705078,255.0,184.09375,4.710526007039835,4.710526007039835,0.3535697399527187,76.1724853515625,160.952392578125,5328.4462890625,1172.6982421875,2435.22412109375,3.0402640520604995,0.843859760261142,6.654797908620649,153.40091514587402,205.55474853515625,164.90235900878906,165.29066467285156,78.25379943847656,112.50761413574219,111.95598602294922,121.33463287353516,148.29461669921875,11.9113187789917,35.82855224609375,93.6036059841363
caltech_lobster_005,data/processed/caltech_lobster_005.png,300.0,273.0,1.098901098901099,81900.0,123.48886108398438,76.17173767089844,0.0,255.0,120.69550323486328,0.16783882783882784,0.14886446886446886,255.0,0.6168308330438278,0.9999999960784314,20.83049964904785,228.97299194335938,132.9742431640625,7.783330999777961,7.783330999777961,0.772954822954823,89.87598419189453,109.002685546875,2403.873291015625,811.814208984375,1918.3082275390625,1.7579169947822189,0.7224762977298786,4.038998980815957,108.69580936431885,150.83200073242188,111.18029022216797,115.15142822265625,75.42190551757812,78.7662353515625,84.10023498535156,123.2948989868164,147.50296020507812,10.889966011047363,19.727006912231445,60.041001163699946
caltech_lobster_006,data/processed/caltech_lobster_006.png,299.0,227.0,1.3171806167400881,67873.0,223.67788696289062,60.92778396606445,23.07200050354004,255.0,255.0,0.00013260059228264553,0.7951173515241702,231.92799949645996,0.2723907334826619,0.834057360116881,94.82760620117188,255.0,11.147994995117188,3.9301289313162195,3.9301289313162195,0.24951011447851135,45.66846466064453,105.98318481445312,740.7772827148438,518.1564331054688,1210.411865234375,0.7926283705110551,0.8965578382852581,1.2873695183641378,0.0,227.787109375,222.32925415039062,219.844482421875,54.0659294128418,63.701385498046875,65.37306213378906,125.8366928100586,130.93096923828125,3.8731844425201416,5.720790386199951,16.653778890237934
caltech_lobster_007,data/processed/caltech_lobster_007.png,300.0,205.0,1.4634146341463414,61500.0,183.6919708251953,78.95179748535156,1.1959999799728394,255.0,244.7620086669922,0.010552845528455285,0.5425853658536586,253.80400002002716,0.4298053785414398,0.9906633946244435,68.85560607910156,253.2880096435547,151.34700775146484,5.563592503064849,5.563592503064849,0.4584878048780488,73.1334228515625,116.14682006835938,994.9114379882812,755.9922485351562,1309.8817138671875,1.1255063513427777,0.8145613043480083,2.2416158214186743,50.11601638793945,203.13221740722656,176.11744689941406,171.70587158203125,58.20835494995117,88.0586929321289,92.08719635009766,121.23585510253906,141.86610412597656,9.382516860961914,18.61915397644043,53.51051349265476
caltech_lobster_008,data/processed/caltech_lobster_008.png,300.0,195.0,1.5384615384615385,58500.0,229.30299377441406,54.17912292480469,0.0,255.0,255.0,0.016273504273504272,0.8113846153846154,255.0,0.2362774327396184,0.9999999960784314,134.2060089111328,255.0,9.960250854492188,3.8823258186022835,3.8823258186022835,0.2714017094017094,51.71614456176758,116.42377471923828,3293.328857421875,679.31396484375,1602.382568359375,1.7848585248033566,0.8919960023109617,2.683563595200288,24.532950401306152,231.0467529296875,229.87567138671875,221.7806396484375,51.3696174621582,53.71453094482422,64.62017059326172,123.75487518310547,129.24375915527344,7.259849548339844,2.4679412841796875,17.843658359224065
caltech_lobster_009,data/processed/caltech_lobster_009.png,300.0,300.0,1.0,90000.0,15.600327491760254,27.59356117248535,0.0,214.00299072265625,0.0,0.8394222222222222,0.0,214.00299072265625,1.768780778370126,0.9999999953271681,0.0,55.78609848022461,25.99700164794922,3.8102699847374284,3.8102699847374284,0.23954444444444445,21.866771697998047,42.71626663208008,130.8760223388672,86.07246398925781,216.66973876953125,0.1757859531772577,0.9408982925703003,0.50219867780442,22.272592306137085,25.0045108795166,11.581022262573242,11.630867004394531,41.579193115234375,22.09031867980957,22.103212356567383,125.75990295410156,134.7076873779297,3.6950714588165283,10.777091979980469,28.6292830150962
caltech_lobster_010,data/processed/caltech_lobster_010.png,300.0,225.0,1.3333333333333333,67500.0,111.32078552246094,76.2122802734375,0.0,255.0,103.71249389648438,0.1914962962962963,0.12051851851851852,255.0,0.6846185932944368,0.9999999960784314,0.0,220.76959228515625,124.8492431640625,7.4135036965830565,7.4135036965830565,0.5713777777777778,65.42731475830078,89.43555450439453,910.1669311523438,534.7031860351562,1170.0574951171875,0.865161284971067,0.8255355146416816,1.9912766877874277,62.98802947998047,133.98622131347656,99.85779571533203,110.89804077148438,82.67782592773438,76.6227035522461,90.06568145751953,127.76143646240234,144.16650390625,16.6273193359375,26.025611877441406,74.77379969263359
caltech_lotus_001,data/processed/caltech_lotus_001.png,237.0,300.0,0.79,71100.0,202.0538787841797,55.40574645996094,0.0,255.0,214.83599853515625,0.024275668073136428,0.4977215189873418,255.0,0.27421273236198984,0.9999999960784314,133.09390258789062,253.7119903564453,75.00851440429688,6.6945883365006775,6.6945883365006775,0.43867791842475384,45.49380111694336,68.56575775146484,2260.57177734375,310.6288146972656,694.9797973632812,1.0844416386405176,0.7869169682860542,6.807117217298744,31.284382820129395,201.5250244140625,202.65728759765625,200.33396911621094,58.31475830078125,55.48274612426758,61.112770080566406,127.0293960571289,127.62278747558594,7.408304691314697,13.214702606201172,32.51966780941391
caltech_lotus_002,data/processed/caltech_lotus_002.png,300.0,296.0,1.0135135135135136,88800.0,117.93236541748047,55.17230987548828,0.2280000001192093,255.0,114.82200622558594,0.11179054054054054,0.04791666666666667,254.7719999998808,0.46783009237835826,0.9982133582582963,22.27400016784668,189.039306640625,63.91224670410156,7.5110951988697545,7.5110951988697545,0.5295157657657658,69.70323944091797,94.80301666259766,876.498046875,450.7474670410156,763.454833984375,0.9648934543352377,0.8090505852718846,1.6815650276487768,10.496567606925964,122.73667907714844,124.99413299560547,68.9695816040039,68.40619659423828,62.84378433227539,58.35099792480469,100.36863708496094,131.42672729492188,24.206207275390625,28.88019371032715,94.88518701027222
caltech_lotus_003,data/processed/caltech_lotus_003.png,300.0,218.0,1.3761467889908257,65400.0,108.3724136352539,59.59090042114258,0.0,255.0,108.33250427246094,0.16460244648318043,0.06880733944954129,255.0,0.5498714836400578,0.9999999960784314,25.15639877319336,202.11639404296875,62.27250671386719,7.669378666099378,7.669378666099378,0.7118960244648318,80.58618927001953,91.88905334472656,1963.1136474609375,531.867919921875,863.3099365234375,1.4331781858014867,0.7323591627365756,4.428457423474838,53.42428016662598,107.61854553222656,112.6358413696289,88.39675903320312,61.42915725708008,61.2103157043457,53.541988372802734,116.72705841064453,127.4622802734375,12.725873947143555,7.261707782745361,36.159015264213096
caltech_lotus_004,data/processed/caltech_lotus_004.png,184.0,300.0,0.6133333333333333,55200.0,28.918087005615234,55.83340072631836,0.0,254.13099670410156,6.789000034332275,0.8670108695652174,0.0198731884057971,254.13099670410156,1.9307431637761383,0.9999999960650215,3.7720000743865967,120.95940399169922,11.36799955368042,5.125782222190128,5.125782222190128,0.17597826086956522,31.023029327392578,90.53691864013672,1254.9019775390625,385.6583251953125,1458.609375,0.8145663741999998,0.9251997311323972,2.291209370861676,11.614772081375122,28.15168571472168,31.46224594116211,17.828006744384766,64.5101547241211,57.473209381103516,30.238975524902344,121.74149322509766,127.45333862304688,17.48389434814453,9.237051963806152,43.33546853834039
caltech_lotus_005,data/processed/caltech_lotus_005.png,234.0,300.0,0.78,70200.0,89.29683685302734,58.914127349853516,10.401000022888184,249.9329833984375,72.0780029296875,0.2534330484330484,0.0501994301994302,239.53198337554932,0.6597560313033661,0.9200949461438338,27.2760009765625,182.789306640625,84.49825286865234,7.485780364956638,7.485780364956638,0.4580769230769231,55.446075439453125,78.41929626464844,250.74993896484375,382.76043701171875,743.0611572265625,0.5214832268622445,0.8561958982041961,0.9292496237654363,13.902770042419434,63.92599868774414,104.60234832763672,77.0296401977539,66.90657806396484,60.825557708740234,41.20691680908203,121.07720947265625,109.90381622314453,13.912192344665527,13.709346771240234,52.537257415020136
caltech_lotus_006,data/processed/caltech_lotus_006.png,294.0,300.0,0.98,88200.0,117.36180114746094,58.82860565185547,0.5870000123977661,220.1409912109375,137.8874969482422,0.09967120181405896,6.802721088435374e-05,219.55399119853973,0.5012585404741776,0.9946812318049463,40.00600051879883,185.75601196289062,112.11800003051758,7.253948089659318,7.253948089659318,0.24863945578231292,31.468984603881836,57.1601676940918,267.2891540527344,180.14332580566406,506.0632019042969,0.3449149075544471,0.9051857811113295,1.04491680832268,15.648531913757324,111.54336547851562,123.20526885986328,102.53368377685547,66.90184020996094,54.64395523071289,66.21800994873047,119.63199615478516,123.84989929199219,10.307140350341797,9.64702320098877,34.69220778274441
caltech_lotus_007,data/processed/caltech_lotus_007.png,243.0,300.0,0.81,72900.0,56.490596771240234,44.59495162963867,0.0,254.114013671875,49.26700210571289,0.44641975308641973,0.002345679012345679,254.114013671875,0.7894225479827066,0.9999999960647585,9.989999771118164,121.61979675292969,69.88075065612793,6.987231079330195,6.987231079330195,0.44175582990397805,44.63839340209961,58.99814987182617,238.8159637451172,238.61874389648438,498.1931457519531,0.3902701840767282,0.8782820127897535,0.7958878745320866,24.637588500976562,56.92947769165039,63.81452560424805,17.627639770507812,59.500858306884766,47.82344055175781,33.99503707885742,106.06831359863281,128.31301879882812,17.331024169921875,20.772430419921875,69.27063862649734
caltech_lotus_008,data/processed/caltech_lotus_008.png,300.0,229.0,1.3100436681222707,68700.0,95.93345642089844,72.38934326171875,0.0,254.10299682617188,64.77299499511719,0.2221688500727802,0.10676855895196506,254.10299682617188,0.7545786966075637,0.999999996064588,21.138900756835938,216.82000732421875,129.51699829101562,7.469304018016569,7.469304018016569,0.6952692867540029,94.757568359375,122.11152648925781,3178.95068359375,1067.5909423828125,1919.4217529296875,2.1984772498554688,0.703966093389649,5.858857447085839,21.964709281921387,94.09247589111328,97.09784698486328,94.76644897460938,79.02657318115234,68.72343444824219,78.15118408203125,127.34142303466797,126.6868667602539,8.633320808410645,8.1875638961792,25.43942034628882
caltech_lotus_009,data/processed/caltech_lotus_009.png,300.0,200.0,1.5,60000.0,106.86653137207031,76.79966735839844,3.0219998359680176,254.41299438476562,101.63699340820312,0.33466666666666667,0.024066666666666667,251.3909945487976,0.71865031693,0.9765222258661699,13.711999893188477,192.08200073242188,174.97800064086914,6.227310193188178,6.227310193188178,0.40386666666666665,63.338111877441406,116.20735168457031,804.9520263671875,859.1607666015625,1650.6541748046875,1.081596723864585,0.8410957071048237,0.8643565192256252,13.750312328338623,126.198486328125,99.59715270996094,93.59346771240234,82.94705200195312,77.64010620117188,79.1110610961914,120.50955200195312,141.78883361816406,12.269984245300293,21.3872127532959,61.48177162011848
caltech_lotus_010,data/processed/caltech_lotus_010.png,300.0,225.0,1.3333333333333333,67500.0,118.58541870117188,40.596580505371094,9.735000610351562,233.89599609375,114.83200073242188,0.008666666666666666,0.00042962962962962963,224.16099548339844,0.3423404041379795,0.9200840516839728,64.72810363769531,171.25399780273438,56.81599426269531,7.250723044277384,7.250723044277384,0.4526962962962963,38.541282653808594,41.02836990356445,217.75,156.654541015625,292.93377685546875,0.3089263981791157,0.887504574879819,0.9833025121759646,22.162034034729004,119.3078384399414,120.11756896972656,108.80146789550781,51.94251251220703,36.232486724853516,56.415565490722656,122.47857666015625,128.5152587890625,12.668295860290527,14.369003295898438,43.17216989529562
caltech_mandolin_001,data/processed/caltech_mandolin_001.png,300.0,203.0,1.477832512315271,60900.0,227.8691864013672,59.00027847290039,0.0,255.0,255.0,0.017487684729064038,0.8195073891625616,255.0,0.2589217047980152,0.9999999960784314,125.814697265625,255.0,4.69000244140625,3.416875811679827,3.416875811679827,0.22816091954022988,38.60080337524414,95.57206726074219,1519.1068115234375,421.3497009277344,1151.5887451171875,0.9517734871004276,0.886262569971811,3.048397633054689,19.93733501434326,232.23941040039062,226.89532470703125,221.42144775390625,53.38513946533203,60.705387115478516,70.732666015625,124.36132049560547,131.1171417236328,10.219871520996094,10.016390800476074,32.184779760217474
caltech_mandolin_002,data/processed/caltech_mandolin_002.png,300.0,230.0,1.3043478260869565,69000.0,166.989990234375,52.85714340209961,0.8860000371932983,253.74598693847656,171.1790008544922,0.044144927536231886,0.15786956521739132,252.85998690128326,0.31652881116637205,0.9930409329618245,95.74839782714844,245.7449951171875,45.19200134277344,7.2011302651575235,7.2011302651575235,0.8098405797101449,102.59307861328125,97.50569915771484,3565.10009765625,686.1105346679688,970.4933471679688,2.256255935285415,0.6315935345826869,7.293402919160943,19.474314212799072,184.00289916992188,165.09890747070312,132.105712890625,50.946434020996094,55.22393035888672,51.320186614990234,108.31361389160156,140.1347198486328,8.310600280761719,8.016767501831055,37.57935393160052
caltech_mandolin_003,data/processed/caltech_mandolin_003.png,300.0,256.0,1.171875,76800.0,56.684200286865234,50.083702087402344,0.0,254.77198791503906,42.794002532958984,0.43020833333333336,0.0403515625,254.77198791503906,0.8835566339541535,0.9999999960749217,13.545899391174316,103.96929931640625,26.91800308227539,6.8045827434185755,6.8045827434185755,0.4184765625,58.5757942199707,102.64515686035156,2133.386962890625,495.3218078613281,1212.662109375,1.440643008694559,0.8259368335470703,3.42657446216175,31.871378421783447,71.96672058105469,51.32434844970703,44.199623107910156,66.08271026611328,49.9302864074707,42.96369171142578,120.95452880859375,138.90052795410156,13.146318435668945,23.001392364501953,63.56651833896389
caltech_mandolin_004,data/processed/caltech_mandolin_004.png,300.0,191.0,1.5706806282722514,57300.0,49.89720916748047,92.99713134765625,0.0,255.0,2.1399998664855957,0.7713089005235602,0.1599825479930192,255.0,1.8637741676440522,0.9999999960784314,0.0,249.08201599121094,11.536499664187431,3.8884085580945276,3.8884085580945276,0.17774869109947644,55.66843795776367,164.24978637695312,2739.6826171875,1090.0322265625,2573.875244140625,2.0663656126342564,0.9136590012114405,3.3188613748242535,6.110749006271362,52.45157241821289,48.6590576171875,49.573020935058594,95.24888610839844,92.99534606933594,89.50619506835938,127.81704711914062,129.82192993164062,6.686517238616943,7.274415016174316,21.484858892104498
caltech_mandolin_005,data/processed/caltech_mandolin_005.png,300.0,172.0,1.744186046511628,51600.0,175.9692840576172,62.295413970947266,0.2280000001192093,255.0,164.31800842285156,0.06013565891472868,0.3707170542635659,254.7719999998808,0.354012996930402,0.9982133582582963,79.77910614013672,243.072998046875,80.23550415039062,6.474823477350427,6.474823477350427,0.44705426356589145,97.41255950927734,160.13714599609375,4756.95751953125,1041.6419677734375,1700.7210693359375,3.349434590208898,0.7688689880347974,4.038056534097866,52.38335990905762,213.1739501953125,167.3766632080078,122.63310241699219,64.18699645996094,71.30391693115234,47.85914611816406,97.90055847167969,154.5368194580078,15.623523712158203,23.867727279663086,84.2093721750447
caltech_mandolin_006,data/processed/caltech_mandolin_006.png,300.0,164.0,1.829268292682927,49200.0,171.21546936035156,45.4881706237793,0.0,251.96800231933594,192.0,0.04280487804878049,0.003638211382113821,251.96800231933594,0.26567792342620583,0.9999999960312421,90.70040130615234,192.25,16.823745727539062,4.517289378438329,4.517289378438329,0.2765447154471545,56.05788803100586,124.67920684814453,4355.017578125,695.7510375976562,1379.34375,2.369881810467364,0.8127066068497811,6.144944077501207,87.4984302520752,181.0666046142578,168.6597137451172,158.53768920898438,37.16584014892578,49.86116409301758,55.092769622802734,120.84549713134766,135.0264892578125,11.04885482788086,11.896597862243652,39.53655927542802
caltech_mandolin_007,data/processed/caltech_mandolin_007.png,300.0,191.0,1.5706806282722514,57300.0,70.39159393310547,49.35447311401367,0.29899999499320984,253.22799682617188,53.93899917602539,0.22577661431064572,0.0293891797556719,252.92899683117867,0.7011415661332324,0.9976412729408477,30.917999267578125,144.99310302734375,35.999996185302734,6.987573690477639,6.987573690477639,0.5556544502617801,58.660457611083984,95.37805938720703,994.296142578125,466.7189636230469,1246.08984375,0.9684409026383218,0.8412831964674314,1.7796024517827602,29.87618350982666,73.12007141113281,69.13607025146484,69.7001724243164,59.3109245300293,49.80064010620117,34.54628372192383,127.60980987548828,129.94613647460938,18.1070613861084,11.53925609588623,44.50320794867706
caltech_mandolin_008,data/processed/caltech_mandolin_008.png,300.0,206.0,1.4563106796116505,61800.0,126.1382827758789,45.95440673828125,1.1740000247955322,254.2449951171875,130.87899780273438,0.0741747572815534,0.015550161812297734,253.07099509239197,0.36431767868296455,0.9908072575452225,51.07640075683594,175.0679931640625,55.831756591796875,7.401423546289387,7.401423546289387,0.4607928802588997,70.17626190185547,107.65612030029297,934.98291015625,549.9415283203125,967.1156005859375,1.0791048697859122,0.8103626155496302,1.9040821232582628,15.120018005371094,119.51696014404297,134.55801391601562,100.15056610107422,45.729454040527344,47.88511657714844,42.705379486083984,113.33424377441406,123.27721405029297,8.89608383178711,6.947230339050293,32.187362192920745
caltech_mandolin_009,data/processed/caltech_mandolin_009.png,300.0,180.0,1.6666666666666667,54000.0,99.26126098632812,72.67057037353516,0.0,254.77198791503906,94.16950225830078,0.2786296296296296,0.10535185185185185,254.77198791503906,0.7321141089617068,0.9999999960749217,8.038999557495117,217.743896484375,109.9675178527832,7.7538253780126105,7.7538253780126105,0.588037037037037,84.3446273803711,112.04733276367188,5029.81689453125,718.7272338867188,1123.714111328125,2.615600408147165,0.682729152248315,10.659116502134326,167.49029922485352,100.99696350097656,97.3927993774414,104.3298110961914,77.1624526977539,81.23674774169922,97.2166519165039,130.8603515625,129.23802185058594,28.94256591796875,39.93925476074219,104.17382849468612
caltech_mandolin_010,data/processed/caltech_mandolin_010.png,300.0,197.0,1.5228426395939085,59100.0,119.42002868652344,56.89605712890625,1.1959999799728394,253.9739990234375,104.63200378417969,0.028578680203045687,0.11934010152284263,252.77799904346466,0.47643646780408544,0.9906258535097633,58.69000244140625,231.16500854492188,68.87950134277344,7.501568911399488,7.501568911399488,0.8121996615905245,96.35907745361328,93.05997467041016,3576.58447265625,617.3739624023438,991.4401245117188,2.184766746401123,0.6391312459334544,6.945920976741514,9.566591739654541,119.49666595458984,120.87104797363281,111.74748229980469,57.8139533996582,56.8519287109375,57.411502838134766,123.67012023925781,128.05467224121094,4.908245086669922,5.632383346557617,18.00441111985559
caltech_mayfly_001,data/processed/caltech_mayfly_001.png,300.0,219.0,1.36986301369863,65700.0,233.21231079101562,21.343578338623047,0.4560000002384186,254.70098876953125,238.0780029296875,0.004063926940639269,0.9495433789954338,254.24498876929283,0.0915199466730954,0.9964257259763891,225.17501831054688,240.75799560546875,5.03900146484375,4.285745253185127,4.285745253185127,0.07992389649923896,19.48069953918457,72.4264144897461,3430.11572265625,216.9141387939453,895.3574829101562,1.4377287924685493,0.9310049348369674,3.456639686527235,61.08369827270508,218.20237731933594,237.69203186035156,249.5138397216797,19.67371368408203,22.100793838500977,23.984651565551758,137.1995086669922,117.29393005371094,3.5295395851135254,3.367198944091797,18.693996624301313
caltech_mayfly_002,data/processed/caltech_mayfly_002.png,300.0,177.0,1.694915254237288,53100.0,147.94229125976562,80.12310028076172,1.4240000247955322,253.61500549316406,171.1110076904297,0.15576271186440677,0.31425612052730695,252.19100546836853,0.5415834718856252,0.988833076600812,28.975000381469727,239.07199096679688,160.92501068115234,7.609381618901651,7.609381618901651,0.2910734463276836,40.03120422363281,86.06114196777344,735.177490234375,356.9510192871094,1208.2178955078125,0.6984550737735616,0.8971137681159598,1.2603124588057237,35.83988380432129,177.94810485839844,135.92288208007812,131.13218688964844,74.22679901123047,84.86167907714844,81.40472412109375,118.51348114013672,149.4021453857422,7.552036762237549,15.51707935333252,51.0933012789831
caltech_mayfly_003,data/processed/caltech_mayfly_003.png,300.0,201.0,1.492537313432836,60300.0,94.6652603149414,34.33784484863281,2.6470000743865967,249.26100158691406,98.16349792480469,0.0991542288557214,0.002537313432835821,246.61400151252747,0.3627290979992587,0.9789843867886517,40.13800048828125,129.92030334472656,32.819000244140625,6.863382894776819,6.863382894776819,0.5244278606965174,53.34572982788086,62.286468505859375,993.6123657226562,226.90623474121094,392.4083557128906,0.7478470873059444,0.8252178539886585,2.408657849917318,7.207647800445557,71.64363098144531,115.48066711425781,47.86547088623047,30.31893539428711,39.86722946166992,28.38074493408203,101.58928680419922,111.57941436767578,11.268794059753418,7.344698905944824,46.39285573230855
caltech_mayfly_004,data/processed/caltech_mayfly_004.png,300.0,169.0,1.7751479289940828,50700.0,140.69747924804688,25.923274993896484,44.04499816894531,241.2209930419922,138.25,0.0,0.0059566074950690336,197.17599487304688,0.18424832447741255,0.6912004944748085,111.07359313964844,174.322998046875,30.55199432373047,6.6980016512011105,6.6980016512011105,0.7525049309664694,74.92919158935547,59.89656066894531,580.7405395507812,280.9516296386719,279.36407470703125,0.7136089220572757,0.7666290713924312,1.8952017108877488,0.0,141.89871215820312,154.05079650878906,68.78911590576172,30.189815521240234,26.641908645629883,26.639535903930664,87.4196548461914,128.8567657470703,13.06253719329834,7.116922378540039,53.86166902542264
caltech_mayfly_005,data/processed/caltech_mayfly_005.png,300.0,261.0,1.1494252873563218,78300.0,93.680419921875,70.44552612304688,0.4560000002384186,255.0,50.95100021362305,0.060689655172413794,0.09669220945083014,254.54399999976158,0.7519770452546864,0.9964299096638721,41.89099884033203,214.6649932861328,118.93749618530273,6.487298648452822,6.487298648452822,0.4013793103448276,75.83586120605469,140.9754180908203,4229.9091796875,942.19287109375,1749.705078125,2.6050194197772916,0.7938644361129447,4.842986511544802,6.573852300643921,97.18952941894531,92.281982421875,91.67745971679688,71.03152465820312,71.74346160888672,63.11275100708008,126.8696517944336,130.5029296875,6.329423427581787,2.448054075241089,15.273554696881192
caltech_mayfly_006,data/processed/caltech_mayfly_006.png,300.0,172.0,1.744186046511628,51600.0,236.6912078857422,57.325172424316406,0.0,255.0,255.0,0.04813953488372093,0.9132558139534884,255.0,0.24219392301971365,0.9999999960784314,228.0,255.0,1.0,2.3941043386508953,2.3941043386508953,0.24201550387596898,108.39073944091797,246.81015014648438,19690.685546875,2180.3017578125,3766.73095703125,9.563602023669876,0.8740275805759182,12.406490507772112,0.0,236.6912078857422,236.6912078857422,236.6912078857422,57.325172424316406,57.325172424316406,57.325172424316406,128.0,128.0,0.0,5.961019269307144e-07,0.0
caltech_mayfly_007,data/processed/caltech_mayfly_007.png,282.0,300.0,0.94,84600.0,185.2331085205078,32.5101432800293,0.29899999499320984,254.42999267578125,194.13101196289062,0.007754137115839243,0.09784869976359338,254.13099268078804,0.17550935339899362,0.9976524031231431,144.64898681640625,214.0172119140625,35.74925231933594,6.701362586541195,6.701362586541195,0.4940070921985816,55.437252044677734,83.20146942138672,1594.886474609375,269.9902648925781,706.0855712890625,1.1193804799640468,0.8213384588138526,2.687582637964018,3.4301904439926147,186.45263671875,186.7918701171875,174.00827026367188,32.102882385253906,32.38719177246094,34.64788818359375,121.66545104980469,128.86985778808594,2.7802140712738037,1.1190595626831055,9.755201219884793
caltech_mayfly_008,data/processed/caltech_mayfly_008.png,300.0,234.0,1.2820512820512822,70200.0,234.03761291503906,55.23812484741211,0.0,255.0,255.0,0.031025641025641027,0.8728490028490028,255.0,0.23602242358984568,0.9999999960784314,171.0,255.0,2.0000152587890625,3.2595341931822865,3.2595341931822865,0.2515242165242165,89.62105560302734,193.6576690673828,14720.3701171875,1398.5975341796875,2672.05078125,6.738416147929118,0.8395280573714847,11.825656516269545,0.0,234.03761291503906,234.03761291503906,234.03761291503906,55.23812484741211,55.23812484741211,55.23812484741211,128.0,128.0,0.0,5.478678417603078e-07,0.0
caltech_mayfly_009,data/processed/caltech_mayfly_009.png,300.0,199.0,1.5075376884422111,59700.0,41.961524963378906,54.36068344116211,0.0,255.0,20.283000946044922,0.8227303182579564,0.01743718592964824,255.0,1.2954887171787872,0.9999999960784314,16.05500030517578,136.02200317382812,6.629997253417969,5.283018447888535,5.283018447888535,0.2506365159128978,57.513038635253906,126.80137634277344,3499.6962890625,966.3236694335938,1806.1636962890625,1.9598284206750445,0.8779775728081183,3.9783826665839315,2.196134775876999,49.98723602294922,37.708038330078125,42.813350677490234,52.82941818237305,55.22971725463867,54.37179946899414,128.480712890625,133.7244873046875,1.7011269330978394,2.652562141418457,10.285264075841999
caltech_mayfly_010,data/processed/caltech_mayfly_010.png,300.0,205.0,1.4634146341463414,61500.0,80.87631225585938,59.61973190307617,0.0,254.70098876953125,69.0050048828125,0.3054308943089431,0.01905691056910569,254.70098876953125,0.7371717317833699,0.9999999960738276,15.565999984741211,181.8968963623047,78.97725296020508,7.371925374502307,7.371925374502307,0.5784390243902439,84.97461700439453,121.09148406982422,5160.94873046875,715.1524658203125,1178.3814697265625,2.8500670542437283,0.7468468060832444,6.866486440195266,37.404457092285156,75.33567810058594,81.3748779296875,92.84110260009766,62.65900802612305,63.10015869140625,42.117767333984375,134.7521514892578,124.04805755615234,13.14443302154541,10.030718803405762,38.38545026507417
caltech_menorah_001,data/processed/caltech_menorah_001.png,272.0,300.0,0.9066666666666666,81600.0,125.81595611572266,53.008358001708984,1.1740000247955322,254.77198791503906,144.04800415039062,0.10150735294117647,0.020196078431372548,253.59798789024353,0.4213166534428785,0.9908261854021748,39.04869842529297,174.1291961669922,67.10226440429688,7.339574490619654,7.339574490619654,0.6293014705882353,100.66877746582031,131.47491455078125,2668.45703125,876.392578125,1114.437744140625,2.1963936386609575,0.7539113738461211,3.2576328187113215,240.71927642822266,105.50955963134766,133.70806884765625,138.4383544921875,45.2335205078125,57.93925857543945,61.72241973876953,135.12326049804688,113.51612854003906,13.403083801269531,13.77737808227539,49.62830507787172
caltech_menorah_002,data/processed/caltech_menorah_002.png,259.0,300.0,0.8633333333333333,77700.0,235.33114624023438,40.39189147949219,0.0,255.0,248.07101440429688,0.01247104247104247,0.897927927927928,255.0,0.17163852704231589,0.9999999960784314,213.88499450683594,254.0,15.12896728515625,4.89096605506424,4.89096605506424,0.16651222651222652,39.473670959472656,120.42787170410156,1016.5076904296875,546.8759155273438,1729.828857421875,0.9841644291543188,0.9264472216134773,1.3385892905852532,7.939955234527588,237.1986083984375,235.4610595703125,229.76422119140625,38.74077224731445,40.80674743652344,44.775238037109375,124.85840606689453,129.33200073242188,6.5263190269470215,3.420215368270874,16.788385988088617
caltech_menorah_003,data/processed/caltech_menorah_003.png,208.0,300.0,0.6933333333333334,62400.0,95.44706726074219,45.16570281982422,1.7939999103546143,248.7760009765625,81.71900177001953,0.05982371794871795,0.012932692307692308,246.98200106620789,0.47320157279677366,0.9856806449547441,50.964298248291016,166.11900329589844,57.962501525878906,7.316576683123511,7.316576683123511,0.7453846153846154,116.44830322265625,134.81326293945312,15053.52734375,1194.7452392578125,1355.131591796875,6.649604522196489,0.5897489011033965,16.602245698480726,50.50244331359863,143.83523559570312,75.90811157226562,69.14273834228516,42.43784713745117,49.45914840698242,42.757041931152344,113.15557098388672,162.513671875,7.641978740692139,11.011738777160645,51.854223041118246
caltech_menorah_004,data/processed/caltech_menorah_004.png,268.0,300.0,0.8933333333333333,80400.0,200.41970825195312,100.95023345947266,0.0,255.0,255.0,0.21235074626865671,0.7853233830845772,255.0,0.5036941418399392,0.9999999960784314,3.0,255.0,14.999984741210938,2.917443799481267,2.917443799481267,0.35213930348258704,223.72830200195312,371.54150390625,36209.78125,5284.939453125,6070.66015625,19.551609279457935,0.8592100268989432,18.498141712147124,0.0,200.41970825195312,200.41970825195312,200.41970825195312,100.95023345947266,100.95023345947266,100.95023345947266,128.0,128.0,0.0,4.975939873474999e-07,0.0
caltech_menorah_005,data/processed/caltech_menorah_005.png,300.0,272.0,1.1029411764705883,81600.0,223.4443359375,53.85234069824219,23.43400001525879,255.0,253.2880096435547,0.0001593137254901961,0.7469240196078432,231.5659999847412,0.24101009422004424,0.831672852957534,123.8082046508789,255.0,41.77601623535156,4.866068109264356,4.866068109264356,0.3688357843137255,88.48824310302734,155.3907012939453,4053.381591796875,1127.290283203125,1639.8458251953125,2.75395134131353,0.8192829004935539,5.116294880515449,0.0,232.11569213867188,222.3064422607422,206.56027221679688,43.19038772583008,55.81642150878906,75.54934692382812,118.47175598144531,134.1849822998047,14.179068565368652,10.191904067993164,42.13138598185054
caltech_menorah_006,data/processed/caltech_menorah_006.png,208.0,300.0,0.6933333333333334,62400.0,65.4121322631836,43.30220031738281,3.2890000343322754,240.4949951171875,47.18400192260742,0.3683173076923077,0.002371794871794872,237.20599508285522,0.6619903396692143,0.9730170922927356,26.91659927368164,133.83999633789062,51.97500228881836,6.867850653381524,6.867850653381524,0.4816826923076923,70.68160247802734,100.48394012451172,1338.5205078125,598.9708251953125,1061.493896484375,1.1862502143898452,0.7958481328358396,2.8039062160488903,11.526806831359863,79.93080139160156,59.022499084472656,60.233463287353516,55.022064208984375,41.7516975402832,27.755722045898438,125.07749938964844,138.35568237304688,14.086821556091309,10.481961250305176,42.37578971924928
caltech_menorah_007,data/processed/caltech_menorah_007.png,201.0,300.0,0.67,60300.0,131.2023162841797,59.744754791259766,18.96700096130371,250.02999877929688,112.16100311279297,0.001525704809286899,0.06144278606965174,231.06299781799316,0.45536356390607563,0.8589798294472882,61.120994567871094,210.17320251464844,118.52500915527344,7.227132581575883,7.227132581575883,0.6770315091210614,103.64067840576172,117.40360260009766,1286.589599609375,978.35791015625,1208.563232421875,1.5158043112198203,0.7182739929538806,2.454410814949015,0.0,131.51275634765625,131.59588623046875,128.36154174804688,51.739952087402344,62.50200271606445,74.8907470703125,126.39685821533203,128.22142028808594,12.161657333374023,12.710280418395996,37.03125015383267
caltech_menorah_008,data/processed/caltech_menorah_008.png,261.0,300.0,0.87,78300.0,229.447509765625,52.43892288208008,1.7939999103546143,255.0,254.5439910888672,0.010051085568326948,0.7998339719029374,253.20600008964539,0.22854430935903747,0.9860277077813754,151.2115020751953,255.0,16.16900634765625,4.283055542227876,4.283055542227876,0.3037420178799489,75.48387908935547,151.62661743164062,6695.7412109375,1026.66455078125,1770.76416015625,3.5125856462794243,0.8296157056230227,7.367006139613972,28.561323165893555,237.10604858398438,229.0132293701172,211.59698486328125,42.37478256225586,54.20323181152344,76.27729034423828,117.92633819580078,133.4625701904297,17.691314697265625,9.987916946411133,47.61100153113059
caltech_menorah_009,data/processed/caltech_menorah_009.png,216.0,300.0,0.72,64800.0,216.8636932373047,86.46387481689453,0.0,255.0,252.99998474121094,0.14183641975308642,0.856820987654321,255.0,0.3987014752330134,0.9999999960784314,6.0,252.99998474121094,0.9999847412109375,2.4430678461579145,2.4430678461579145,0.19353395061728396,108.5156478881836,277.88287353515625,15961.19921875,2909.265625,4912.3037109375,8.521842398866163,0.929253595682517,10.046441288564111,0.0,216.8636932373047,216.8636932373047,216.8636932373047,86.46388244628906,86.46388244628906,86.46388244628906,128.0,128.0,0.0,4.1637170511421573e-07,0.0
caltech_menorah_010,data/processed/caltech_menorah_010.png,292.0,300.0,0.9733333333333334,87600.0,163.334228515625,31.74098014831543,3.0,245.16200256347656,176.03900146484375,0.007522831050228311,0.004931506849315068,242.16200256347656,0.19433146525651562,0.9758222414638699,124.05999755859375,188.0989990234375,33.729248046875,6.363226051659519,6.363226051659519,0.33784246575342464,47.46733856201172,76.13821411132812,991.5303344726562,290.7651062011719,578.3897094726562,0.7600137659616483,0.8507913486868484,2.5087139288704434,28.090250968933105,175.96109008789062,162.83914184570312,132.76565551757812,37.82575225830078,32.337501525878906,42.7867546081543,110.74910736083984,137.0063018798828,18.041044235229492,13.897350311279297,57.80912183910051
caltech_metronome_001,data/processed/caltech_metronome_001.png,218.0,300.0,0.7266666666666667,65400.0,225.92578125,62.38501739501953,15.805999755859375,255.0,255.0,0.004357798165137615,0.82,239.19400024414062,0.2761305804664068,0.8832669866122427,101.07780456542969,255.0,1.3100128173828125,2.793288701991421,2.793288701991421,0.1203822629969419,24.437557220458984,88.44829559326172,369.9555358886719,358.038818359375,1210.9630126953125,0.4486131253617134,0.9529512041567004,0.6216352553824452,8.341402530670166,231.70497131347656,223.6474609375,222.49937438964844,53.31023025512695,67.12181091308594,69.44837188720703,126.06636047363281,132.1221160888672,6.2790207862854,13.410822868347168,34.02407475024685
caltech_metronome_002,data/processed/caltech_metronome_002.png,258.0,300.0,0.86,77400.0,149.35574340820312,46.389591217041016,0.8969999551773071,222.10899353027344,185.97300720214844,0.013630490956072352,2.5839793281653746e-05,221.21199357509613,0.31059797131239864,0.9919553691168976,84.24760437011719,185.9949951171875,74.76950073242188,4.713291467968929,4.713291467968929,0.2069121447028424,25.703128814697266,56.63677978515625,292.6714782714844,162.2296600341797,458.0931396484375,0.30788672705961306,0.9339352150648064,0.6489632906252524,43.85806655883789,164.02940368652344,146.13433837890625,127.4568099975586,34.10436248779297,53.35961151123047,64.54203796386719,115.64169311523438,138.46624755859375,13.716227531433105,19.508609771728516,59.38394179163344
caltech_metronome_003,data/processed/caltech_metronome_003.png,258.0,300.0,0.86,77400.0,149.41221618652344,46.44345474243164,1.4839999675750732,220.0769805908203,185.9840087890625,0.013565891472868217,2.5839793281653746e-05,218.59298062324524,0.3108410785742674,0.9866041352846784,84.07679748535156,185.9949951171875,74.26576232910156,4.620958073980358,4.620958073980358,0.20574935400516794,25.251068115234375,55.28810501098633,269.03436279296875,155.8892364501953,430.44573974609375,0.29129652305259074,0.9347284243089937,0.6004535180864305,42.999942779541016,164.01019287109375,146.21803283691406,127.57166290283203,34.04360580444336,53.477333068847656,64.59466552734375,115.67463684082031,138.41224670410156,13.724364280700684,19.56836700439453,59.462376104710856
caltech_metronome_004,data/processed/caltech_metronome_004.png,258.0,300.0,0.86,77400.0,150.00242614746094,46.25236129760742,3.2890000343322754,219.04901123046875,185.9840087890625,0.012622739018087855,1.2919896640826873e-05,215.76001119613647,0.3083440860069465,0.9704144109157985,84.21619415283203,185.9840087890625,73.74900817871094,4.444602685497854,4.444602685497854,0.19227390180878554,22.848268508911133,50.51087951660156,200.4218292236328,131.0012969970703,362.4286804199219,0.24041234785877197,0.941279589739346,0.48332706027019734,36.48140525817871,164.32908630371094,146.91212463378906,128.33871459960938,33.75680923461914,53.3223991394043,64.4229507446289,115.77444458007812,138.21873474121094,13.699856758117676,19.562868118286133,59.29998624492852
caltech_metronome_005,data/processed/caltech_metronome_005.png,188.0,300.0,0.6266666666666667,56400.0,124.23588562011719,87.7962875366211,0.0,249.6540069580078,111.97999572753906,0.24712765957446808,0.38927304964539006,249.6540069580078,0.7066902319865158,0.9999999959944564,4.049000263214111,218.83599853515625,177.1425018310547,5.904683469515279,5.904683469515279,0.42143617021276597,70.11661529541016,136.72817993164062,3480.497802734375,972.3135986328125,1955.0179443359375,2.163216073527602,0.7824152938475797,6.656610858592881,18.052878856658936,151.1157684326172,114.15423583984375,105.64689636230469,98.18135833740234,83.67959594726562,87.78148651123047,117.50959014892578,147.17251586914062,8.021695137023926,13.499163627624512,46.55517337116576
caltech_metronome_006,data/processed/caltech_metronome_006.png,188.0,300.0,0.6266666666666667,56400.0,126.03778076171875,87.57259368896484,0.0,252.8000030517578,115.156005859375,0.23882978723404255,0.3996808510638298,252.8000030517578,0.6948122417334001,0.9999999960443039,4.185999870300293,218.83599853515625,173.5347442626953,5.803938772986759,5.803938772986759,0.4220035460992908,68.89761352539062,134.75143432617188,3499.369873046875,955.2344970703125,1925.4833984375,2.130668853828509,0.781836345599362,6.889870879144304,17.90950107574463,153.32638549804688,115.78042602539062,107.28157806396484,97.8110122680664,83.48580169677734,87.76078033447266,117.41522979736328,147.4640350341797,7.991490840911865,13.410127639770508,46.55266417488553
caltech_metronome_007,data/processed/caltech_metronome_007.png,242.0,300.0,0.8066666666666666,72600.0,166.05726623535156,118.27426147460938,0.0,255.0,255.0,0.35203856749311296,0.6452479338842976,255.0,0.7122498367203662,0.9999999960784314,0.0,255.0,246.0,3.1493506473626236,3.1493506473626236,0.30717630853994493,144.6778564453125,291.348388671875,34052.4375,3485.802734375,5138.41162109375,15.852735426437558,0.8672537289345559,17.44953127281268,0.0,166.05726623535156,166.05726623535156,166.05726623535156,118.27426147460938,118.27426147460938,118.27426147460938,128.0,128.0,0.0,3.8927154832890665e-07,0.0
caltech_metronome_008,data/processed/caltech_metronome_008.png,300.0,300.0,1.0,90000.0,39.522342681884766,65.4630355834961,0.0,255.0,1.0,0.7285666666666667,0.010888888888888889,255.0,1.6563551015700864,0.9999999960784314,1.0,170.6409912109375,52.96424865722656,4.463347702872046,4.463347702872046,0.3322,58.45079040527344,139.12649536132812,4864.5830078125,756.5487060546875,1870.593505859375,2.6484392419175036,0.8792808874217664,3.9259617137722347,4.081576466560364,43.56396484375,38.91502380371094,32.04908752441406,70.06261444091797,65.35433197021484,56.126094818115234,123.78258514404297,130.88275146484375,7.967806816101074,6.2317891120910645,23.598240569123817
caltech_metronome_009,data/processed/caltech_metronome_009.png,257.0,300.0,0.8566666666666667,77100.0,72.98194885253906,30.88441276550293,4.485000133514404,255.0,63.902000427246094,0.07508430609597924,0.00377431906614786,250.5149998664856,0.42317878362944905,0.9654315231021255,44.65359878540039,110.91500091552734,26.874244689941406,6.42834297385957,6.42834297385957,0.3431517509727626,55.889583587646484,105.21747589111328,3209.66162109375,424.68377685546875,957.2540893554688,1.8324652926326528,0.820653759374234,4.410946112429059,49.630478858947754,131.9066162109375,43.76988220214844,68.8504638671875,49.97356414794922,35.668212890625,28.163143157958984,125.66845703125,170.0290069580078,5.82916784286499,26.290102005004883,84.58273036196115
caltech_metronome_010,data/processed/caltech_metronome_010.png,185.0,300.0,0.6166666666666667,55500.0,135.01727294921875,100.38944244384766,0.0,255.0,105.19000244140625,0.2365045045045045,0.40486486486486484,255.0,0.743530361023324,0.9999999960784314,2.922999858856201,248.07200622558594,201.86649703979492,5.99725664244014,5.99725664244014,0.34872072072072074,64.09807586669922,126.62770080566406,1485.399658203125,919.5499877929688,2014.12451171875,1.3802430021995247,0.8833484563760157,1.421635313975091,18.397616386413574,151.93699645996094,132.00796508789062,106.13555145263672,97.499267578125,106.16070556640625,87.69285583496094,111.70104217529297,140.06825256347656,10.564217567443848,15.890178680419922,52.167550928910174
caltech_minaret_001,data/processed/caltech_minaret_001.png,161.0,300.0,0.5366666666666666,48300.0,92.34622192382812,79.3760986328125,0.0,253.63198852539062,135.87100219726562,0.39026915113871635,0.03881987577639751,253.63198852539062,0.8595489465582794,0.9999999960572797,0.0,169.97500610351562,156.9497528076172,5.348745739347878,5.348745739347878,0.2208902691511387,42.56101989746094,118.06272888183594,2793.069091796875,644.31103515625,1905.5721435546875,1.5596207031980323,0.8894214619753549,4.419212520461834,2.2627533078193665,82.20155334472656,94.44679260253906,108.13765716552734,72.66075897216797,81.11692810058594,98.68343353271484,136.91165161132812,120.7641372680664,20.775964736938477,12.57120132446289,55.75482336050489
caltech_minaret_002,data/processed/caltech_minaret_002.png,206.0,300.0,0.6866666666666666,61800.0,60.742919921875,44.936683654785156,0.0,245.8330078125,71.6780014038086,0.3155501618122977,0.0029611650485436894,245.8330078125,0.7397847020327001,0.999999995932198,0.0,93.9229965209961,63.50999450683594,5.794789350222249,5.794789350222249,0.2500485436893204,38.05944061279297,77.6144027709961,2066.679931640625,276.2315979003906,596.2633666992188,1.0615009201350265,0.8655848314453878,4.502466835300452,4.439631700515747,56.91394805908203,58.39822006225586,82.85877227783203,45.46665954589844,43.96061706542969,55.330322265625,140.48072814941406,125.26892852783203,13.397306442260742,5.228564739227295,36.16596757226755
caltech_minaret_003,data/processed/caltech_minaret_003.png,300.0,226.0,1.3274336283185841,67800.0,108.53299713134766,82.66352844238281,0.0,254.20199584960938,106.0885009765625,0.3352212389380531,0.009970501474926254,254.20199584960938,0.7616441991434036,0.9999999960661206,0.0,202.26499938964844,168.0300064086914,6.565820314546416,6.565820314546416,0.30749262536873156,49.719696044921875,107.7819595336914,2723.4921875,543.0296630859375,1381.908203125,1.5269168797115684,0.8568342352719495,4.884605595449593,17.467947959899902,93.49578094482422,112.99073791503906,125.01927947998047,75.24247741699219,83.07787322998047,102.21577453613281,137.30377197265625,117.27445220947266,13.364066123962402,7.324681282043457,39.32454139777114
caltech_minaret_004,data/processed/caltech_minaret_004.png,199.0,300.0,0.6633333333333333,59700.0,84.7913589477539,55.91794204711914,0.0,253.80398559570312,100.96700286865234,0.2664321608040201,0.0034840871021775545,253.80398559570312,0.659476886342833,0.9999999960599516,0.0,140.87001037597656,113.87525367736816,6.15256244191163,6.15256244191163,0.3335175879396985,61.81829833984375,104.03854370117188,5054.75,486.4398498535156,767.0631713867188,2.4010049352932246,0.7995043086225927,8.551752945894997,5.541530132293701,77.45936584472656,85.47431945800781,100.5050277709961,52.54132080078125,56.471153259277344,65.10527038574219,136.86776733398438,122.77033996582031,8.805545806884766,6.397099018096924,28.19324733700001
caltech_minaret_005,data/processed/caltech_minaret_005.png,237.0,300.0,0.79,71100.0,104.0385971069336,70.68144989013672,0.0,253.63198852539062,105.20800018310547,0.22378340365682137,0.04935302390998594,253.63198852539062,0.6793771847779848,0.9999999960572797,0.0,199.76300048828125,110.99201202392578,7.131887904006716,7.131887904006716,0.2943741209563994,48.03916931152344,96.19303131103516,1823.1614990234375,478.46392822265625,1149.8641357421875,1.1244795717063978,0.8601480224017386,4.004733591831644,15.872058868408203,97.77961730957031,105.63036346435547,112.2584228515625,73.40580749511719,70.84001922607422,81.17595672607422,132.63873291015625,123.53569793701172,18.44901466369629,16.967676162719727,55.06683749753057
caltech_minaret_006,data/processed/caltech_minaret_006.png,196.0,300.0,0.6533333333333333,58800.0,51.403297424316406,46.51102066040039,0.0,252.72000122070312,52.02300262451172,0.4043027210884354,0.0024319727891156462,252.72000122070312,0.9048256062571713,0.9999999960430517,0.0,100.28269958496094,75.1282525062561,6.157730508190065,6.157730508190065,0.1979251700680272,34.66606140136719,84.99799346923828,2403.311279296875,331.3846435546875,866.6722412109375,1.1785457647942126,0.891052331053517,4.237409546788438,49.62971019744873,37.403690338134766,52.74353790283203,81.22048950195312,44.87507247924805,47.34451675415039,63.10464096069336,144.8268585205078,118.01455688476562,18.61487579345703,11.76645278930664,56.06601956893857
caltech_minaret_007,data/processed/caltech_minaret_007.png,225.0,300.0,0.75,67500.0,120.75028228759766,73.41873168945312,0.0,255.0,148.1614990234375,0.2409925925925926,0.07041481481481482,255.0,0.6080211962284814,0.9999999960784314,0.0,196.24729919433594,112.10200500488281,6.55026297774333,6.55026297774333,0.42060740740740743,58.54081726074219,102.04566192626953,2856.278564453125,537.0319213867188,1179.742431640625,1.5639484044035674,0.8140669091458043,5.841673418011719,5.890526533126831,110.58785247802734,120.76647186279297,147.32102966308594,69.75413513183594,73.80469512939453,93.01297760009766,142.99478149414062,120.75148010253906,21.55997085571289,11.643125534057617,59.020184606977594
caltech_minaret_008,data/processed/caltech_minaret_008.png,210.0,300.0,0.7,63000.0,116.29664611816406,82.38375854492188,0.0,241.34600830078125,129.09500122070312,0.283984126984127,0.0033809523809523808,241.34600830078125,0.7083932390691818,0.9999999958565713,0.0,198.0345001220703,177.61999702453613,5.112301223856244,5.112301223856244,0.2866984126984127,48.78873062133789,118.95872497558594,3927.83642578125,645.7800903320312,1608.32861328125,2.023422207083535,0.865794136101955,5.732940609034461,12.978321075439453,128.01268005371094,116.06494903564453,86.76078033447266,85.43695068359375,85.08397674560547,64.90081024169922,111.33190155029297,136.35667419433594,11.802501678466797,9.636055946350098,42.202910390135614
caltech_minaret_009,data/processed/caltech_minaret_009.png,225.0,300.0,0.75,67500.0,123.3759536743164,73.57939147949219,0.0,254.70098876953125,168.79598999023438,0.20930370370370371,0.009288888888888888,254.70098876953125,0.596383563342829,0.9999999960738276,0.0,187.15301513671875,122.30625534057617,6.165853437168865,6.165853437168865,0.3008148148148148,40.70990753173828,88.32354736328125,1304.43017578125,403.3443908691406,1095.0626220703125,0.8487794549954876,0.8818095397339778,2.8187924081318796,5.081428050994873,121.24413299560547,123.22431182861328,129.7481689453125,75.41799926757812,72.0545425415039,82.28589630126953,131.59605407714844,126.47945404052734,11.4735107421875,8.776739120483398,31.649981307398235
caltech_minaret_010,data/processed/caltech_minaret_010.png,207.0,300.0,0.69,62100.0,105.43013763427734,76.44902801513672,0.0,255.0,135.6300048828125,0.3086634460547504,0.04750402576489533,255.0,0.7251155030757181,0.9999999960784314,0.0,197.080810546875,145.93849754333496,6.683654844137605,6.683654844137605,0.3765217391304348,62.72248077392578,110.82814025878906,2973.578369140625,666.1641235351562,1361.3629150390625,1.6905142511057694,0.8204528462339487,5.872079684249528,15.073122024536133,98.08837127685547,107.19112396240234,115.6186294555664,73.21610260009766,78.20056915283203,91.95021057128906,133.74972534179688,122.76336669921875,19.19402503967285,16.635229110717773,56.43100089897501
caltech_nautilus_001,data/processed/caltech_nautilus_001.png,300.0,297.0,1.0101010101010102,89100.0,168.05238342285156,58.476654052734375,0.0,255.0,182.0,0.0413692480359147,0.2121324354657688,255.0,0.3479668214977305,0.9999999960784314,78.0,232.0,75.0,7.570948008724924,7.570948008724924,0.5951964085297419,58.047569274902344,81.73505401611328,1036.864501953125,351.9988708496094,855.5437622070312,0.897490816104946,0.792177925513363,3.2149247544178468,0.0,168.05238342285156,168.05238342285156,168.05238342285156,58.476654052734375,58.476654052734375,58.476654052734375,128.0,128.0,0.0,1.282818743675307e-06,0.0
caltech_nautilus_002,data/processed/caltech_nautilus_002.png,244.0,300.0,0.8133333333333334,73200.0,189.60626220703125,89.63964080810547,0.0,255.0,232.99798583984375,0.1548633879781421,0.6648907103825137,255.0,0.4727672983577967,0.9999999960784314,21.843997955322266,255.0,80.82698059082031,6.118058105657568,6.118058105657568,0.5429644808743169,136.06297302246094,251.61509704589844,14951.4716796875,2971.065185546875,3993.3681640625,8.426917610712387,0.6994190912841939,16.1699120193001,151.51677703857422,201.99383544921875,186.31649780273438,174.05535888671875,80.82644653320312,94.81050872802734,92.50707244873047,119.2240982055664,136.83566284179688,8.28299331665039,13.337233543395996,40.480626803850356
caltech_nautilus_003,data/processed/caltech_nautilus_003.png,300.0,239.0,1.2552301255230125,71700.0,157.08615112304688,85.62919616699219,0.0,255.0,151.02200317382812,0.14280334728033472,0.35553695955369596,255.0,0.5451097694462471,0.9999999960784314,22.794002532958984,255.0,151.18399810791016,6.515392430663486,6.515392430663486,0.4518688981868898,86.75885009765625,168.45733642578125,4165.7392578125,1126.8076171875,2099.00927734375,2.9059218018940958,0.8160290532443473,4.679019408023761,0.78241016715765,160.565185546875,155.49501037597656,156.15431213378906,83.94163513183594,86.45537567138672,85.9920654296875,127.47412872314453,130.48147583007812,0.6774355173110962,2.411203622817993,6.947441302126473
caltech_nautilus_004,data/processed/caltech_nautilus_004.png,300.0,200.0,1.5,60000.0,51.85304260253906,76.94168090820312,0.0,243.4810028076172,2.0,0.6870166666666667,0.039,243.4810028076172,1.483841170404037,0.9999999958929034,2.0,185.93931579589844,118.17949676513672,4.323737380785398,4.323737380785398,0.30311666666666665,48.37200164794922,97.30696105957031,685.698486328125,486.0838928222656,1005.176513671875,0.7205236326560341,0.8835069586593998,1.4833781608170689,4.107629895210266,55.38471603393555,51.93733215332031,42.1561164855957,81.81507873535156,77.31095886230469,65.40071868896484,122.52769470214844,130.51902770996094,11.453831672668457,6.84014368057251,30.400584207603316
caltech_nautilus_005,data/processed/caltech_nautilus_005.png,300.0,292.0,1.0273972602739727,87600.0,43.996368408203125,53.590293884277344,0.0,250.81399536132812,12.0,0.6396461187214612,0.009668949771689498,250.81399536132812,1.218061731118328,0.9999999960129817,7.772000312805176,128.9095916748047,55.680999755859375,6.0326982913064615,6.0326982913064615,0.4179337899543379,84.403076171875,140.5476531982422,3186.80322265625,1145.702880859375,1871.1710205078125,2.2119758114562327,0.8054297018073041,4.903674952159989,9.61832880973816,39.365787506103516,45.07297897338867,50.5978889465332,50.04374694824219,54.8724365234375,58.60087203979492,131.7254638671875,124.6971664428711,7.301804065704346,5.067929267883301,20.981144838370824
caltech_nautilus_006,data/processed/caltech_nautilus_006.png,300.0,239.0,1.2552301255230125,71700.0,217.3784637451172,65.33203125,0.0,255.0,252.0,0.03779637377963738,0.7446443514644352,255.0,0.3005450945962093,0.9999999960784314,108.0,255.0,43.0,4.856167356933268,4.856167356933268,0.48916317991631797,158.214111328125,224.74571228027344,11325.16015625,2203.02685546875,2581.1435546875,6.9376287524287505,0.7138659403769457,11.564203514412275,0.0,217.3784637451172,217.3784637451172,217.3784637451172,65.33203125,65.33203125,65.33203125,128.0,128.0,0.0,7.875482879171614e-07,0.0
caltech_nautilus_007,data/processed/caltech_nautilus_007.png,300.0,268.0,1.1194029850746268,80400.0,97.46466064453125,38.8517951965332,2.32099986076355,251.31100463867188,83.34799194335938,0.008656716417910448,0.0026119402985074628,248.99000477790833,0.3986244300342593,0.9816978905624061,58.657997131347656,155.68780517578125,56.64300537109375,7.024061383428712,7.024061383428712,0.38165422885572137,45.0056266784668,63.443939208984375,403.391845703125,179.68099975585938,371.03582763671875,0.5074294925856736,0.8556407208065072,1.2479157178009184,3.81726336479187,104.3170166015625,92.96869659423828,102.64250946044922,35.50627136230469,41.141761779785156,39.175289154052734,130.9220428466797,132.88755798339844,5.233348369598389,5.724766254425049,19.59173111236045
caltech_nautilus_008,data/processed/caltech_nautilus_008.png,300.0,215.0,1.3953488372093024,64500.0,88.61396789550781,65.23186492919922,0.0,255.0,70.95100402832031,0.32071317829457363,0.050093023255813954,255.0,0.7361352362641561,0.9999999960784314,18.0,186.94410705566406,106.00399971008301,7.712721238733776,7.712721238733776,0.8073643410852713,105.8563232421875,128.05458068847656,1638.257080078125,961.3132934570312,1663.902099609375,1.7821996969055962,0.7084237869813843,3.1328143352489666,6.210766553878784,99.25916290283203,85.52941131591797,76.57640075683594,70.33663940429688,63.762393951416016,60.273311614990234,121.20679473876953,135.59286499023438,4.228519916534424,5.065667152404785,19.89563430361205
caltech_nautilus_009,data/processed/caltech_nautilus_009.png,300.0,252.0,1.1904761904761905,75600.0,172.17831420898438,68.89026641845703,6.578000068664551,255.0,170.76800537109375,0.002552910052910053,0.3696031746031746,248.42199993133545,0.4001100041828165,0.9497052462990738,80.36100769042969,255.0,142.2117462158203,6.956661327439753,6.956661327439753,0.6236111111111111,99.08576965332031,138.553955078125,5552.67919921875,1041.327880859375,1398.9405517578125,3.051334524935772,0.6356961804803416,12.599928717116645,31.31927728652954,193.50257873535156,171.12057495117188,121.69534301757812,52.72270202636719,73.01818084716797,96.61896514892578,99.51073455810547,143.20986938476562,19.191770553588867,14.105319023132324,67.62918957042206
caltech_nautilus_010,data/processed/caltech_nautilus_010.png,297.0,300.0,0.99,89100.0,89.5591049194336,64.60588073730469,0.0,255.0,64.84400177001953,0.22525252525252526,0.054107744107744105,255.0,0.7213770177141278,0.9999999960784314,27.721900939941406,199.03900146484375,90.85249328613281,7.489309075819006,7.489309075819006,0.7551066217732885,97.72100830078125,104.99652099609375,1661.727294921875,679.0663452148438,1087.091064453125,1.537472550081243,0.7036837013177165,3.65694663104164,127.31889724731445,85.56050872802734,89.3752212524414,100.99352264404297,68.24742126464844,65.59222412109375,63.17107009887695,134.4528350830078,125.14793395996094,13.272966384887695,13.510797500610352,43.07423944466426
caltech_octopus_001,data/processed/caltech_octopus_001.png,300.0,223.0,1.345291479820628,66900.0,34.797916412353516,64.15499114990234,0.0,254.77198791503906,0.0,0.7416591928251121,0.0470254110612855,254.77198791503906,1.8436445603818479,0.9999999960749217,0.0,131.01919555664062,42.81100082397461,4.290598586790488,4.290598586790488,0.3777877428998505,83.75737762451172,142.0631866455078,3520.7275390625,929.261962890625,1604.4300537109375,2.369800333988769,0.8242757655771736,4.499460173175382,0.8571992516517639,35.707054138183594,34.8863525390625,31.958026885986328,65.49671173095703,64.36137390136719,59.69105529785156,126.39735412597656,128.64846801757812,2.9621846675872803,1.3952916860580444,7.571290563908727
caltech_octopus_004,data/processed/caltech_octopus_004.png,300.0,223.0,1.345291479820628,66900.0,34.87563705444336,63.97109603881836,0.0,254.77198791503906,0.0,0.7400896860986547,0.04506726457399103,254.77198791503906,1.8342631019095599,0.9999999960749217,0.0,132.18699645996094,42.94199752807617,4.281800579800887,4.281800579800887,0.37705530642750373,81.44193267822266,139.22264099121094,3045.547119140625,901.17529296875,1594.9847412109375,2.1544462405624443,0.8287187757218801,3.9550749589710508,0.8516233563423157,35.807594299316406,34.96925354003906,31.949237823486328,65.40431213378906,64.15900421142578,59.36062240600586,126.3485336303711,128.66473388671875,3.03255295753479,1.4355497360229492,7.76284560584593
caltech_octopus_006,data/processed/caltech_octopus_006.png,300.0,223.0,1.345291479820628,66900.0,34.92721939086914,63.73681640625,0.0,254.77198791503906,0.0,0.7402840059790733,0.04360239162929746,254.77198791503906,1.8248465149237132,0.9999999960749217,0.0,134.1717071533203,42.871002197265625,4.344411607344867,4.344411607344867,0.3875186846038864,87.01923370361328,146.40887451171875,3299.909423828125,1045.47509765625,1796.0167236328125,2.345893466129868,0.8230170194219205,4.25890843693036,0.9630987644195557,35.87147903442383,35.01056671142578,32.02146530151367,65.1145248413086,63.902008056640625,59.39670181274414,126.36017608642578,128.6735076904297,2.9244303703308105,1.4310122728347778,7.566274443864326
caltech_octopus_007,data/processed/caltech_octopus_007.png,300.0,239.0,1.2552301255230125,71700.0,92.61975860595703,53.78343963623047,0.5870000123977661,255.0,73.08799743652344,0.019679218967921897,0.05892608089260809,254.41299998760223,0.5806907712247105,0.995406648146638,48.78900146484375,198.00001525878906,39.82600021362305,6.822161682892642,6.822161682892642,0.1915620641562064,32.94267654418945,73.04891967773438,285.1147766113281,273.071044921875,819.410888671875,0.42205259978636356,0.9101179739716851,0.8917333222089283,2.0540300011634827,93.55310821533203,93.0624008178711,87.89256286621094,53.52289962768555,53.550872802734375,55.74623489379883,125.33229064941406,128.6657257080078,1.5756162405014038,0.8124574422836304,5.187633179963871
caltech_octopus_008,data/processed/caltech_octopus_008.png,300.0,186.0,1.6129032258064515,55800.0,125.80558776855469,73.6629867553711,0.0,255.0,130.90301513671875,0.19132616487455198,0.12611111111111112,255.0,0.5855303208420203,0.9999999960784314,19.22800064086914,222.87130737304688,131.7390022277832,7.92454452206783,7.92454452206783,0.6948924731182796,91.19792175292969,105.51579284667969,1920.1082763671875,767.6717529296875,1128.8935546875,1.5482452755917002,0.7571578830469944,3.6026609963704144,9.561302661895752,124.66756439208984,124.13589477539062,137.3878173828125,71.67637634277344,73.6252670288086,81.5538558959961,134.5362548828125,127.18830108642578,8.181825637817383,6.206169128417969,24.700431119711585
caltech_octopus_009,data/processed/caltech_octopus_009.png,300.0,157.0,1.910828025477707,47100.0,210.3996124267578,69.90375518798828,6.578000068664551,255.0,254.41299438476562,0.012823779193205945,0.6951804670912951,248.42199993133545,0.33224279289050346,0.9497052462990738,85.63600158691406,255.0,88.06298828125,4.680643456726052,4.680643456726052,0.3606369426751592,66.11029815673828,117.73845672607422,3330.87109375,777.1046142578125,1403.7332763671875,1.909050355395551,0.8083948810783481,6.178716820599678,26.416293144226074,218.00601196289062,208.8884735107422,198.23072814941406,61.11030197143555,72.17107391357422,83.95362854003906,121.1326675415039,133.4253692626953,10.728181838989258,8.7420015335083,33.413704748535416
caltech_octopus_010,data/processed/caltech_octopus_010.png,300.0,188.0,1.5957446808510638,56400.0,204.03451538085938,61.3914909362793,1.0,255.0,238.00001525878906,0.0043971631205673755,0.5491666666666667,254.0,0.30088777146746765,0.9921874961242676,109.00000762939453,255.0,93.0,5.245965437579512,5.245965437579512,0.5177482269503546,96.99507904052734,139.9187774658203,11449.4755859375,1033.8731689453125,1443.7928466796875,5.099591999120214,0.714429894352889,13.702845459441894,0.0,204.03451538085938,204.03451538085938,204.03451538085938,61.3914909362793,61.3914909362793,61.3914909362793,128.0,128.0,0.0,7.588703851979517e-07,0.0
caltech_okapi_001,data/processed/caltech_okapi_001.png,300.0,233.0,1.2875536480686696,69900.0,94.29013061523438,61.813720703125,0.0,255.0,79.1259994506836,0.2033047210300429,0.060472103004291844,255.0,0.6555693543346143,0.9999999960784314,24.156700134277344,190.13218688964844,85.10925674438477,7.723712418620291,7.723712418620291,0.7983118741058656,151.8140869140625,154.80007934570312,4861.80908203125,1414.389404296875,1410.4749755859375,3.7777504033349785,0.6189049274444138,6.390029690960458,15.318901062011719,95.33389282226562,95.29165649414062,86.3955078125,61.56743240356445,62.77953338623047,62.621131896972656,123.54479217529297,128.74447631835938,7.011641979217529,7.834578037261963,24.417728274349823
caltech_okapi_002,data/processed/caltech_okapi_002.png,300.0,202.0,1.4851485148514851,60600.0,88.75833892822266,58.590614318847656,0.0,255.0,76.20199584960938,0.20435643564356434,0.027013201320132012,255.0,0.6601139044086323,0.9999999960784314,19.35900115966797,177.70899963378906,80.22799682617188,7.59308313670881,7.59308313670881,0.7495379537953796,109.3326416015625,173.10345458984375,8019.6943359375,1261.071533203125,2114.212890625,4.752356451239393,0.6455029377430554,9.708540712875376,52.76161766052246,74.19027709960938,93.6340103149414,101.8621597290039,65.73917388916016,58.721954345703125,43.335391998291016,135.39492797851562,117.60909271240234,11.441380500793457,8.373167037963867,36.64366517018504
caltech_okapi_003,data/processed/caltech_okapi_003.png,300.0,250.0,1.2,75000.0,64.50650787353516,38.8936882019043,1.1740000247955322,227.9239959716797,60.09600067138672,0.3472133333333333,5.333333333333333e-05,226.74999594688416,0.6029420733054284,0.9897511061625424,17.104999542236328,118.8689956665039,64.07699775695801,7.0885365934149105,7.0885365934149105,0.6183733333333333,60.02402114868164,56.79686737060547,330.8304138183594,259.15625,360.3992004394531,0.5094742492825259,0.8178074014697243,1.2784593521086258,29.659939765930176,65.9777603149414,70.12564086914062,31.714067459106445,45.85134506225586,40.41914749145508,21.560516357421875,109.4941177368164,129.0493927001953,12.848587036132812,9.163429260253906,42.94580422032178
caltech_okapi_004,data/processed/caltech_okapi_004.png,300.0,221.0,1.3574660633484164,66300.0,77.35746765136719,65.59963989257812,0.0,254.42999267578125,54.86000061035156,0.4411161387631976,0.017873303167420813,254.42999267578125,0.8480065472180978,0.9999999960696457,4.75,169.88299560546875,121.18550491333008,7.4455813698238815,7.4455813698238815,0.6587179487179488,105.74056243896484,126.59549713134766,6649.82373046875,965.2276611328125,1372.3935546875,3.579716294591371,0.6915842747917368,8.861797418979986,18.424559593200684,66.99754333496094,87.66045379638672,51.47819137573242,62.03007125854492,72.4774398803711,46.4157600402832,113.39544677734375,120.610595703125,14.386704444885254,8.74695873260498,44.08452310337543
caltech_okapi_005,data/processed/caltech_okapi_005.png,300.0,198.0,1.5151515151515151,59400.0,95.67680358886719,47.23664855957031,0.0,255.0,100.29899597167969,0.1375925925925926,0.016212121212121212,255.0,0.49371055777365186,0.9999999960784314,19.8489990234375,144.29501342773438,55.74774932861328,7.370385031977355,7.370385031977355,0.8137878787878788,100.68125915527344,104.65550994873047,3722.3525390625,674.4517822265625,1023.20703125,2.355096129623827,0.6385384415864148,7.301344858916721,9.517033100128174,101.03873443603516,93.22382354736328,94.24419403076172,48.13130187988281,48.105567932128906,47.87601089477539,127.1915283203125,131.82449340820312,3.4134774208068848,9.034355163574219,23.044199033460124
caltech_okapi_006,data/processed/caltech_okapi_006.png,300.0,225.0,1.3333333333333333,67500.0,166.8528289794922,63.89337921142578,0.0,255.0,184.3050079345703,0.07917037037037038,0.24308148148148148,255.0,0.38293254731896903,0.9999999960784314,58.04349899291992,232.11599731445312,76.21376037597656,7.653514406552679,7.653514406552679,0.8850518518518519,113.76079559326172,98.10181427001953,8819.2666015625,896.892822265625,1088.8966064453125,4.082384195665443,0.5291751408327813,16.488294493578476,7.484877824783325,164.02842712402344,170.74151611328125,154.23733520507812,64.97294616699219,64.5445785522461,63.16472625732422,120.88065338134766,125.98543548583984,7.552070140838623,7.371509075164795,26.227539319220828
caltech_okapi_007,data/processed/caltech_okapi_007.png,300.0,229.0,1.3100436681222707,68700.0,94.41183471679688,47.196170806884766,0.0,255.0,97.48800659179688,0.16522561863173216,0.01871906841339156,255.0,0.49989676027968666,0.9999999960784314,31.156999588012695,151.6667022705078,61.89799880981445,7.413816146820739,7.413816146820739,0.7798835516739447,119.0921401977539,133.50440979003906,3830.14697265625,907.2423095703125,1188.78125,2.8784535844389163,0.6768355191652773,4.704148820700017,21.199299812316895,97.13196563720703,96.12638854980469,78.4489517211914,47.132850646972656,48.962646484375,46.09148025512695,118.99160766601562,129.94017028808594,9.377355575561523,7.147517204284668,29.523099202041337
caltech_okapi_008,data/processed/caltech_okapi_008.png,300.0,198.0,1.5151515151515151,59400.0,92.55757904052734,69.10892486572266,0.0,255.0,65.15399932861328,0.1906902356902357,0.10855218855218855,255.0,0.7466587267673006,0.9999999960784314,26.082000732421875,219.94920349121094,79.33598327636719,7.4364156314058345,7.4364156314058345,0.6089562289562289,132.89212036132812,174.98178100585938,3748.83154296875,1691.9979248046875,2300.39599609375,3.3232471147136797,0.7092709141720174,4.259675889277357,10.841709613800049,104.50491333007812,87.51380157470703,87.1930160522461,69.3875732421875,69.73023986816406,67.11048126220703,124.97259521484375,136.52163696289062,4.409890651702881,5.478945255279541,20.30999418246281
caltech_okapi_009,data/processed/caltech_okapi_009.png,300.0,266.0,1.1278195488721805,79800.0,130.9737091064453,69.91190338134766,0.0,255.0,144.1309814453125,0.15665413533834585,0.10154135338345864,255.0,0.5337857752103736,0.9999999960784314,32.10700225830078,215.1822052001953,131.98549270629883,7.814919831137564,7.814919831137564,0.8666541353383459,164.94952392578125,146.97967529296875,4672.3642578125,1502.3419189453125,1468.3760986328125,3.761321832219851,0.5769018181949552,7.179415381507809,39.67913341522217,112.7604751586914,149.54563903808594,83.11444854736328,72.72968292236328,73.64663696289062,58.130584716796875,100.99139404296875,115.00907135009766,18.080707550048828,10.863673210144043,60.86382629002708
caltech_okapi_010,data/processed/caltech_okapi_010.png,300.0,240.0,1.25,72000.0,91.01213836669922,67.89924621582031,0.29899999499320984,254.77198791503906,70.78900146484375,0.28615277777777776,0.075375,254.47298792004585,0.746046040542414,0.9976555507447484,18.121000289916992,202.38551330566406,100.30999374389648,7.751103802781342,7.751103802781342,0.8805833333333334,197.32748413085938,177.12002563476562,9405.2685546875,2202.76123046875,1801.9759521484375,6.345155236189434,0.5200876335339819,11.459335982320033,13.239898681640625,99.13622283935547,90.53956604003906,72.1375961303711,69.9769058227539,68.27693939208984,64.47343444824219,117.34844207763672,133.7946319580078,6.479850769042969,7.742036819458008,28.16942506267977
caltech_pagoda_001,data/processed/caltech_pagoda_001.png,203.0,300.0,0.6766666666666666,60900.0,121.90486907958984,103.41561126708984,0.0,255.0,83.14300537109375,0.30689655172413793,0.3731855500821018,255.0,0.8483304333909824,0.9999999960784314,0.0,250.22799682617188,218.8910026550293,6.253888916080859,6.253888916080859,0.3951231527093596,73.45384979248047,152.76901245117188,7130.837890625,1168.8236083984375,2691.92041015625,3.4197854277083004,0.7987254433190124,10.354824188927207,4.7689754366874695,123.14945983886719,122.11711120605469,117.54763793945312,105.18284606933594,102.16259765625,105.70928955078125,125.54106903076172,128.88772583007812,4.173455238342285,2.705798387527466,11.628706897046248
caltech_pagoda_002,data/processed/caltech_pagoda_002.png,300.0,237.0,1.2658227848101267,71100.0,125.14448547363281,82.83583068847656,0.0,255.0,138.88250732421875,0.24416315049226442,0.10776371308016877,255.0,0.661921535839532,0.9999999960784314,0.0,216.94520568847656,160.8740005493164,7.058707641305137,7.058707641305137,0.6093530239099859,114.16604614257812,164.27273559570312,10338.4599609375,1531.297607421875,2418.290283203125,4.9345682328780995,0.6932045626889296,14.848367657638137,15.777225017547607,124.94325256347656,126.48637390136719,118.76268768310547,88.12516021728516,82.9587173461914,85.59652709960938,124.3985366821289,127.8564682006836,20.49871253967285,16.66935920715332,55.77890695791072
caltech_pagoda_003,data/processed/caltech_pagoda_003.png,300.0,285.0,1.0526315789473684,85500.0,102.49901580810547,74.82022094726562,0.0,255.0,122.36050415039062,0.31635087719298244,0.06628070175438597,255.0,0.7299603769599179,0.9999999960784314,0.0,201.0800018310547,125.36899948120117,7.06069896975929,7.06069896975929,0.44411695906432747,68.09363555908203,120.6830062866211,5782.39208984375,756.9207763671875,1516.249755859375,2.7418375858330144,0.7694812721522736,9.519958366078663,4.491272449493408,96.31598663330078,104.03813171386719,110.790771484375,73.76224517822266,74.26831817626953,85.00044250488281,132.6793212890625,123.58985900878906,11.644266128540039,7.783688068389893,32.1879836431726
caltech_pagoda_004,data/processed/caltech_pagoda_004.png,282.0,300.0,0.94,84600.0,156.71673583984375,98.04931640625,0.0,255.0,220.8380126953125,0.22522458628841607,0.549822695035461,255.0,0.6256467457362339,0.9999999960784314,0.0,246.22801208496094,189.22300720214844,6.505544714765167,6.505544714765167,0.33347517730496457,78.28018951416016,151.1152801513672,7367.98583984375,1092.67529296875,2064.986083984375,3.533948094229615,0.801710638513067,10.844672081227944,4.265261888504028,154.67860412597656,157.5970458984375,157.529541015625,95.72972106933594,98.42269897460938,103.65752410888672,128.4586944580078,126.5462646484375,7.542366981506348,5.150954246520996,19.394459493350045
caltech_pagoda_005,data/processed/caltech_pagoda_005.png,300.0,192.0,1.5625,57600.0,122.56427001953125,88.192138671875,0.0,254.01699829101562,115.80350494384766,0.2184375,0.23083333333333333,254.01699829101562,0.7195583014386071,0.9999999960632556,0.0,234.23599243164062,152.77101135253906,6.608274554335196,6.608274554335196,0.4112673611111111,64.37593841552734,117.17326354980469,4351.8642578125,775.0519409179688,1599.2022705078125,2.174740322964274,0.7994008738479186,7.946908857703181,0.988871693611145,120.93296813964844,122.30779266357422,128.16339111328125,84.11712646484375,88.85736846923828,96.6860122680664,131.1597900390625,126.83645629882812,7.285521030426025,5.438821792602539,20.40206935240906
caltech_pagoda_006,data/processed/caltech_pagoda_006.png,266.0,300.0,0.8866666666666667,79800.0,140.5931396484375,110.3801040649414,0.0,255.0,178.92750549316406,0.34907268170426065,0.4899624060150376,255.0,0.7851030537894746,0.9999999960784314,0.0,252.65200805664062,225.84923553466797,5.803272704985847,5.803272704985847,0.3302380952380952,71.18630981445312,154.01026916503906,7251.30419921875,1090.858642578125,2417.846435546875,3.47263308409852,0.8118493854961149,10.579054406324383,12.784248113632202,145.57858276367188,137.72430419921875,142.28932189941406,108.44629669189453,111.06076049804688,112.48346710205078,128.9571990966797,131.55593872070312,2.2357914447784424,4.043519973754883,12.065442275108815
caltech_pagoda_007,data/processed/caltech_pagoda_007.png,228.0,300.0,0.76,68400.0,127.68228149414062,102.33145141601562,0.0,255.0,100.8740005493164,0.27980994152046784,0.34444444444444444,255.0,0.8014538071929568,0.9999999960784314,0.0,255.0,219.4742431640625,5.868548817364724,5.868548817364724,0.45323099415204676,74.63633728027344,135.6292266845703,6764.1220703125,959.8990478515625,2034.20849609375,3.1631238644620323,0.7690635345813881,11.278910716844686,4.328063488006592,124.85980987548828,129.01243591308594,128.23593139648438,102.6490707397461,102.31541442871094,102.29307556152344,128.3124542236328,125.98682403564453,2.210665702819824,4.141834735870361,11.185878619283258
caltech_pagoda_008,data/processed/caltech_pagoda_008.png,196.0,300.0,0.6533333333333333,58800.0,129.67335510253906,102.5956039428711,0.0,255.0,145.1750030517578,0.3283843537414966,0.40125850340136054,255.0,0.7911849205301954,0.9999999960784314,0.0,244.8470001220703,222.68924522399902,6.6322557925879035,6.6322557925879035,0.3756972789115646,72.618896484375,145.15191650390625,5556.61328125,1077.9483642578125,2327.9072265625,2.857418355971153,0.8144928019088227,8.487589910530511,8.536060571670532,132.1099090576172,129.46542358398438,124.35327911376953,101.9036865234375,102.7884750366211,106.4356460571289,124.9977035522461,129.73793029785156,8.707794189453125,8.106751441955566,26.378516556541975
caltech_pagoda_009,data/processed/caltech_pagoda_009.png,300.0,199.0,1.5075376884422111,59700.0,93.1089096069336,88.09207916259766,0.0,255.0,64.9635009765625,0.33045226130653266,0.19619765494137353,255.0,0.9461186753057946,0.9999999960784314,0.0,251.3260040283203,118.66225051879883,6.653194005362217,6.653194005362217,0.650787269681742,145.34815979003906,192.66392517089844,22049.130859375,2045.2841796875,2600.518798828125,9.692664207409129,0.6325056797142544,23.2504350277873,7.329813480377197,93.07892608642578,93.9627456665039,88.79102325439453,88.07845306396484,88.11772918701172,89.4365005493164,125.56326293945312,127.9786148071289,4.165438652038574,5.132616996765137,15.15613510634593
caltech_pagoda_010,data/processed/caltech_pagoda_010.png,203.0,300.0,0.6766666666666666,60900.0,86.11799621582031,59.54130554199219,0.0,245.80699157714844,97.12399291992188,0.2853366174055829,0.003793103448275862,245.80699157714844,0.6913921301812874,0.9999999959317675,0.0,144.2880096435547,100.01300430297852,6.326595451250635,6.326595451250635,0.32354679802955666,47.69142150878906,89.16373443603516,1998.2410888671875,431.65533447265625,879.4229125976562,1.0909181512496946,0.849293982633545,5.170033719598485,5.90617048740387,88.51671600341797,85.97308349609375,80.5727767944336,60.0047492980957,60.23457717895508,58.46449661254883,124.87064361572266,129.71092224121094,6.26046085357666,7.183409690856934,21.7663395939003
caltech_panda_001,data/processed/caltech_panda_001.png,207.0,300.0,0.69,62100.0,94.82144927978516,55.03936767578125,3.504999876022339,253.9029998779297,94.06600189208984,0.23821256038647343,0.028631239935587763,250.39800000190735,0.5804527088900159,0.9727669663277276,25.847000122070312,170.91799926757812,88.31399917602539,7.5099171481933436,7.5099171481933436,0.5159903381642512,56.240966796875,71.93179321289062,364.6380615234375,375.61181640625,717.142333984375,0.5493145361733742,0.8456298179830353,1.262241850652282,3.5485236644744873,87.33019256591797,99.68286895751953,89.43755340576172,53.356285095214844,56.70822525024414,54.05241775512695,124.9616928100586,122.65673065185547,5.712563991546631,5.643333911895752,20.447479769004566
caltech_panda_002,data/processed/caltech_panda_002.png,277.0,300.0,0.9233333333333333,83100.0,96.5982894897461,84.12003326416016,0.0,254.77198791503906,71.91500091552734,0.38743682310469313,0.15987966305655837,254.77198791503906,0.870823208544146,0.9999999960749217,6.868999481201172,233.7620086669922,151.81023979187012,7.6427652231174665,7.6427652231174665,0.5545848375451263,82.89712524414062,106.84882354736328,1458.3350830078125,667.8267211914062,1120.2930908203125,1.3356235905351026,0.7700317276669011,3.00404194283309,23.23482322692871,91.65823364257812,100.33000946044922,90.34003448486328,87.79317474365234,83.71309661865234,82.57052612304688,124.46825408935547,124.4764175415039,6.324522972106934,10.400154113769531,28.711057101088194
caltech_panda_003,data/processed/caltech_panda_003.png,209.0,300.0,0.6966666666666667,62700.0,165.56832885742188,118.74551391601562,0.0,255.0,255.0,0.3484688995215311,0.6479106858054227,255.0,0.7171994427815548,0.9999999960784314,0.0,255.0,251.0,3.0817302086769875,3.0817302086769875,0.28759170653907495,133.9301300048828,273.3922424316406,34310.71875,3266.296875,4899.705078125,14.777537583745389,0.8839862098692235,19.889648641948895,1.6603906750679016,165.46458435058594,165.6639404296875,165.34803771972656,118.83732604980469,118.71034240722656,118.8581771850586,127.87569427490234,127.9260025024414,2.115215539932251,1.6045336723327637,5.516764229575519
caltech_panda_004,data/processed/caltech_panda_004.png,206.0,300.0,0.6866666666666666,61800.0,160.65171813964844,97.0208740234375,0.0,255.0,206.156005859375,0.26001618122977344,0.45597087378640777,255.0,0.6039205465277402,0.9999999960784314,25.097301483154297,255.0,216.9290008544922,6.170799453359949,6.170799453359949,0.3439805825242718,58.237457275390625,116.01701354980469,464.50732421875,828.5266723632812,1913.49853515625,0.8133635353036974,0.8761692271485254,1.1057578232736103,1.790137231349945,158.6526336669922,161.43775939941406,161.8473663330078,95.81367492675781,97.54117584228516,97.85269165039062,128.6747589111328,126.57412719726562,1.9794822931289673,2.982745885848999,8.454504905850246
caltech_panda_005,data/processed/caltech_panda_005.png,184.0,300.0,0.6133333333333333,55200.0,110.30770111083984,85.66474914550781,0.0,253.25599670410156,112.24549865722656,0.39009057971014494,0.14516304347826087,253.25599670410156,0.7765980752588773,0.9999999960514262,14.005001068115234,227.22801208496094,167.82098388671875,7.470070116802052,7.470070116802052,0.40903985507246376,46.66975402832031,69.1438217163086,277.3059997558594,345.8204345703125,776.5591430664062,0.4523122175685005,0.8722468159345774,1.0617865631744128,2.5775694251060486,114.2561264038086,109.09050750732422,106.21914672851562,87.55928039550781,85.59681701660156,81.88485717773438,125.69269561767578,130.8162841796875,4.405473709106445,4.082253932952881,14.525606819428047
caltech_panda_006,data/processed/caltech_panda_006.png,224.0,300.0,0.7466666666666667,67200.0,101.5815658569336,45.987205505371094,0.2280000001192093,252.14999389648438,95.19400024414062,0.057366071428571426,0.010580357142857143,251.92199389636517,0.45271211035894915,0.9981931824110686,46.72900390625,168.03302001953125,67.90625,7.472172862030035,7.472172862030035,0.893095238095238,100.56419372558594,76.17265319824219,1873.951904296875,490.4804382324219,521.8195190429688,1.4996021661285361,0.6580935144252555,4.229021914786583,12.097711563110352,99.9415054321289,103.8993148803711,93.94864654541016,48.9747428894043,45.64113998413086,45.41468048095703,123.6924819946289,126.83020782470703,7.270998477935791,7.341737270355225,23.874161974180545
caltech_panda_007,data/processed/caltech_panda_007.png,253.0,300.0,0.8433333333333334,75900.0,92.61978912353516,55.2673225402832,21.904998779296875,255.0,83.78900146484375,0.022411067193675888,0.07440052700922266,233.09500122070312,0.5967118092857727,0.8417868995015912,43.0,171.3284912109375,61.219749450683594,6.690340332422435,6.690340332422435,0.5854545454545454,61.253631591796875,74.32243347167969,445.65185546875,373.65692138671875,799.7214965820312,0.6141491462049118,0.825834799953952,1.4309403157761929,21.250251293182373,96.33069610595703,96.08199310302734,65.05943298339844,56.98273468017578,56.52600860595703,54.59021759033203,112.44676208496094,130.6468505859375,12.990889549255371,7.849038600921631,40.052714613084746
caltech_panda_008,data/processed/caltech_panda_008.png,300.0,300.0,1.0,90000.0,135.5305633544922,61.2972412109375,2.059999942779541,255.0,131.0760040283203,0.0021444444444444445,0.17434444444444444,252.94000005722046,0.4522761452583429,0.9839726100114806,65.00299835205078,236.85009765625,97.67724609375,7.413931993681831,7.413931993681831,0.49556666666666666,66.82917022705078,100.97750854492188,853.0767822265625,496.15435791015625,962.9390258789062,0.9854069119286519,0.8197672795099831,1.681239420528321,40.254905700683594,116.37751007080078,144.65859985351562,138.763916015625,65.68950653076172,62.43016815185547,59.62228012084961,129.82470703125,114.33875274658203,7.499257564544678,16.137714385986328,46.31009444255844
caltech_panda_009,data/processed/caltech_panda_009.png,243.0,300.0,0.81,72900.0,119.77045440673828,60.012367248535156,0.0,255.0,117.36800384521484,0.1321124828532236,0.06064471879286694,255.0,0.5010615267741468,0.9999999960784314,36.38999938964844,195.94021606445312,98.80149841308594,7.712889526461239,7.712889526461239,0.7244032921810699,87.87963104248047,96.55394744873047,1663.6470947265625,561.9199829101562,1003.9078369140625,1.4351416897486273,0.7209311340944289,3.4075565175942764,4.999847173690796,114.8348388671875,122.54920196533203,118.40750122070312,61.06010437011719,60.301979064941406,63.524696350097656,127.2308349609375,124.4795913696289,9.339265823364258,8.202322006225586,27.88351464646033
caltech_panda_010,data/processed/caltech_panda_010.png,261.0,300.0,0.87,78300.0,96.43531036376953,65.18637084960938,0.2280000001192093,255.0,79.89950561523438,0.15720306513409962,0.12980842911877394,254.7719999998808,0.6759595621951785,0.9982133582582963,18.825000762939453,228.2550048828125,30.3485107421875,6.949589403544199,6.949589403544199,0.657088122605364,122.1563491821289,154.08724975585938,20334.08203125,1529.6046142578125,2081.66845703125,9.091453497610177,0.5727175137221411,18.614439746891406,65.27797317504883,168.55239868164062,59.679439544677734,96.54669189453125,84.37757110595703,83.35133361816406,65.698974609375,128.06283569335938,179.438720703125,5.060378074645996,53.01519012451172,147.08340965107868
caltech_pigeon_001,data/processed/caltech_pigeon_001.png,300.0,300.0,1.0,90000.0,190.89276123046875,59.0160026550293,4.185999870300293,255.0,195.197998046875,0.013588888888888888,0.3865777777777778,250.8140001296997,0.3091578851155083,0.9676988698753447,102.26690673828125,255.0,92.28399658203125,6.82844763581863,6.82844763581863,0.6367111111111111,84.67900848388672,104.84613800048828,3503.051025390625,660.071533203125,1012.044677734375,2.0839464882943153,0.709857585254514,7.621458560072475,10.563471794128418,211.85008239746094,185.2591094970703,164.9338836669922,53.756980895996094,61.340633392333984,72.5350570678711,113.35053253173828,142.94818115234375,11.839849472045898,14.011540412902832,50.68035364091687
caltech_pigeon_002,data/processed/caltech_pigeon_002.png,300.0,258.0,1.1627906976744187,77400.0,91.68781280517578,34.02050018310547,0.0,254.10299682617188,83.03099822998047,0.02569767441860465,0.003462532299741602,254.10299682617188,0.3710471301605515,0.999999996064588,59.80780029296875,146.97799682617188,25.08600616455078,6.709339214015575,6.709339214015575,0.702312661498708,67.49478912353516,67.377197265625,6347.18408203125,408.0042724609375,534.4822387695312,2.629817225739747,0.5910309531465234,15.23801637253735,16.74522876739502,90.2957763671875,95.07609558105469,77.89208984375,32.57392120361328,34.06884765625,40.48344039916992,120.21461486816406,127.0071029663086,7.3010172843933105,2.9160282611846924,20.345393793773127
caltech_pigeon_003,data/processed/caltech_pigeon_003.png,299.0,242.0,1.2355371900826446,72358.0,214.91123962402344,72.3902359008789,0.0,255.0,255.0,0.025138892727825535,0.7486939937532823,255.0,0.3368378298440054,0.9999999960784314,70.00349426269531,255.0,42.776763916015625,3.9254316192248564,3.9254316192248564,0.2580226098012659,45.916316986083984,108.33334350585938,833.1981201171875,516.8291625976562,1352.199462890625,0.8501397522694714,0.8892246528019204,1.4707698765838655,6.832783579826355,213.7372283935547,215.7770233154297,213.53250122070312,75.01339721679688,70.85985565185547,73.85872650146484,127.221923828125,127.16260528564453,2.6217548847198486,3.260153293609619,9.388378736714548
caltech_pigeon_004,data/processed/caltech_pigeon_004.png,300.0,185.0,1.6216216216216217,55500.0,92.23844909667969,67.92845916748047,0.0,255.0,87.84300231933594,0.3066306306306306,0.041063063063063066,255.0,0.7364440653142078,0.9999999960784314,6.325999736785889,183.80259704589844,118.4222526550293,7.7300839766332,7.7300839766332,0.8232792792792792,133.57395935058594,140.93003845214844,6404.63330078125,1319.1241455078125,1574.6500244140625,3.9289602729820174,0.6539428277640669,7.598752252430934,20.708409309387207,85.03367614746094,99.92486572265625,71.55691528320312,69.3144302368164,69.88153076171875,60.093204498291016,116.3287124633789,122.8610610961914,9.042155265808105,8.560283660888672,33.311440915798855
caltech_pigeon_005,data/processed/caltech_pigeon_005.png,300.0,202.0,1.4851485148514851,60600.0,152.74392700195312,67.32955932617188,0.5870000123977661,253.51602172851562,158.8625030517578,0.09217821782178218,0.242986798679868,252.92902171611786,0.4408002347910742,0.995379822671403,43.24959945678711,226.68701171875,103.4007568359375,7.637382713555721,7.637382713555721,0.6511881188118812,81.69407653808594,99.38388061523438,2456.364501953125,582.6203002929688,1030.0457763671875,1.695367062114288,0.7550063940826015,3.922399226483556,9.085353374481201,151.53187561035156,155.51815795898438,141.6380157470703,75.23918151855469,66.0350570678711,62.881595611572266,121.73255920410156,127.13549041748047,10.346858978271484,11.169656753540039,35.32483038971234
caltech_pigeon_006,data/processed/caltech_pigeon_006.png,300.0,258.0,1.1627906976744187,77400.0,91.74319458007812,30.7949161529541,0.0,253.80398559570312,82.37300109863281,0.012816537467700258,0.0021834625322997418,253.80398559570312,0.3356643068539588,0.9999999960599516,68.80780029296875,144.9281005859375,15.818000793457031,6.18844917973574,6.18844917973574,0.41321705426356586,43.634857177734375,61.482330322265625,622.5982666015625,195.67489624023438,446.8888854980469,0.6081392882316069,0.8185854158955927,2.2430743103107824,8.55345630645752,90.35103607177734,95.12860107421875,77.96268463134766,29.285032272338867,30.786638259887695,37.879119873046875,120.22319030761719,127.00700378417969,7.340989589691162,2.8741471767425537,20.377292554263732
caltech_pigeon_007,data/processed/caltech_pigeon_007.png,300.0,259.0,1.1583011583011582,77700.0,194.55108642578125,76.13282775878906,0.0,255.0,242.95201110839844,0.03131274131274131,0.5884813384813384,255.0,0.39132563465024456,0.9999999960784314,66.96640014648438,255.0,129.83474731445312,6.125535594161131,6.125535594161131,0.5106435006435006,103.36408233642578,187.9824981689453,6205.94189453125,1656.2730712890625,2786.089599609375,4.045099201886359,0.7583760495378719,7.5644236572172545,217.357319355011,193.55409240722656,194.1722412109375,199.1167755126953,76.44120788574219,77.74272155761719,70.2254638671875,130.5765838623047,127.28887939453125,10.581624031066895,3.711735725402832,23.950110856468136
caltech_pigeon_008,data/processed/caltech_pigeon_008.png,300.0,225.0,1.3333333333333333,67500.0,128.90797424316406,32.24214172363281,0.0,243.91799926757812,139.13999938964844,0.027822222222222224,0.00035555555555555557,243.91799926757812,0.25011750950872685,0.9999999959002616,74.18099975585938,155.3679962158203,25.69000244140625,6.438732779507989,6.438732779507989,0.4719703703703704,59.19441604614258,86.25275421142578,3312.825927734375,364.1442565917969,622.4287109375,1.7334765438365973,0.760971347372945,6.971243985910196,6.511909127235413,128.02215576171875,127.860595703125,136.6244659423828,31.78144645690918,31.982698440551758,35.423099517822266,132.35467529296875,127.36817932128906,2.557042360305786,1.9972882270812988,9.212749305881431
caltech_pigeon_009,data/processed/caltech_pigeon_009.png,300.0,259.0,1.1583011583011582,77700.0,170.66075134277344,67.35917663574219,1.1959999799728394,254.42999267578125,190.73651123046875,0.08347490347490348,0.3177992277992278,253.2339926958084,0.3946963535028298,0.9906425754058215,47.93880081176758,239.8830108642578,84.29974365234375,7.6573301630209025,7.6573301630209025,0.941994851994852,168.56060791015625,137.5763397216797,25952.712890625,1742.51171875,1437.8382568359375,10.936870338933023,0.37334365804293146,32.14257800060212,19.510859966278076,185.00308227539062,165.5662078857422,159.2759552001953,67.71012878417969,68.91522216796875,60.70843505859375,121.5751724243164,138.2299041748047,7.297286033630371,5.251227855682373,25.774005006687364
caltech_pigeon_010,data/processed/caltech_pigeon_010.png,300.0,254.0,1.1811023622047243,76200.0,124.74748229980469,31.276538848876953,29.89099884033203,252.6320037841797,135.8300018310547,0.00048556430446194227,0.00014435695538057744,222.74100494384766,0.25071879625587545,0.788399535918436,63.021995544433594,150.91200256347656,22.301246643066406,6.304782359851478,6.304782359851478,0.3050656167979003,34.39532470703125,47.43739700317383,108.10096740722656,134.9805145263672,320.2179260253906,0.26513741023326787,0.9014515519240973,0.6559369145729437,0.0,128.4447784423828,125.56932830810547,110.81830596923828,31.78045082092285,33.258079528808594,23.400381088256836,120.1393051147461,130.63714599609375,7.690499305725098,3.297602891921997,21.68787954833905
caltech_pizza_001,data/processed/caltech_pizza_001.png,300.0,225.0,1.3333333333333333,67500.0,74.5035400390625,55.02202224731445,0.0,249.3800048828125,73.24150085449219,0.3688740740740741,0.00044444444444444447,249.3800048828125,0.7385155320129844,0.9999999959900554,9.0,155.18231201171875,103.25600242614746,7.233662627626726,7.233662627626726,0.5912148148148149,73.64020538330078,83.30020141601562,1518.6396484375,463.3134765625,564.7224731445312,1.132189009661835,0.7603124842858647,4.07030680257826,33.93423938751221,112.70622253417969,63.587257385253906,30.514577865600586,78.08533477783203,51.745399475097656,32.25631332397461,103.17552947998047,155.24868774414062,19.02231216430664,22.22745704650879,83.0256098854704
caltech_pizza_002,data/processed/caltech_pizza_002.png,300.0,231.0,1.2987012987012987,69300.0,100.06027221679688,45.657630920410156,10.154999732971191,252.49398803710938,91.07649993896484,0.06844155844155844,0.014531024531024532,242.33898830413818,0.45630128174330953,0.9226724589306472,48.09700012207031,167.74911499023438,58.344993591308594,7.406645394160849,7.406645394160849,0.7210966810966811,87.26644897460938,85.89166259765625,1466.3934326171875,561.589599609375,662.276123046875,1.2438610157957966,0.720060082694382,3.88546299269564,32.34481763839722,142.52919006347656,87.14498901367188,55.17490768432617,59.692596435546875,48.4639778137207,47.55958938598633,102.6696548461914,158.29164123535156,16.595563888549805,26.2486629486084,89.18485127557335
caltech_pizza_003,data/processed/caltech_pizza_003.png,300.0,285.0,1.0526315789473684,85500.0,175.7425079345703,89.25016021728516,0.0,255.0,228.15850830078125,0.1132046783625731,0.5611111111111111,255.0,0.5078461708459697,0.9999999960784314,37.94989776611328,255.0,186.36175155639648,6.747557903219695,6.747557903219695,0.5537192982456141,131.78407287597656,211.4017333984375,8390.208984375,2275.858154296875,2799.977294921875,5.507764076242942,0.6874732353970239,10.059956010995116,209.03977584838867,199.48388671875,168.67369079589844,149.87159729003906,68.29637145996094,101.86266326904297,93.04512786865234,113.40016174316406,144.93394470214844,11.124161720275879,23.328523635864258,68.3252330763848
caltech_pizza_004,data/processed/caltech_pizza_004.png,255.0,300.0,0.85,76500.0,97.45172119140625,62.36545181274414,0.0,237.8679962158203,94.16950225830078,0.22312418300653594,0.004522875816993464,237.8679962158203,0.6399625415572576,0.9999999957959876,8.142999649047852,184.11199951171875,103.67076110839844,7.652271513672026,7.652271513672026,0.717843137254902,110.68305969238281,117.89380645751953,1420.2694091796875,911.03662109375,1088.2255859375,1.6130305459555108,0.7196716199043351,2.719651144276488,50.37222194671631,144.26475524902344,81.43939971923828,57.11956787109375,75.29653930664062,62.30131530761719,53.34343338012695,105.23918914794922,161.39016723632812,14.339079856872559,21.103485107421875,78.2767955533941
caltech_pizza_005,data/processed/caltech_pizza_005.png,276.0,300.0,0.92,82800.0,72.2538070678711,57.760738372802734,0.0,218.1649932861328,73.76849365234375,0.34340579710144925,2.4154589371980676e-05,218.1649932861328,0.7994144518797626,0.9999999954163132,1.0,152.98739624023438,114.17699837684631,6.627005818120844,6.627005818120844,0.6273550724637681,70.74380493164062,81.9759750366211,473.4525451660156,482.6969909667969,855.5299682617188,0.703273063042817,0.7978795756848613,1.6219651646958793,54.433698654174805,114.15544891357422,57.85991668701172,36.46982955932617,81.08903503417969,54.390350341796875,40.89815902709961,107.80587005615234,157.88702392578125,16.131370544433594,24.722211837768555,84.0078225514949
caltech_pizza_006,data/processed/caltech_pizza_006.png,300.0,170.0,1.7647058823529411,51000.0,215.66519165039062,34.396053314208984,42.1609992980957,255.0,223.18800354003906,0.0,0.617,212.8390007019043,0.15948819970206113,0.7162413657525578,165.19900512695312,255.0,56.55024719238281,6.14352730426871,6.14352730426871,0.3591960784313725,48.292354583740234,75.7710952758789,1147.0006103515625,327.090576171875,498.3489074707031,0.8166174578913119,0.8469755135796462,2.8625244029643064,0.0,243.53453063964844,213.00291442871094,156.27767944335938,16.31795310974121,43.6007080078125,59.71815490722656,94.48561096191406,147.8782501220703,23.794960021972656,15.573508262634277,80.95655447676523
caltech_pizza_007,data/processed/caltech_pizza_007.png,300.0,287.0,1.0452961672473868,86100.0,135.1272735595703,67.7934341430664,8.958999633789062,254.77198791503906,126.15850830078125,0.011265969802555169,0.1921022067363531,245.81298828125,0.5017005957089732,0.932059556724178,53.167999267578125,242.32699584960938,116.81298828125,7.124498177517614,7.124498177517614,0.5850522648083624,73.85980224609375,91.21664428710938,950.8115844726562,585.0159301757812,932.8125610351562,0.9901154827851533,0.7978664152540296,1.9674763678128286,46.07027721405029,163.82110595703125,127.42801666259766,99.51321411132812,68.07795715332031,70.20323181152344,73.01387786865234,107.90177917480469,148.46633911132812,15.75466251373291,16.662382125854492,64.7187956251602
caltech_pizza_008,data/processed/caltech_pizza_008.png,300.0,225.0,1.3333333333333333,67500.0,158.38917541503906,72.36076354980469,0.2280000001192093,255.0,156.89950561523438,0.04391111111111111,0.30294814814814813,254.7719999998808,0.4568542193829731,0.9982133582582963,55.099998474121094,253.20599365234375,129.7494888305664,7.606050763552153,7.606050763552153,0.6567407407407407,87.66801452636719,96.12586212158203,1006.5081787109375,618.5514526367188,733.9092407226562,1.1049670694643523,0.7703365997918864,2.260254261339625,327.7729301452637,178.9945068359375,151.65081787109375,139.04190063476562,63.396060943603516,79.64189910888672,85.33283996582031,117.08168029785156,142.6970977783203,16.022602081298828,23.804964065551758,71.09934240473802
caltech_pizza_009,data/processed/caltech_pizza_009.png,300.0,225.0,1.3333333333333333,67500.0,58.81557083129883,31.075515747070312,0.9290000200271606,251.4949951171875,59.13999938964844,0.29343703703703705,0.0005333333333333334,250.56599509716034,0.5283552429993278,0.9926393644483612,18.18400001525879,98.07229614257812,42.859249114990234,6.874645526979044,6.874645526979044,0.5462222222222223,49.226036071777344,52.53322982788086,325.597900390625,174.3029327392578,372.459716796875,0.4580316746960759,0.8339298693945048,1.461015583879867,39.78858184814453,76.54154205322266,51.12611770629883,51.91771697998047,32.43120193481445,32.37623977661133,29.319734573364258,124.1072998046875,140.64334106445312,6.8178791999816895,7.50247859954834,29.318828831497285
caltech_pizza_010,data/processed/caltech_pizza_010.png,300.0,225.0,1.3333333333333333,67500.0,135.36346435546875,35.66919708251953,30.08099937438965,255.0,122.08100128173828,0.0002666666666666667,0.021955555555555555,224.91900062561035,0.26350682578087886,0.7889652426160633,100.96179962158203,191.14920043945312,46.233001708984375,6.900759828692561,6.900759828692561,0.6254074074074074,86.93102264404297,98.49201202392578,1276.3922119140625,544.2230224609375,800.3585815429688,1.2527513918750328,0.7416591618955941,3.0535852793935003,0.0,172.76303100585938,121.50695037841797,108.62060546875,27.121379852294922,42.76572036743164,35.85697555541992,112.9080810546875,154.6758575439453,9.89991283416748,11.817601203918457,51.24576521056437
caltech_platypus_001,data/processed/caltech_platypus_001.png,300.0,189.0,1.5873015873015872,56700.0,165.9745635986328,74.29268646240234,9.833000183105469,255.0,168.677001953125,0.0077777777777777776,0.33105820105820105,245.16699981689453,0.447614889920394,0.9257418777933424,63.72599792480469,255.0,163.92200469970703,6.224911581548017,6.224911581548017,0.3557848324514991,38.115543365478516,62.15239334106445,539.8328857421875,218.29132080078125,467.8905029296875,0.485021491296931,0.8687662668339029,1.9367140696158374,20.105544090270996,183.75953674316406,161.95950317382812,140.0019989013672,65.2770767211914,77.2315444946289,86.66230773925781,113.3427963256836,140.6854248046875,11.646660804748535,9.77810001373291,42.74079035096325
caltech_platypus_002,data/processed/caltech_platypus_002.png,225.0,300.0,0.75,67500.0,123.89522552490234,64.93270874023438,0.0,255.0,128.83499145507812,0.14115555555555556,0.08271111111111111,255.0,0.5240937085431876,0.9999999960784314,27.887500762939453,209.78460693359375,101.052001953125,7.91798328363433,7.91798328363433,0.9608444444444444,199.27125549316406,136.6421356201172,31467.66015625,2185.33447265625,1170.3731689453125,13.276240452633116,0.3265451587473324,36.841005677004844,28.917346954345703,136.9440155029297,123.79490661621094,90.18731689453125,69.96965789794922,64.9556884765625,58.68211364746094,108.97747802734375,137.30726623535156,11.917508125305176,8.802223205566406,42.75869465671401
caltech_platypus_003,data/processed/caltech_platypus_003.png,240.0,300.0,0.8,72000.0,111.96134948730469,65.82677459716797,0.0,254.42999267578125,125.19000244140625,0.2001388888888889,0.04425,254.42999267578125,0.5879419488123455,0.9999999960696457,19.19569969177246,184.94119262695312,116.95199584960938,7.65789477636323,7.65789477636323,0.6484722222222222,134.33387756347656,187.6493377685547,10444.3232421875,1757.77783203125,2413.489990234375,6.278747988413258,0.6639919492172195,9.180821901635987,330.5271911621094,152.73959350585938,91.39370727539062,110.91317749023438,85.10867309570312,67.53550720214844,68.68171691894531,127.4084701538086,157.08578491210938,24.57402229309082,31.195281982421875,101.14501127633125
caltech_platypus_004,data/processed/caltech_platypus_004.png,300.0,201.0,1.492537313432836,60300.0,54.00952911376953,71.75557708740234,0.0,254.20199584960938,7.940000057220459,0.640033167495854,0.027711442786069653,254.20199584960938,1.3285725118558016,0.9999999960661206,2.0,179.8695068359375,99.895751953125,6.1514701727433705,6.1514701727433705,0.39742951907131013,64.82706451416016,109.83430480957031,1822.9024658203125,632.693115234375,1232.8226318359375,1.3381918313948629,0.8275834222217732,3.276822045543888,8.421386241912842,60.682289123535156,53.894527435302734,37.1003303527832,76.84809112548828,73.06239318847656,54.709495544433594,118.45756530761719,132.7594451904297,13.748222351074219,5.54232931137085,35.90463709906335
caltech_platypus_005,data/processed/caltech_platypus_005.png,300.0,252.0,1.1904761904761905,75600.0,93.75027465820312,51.593746185302734,0.29899999499320984,253.82598876953125,88.86400604248047,0.1725925925925926,0.018862433862433862,253.52698877453804,0.5503316744731971,0.9976468233582989,30.784000396728516,165.9735870361328,77.31700134277344,7.607404128045565,7.607404128045565,0.8938624338624339,129.20867919921875,115.39596557617188,5036.4306640625,1030.5587158203125,1064.7821044921875,3.165675183218922,0.57237920528088,9.563562828986845,13.634550094604492,110.47978973388672,89.29885864257812,72.79285430908203,55.48569107055664,51.3399772644043,46.55055236816406,116.17301940917969,139.93258666992188,7.642614364624023,6.687987804412842,31.01524288273246
caltech_platypus_006,data/processed/caltech_platypus_006.png,300.0,295.0,1.0169491525423728,88500.0,140.03082275390625,23.54852294921875,47.17599868774414,228.19500732421875,149.8419952392578,0.0,0.00011299435028248587,181.0190086364746,0.16816671014235784,0.6573640798307087,99.86300659179688,158.23300170898438,20.947006225585938,5.7474273063166805,5.7474273063166805,0.18013559322033898,19.43097686767578,29.622549057006836,34.673095703125,52.52668380737305,156.950927734375,0.12191813166889492,0.944431289275909,0.3966247951509592,0.0,147.90560913085938,142.1620330810547,108.40287017822266,17.71706771850586,27.86547088623047,18.530357360839844,110.1512680053711,133.61680603027344,3.5468735694885254,5.310119152069092,24.54889196873033
caltech_platypus_007,data/processed/caltech_platypus_007.png,290.0,300.0,0.9666666666666667,87000.0,115.57196807861328,31.86940574645996,2.621999979019165,249.01998901367188,118.90150451660156,0.031724137931034485,0.0023908045977011493,246.3979890346527,0.2757537662508982,0.9791608667607873,78.7979965209961,149.06399536132812,39.837005615234375,6.923032795010421,6.923032795010421,0.5599080459770115,53.31983947753906,68.67889404296875,672.1737670898438,254.6039276123047,694.3798217773438,0.6774704975167465,0.8394456995259176,1.5840907321208815,81.19631958007812,66.68283081054688,132.78067016601562,155.18907165527344,24.482410430908203,39.43229293823242,22.06926155090332,150.35726928710938,93.1290054321289,9.893202781677246,9.123272895812988,53.64656160816635
caltech_platypus_008,data/processed/caltech_platypus_008.png,300.0,300.0,1.0,90000.0,66.55802154541016,75.6532974243164,0.0,254.0,19.95600128173828,0.5440111111111111,0.013133333333333334,254.0,1.136651819436205,0.9999999960629922,0.0,183.61900329589844,142.28399658203125,5.958217039502037,5.958217039502037,0.5261888888888889,78.50814819335938,111.93576049804688,2218.73291015625,675.6679077148438,1189.8226318359375,1.6216833890746938,0.796918001150847,3.320099066849749,7.588326692581177,74.29679870605469,67.86109161376953,39.55101013183594,83.5478515625,77.1492691040039,51.8264045715332,112.75902557373047,133.51980590820312,18.798307418823242,7.491454124450684,49.90274660676605
caltech_platypus_009,data/processed/caltech_platypus_009.png,300.0,232.0,1.293103448275862,69600.0,197.67471313476562,70.57622528076172,2.3919999599456787,255.0,251.77200317382812,0.009554597701149425,0.5951580459770115,252.60800004005432,0.3570321352919527,0.9814135602425508,94.0530014038086,255.0,129.60899353027344,5.3411333180224485,5.3411333180224485,0.40380747126436783,49.333187103271484,77.36463165283203,1450.0740966796875,333.1790466308594,606.0911865234375,0.9391572811662768,0.8200389144406389,3.3771808717490566,18.97024154663086,208.84820556640625,196.15565490722656,176.19058227539062,57.59516143798828,72.83358764648438,94.82300567626953,115.87577819824219,135.9696807861328,15.064855575561523,10.426136016845703,45.725864389493196
caltech_platypus_010,data/processed/caltech_platypus_010.png,300.0,264.0,1.1363636363636365,79200.0,214.79306030273438,41.81356430053711,7.354000091552734,255.0,230.81100463867188,0.0001388888888888889,0.6685858585858586,247.64599990844727,0.19466906447971377,0.9439383385734115,148.05479431152344,253.0709991455078,46.90399169921875,6.608498785658998,6.608498785658998,0.5357323232323232,106.01663970947266,132.07156372070312,4858.787109375,850.7314453125,1012.429931640625,3.098645751807018,0.7090097318576466,6.173656204374625,0.0,217.86782836914062,216.62911987304688,197.27427673339844,44.9453010559082,39.64827346801758,48.27973175048828,118.11356353759766,130.19314575195312,6.692910194396973,5.7082414627075195,23.968771076343604
caltech_pyramid_001,data/processed/caltech_pyramid_001.png,300.0,189.0,1.5873015873015872,56700.0,166.77310180664062,66.7802505493164,21.843997955322266,255.0,166.0749969482422,0.0009171075837742504,0.3289594356261023,233.15600204467773,0.4004257846467154,0.8421927255945505,78.12600708007812,249.07501220703125,139.79700469970703,7.176967773888706,7.176967773888706,0.3260670194003527,39.1361198425293,70.73545837402344,670.3756103515625,258.3470764160156,736.4389038085938,0.6052754716931403,0.8616239700609045,1.8044663349138221,0.0,173.92323303222656,162.9982147216797,167.45709228515625,61.56740951538086,68.77137756347656,72.13236236572266,128.38600158691406,133.09994506835938,6.728029251098633,6.265079498291016,22.060812073453732
caltech_pyramid_002,data/processed/caltech_pyramid_002.png,300.0,241.0,1.2448132780082988,72300.0,107.71268463134766,44.44212341308594,3.5169999599456787,252.37799072265625,100.64999389648438,0.048132780082987554,0.024979253112033195,248.86099076271057,0.4125987867872077,0.9725121587036922,54.125999450683594,177.74020385742188,45.90399932861328,7.334184241445498,7.334184241445498,0.549585062240664,64.1362075805664,78.38533782958984,3335.390869140625,362.0209655761719,636.1978149414062,1.7437485498958418,0.7392093262489485,6.47475321777915,59.23483657836914,131.71473693847656,92.77532196044922,121.67427062988281,48.28600311279297,47.67789840698242,31.476627349853516,135.87899780273438,145.119873046875,14.123387336730957,9.962961196899414,47.12053219456051
caltech_pyramid_003,data/processed/caltech_pyramid_003.png,300.0,206.0,1.4563106796116505,61800.0,140.80799865722656,58.0167121887207,6.578000068664551,250.31500244140625,162.06500244140625,0.09409385113268609,0.0351294498381877,243.7370023727417,0.41202710307619345,0.9487880130732586,41.29350280761719,200.968994140625,82.43527221679688,7.502742180589823,7.502742180589823,0.6266504854368932,91.20145416259766,101.84568786621094,7602.2880859375,681.4326782226562,841.0607299804688,3.5222597806089735,0.6479015868633065,13.160404908522287,12.467250347137451,152.2452850341797,137.39370727539062,128.3907012939453,51.51368713378906,63.881011962890625,80.75731658935547,120.99250030517578,136.15785217285156,26.843441009521484,21.527118682861328,76.4693018571294
caltech_pyramid_004,data/processed/caltech_pyramid_004.png,300.0,261.0,1.1494252873563218,78300.0,213.1165771484375,52.705081939697266,5.958000183105469,255.0,239.69598388671875,0.01974457215836526,0.5185568326947637,249.04199981689453,0.24730634471330395,0.9543374745660705,166.0164031982422,254.0,64.02000427246094,4.8689628718865485,4.8689628718865485,0.2726819923371647,69.65142059326172,150.7595977783203,3891.8212890625,863.3656005859375,1507.6058349609375,2.61378402465434,0.8430921068517923,4.0693581623922075,14.633197784423828,231.9752197265625,215.85162353515625,149.57089233398438,41.09077453613281,53.14143753051758,105.80894470214844,92.13900756835938,141.45123291015625,38.60567092895508,13.840509414672852,104.2426858711844
caltech_pyramid_005,data/processed/caltech_pyramid_005.png,300.0,271.0,1.1070110701107012,81300.0,131.2454071044922,67.9914779663086,0.29899999499320984,255.0,105.16200256347656,0.01900369003690037,0.16702337023370234,254.7010000050068,0.5180484326901295,0.9976576446141356,57.176002502441406,226.86000061035156,131.35100555419922,7.547136828772102,7.547136828772102,0.5556826568265683,77.05664825439453,100.29859924316406,3733.947021484375,545.7802734375,1014.3526611328125,2.1154863362438907,0.7181603931639137,6.625106496256609,20.04151153564453,113.59418487548828,130.89779663085938,179.3309783935547,87.07027435302734,68.40918731689453,47.1478271484375,155.13633728027344,115.40998840332031,35.299076080322266,18.240083694458008,97.3318977481475
caltech_pyramid_006,data/processed/caltech_pyramid_006.png,282.0,300.0,0.94,84600.0,178.2836456298828,53.492897033691406,57.85599899291992,247.75,203.14950561523438,0.0,0.2648817966903073,189.89400100708008,0.30004376758538465,0.621368693715043,80.95500183105469,222.34100341796875,55.50349426269531,6.282625010325159,6.282625010325159,0.1545271867612293,22.633037567138672,45.8466911315918,116.54910278320312,139.1009521484375,491.5622863769531,0.21264847684317267,0.9346443486285645,0.4973761125765094,0.0,197.73472595214844,184.74925231933594,93.9749984741211,52.97718048095703,55.486717224121094,49.55061721801758,80.42176055908203,141.87376403808594,12.244443893432617,3.374561309814453,54.595625984302266
caltech_pyramid_007,data/processed/caltech_pyramid_007.png,300.0,188.0,1.5957446808510638,56400.0,155.1269073486328,25.74744987487793,4.485000133514404,238.96200561523438,162.9600067138672,0.004308510638297873,0.0007269503546099291,234.47700548171997,0.165976684180497,0.9631541936505041,114.77000427246094,176.97470092773438,17.860000610351562,5.904627184536989,5.904627184536989,0.3869503546099291,53.30220031738281,81.6715316772461,2869.152099609375,327.16717529296875,641.1546020507812,1.624299626204997,0.7891099692567058,3.899083889552564,20.770606994628906,170.2102508544922,152.11964416503906,131.0510711669922,27.55449867248535,25.835134506225586,30.862646102905273,114.4131851196289,138.75843811035156,7.750637531280518,7.878492832183838,33.18238998754528
caltech_pyramid_008,data/processed/caltech_pyramid_008.png,298.0,300.0,0.9933333333333333,89400.0,190.0287628173828,56.22585678100586,59.33300018310547,255.0,205.791015625,0.0,0.4878076062639821,195.66699981689453,0.29588076905577715,0.6224831598350516,114.1510009765625,252.99998474121094,109.91799926757812,6.812831027663414,6.812831027663414,0.22819910514541386,24.44134521484375,46.14582443237305,163.2039794921875,115.08970642089844,370.8080139160156,0.2253119936618622,0.9269566512449272,0.7606787124699177,0.0,200.9824676513672,180.10403442382812,212.4029998779297,43.376861572265625,67.42487335205078,35.55586624145508,140.6265411376953,135.81292724609375,14.32054615020752,9.994654655456543,44.762456846058164
caltech_pyramid_009,data/processed/caltech_pyramid_009.png,300.0,206.0,1.4563106796116505,61800.0,208.97767639160156,63.535911560058594,0.7120000123977661,255.0,236.65550231933594,0.035339805825242716,0.661537216828479,254.28799998760223,0.30403204951406926,0.9944312311539634,96.84829711914062,255.0,86.10223388671875,5.278316681226992,5.278316681226992,0.32289644012944985,94.0652084350586,183.70895385742188,12306.7294921875,1387.0908203125,2079.90869140625,6.2238969142543965,0.8001846306128169,10.195925192840697,180.89236450195312,224.0771942138672,206.9571990966797,179.77825927734375,66.87836456298828,64.24347686767578,92.4258041381836,111.52176666259766,138.7699737548828,31.627368927001953,23.12165641784668,91.08171145771432
caltech_pyramid_010,data/processed/caltech_pyramid_010.png,300.0,173.0,1.7341040462427746,51900.0,147.07481384277344,26.049415588378906,9.545999526977539,243.36199951171875,150.78199768066406,0.002928709055876686,0.000674373795761079,233.8159999847412,0.17711676615895364,0.9245100983320659,115.31300354003906,176.1899871826172,28.624008178710938,6.596272571339119,6.596272571339119,0.346223506743738,41.19283676147461,60.272308349609375,963.8469848632812,151.32693481445312,393.0182189941406,0.7023914823095547,0.8448938951287943,2.3577099084265845,49.450937271118164,150.31077575683594,146.33103942871094,142.41729736328125,48.4609375,23.22304344177246,42.391090393066406,125.37161254882812,130.30809020996094,23.419147491455078,22.803451538085938,68.96109200213328
caltech_revolver_001,data/processed/caltech_revolver_001.png,300.0,154.0,1.948051948051948,46200.0,201.68714904785156,84.10099792480469,0.0,255.0,255.0,0.09186147186147187,0.6866017316017315,255.0,0.4169873881645469,0.9999999960784314,43.17300033569336,255.0,90.69500732421875,4.4611504966112605,4.4611504966112605,0.33945887445887446,76.79286193847656,153.9782257080078,1848.3536376953125,1030.3533935546875,1907.26904296875,1.7908162529901657,0.8656991899154387,1.9637480188848981,16.562848567962646,201.9912109375,202.13778686523438,198.56915283203125,85.96746063232422,83.18079376220703,85.53262329101562,126.24040985107422,128.21688842773438,6.3006439208984375,5.1453166007995605,17.573008600537122
caltech_revolver_002,data/processed/caltech_revolver_002.png,300.0,162.0,1.8518518518518519,48600.0,182.05238342285156,55.265682220458984,0.0,254.77198791503906,213.09100341796875,0.026584362139917696,0.4768106995884774,254.77198791503906,0.30357021906449655,0.9999999960749217,94.15670013427734,222.9869842529297,72.19224548339844,6.530914407708993,6.530914407708993,0.3518312757201646,60.09144973754883,110.0633544921875,1150.5521240234375,551.485107421875,1242.896728515625,1.1093885261276557,0.8577388924198144,1.6669030383010206,14.229483127593994,212.02438354492188,173.48782348632812,147.5416717529297,64.63793182373047,55.20491409301758,40.11715316772461,108.52442169189453,149.37802124023438,13.705948829650879,11.96368408203125,54.88466601725757
caltech_revolver_003,data/processed/caltech_revolver_003.png,300.0,180.0,1.6666666666666667,54000.0,173.11456298828125,59.65555191040039,0.0,255.0,204.0,0.07659259259259259,0.018074074074074076,255.0,0.34460157791483503,0.9999999960784314,54.584503173828125,204.0,26.852508544921875,4.265535801768977,4.265535801768977,0.33661111111111114,87.79468536376953,172.40478515625,3489.738037109375,1221.26806640625,1957.1842041015625,2.7349539121715463,0.8293228738474953,3.6669789963309314,22.196471691131592,178.56407165527344,171.19175720214844,168.72210693359375,56.07505416870117,61.36567687988281,63.71331024169922,125.52120208740234,131.886962890625,5.575658798217773,7.734230995178223,22.662304735296367
caltech_revolver_004,data/processed/caltech_revolver_004.png,300.0,207.0,1.4492753623188406,62100.0,161.62155151367188,19.66138458251953,46.063995361328125,205.2419891357422,168.93399047851562,0.0,0.0,159.17799377441406,0.12165075929991662,0.6334031139750539,125.97400665283203,177.0439910888672,16.093002319335938,5.594854308385771,5.594854308385771,0.13040257648953302,19.005226135253906,35.183067321777344,86.79544067382812,61.25925064086914,163.781494140625,0.168732523275763,0.9370784089191906,0.5278797545475925,0.0,170.24118041992188,158.0554656982422,157.376220703125,15.433670997619629,20.33464241027832,30.935489654541016,125.60420989990234,134.14808654785156,7.236476421356201,5.189186096191406,22.17773289825047
caltech_revolver_005,data/processed/caltech_revolver_005.png,300.0,206.0,1.4563106796116505,61800.0,39.327903747558594,42.41800308227539,0.0,255.0,26.7760009765625,0.6952265372168285,0.015889967637540452,255.0,1.0785726662671655,0.9999999960784314,10.46500015258789,72.22540283203125,29.526999473571777,6.4714231493137175,6.4714231493137175,0.8151456310679611,97.35551452636719,99.4570541381836,2647.450439453125,651.1690063476562,1342.97607421875,1.866477745034291,0.7106977213588772,3.029940753028238,49.89389514923096,63.532588958740234,29.063026428222656,28.698802947998047,39.03923034667969,45.73802185058594,45.29920959472656,122.00162506103516,145.264404296875,4.086395740509033,11.777016639709473,38.0245735155546
caltech_revolver_006,data/processed/caltech_revolver_006.png,300.0,242.0,1.2396694214876034,72600.0,164.1822967529297,73.9179458618164,0.0,254.77198791503906,226.81100463867188,0.0143801652892562,0.5167079889807162,254.77198791503906,0.45021873169939486,0.9999999960749217,61.88330078125,231.03900146484375,142.1780014038086,5.418670333108739,5.418670333108739,0.4334710743801653,67.86143493652344,118.95599365234375,1459.955322265625,707.858154296875,1380.2320556640625,1.3087654239713338,0.8192318653671848,2.6880900506941376,8.98195481300354,169.78558349609375,163.13018798828125,154.9032440185547,73.43730926513672,73.91575622558594,76.75729370117188,122.7635269165039,131.99664306640625,5.9972052574157715,4.607850074768066,19.329022052481623
caltech_revolver_007,data/processed/caltech_revolver_007.png,300.0,231.0,1.2987012987012987,69300.0,207.35508728027344,75.51586151123047,0.0,255.0,252.99998474121094,0.03864357864357865,0.7066378066378066,255.0,0.3641861993237357,0.9999999960784314,66.0,255.0,82.0,4.955623001684635,4.955623001684635,0.412020202020202,107.50309753417969,177.98294067382812,3607.092041015625,1485.41064453125,1980.023681640625,2.9480171422780144,0.7993523116110155,4.016670827792376,0.0,207.35508728027344,207.35508728027344,207.35508728027344,75.51586151123047,75.51586151123047,75.51586151123047,128.0,128.0,0.0,5.981750064165681e-07,0.0
caltech_revolver_008,data/processed/caltech_revolver_008.png,230.0,300.0,0.7666666666666667,69000.0,178.06077575683594,54.7540397644043,28.784000396728516,255.0,189.28750610351562,0.00018840579710144927,0.30131884057971015,226.21599960327148,0.3075019707410225,0.797141482570833,91.70990753173828,243.72900390625,80.39126586914062,7.512093271264126,7.512093271264126,0.8202463768115942,119.35717010498047,113.33243560791016,5160.11474609375,892.2996826171875,939.5084228515625,3.0535606166918443,0.6026068416337633,9.92640666704563,0.0,195.6964874267578,172.2047119140625,161.9592742919922,51.572288513183594,57.66312789916992,53.276275634765625,118.91337585449219,140.5789794921875,5.224614143371582,8.613765716552734,30.758582648818532
caltech_revolver_009,data/processed/caltech_revolver_009.png,300.0,207.0,1.4492753623188406,62100.0,213.60818481445312,76.17318725585938,0.29899999499320984,255.0,255.0,0.03249597423510467,0.7638486312399356,254.7010000050068,0.35660237909621045,0.9976576446141356,71.75299835205078,255.0,7.287994384765625,3.13104016941429,3.13104016941429,0.24576489533011273,48.04889678955078,127.86363983154297,5190.17041015625,750.7130737304688,1834.442138671875,2.4902330109636446,0.8491645257509588,7.544142268697526,7.187735557556152,213.48294067382812,213.0703125,216.70631408691406,76.5458984375,77.10498809814453,70.49636840820312,129.7483673095703,127.9106674194336,3.6291708946228027,0.92030930519104,8.455767130462288
caltech_revolver_010,data/processed/caltech_revolver_010.png,300.0,207.0,1.4492753623188406,62100.0,214.01368713378906,75.74987030029297,0.4560000002384186,255.0,255.0,0.029887278582930756,0.7659903381642512,254.54399999976158,0.35394871683599277,0.9964299096638721,72.33399963378906,255.0,6.1309967041015625,3.1220544545551157,3.1220544545551157,0.24206119162640902,46.27425765991211,125.78997039794922,5103.998046875,712.6993408203125,1777.72412109375,2.4353904930510346,0.8518902799003996,7.379992275622906,5.271969318389893,213.6519775390625,213.65028381347656,216.83352661132812,76.53052520751953,76.37796020507812,70.55583190917969,129.59133911132812,127.74201202392578,3.3096423149108887,1.0765745639801025,7.863402559437683
caltech_rhino_001,data/processed/caltech_rhino_001.png,300.0,255.0,1.1764705882352942,76500.0,137.72103881835938,72.26617431640625,0.0,255.0,122.239501953125,0.07691503267973857,0.20007843137254902,255.0,0.524728642854558,0.9999999960784314,45.991695404052734,235.9180145263672,129.7800064086914,7.7857511866275955,7.7857511866275955,0.5900261437908497,100.41015625,141.81784057617188,5497.1015625,953.78125,1564.019775390625,3.367209855764389,0.7169016741195892,7.012630388333414,30.68574810028076,148.13253784179688,137.8013153076172,110.00043487548828,70.65686798095703,74.11933898925781,72.97913360595703,112.35631561279297,135.42616271972656,14.323525428771973,6.050300121307373,41.35693407227158
caltech_rhino_002,data/processed/caltech_rhino_002.png,300.0,259.0,1.1583011583011582,77700.0,36.218719482421875,52.81330871582031,0.0,252.22999572753906,0.0,0.6666151866151866,6.435006435006435e-05,252.22999572753906,1.4581770977097972,0.9999999960353645,0.0,124.92070770263672,93.15774536132812,3.738571365754132,3.738571365754132,0.19646074646074646,25.49281883239746,68.35432434082031,519.8916015625,204.9250946044922,663.8781127929688,0.4068357911684507,0.9351799598786239,1.1815651684125197,0.25383732467889786,37.38393783569336,36.381324768066406,32.32530212402344,54.54355239868164,52.99945831298828,47.456722259521484,125.80281829833984,128.83111572265625,3.2538580894470215,1.698513388633728,8.75024145300028
caltech_rhino_003,data/processed/caltech_rhino_003.png,300.0,200.0,1.5,60000.0,119.47018432617188,69.6544418334961,0.0,254.18499755859375,122.72750091552734,0.18025,0.0905,254.18499755859375,0.5830278210695733,0.9999999960658575,26.819000244140625,212.8203125,128.03975677490234,7.896993351036334,7.896993351036334,0.8882333333333333,135.9608154296875,117.21867370605469,7577.22314453125,1133.3704833984375,1199.5272216796875,4.113499577037922,0.5657939687735132,12.278821700850477,23.73631525039673,125.8228530883789,120.5875473022461,97.05488586425781,77.90615844726562,68.66202545166016,56.79962921142578,115.35028839111328,132.53114318847656,12.368807792663574,8.18507194519043,37.887897655719826
caltech_rhino_004,data/processed/caltech_rhino_004.png,300.0,197.0,1.5228426395939085,59100.0,59.904693603515625,55.200164794921875,6.35099983215332,241.88999938964844,29.249000549316406,0.6121489001692048,0.0008629441624365482,235.53899955749512,0.9214664252988671,0.9488319791937775,19.972000122070312,166.0288848876953,54.633005142211914,6.504338267846618,6.504338267846618,0.3696446700507614,46.81077575683594,75.73544311523438,569.8438110351562,319.78082275390625,653.3844604492188,0.5934511980436878,0.8642994419402277,1.7291250082670582,12.143572330474854,78.06005096435547,51.20170974731445,57.0994758605957,66.08467102050781,55.372859954833984,29.351919174194336,126.41692352294922,140.94960021972656,15.870841026306152,9.94365406036377,46.055341777102186
caltech_rhino_005,data/processed/caltech_rhino_005.png,300.0,187.0,1.6042780748663101,56100.0,147.48985290527344,41.644683837890625,3.2890000343322754,247.33999633789062,158.7655029296875,0.034010695187165776,0.010588235294117647,244.05099630355835,0.2823562620425217,0.9737540303092096,86.64630126953125,189.17599487304688,47.44500732421875,7.172646763732305,7.172646763732305,0.6587700534759359,62.130855560302734,63.84774398803711,683.0957641601562,263.03485107421875,450.30938720703125,0.7025533063815801,0.7907374942943592,2.119577830967378,3.8835203647613525,160.1443328857422,144.68833923339844,128.72488403320312,46.953773498535156,39.95254135131836,38.54353332519531,117.41028594970703,137.0260009765625,5.134524345397949,5.498215198516846,23.94197347775767
caltech_rhino_006,data/processed/caltech_rhino_006.png,300.0,204.0,1.4705882352941178,61200.0,97.16681671142578,53.803993225097656,0.0,255.0,88.7080078125,0.11648692810457516,0.05674836601307189,255.0,0.5537280575030181,0.9999999960784314,36.82099914550781,166.00621032714844,60.20100784301758,7.556951294765292,7.556951294765292,0.8449019607843137,134.36459350585938,146.05506896972656,7615.841796875,1237.6632080078125,1527.499755859375,4.535251677651801,0.5981734600393891,10.129174050789407,24.349827766418457,94.0978775024414,100.65792846679688,87.2398681640625,55.548702239990234,53.266197204589844,57.41658020019531,122.39789581298828,125.81101989746094,8.863874435424805,5.668270111083984,24.995466423849866
caltech_rhino_007,data/processed/caltech_rhino_007.png,300.0,205.0,1.4634146341463414,61500.0,50.69586944580078,65.8929443359375,0.0,255.0,3.940000057220459,0.5872032520325203,0.019772357723577237,255.0,1.299769463597316,0.9999999960784314,0.0,154.16819763183594,97.05050659179688,5.159871111493873,5.159871111493873,0.4864390243902439,108.78402709960938,161.4749755859375,9550.677734375,1240.1942138671875,1917.2740478515625,5.041642732670193,0.7175436169781142,10.057733384206708,5.087541580200195,59.73494338989258,48.135982513427734,40.1693000793457,76.51929473876953,63.68213653564453,52.64239501953125,122.05949401855469,134.447265625,11.82746410369873,9.107056617736816,35.64708994640035
caltech_rhino_008,data/processed/caltech_rhino_008.png,300.0,167.0,1.7964071856287425,50100.0,63.47356414794922,36.566497802734375,0.0,177.2060089111328,69.66500091552734,0.3449500998003992,0.0,177.2060089111328,0.5760901836457789,0.9999999943568505,19.0,109.66500091552734,63.9530029296875,6.79803446788411,6.79803446788411,0.5100399201596807,50.41115951538086,60.52755355834961,447.1753234863281,226.47689819335938,394.87158203125,0.5140944562500902,0.8515587398763145,1.3382342205229716,0.7446126788854599,65.25686645507812,63.598323822021484,58.153892517089844,37.096527099609375,36.560997009277344,37.34904098510742,124.99793243408203,129.27197265625,5.874566078186035,2.9406681060791016,15.07873111282992
caltech_rhino_009,data/processed/caltech_rhino_009.png,300.0,155.0,1.935483870967742,46500.0,110.72988891601562,42.94987487792969,0.0,252.24700927734375,121.71900177001953,0.09135483870967742,0.0009032258064516129,252.24700927734375,0.38787968551676083,0.9999999960356319,42.19419860839844,157.0449981689453,57.84150695800781,7.278240998659213,7.278240998659213,0.7364731182795698,81.76429748535156,87.54314422607422,3225.305908203125,488.3032531738281,683.1495361328125,1.9092037135375142,0.711830382652197,5.939270510782604,11.052507162094116,115.40464782714844,112.05786895751953,91.63094329833984,45.40590286254883,43.69815444946289,41.25344467163086,117.2218246459961,131.33433532714844,12.046428680419922,7.370083332061768,35.08821868846443
caltech_rhino_010,data/processed/caltech_rhino_010.png,300.0,208.0,1.4423076923076923,62400.0,97.1771469116211,22.563980102539062,0.0,182.10501098632812,101.11700439453125,0.042708333333333334,0.0,182.10501098632812,0.23219430274965613,0.999999994508663,68.90070343017578,114.10699462890625,13.531997680664062,6.031177334856119,6.031177334856119,0.3697275641025641,34.129676818847656,38.15890121459961,158.64535522460938,103.75350952148438,228.49554443359375,0.2721701374000704,0.8930245765791649,0.7869519232834962,6.924377083778381,97.41248321533203,100.40804290771484,79.92357635498047,24.227027893066406,22.82077980041504,22.434391021728516,118.26322937011719,128.1678466796875,8.027825355529785,2.834214925765991,22.67678824096198
caltech_rooster_001,data/processed/caltech_rooster_001.png,269.0,300.0,0.8966666666666666,80700.0,102.15442657470703,55.84938049316406,3.5220000743865967,252.03599548339844,94.28799438476562,0.1470384138785626,0.03707558859975217,248.51399540901184,0.546715221445694,0.9724367805208535,31.332000732421875,192.25979614257812,76.87699890136719,7.660451778549655,7.660451778549655,0.779541511771995,90.08486938476562,84.78849792480469,1752.275390625,507.77490234375,661.355712890625,1.408560848577543,0.7082421335160136,3.659302005530887,34.310922622680664,113.70376586914062,103.44530487060547,65.21585083007812,61.11422348022461,58.44039535522461,52.16734313964844,107.154296875,136.2377471923828,11.853863716125488,17.719764709472656,57.865691724981986
caltech_rooster_002,data/processed/caltech_rooster_002.png,300.0,257.0,1.1673151750972763,77100.0,129.4318084716797,63.745479583740234,0.29899999499320984,248.90699768066406,131.84552001953125,0.08815823605706874,0.12176394293125811,248.60799768567085,0.4925024214985425,0.9976003748177639,42.78070068359375,217.88800048828125,104.07625579833984,7.661319514076221,7.661319514076221,0.6338391699092089,85.78645324707031,98.52094268798828,1340.2720947265625,555.9683837890625,866.81787109375,1.286559292618147,0.7468603303461887,2.6130863756403917,64.07135677337646,136.1794891357422,134.1423797607422,87.47867584228516,61.06093978881836,69.19380187988281,61.40582275390625,104.32440948486328,132.8128662109375,12.9140043258667,16.600048065185547,57.98286182816385
caltech_rooster_003,data/processed/caltech_rooster_003.png,300.0,265.0,1.1320754716981132,79500.0,94.34203338623047,64.51136779785156,0.0,245.89100646972656,82.33550262451172,0.3140880503144654,0.00810062893081761,245.89100646972656,0.6838030175790571,0.9999999959331575,18.325300216674805,185.23699951171875,124.67426300048828,7.583463361002272,7.583463361002272,0.7965157232704403,97.52434539794922,83.91285705566406,1830.4630126953125,470.99700927734375,569.2593383789062,1.4982734408513732,0.6791322722417747,4.12628661082912,16.216788291931152,110.05415344238281,91.40323638916016,68.26437377929688,72.58937072753906,65.60789489746094,48.50605010986328,113.28349304199219,139.20692443847656,13.77153205871582,13.574697494506836,50.873068966212564
caltech_rooster_004,data/processed/caltech_rooster_004.png,240.0,300.0,0.8,72000.0,176.89297485351562,98.92229461669922,0.0,255.0,251.0,0.13934722222222223,0.6109305555555555,255.0,0.5592211569701693,0.9999999960784314,31.0,255.0,196.0,5.126844503694851,5.126844503694851,0.40484722222222225,84.09963989257812,183.0398406982422,1964.769775390625,1549.461669921875,3107.24169921875,2.169509936655424,0.8507473553916034,2.734448684421212,0.0,176.89297485351562,176.89297485351562,176.89297485351562,98.92229461669922,98.92229461669922,98.92229461669922,128.0,128.0,0.0,5.110049414724926e-07,0.0
caltech_rooster_005,data/processed/caltech_rooster_005.png,292.0,300.0,0.9733333333333334,87600.0,178.95913696289062,100.92842102050781,0.0,255.0,253.52700805664062,0.19147260273972602,0.6340410958904109,255.0,0.5639746713656866,0.9999999960784314,20.78569984436035,255.0,199.60150146484375,4.855892025922197,4.855892025922197,0.3286986301369863,64.30836486816406,165.87039184570312,5603.34228515625,1132.783935546875,2710.65380859375,3.301804055487672,0.8634498726944694,5.179863552876039,163.22580814361572,189.5610809326172,175.66152954101562,168.13214111328125,97.69651794433594,104.4818344116211,113.39151000976562,121.88995361328125,135.56201171875,11.370382308959961,24.668628692626953,63.28071268289137
caltech_rooster_006,data/processed/caltech_rooster_006.png,300.0,300.0,1.0,90000.0,203.24893188476562,85.31964874267578,0.0,255.0,254.5439910888672,0.11521111111111111,0.7206333333333333,255.0,0.4197790735317108,0.9999999960784314,25.96200180053711,255.0,113.19450378417969,4.495707542730921,4.495707542730921,0.34973333333333334,106.10795593261719,223.57650756835938,10398.2236328125,2065.92138671875,3562.2841796875,6.0461426978818285,0.8425891619291543,8.782573695631633,54.057827949523926,196.155517578125,207.91415405273438,197.83200073242188,95.26693725585938,82.67070770263672,90.7857894897461,124.94302368164062,122.94047546386719,6.294712066650391,19.572914123535156,47.64619862870158
caltech_rooster_007,data/processed/caltech_rooster_007.png,300.0,285.0,1.0526315789473684,85500.0,194.5841522216797,72.10586547851562,14.060999870300293,255.0,243.20599365234375,0.00991812865497076,0.5866900584795322,240.9390001296997,0.37056391429968677,0.8954809480019861,80.125,254.28799438476562,120.88099670410156,6.31886213402534,6.31886213402534,0.42391812865497075,57.58792495727539,92.26893615722656,714.8252563476562,490.0494384765625,1125.5433349609375,0.7724362197358299,0.8469128809653023,1.7641788059096872,28.27237558364868,207.62245178222656,192.0558624267578,173.40567016601562,61.806846618652344,77.7432861328125,91.40677642822266,116.04827117919922,137.29978942871094,16.824750900268555,20.959266662597656,64.83238950341328
caltech_rooster_008,data/processed/caltech_rooster_008.png,300.0,225.0,1.3333333333333333,67500.0,119.83430480957031,42.978904724121094,0.2280000001192093,254.77198791503906,124.94200134277344,0.060222222222222226,0.011081481481481482,254.54398791491985,0.35865276169262605,0.9982117607056441,51.94779968261719,168.90411376953125,49.384002685546875,7.369343029386949,7.369343029386949,0.9045777777777778,114.7338638305664,83.09294891357422,5666.353515625,666.3583984375,593.8563842773438,3.086318988227954,0.5428794965764214,11.037260952740166,24.419318199157715,116.04393768310547,123.37390899658203,111.54978942871094,42.156654357910156,44.87848663330078,40.891544342041016,123.32476806640625,125.29646301269531,5.658549785614014,7.453583240509033,22.725541682845403
caltech_rooster_009,data/processed/caltech_rooster_009.png,300.0,293.0,1.023890784982935,87900.0,163.20420837402344,65.88118743896484,31.91299819946289,255.0,149.65850830078125,1.1376564277588169e-05,0.3649032992036405,223.0870018005371,0.40367333472374817,0.7775423296364703,84.03700256347656,254.41299438476562,126.7387466430664,6.8335262528727325,6.8335262528727325,0.5229692832764505,64.39659881591797,91.20891571044922,1453.6910400390625,486.73052978515625,838.23828125,1.0839533625364994,0.7815159228559478,4.417584986122824,0.0,184.34793090820312,163.2742919921875,107.3875503540039,65.03692626953125,73.91243743896484,83.8641586303711,96.50074768066406,143.08108520507812,43.525535583496094,15.588255882263184,112.9005846565269
caltech_rooster_010,data/processed/caltech_rooster_010.png,218.0,300.0,0.7266666666666667,65400.0,40.386375427246094,33.767005920410156,0.0,184.05198669433594,36.472503662109375,0.5273853211009174,0.0,184.05198669433594,0.8360989251224265,0.9999999945667525,4.0,87.96910095214844,56.54175138473511,6.264602007270314,6.264602007270314,0.4447706422018349,51.334930419921875,65.4046630859375,281.0802307128906,238.72109985351562,327.3166198730469,0.45042606567144294,0.8622568758564779,1.0406355432553605,194.7207546234131,60.010704040527344,35.06538391113281,16.314006805419922,67.503662109375,36.339107513427734,20.555959701538086,114.4151382446289,141.99737548828125,18.420188903808594,33.92185592651367,92.99458750356621
caltech_saxophone_001,data/processed/caltech_saxophone_001.png,178.0,300.0,0.5933333333333334,53400.0,22.16197967529297,50.19812774658203,0.0,253.63198852539062,0.0,0.8348689138576779,0.022827715355805245,253.63198852539062,2.265056020130224,0.9999999960572797,0.0,77.75239562988281,20.835500717163086,3.2136836509007685,3.2136836509007685,0.23910112359550562,48.04970932006836,110.70020294189453,1977.6650390625,571.9315185546875,1363.3812255859375,1.3094650973738184,0.8878934503136935,2.6837037319952812,4.327356457710266,24.323726654052734,22.14078712463379,16.601255416870117,53.5547981262207,50.65361785888672,40.127655029296875,124.86189270019531,129.54190063476562,7.303184509277344,3.5287206172943115,18.29511177808668
caltech_saxophone_002,data/processed/caltech_saxophone_002.png,300.0,261.0,1.1494252873563218,78300.0,63.67705535888672,44.6812629699707,0.0,255.0,58.0,0.35097062579821203,0.014406130268199233,255.0,0.7016854346743845,0.9999999960784314,11.157000541687012,109.8810043334961,62.22225379943848,7.191815013415114,7.191815013415114,0.6333461047254151,80.7726058959961,111.98155212402344,5291.04736328125,621.1421508789062,1155.821044921875,2.7688850350465795,0.7204606879662031,8.189359913519517,57.27701759338379,105.2604751586914,47.092811584472656,40.006103515625,84.8212661743164,40.00419235229492,33.653846740722656,114.64167022705078,157.6600799560547,16.90339469909668,37.857147216796875,107.90267125413753
caltech_saxophone_003,data/processed/caltech_saxophone_003.png,229.0,300.0,0.7633333333333333,68700.0,107.55207061767578,66.23136901855469,0.0,254.77198791503906,98.91000366210938,0.19820960698689957,0.049170305676855895,254.77198791503906,0.6158074690926717,0.9999999960749217,29.66990089416504,203.12098693847656,116.3242416381836,7.750433673611512,7.750433673611512,0.6090975254730713,97.01508331298828,134.21348571777344,2923.970703125,884.8541259765625,1471.5787353515625,2.2671852333053284,0.7414224343650029,4.346276600380734,37.08922004699707,116.72184753417969,103.36825561523438,105.04454040527344,70.78658294677734,65.93587493896484,63.244361877441406,126.58492279052734,134.54049682617188,9.324910163879395,11.14184284210205,34.245751350110424
caltech_saxophone_004,data/processed/caltech_saxophone_004.png,217.0,300.0,0.7233333333333334,65100.0,216.13394165039062,59.35135269165039,6.794000148773193,255.0,255.0,0.0027035330261136713,0.6878187403993855,248.2059998512268,0.2746044973956483,0.948096590304128,123.86100006103516,255.0,99.000244140625,3.719274589726154,3.719274589726154,0.25410138248847924,37.265228271484375,79.80758666992188,599.1071166992188,256.6346435546875,613.586669921875,0.5595286609677097,0.8980621196317515,1.2293073210260534,28.236473560333252,219.79986572265625,215.83932495117188,208.03611755371094,53.93564224243164,59.816558837890625,72.0726089477539,123.43010711669922,130.61476135253906,8.511324882507324,4.728246688842773,22.673743910422502
caltech_saxophone_005,data/processed/caltech_saxophone_005.png,178.0,300.0,0.5933333333333334,53400.0,131.31185913085938,31.374797821044922,0.5699999928474426,255.0,142.83299255371094,0.01940074906367041,0.006910112359550562,254.43000000715256,0.2389334656426178,0.995539378717118,85.74980163574219,154.06100463867188,29.902984619140625,6.383151973782645,6.383151973782645,0.3094194756554307,48.141822814941406,79.1338882446289,1417.4051513671875,268.196044921875,596.6561279296875,0.9648242078927327,0.8514892768986722,2.639281719630815,35.79110050201416,140.56692504882812,129.10446166992188,118.40376281738281,31.39801025390625,31.00592613220215,35.845130920410156,120.71552276611328,134.60133361816406,6.600910186767578,2.4890809059143066,20.049673412868408
caltech_saxophone_006,data/processed/caltech_saxophone_006.png,134.0,300.0,0.44666666666666666,40200.0,82.5477066040039,59.37944030761719,1.7939999103546143,255.0,59.0,0.11146766169154229,0.07218905472636816,253.20600008964539,0.7193348189930479,0.9860277077813754,39.02199935913086,193.0330047607422,32.581504821777344,6.882828293315727,6.882828293315727,0.6254975124378109,104.03180694580078,154.2981414794922,4861.333984375,1204.056884765625,1928.044921875,3.2360896037828333,0.7214905717070881,6.564476802158077,2.6666866540908813,85.98161315917969,80.90144348144531,82.01801300048828,58.609214782714844,59.66160583496094,60.22956848144531,127.7010726928711,130.44931030273438,1.273993730545044,2.0613186359405518,6.654375083443604
caltech_saxophone_007,data/processed/caltech_saxophone_007.png,300.0,221.0,1.3574660633484164,66300.0,80.61894989013672,62.10729217529297,0.2280000001192093,255.0,72.12800598144531,0.35580693815987935,0.04790346907993967,254.7719999998808,0.770380803639203,0.9982133582582963,12.843899726867676,165.69979858398438,95.93924903869629,7.579345584614719,7.579345584614719,0.5890045248868778,82.50060272216797,105.47967529296875,1700.344482421875,662.5216064453125,1069.373291015625,1.415378490599177,0.762207260905891,3.692031837697174,22.04011631011963,97.63194274902344,73.54165649414062,72.43900299072266,82.9406509399414,60.030181884765625,59.934688568115234,123.38377380371094,140.1348114013672,14.792455673217773,27.873958587646484,74.56537804369923
caltech_saxophone_008,data/processed/caltech_saxophone_008.png,264.0,300.0,0.88,79200.0,231.19949340820312,53.05574417114258,0.0,255.0,255.0,0.015744949494949496,0.8298611111111112,255.0,0.22948036416320175,0.9999999960784314,145.89308166503906,255.0,8.999984741210938,3.747956533591625,3.747956533591625,0.2862626262626263,77.24209594726562,172.9187774658203,11913.412109375,1216.6256103515625,2180.424072265625,5.670840011506652,0.8326302080794509,9.451709582713008,35.793498039245605,235.0146942138672,230.67361450195312,223.90090942382812,47.479942321777344,54.201663970947266,64.3370132446289,123.88116455078125,130.7212371826172,9.042049407958984,6.425477504730225,25.3834983695464
caltech_saxophone_009,data/processed/caltech_saxophone_009.png,270.0,300.0,0.9,81000.0,233.2850799560547,52.31740951538086,0.0,255.0,255.0,0.014271604938271605,0.852358024691358,255.0,0.22426384619613204,0.9999999960784314,155.08428955078125,255.0,4.55224609375,3.535984659399725,3.535984659399725,0.24846913580246913,67.85932159423828,151.49949645996094,6363.49560546875,912.8844604492188,1837.192138671875,3.4952847851643716,0.8722457099414622,5.222953049239322,65.45898628234863,238.10543823242188,232.0196075439453,227.1583251953125,43.81989669799805,55.34464645385742,64.25233459472656,124.54247283935547,131.43820190429688,9.953062057495117,10.060998916625977,31.983126474224605
caltech_saxophone_010,data/processed/caltech_saxophone_010.png,189.0,300.0,0.63,56700.0,132.67828369140625,74.4922103881836,0.0,255.0,137.92300415039062,0.142010582010582,0.19864197530864197,255.0,0.5614499053966784,0.9999999960784314,31.029701232910156,224.11700439453125,142.78201293945312,7.809913306237583,7.809913306237583,0.7104761904761905,121.80997467041016,148.9136962890625,2912.88720703125,1198.0257568359375,1606.664306640625,2.5990560870845307,0.6806732188362901,4.9550291853728385,56.14807891845703,136.0344696044922,132.710205078125,123.71119689941406,70.5890121459961,76.95793914794922,77.5457992553711,122.9395751953125,130.39385986328125,9.047996520996094,9.961455345153809,31.04221580730086
caltech_schooner_001,data/processed/caltech_schooner_001.png,300.0,215.0,1.3953488372093024,64500.0,221.146728515625,66.45728302001953,0.0,255.0,250.87899780273438,0.05021705426356589,0.8151472868217055,255.0,0.30051216748979337,0.9999999960784314,102.90909576416016,255.0,17.9749755859375,5.355259304116175,5.355259304116175,0.3825891472868217,91.79228973388672,174.77883911132812,8165.78369140625,1316.635009765625,2400.12353515625,4.463312366416394,0.8083123237495713,8.128450247494266,17.951390743255615,223.28334045410156,222.25827026367188,209.81930541992188,66.13318634033203,66.8078842163086,67.09428405761719,121.60755157470703,129.5239715576172,7.032276153564453,2.626352071762085,18.838500302271004
caltech_schooner_002,data/processed/caltech_schooner_002.png,300.0,246.0,1.2195121951219512,73800.0,118.67971801757812,44.5362663269043,0.0,255.0,137.0,0.01943089430894309,0.002317073170731707,255.0,0.3752643391438082,0.9999999960784314,48.0,166.0,77.0,6.976308321408916,6.976308321408916,0.6518970189701897,73.82917785644531,96.8920669555664,2620.9228515625,368.8213195800781,610.2860717773438,1.738727215268196,0.7285005025184741,4.672082143703711,0.0,118.67971801757812,118.67971801757812,118.67971801757812,44.5362663269043,44.5362663269043,44.5362663269043,128.0,128.0,0.0,1.8416034208712517e-07,0.0
caltech_schooner_003,data/processed/caltech_schooner_003.png,300.0,221.0,1.3574660633484164,66300.0,98.29094696044922,47.26411819458008,1.0429999828338623,255.0,86.0250015258789,0.01196078431372549,0.06586726998491704,253.95700001716614,0.4808593179261883,0.9918529272127709,59.334999084472656,158.75799560546875,31.84400177001953,6.88034362063603,6.88034362063603,0.8237707390648568,93.41496276855469,101.06412506103516,2143.010009765625,550.5639038085938,1149.1385498046875,1.6910200290561288,0.7030707265394516,3.8153213491632387,29.971948623657227,71.94639587402344,108.15660858154297,116.58809661865234,54.02788162231445,44.80684280395508,47.87857437133789,138.32571411132812,109.20930480957031,5.799306392669678,9.018745422363281,35.86684467017597
caltech_schooner_004,data/processed/caltech_schooner_004.png,300.0,216.0,1.3888888888888888,64800.0,140.12107849121094,42.30575180053711,0.0,255.0,141.3070068359375,0.04709876543209877,0.01817901234567901,255.0,0.30192282242009655,0.9999999960784314,87.22119903564453,186.87930297851562,25.134246826171875,6.6083419431277735,6.6083419431277735,0.38462962962962965,59.75895690917969,101.80374908447266,2571.994140625,448.5987854003906,831.6174926757812,1.6303852606592732,0.8123117533474342,3.5962812504774226,26.274139404296875,113.5604019165039,147.3381805419922,172.62286376953125,42.11155700683594,43.18297576904297,47.66350173950195,146.34188842773438,109.05516052246094,12.39763069152832,7.690318584442139,45.55224760034964
caltech_schooner_005,data/processed/caltech_schooner_005.png,300.0,207.0,1.4492753623188406,62100.0,204.1564483642578,38.6593017578125,62.0,255.0,214.0,0.0,0.4830595813204509,193.0,0.1893611584556715,0.6088328056503697,147.99998474121094,241.0,39.0,6.706819937818559,6.706819937818559,0.5686795491143317,66.99120330810547,85.63765716552734,847.7551879882812,381.9483947753906,644.9139404296875,0.8969055090220688,0.8064243771268393,1.702485473825685,0.0,204.1564483642578,204.1564483642578,204.1564483642578,38.6593017578125,38.6593017578125,38.6593017578125,128.0,128.0,0.0,1.8112494899469311e-06,0.0
caltech_schooner_006,data/processed/caltech_schooner_006.png,300.0,287.0,1.0452961672473868,86100.0,170.1005859375,48.39957809448242,4.109000205993652,241.8939971923828,183.85501098632812,0.016120789779326364,0.0962485481997677,237.78499698638916,0.2845350446219557,0.9665938973691731,90.95280456542969,214.73098754882812,60.29100036621094,7.081911710215624,7.081911710215624,0.32657375145180023,45.03495788574219,80.0802001953125,877.7041625976562,291.9052429199219,578.2906494140625,0.7594613251718229,0.8719389689487205,1.4032207630410902,9.854960441589355,167.6411590576172,175.05613708496094,151.03453063964844,52.94269943237305,45.926856994628906,50.60398483276367,117.24037170410156,126.24575805664062,4.800989151000977,4.584392070770264,20.09846360115662
caltech_schooner_007,data/processed/caltech_schooner_007.png,300.0,213.0,1.408450704225352,63900.0,156.95590209960938,66.27897644042969,1.097000002861023,255.0,173.73651123046875,0.10386541471048513,0.22812206572769952,253.90299999713898,0.4222776915779133,0.9914329297214318,39.04399871826172,227.02200317382812,99.56300354003906,7.704611169405003,7.704611169405003,0.639640062597809,77.8996810913086,100.5977554321289,2260.79443359375,553.7213745117188,1120.0098876953125,1.624793434784683,0.7461208265946488,4.057875601213365,2.6885229349136353,148.7779998779297,157.4159698486328,176.03594970703125,67.56951904296875,67.20419311523438,64.59615325927734,138.76754760742188,122.16698455810547,9.972421646118164,9.595675468444824,35.6457797780692
caltech_schooner_008,data/processed/caltech_schooner_008.png,257.0,300.0,0.8566666666666667,77100.0,101.06788635253906,51.72411346435547,0.0,255.0,115.24600219726562,0.17398184176394293,0.014695201037613488,255.0,0.5117759440635625,0.9999999960784314,24.81279945373535,160.906005859375,77.6300048828125,7.443193019147413,7.443193019147413,0.41866407263294425,78.03541564941406,142.3791961669922,3523.37353515625,815.4829711914062,1621.92626953125,2.428673401719525,0.7967625472291706,4.220519001707185,26.430380821228027,87.01774597167969,102.66548919677734,129.6925048828125,49.36457061767578,52.90915298461914,59.65541458129883,144.1538543701172,117.97850799560547,11.580709457397461,9.165071487426758,41.40359884619254
caltech_schooner_009,data/processed/caltech_schooner_009.png,300.0,232.0,1.293103448275862,69600.0,131.65582275390625,49.51976013183594,7.0,255.0,128.0,0.014626436781609195,0.09244252873563219,248.0,0.3761304188442076,0.9465648818833402,69.0,211.0,36.0,7.108609424477185,7.108609424477185,0.3733477011494253,53.21794509887695,88.67724609375,701.8896484375,376.12982177734375,782.49853515625,0.7466281178425107,0.8578178279621982,1.5613033854940903,0.0,131.65582275390625,131.65582275390625,131.65582275390625,49.51976013183594,49.51976013183594,49.51976013183594,128.0,128.0,0.0,6.100500513639417e-07,0.0
caltech_schooner_010,data/processed/caltech_schooner_010.png,300.0,279.0,1.075268817204301,83700.0,85.6642074584961,44.52961349487305,0.8969999551773071,215.23699951171875,85.906005859375,0.1881720430107527,1.1947431302270013e-05,214.33999955654144,0.5198158518729259,0.9916995895764702,25.690000534057617,152.04530334472656,67.8810043334961,7.3152917810419815,7.3152917810419815,0.45129032258064516,55.21847152709961,81.1153564453125,814.978271484375,330.8775939941406,648.1865844726562,0.7933868365443584,0.8342139362636337,1.70756889790132,60.227413177490234,107.81250762939453,74.89141082763672,83.04395294189453,72.23809814453125,38.418155670166016,47.28425598144531,126.52129364013672,143.7976531982422,25.189634323120117,26.256568908691406,84.7908831367803
caltech_scissors_001,data/processed/caltech_scissors_001.png,300.0,289.0,1.0380622837370241,86700.0,244.68443298339844,39.876922607421875,0.0,255.0,255.0,0.008777393310265282,0.9389273356401384,255.0,0.16297286246712156,0.9999999960784314,251.0,255.0,0.8690032958984375,2.3972928731483276,2.3972928731483276,0.08275663206459054,29.05537986755371,118.63906860351562,1743.4241943359375,437.4194641113281,1500.1348876953125,1.2403752817606812,0.9546349284137694,1.343530054642836,1.5956996977329254,244.66644287109375,244.8917236328125,243.66433715820312,39.87856674194336,39.98054885864258,39.41181182861328,127.42432403564453,127.98715209960938,1.2095859050750732,0.3177696466445923,2.822697947248676
caltech_scissors_002,data/processed/caltech_scissors_002.png,119.0,300.0,0.39666666666666667,35700.0,197.62936401367188,47.131832122802734,2.690999984741211,254.77198791503906,222.22299194335938,0.014145658263305322,0.6147899159663865,252.08098793029785,0.23848597661355733,0.9790960207815446,122.83440399169922,226.89100646972656,38.4630126953125,5.819122754448425,5.819122754448425,0.32417366946778714,63.59750747680664,123.5580825805664,2507.603271484375,638.1438598632812,1161.7525634765625,1.7514830941162811,0.8490703537952432,2.770123027108771,7.564807653427124,209.23675537109375,192.68045043945312,192.66806030273438,44.084835052490234,47.48210144042969,56.48808288574219,125.20016479492188,136.27915954589844,7.592030048370361,5.979980945587158,25.179060879003323
caltech_scissors_003,data/processed/caltech_scissors_003.png,105.0,300.0,0.35,31500.0,230.1249237060547,55.04054641723633,0.0,255.0,251.0,0.019809523809523808,0.869904761904762,255.0,0.23917681445215563,0.9999999960784314,168.0,255.0,11.0,4.804695892251448,4.804695892251448,0.26965079365079364,89.1292724609375,194.63787841796875,8047.88037109375,1478.846923828125,2600.01708984375,4.723446010511229,0.8548025128335941,6.017743962556158,0.0,230.1249237060547,230.1249237060547,230.1249237060547,55.04054641723633,55.04054641723633,55.04054641723633,128.0,128.0,0.0,8.412676493207982e-07,0.0
caltech_scissors_004,data/processed/caltech_scissors_004.png,155.0,300.0,0.5166666666666667,46500.0,155.9452667236328,61.66572189331055,0.29899999499320984,240.15298461914062,176.03900146484375,0.09675268817204301,0.05219354838709678,239.85398462414742,0.3954318254953073,0.9975130128850503,40.15299987792969,210.03900146484375,50.88600158691406,7.0600536293823435,7.0600536293823435,0.27838709677419354,48.61295700073242,104.33039093017578,1299.5948486328125,534.8087768554688,1096.494140625,1.010981470609802,0.8825691926546928,2.3640905585123098,1.7442600727081299,159.9581298828125,154.86373901367188,150.98912048339844,61.531837463378906,61.76258850097656,61.56138229370117,125.20309448242188,130.86224365234375,0.619892418384552,0.7832878828048706,4.528361720299889
caltech_scissors_005,data/processed/caltech_scissors_005.png,150.0,300.0,0.5,45000.0,139.5982666015625,63.95503234863281,0.29899999499320984,250.11000061035156,147.03900146484375,0.0893111111111111,0.1004,249.81100061535835,0.45813628956464914,0.9976119029821104,42.159996032714844,215.03900146484375,116.14525604248047,7.693188094528928,7.693188094528928,0.37364444444444445,56.461788177490234,95.92853546142578,2136.9140625,496.8095703125,908.6325073242188,1.3070068386044464,0.8275603318979831,4.238566951359493,18.05944538116455,151.1201934814453,136.017333984375,127.81710815429688,58.71034622192383,65.45758056640625,71.52946472167969,121.35150146484375,136.21820068359375,6.06758451461792,6.121670722961426,24.196850684906295
caltech_scissors_006,data/processed/caltech_scissors_006.png,114.0,300.0,0.38,34200.0,206.02882385253906,75.94954681396484,14.928999900817871,255.0,252.92901611328125,0.008538011695906433,0.7058479532163743,240.07100009918213,0.3686355385870117,0.8893857247572791,59.30999755859375,254.28799438476562,80.84574890136719,5.042340049845036,5.042340049845036,0.3454678362573099,69.92660522460938,128.4293975830078,2335.394287109375,944.6890258789062,1581.6279296875,1.6215252933885616,0.8607462394947424,3.441433354801016,3.9350250959396362,206.63246154785156,205.04052734375,209.5344696044922,74.48859405517578,77.7197265625,71.51453399658203,129.97836303710938,128.43055725097656,5.068615436553955,2.7574102878570557,12.860263325387438
caltech_scissors_007,data/processed/caltech_scissors_007.png,161.0,300.0,0.5366666666666666,48300.0,105.28609466552734,30.01295280456543,5.884999752044678,251.47799682617188,99.81999969482422,0.018530020703933746,0.012380952380952381,245.5929970741272,0.2850609343508237,0.9542669279778175,86.03690338134766,136.3914031982422,13.016990661621094,6.015208379314082,6.015208379314082,0.2837060041407867,48.5916862487793,87.45824432373047,585.1234741210938,325.1175842285156,759.5582885742188,0.6931734337456806,0.8665471928723899,1.2719793667033361,38.28079032897949,166.5938262939453,74.01602172851562,105.5011978149414,27.129024505615234,38.03117370605469,35.469627380371094,128.1213836669922,171.72877502441406,4.917727947235107,19.11250877380371,70.12480934960911
caltech_scissors_008,data/processed/caltech_scissors_008.png,300.0,300.0,1.0,90000.0,153.47763061523438,28.907203674316406,18.81599998474121,202.30999755859375,155.79400634765625,0.010222222222222223,0.0,183.49399757385254,0.18834799162646867,0.8298164792137388,127.18600463867188,185.26019287109375,34.135009765625,6.543819390195451,6.543819390195451,0.07661111111111112,16.35105323791504,40.80966567993164,42.473209381103516,89.89619445800781,334.203125,0.13326644370122634,0.9538019787671572,0.3993941475496969,6.121349453926086,163.61782836914062,148.85719299316406,150.67308044433594,24.308307647705078,33.0191535949707,33.498268127441406,126.41728973388672,135.23268127441406,4.050404071807861,11.376038551330566,30.29534759835226
caltech_scissors_009,data/processed/caltech_scissors_009.png,221.0,300.0,0.7366666666666667,66300.0,246.31764221191406,30.34747314453125,9.11299991607666,255.0,255.0,0.001598793363499246,0.925550527903469,245.88700008392334,0.12320462614374098,0.9309916559618936,242.3100128173828,255.0,0.0,2.0348616462890377,2.0348616462890377,0.11294117647058824,26.456350326538086,92.04124450683594,762.604736328125,303.3385009765625,949.0352783203125,0.6281512913606164,0.9475145993802814,1.1112513757804225,2.9317293763160706,246.6180877685547,246.07884216308594,246.7593994140625,29.655519485473633,30.882850646972656,29.59430503845215,128.24929809570312,128.2142791748047,1.446770191192627,0.8114761114120483,3.5603526900921074
caltech_scissors_010,data/processed/caltech_scissors_010.png,154.0,300.0,0.5133333333333333,46200.0,179.307861328125,72.22599029541016,0.2280000001192093,254.70098876953125,215.18899536132812,0.11177489177489178,0.5085497835497835,254.47298876941204,0.4028043687411764,0.9982112626710268,29.366300582885742,225.18899536132812,56.09375,6.212967604702225,6.212967604702225,0.3161038961038961,76.80714416503906,158.82106018066406,2615.9658203125,1057.863525390625,2032.11669921875,2.1919615744679675,0.8370344178366969,2.6513260932419724,2.8142096996307373,175.61534118652344,179.6143035888672,187.41485595703125,71.79997253417969,72.53064727783203,71.91785430908203,132.57504272460938,125.36624145507812,1.8656892776489258,1.1869817972183228,7.640348565361007
caltech_scorpion_001,data/processed/caltech_scorpion_001.png,290.0,300.0,0.9666666666666667,87000.0,214.806396484375,58.23226547241211,4.485000133514404,255.0,253.07699584960938,0.0005402298850574712,0.6810344827586207,250.5149998664856,0.2710918583169662,0.9654315231021255,117.10539245605469,255.0,96.07199096679688,4.926063886945384,4.926063886945384,0.38201149425287356,62.21786117553711,111.51887512207031,3894.45654296875,692.6397705078125,1152.01708984375,1.9638907276465578,0.7962794264329197,7.995216959156075,0.0,224.609375,214.4815216064453,190.76792907714844,45.65465545654297,59.181884765625,88.75135040283203,114.43427276611328,134.9921417236328,18.479167938232422,10.299471855163574,51.535314887386235
caltech_scorpion_002,data/processed/caltech_scorpion_002.png,300.0,281.0,1.0676156583629892,84300.0,114.45634460449219,70.55875396728516,0.0,255.0,126.04399871826172,0.2616725978647687,0.028185053380782917,255.0,0.6164686946331778,0.9999999960784314,17.104000091552734,192.0,154.8239974975586,6.498961034238493,6.498961034238493,0.3401304863582444,47.26769256591797,89.16563415527344,523.7260131835938,399.8125,1003.895751953125,0.6557435693400415,0.8708885359822667,1.349767246416821,14.992335796356201,124.1609115600586,110.2112808227539,110.8614501953125,71.02902221679688,70.78479766845703,72.21075439453125,125.97128295898438,134.9219512939453,4.897866249084473,8.381860733032227,24.930100308668756
caltech_scorpion_003,data/processed/caltech_scorpion_003.png,300.0,294.0,1.0204081632653061,88200.0,17.375385284423828,33.7848014831543,0.0,244.7519989013672,1.0,0.8392290249433106,0.00021541950113378684,244.7519989013672,1.9444057778123007,0.9999999959142316,1.0,68.89099884033203,12.772000312805176,3.6812018814659835,3.6812018814659835,0.27328798185941044,36.52835464477539,77.20008850097656,432.75347900390625,263.4803771972656,587.04638671875,0.4591097603560243,0.9114440529833504,1.070203607991733,4.027303457260132,19.863616943359375,17.111087799072266,12.210136413574219,38.39948654174805,33.45269775390625,24.468481063842773,125.0850830078125,129.77476501464844,6.537336349487305,3.873589277267456,17.309870018221684
caltech_scorpion_004,data/processed/caltech_scorpion_004.png,300.0,231.0,1.2987012987012987,69300.0,93.3903579711914,67.87007904052734,0.0,255.0,82.01499938964844,0.3071572871572872,0.0852092352092352,255.0,0.726735390978244,0.9999999960784314,20.71200180053711,202.08270263671875,102.01698684692383,7.697034334385543,7.697034334385543,0.8433910533910534,171.51370239257812,150.28817749023438,14295.1796875,1765.4027099609375,1395.052001953125,7.328639729835386,0.4995578788347145,18.674978144412496,17.175107955932617,97.27949523925781,91.77193450927734,91.52339172363281,70.99443054199219,68.27720642089844,59.85294723510742,126.94640350341797,130.7740020751953,8.586438179016113,5.273408889770508,22.1497881689031
caltech_scorpion_005,data/processed/caltech_scorpion_005.png,300.0,209.0,1.4354066985645932,62700.0,228.17138671875,47.78657150268555,5.980000019073486,255.0,254.01699829101562,0.0017384370015948963,0.7554864433811802,249.0199999809265,0.20943279514777954,0.9541727297438669,149.93890380859375,255.0,36.11824035644531,4.65044365744299,4.65044365744299,0.3021531100478469,47.16223907470703,91.28987121582031,1092.005615234375,369.15850830078125,719.776123046875,0.8404706811114135,0.8745571519995057,2.1951731963171848,20.865585327148438,236.1644744873047,227.41534423828125,211.09986877441406,36.94704055786133,49.79328918457031,72.72013092041016,118.36598205566406,133.70120239257812,17.512643814086914,10.779057502746582,48.07035807253018
caltech_scorpion_006,data/processed/caltech_scorpion_006.png,300.0,200.0,1.5,60000.0,155.1327667236328,42.69780731201172,1.1959999799728394,255.0,158.8179931640625,0.020933333333333335,0.05405,253.80400002002716,0.27523396854542914,0.9906633946244435,104.8876953125,203.2563018798828,51.501007080078125,7.343426119886531,7.343426119886531,0.9267166666666666,139.48944091796875,99.2369384765625,3566.75439453125,926.6886596679688,712.7068481445312,2.614596519386229,0.5834702473503252,6.8201426337645525,27.06832504272461,175.20701599121094,150.60067749023438,125.81819915771484,41.844520568847656,43.675315856933594,46.654319763183594,111.456787109375,142.3182830810547,9.579825401306152,7.2512922286987305,37.68565999438663
caltech_scorpion_007,data/processed/caltech_scorpion_007.png,300.0,199.0,1.5075376884422111,59700.0,93.82257843017578,86.15982055664062,0.0,254.77198791503906,59.97249984741211,0.4438860971524288,0.11417085427135679,254.77198791503906,0.9183271348957327,0.9999999960749217,0.0,217.99501037597656,169.2209997177124,7.153392802977768,7.153392802977768,0.6697989949748744,95.15821075439453,116.2618408203125,3816.814697265625,838.248046875,1420.717041015625,2.328640640507583,0.6877375523336782,7.379543642968854,13.12437915802002,102.0616226196289,92.47409057617188,79.15666961669922,88.41741943359375,86.82904815673828,78.55565643310547,119.72352600097656,133.8766326904297,8.041763305664062,5.423234939575195,25.71365844066361
caltech_scorpion_008,data/processed/caltech_scorpion_008.png,300.0,174.0,1.7241379310344827,52200.0,103.6158447265625,44.15693664550781,1.4950000047683716,226.81698608398438,114.21199035644531,0.10183908045977011,3.8314176245210727e-05,225.321986079216,0.42616007557411595,0.9869038807481693,39.763999938964844,159.1359100341797,72.49124145507812,7.156848161860619,7.156848161860619,0.5110344827586207,58.42583465576172,74.11640167236328,1646.57470703125,321.65081787109375,500.4801330566406,1.0748123514943289,0.7937361290799698,4.020639952094658,22.340731620788574,131.3770294189453,99.53605651855469,51.810997009277344,51.071292877197266,44.054386138916016,30.205791473388672,98.7647476196289,147.80111694335938,10.737648963928223,6.928365707397461,47.086316916241756
caltech_scorpion_009,data/processed/caltech_scorpion_009.png,300.0,153.0,1.9607843137254901,45900.0,210.7359619140625,60.59697341918945,0.8969999551773071,255.0,248.7939910888672,0.0018954248366013073,0.7029847494553377,254.1030000448227,0.28754927531709773,0.992989363284219,103.96700286865234,248.95469665527344,81.0780029296875,4.602324416421307,4.602324416421307,0.37004357298474944,68.58493041992188,126.32561492919922,2404.7822265625,742.9014892578125,1316.970703125,1.6920370339211201,0.8310956218757222,3.8777472817466045,0.0,218.14862060546875,208.4933319091797,202.84158325195312,57.930641174316406,60.617305755615234,69.23737335205078,123.54493713378906,133.28720092773438,6.890694618225098,5.14627742767334,21.684749648373202
caltech_scorpion_010,data/processed/caltech_scorpion_010.png,300.0,210.0,1.4285714285714286,63000.0,107.77082824707031,73.62579345703125,0.0,253.9739990234375,105.031005859375,0.2449047619047619,0.09296825396825396,253.9739990234375,0.6831699632582415,0.999999996062589,7.762999534606934,212.9575958251953,128.56625747680664,7.85815037761696,7.85815037761696,0.8683333333333333,154.7503204345703,134.3396453857422,6362.9482421875,1363.5185546875,1199.7139892578125,4.093561171856366,0.5631449926956542,9.730039587689854,31.24423885345459,128.48988342285156,102.04912567138672,82.89039611816406,80.12396240234375,73.01876068115234,65.16455841064453,113.9591293334961,142.77822875976562,9.519675254821777,10.616998672485352,41.87598196515372
caltech_sea_horse_001,data/processed/caltech_sea_horse_001.png,300.0,242.0,1.2396694214876034,72600.0,83.33309936523438,39.3125114440918,0.0,193.0810089111328,96.90050506591797,0.17260330578512398,0.0,193.0810089111328,0.4717514561655807,0.9999999948208268,0.0,114.97700500488281,19.68999481201172,5.684721943778283,5.684721943778283,0.38480716253443525,34.46601104736328,48.08209228515625,497.16033935546875,127.77257537841797,362.8887634277344,0.4318537287148806,0.8697612333803961,1.850755831915721,7.456609606742859,59.89712142944336,84.88279724121094,136.82154846191406,29.95409393310547,40.35530471801758,63.69359588623047,158.18536376953125,111.28392028808594,15.40755558013916,9.514314651489258,57.12752576327043
caltech_sea_horse_002,data/processed/caltech_sea_horse_002.png,200.0,300.0,0.6666666666666666,60000.0,77.02081298828125,45.05193328857422,0.0,251.80799865722656,68.08000183105469,0.17868333333333333,0.004683333333333334,251.80799865722656,0.5849319288605401,0.9999999960287203,20.555301666259766,146.7611083984375,46.18150329589844,7.25340659620086,7.25340659620086,0.4272,54.63416290283203,76.16446685791016,744.9395751953125,324.9775695800781,554.3359985351562,0.7031989378329777,0.8309906836913432,2.0802905076996714,120.9863510131836,49.56385040283203,89.03226470947266,87.18673706054688,67.11624908447266,44.402530670166016,48.61935043334961,133.7369842529297,108.41586303710938,25.047761917114258,27.258302688598633,89.05814332817695
caltech_sea_horse_003,data/processed/caltech_sea_horse_003.png,212.0,300.0,0.7066666666666667,63600.0,82.15238952636719,68.18209838867188,0.0,255.0,64.88249969482422,0.3833490566037736,0.03808176100628931,255.0,0.8299466144784736,0.9999999960784314,7.408999919891357,191.07009887695312,114.1869945526123,7.6138885770114335,7.6138885770114335,0.6614308176100628,100.4925537109375,123.1061019897461,2472.224365234375,839.509521484375,1388.560302734375,2.0032422371071883,0.748502535057108,3.0567815436223578,27.398032188415527,99.78165435791016,79.72388458251953,48.41889953613281,79.69763946533203,67.6716079711914,46.541748046875,108.96304321289062,140.57435607910156,15.655831336975098,11.749805450439453,53.43983648361103
caltech_sea_horse_004,data/processed/caltech_sea_horse_004.png,213.0,300.0,0.71,63900.0,64.3707275390625,71.27383422851562,0.0,255.0,18.79399871826172,0.5737715179968701,0.0058215962441314556,255.0,1.1072398254008275,0.9999999960784314,0.0,165.95401000976562,138.10699224472046,6.179635315991355,6.179635315991355,0.519358372456964,76.32921600341797,125.53009033203125,2934.6396484375,784.4295654296875,1416.380126953125,1.9318326297893789,0.7628188049281819,5.833153975958166,3.5758272409439087,72.93638610839844,61.6942253112793,55.68624496459961,78.96823120117188,69.1930923461914,62.46241760253906,123.09906005859375,134.10960388183594,5.924039840698242,6.261588096618652,22.540127359643567
caltech_sea_horse_005,data/processed/caltech_sea_horse_005.png,208.0,300.0,0.6933333333333334,62400.0,56.4676513671875,37.49165725708008,0.29899999499320984,244.83200073242188,52.18299865722656,0.3454647435897436,0.0003525641025641026,244.53300073742867,0.6639492822064958,0.9975604840441545,10.071000099182129,106.87100219726562,46.729251861572266,6.988301730433931,6.988301730433931,0.5425961538461539,47.7331657409668,46.70357894897461,292.5144958496094,162.12530517578125,254.23997497558594,0.4008178972643851,0.8476126841318463,1.2697483860142131,11.530174255371094,58.33921432495117,58.76333236694336,39.73817443847656,37.442466735839844,37.62690734863281,38.445255279541016,118.55899047851562,129.3349151611328,4.455215930938721,2.411205768585205,15.837187860107402
caltech_sea_horse_006,data/processed/caltech_sea_horse_006.png,300.0,276.0,1.0869565217391304,82800.0,49.919189453125,49.625526428222656,0.0,255.0,25.05499839782715,0.7087922705314009,0.017367149758454107,255.0,0.9941172117929657,0.9999999960784314,20.027000427246094,123.1727066040039,38.94199752807617,5.906098191642035,5.906098191642035,0.281243961352657,41.43168640136719,80.66124725341797,299.64324951171875,344.36627197265625,1130.961181640625,0.4493175371572346,0.9160626274154723,0.7315627156529172,9.386622190475464,48.424346923828125,45.882320404052734,74.626220703125,52.057334899902344,51.59897994995117,36.50870132446289,141.94302368164062,126.93379211425781,11.157475471496582,4.474353313446045,32.22933828661102
caltech_sea_horse_007,data/processed/caltech_sea_horse_007.png,205.0,300.0,0.6833333333333333,61500.0,120.29927062988281,58.13194274902344,4.119999885559082,254.70098876953125,95.74300384521484,0.004130081300813008,0.05822764227642276,250.58098888397217,0.4832277200137531,0.9681633209806556,59.72500228881836,206.9770050048828,107.7820053100586,7.3883931156879825,7.3883931156879825,0.7365691056910569,97.4566879272461,105.83021545410156,1531.64306640625,685.4994506835938,927.913818359375,1.507497118296976,0.7104588426150682,3.2527297399257424,44.26456069946289,102.6546859741211,127.08863067626953,131.6183624267578,59.495635986328125,59.78007125854492,64.48130798339844,134.3877410888672,115.4146957397461,13.412055969238281,16.246976852416992,52.35519823808526
caltech_sea_horse_008,data/processed/caltech_sea_horse_008.png,212.0,300.0,0.7066666666666667,63600.0,106.33649444580078,62.54466247558594,0.8969999551773071,248.53099060058594,120.23999786376953,0.24113207547169813,0.01171383647798742,247.63399064540863,0.5881768269057227,0.9928075397666283,12.072000503540039,182.2113037109375,109.51550674438477,7.455538221979253,7.455538221979253,0.7652201257861635,105.98751831054688,100.51420593261719,2507.745361328125,663.1954956054688,753.8589477539062,1.9111015047027,0.6729341479198419,5.055845630988172,45.269386768341064,148.04837036132812,96.93492126464844,45.3441047668457,75.02108764648438,64.25171661376953,41.76238250732422,93.57991027832031,157.7516632080078,22.633148193359375,16.704313278198242,84.76226594921788
caltech_sea_horse_009,data/processed/caltech_sea_horse_009.png,300.0,296.0,1.0135135135135136,88800.0,132.8991241455078,52.0816535949707,0.0,245.88702392578125,157.41400146484375,0.1061036036036036,0.006970720720720721,245.88702392578125,0.391888611290314,0.9999999959330916,37.087799072265625,169.1580047607422,55.88274383544922,6.452421274880961,6.452421274880961,0.337240990990991,49.17213821411133,93.34929656982422,583.4823608398438,418.4808349609375,933.6095581054688,0.7252353368049755,0.8675809565403406,1.1888155814300931,97.39164733886719,111.02729797363281,144.7804412841797,129.08633422851562,35.599952697753906,63.27828598022461,71.07585144042969,125.84831237792969,112.39955139160156,16.604633331298828,25.666383743286133,73.8294220554697
caltech_sea_horse_010,data/processed/caltech_sea_horse_010.png,300.0,202.0,1.4851485148514851,60600.0,84.22691345214844,87.65534973144531,0.0,255.0,47.875999450683594,0.4861716171617162,0.14574257425742573,255.0,1.040704747426604,0.9999999960784314,6.772000312805176,233.080322265625,156.70000982284546,6.627016772294415,6.627016772294415,0.42735973597359733,66.27703857421875,108.06412506103516,986.4069213867188,629.597900390625,1278.87060546875,1.0285441021764048,0.8314933512178546,2.092678872781825,6.769864797592163,80.61470031738281,90.62757110595703,60.743202209472656,93.02925109863281,89.61780548095703,70.2340087890625,114.74734497070312,125.42351531982422,14.711320877075195,10.639266014099121,44.908619671990984
caltech_snoopy_001,data/processed/caltech_snoopy_001.png,300.0,210.0,1.4285714285714286,63000.0,164.8601531982422,72.35383605957031,0.0,255.0,174.14950561523438,0.07471428571428572,0.3516666666666667,255.0,0.4388800702719577,0.9999999960784314,45.974700927734375,247.32501220703125,116.3169937133789,7.635437863501597,7.635437863501597,0.6403015873015873,120.25392150878906,181.5210418701172,5264.7080078125,1601.5411376953125,2344.414306640625,3.795828027807435,0.7151863324729515,7.267510208129562,57.5941276550293,164.49282836914062,163.5732421875,172.4500732421875,74.89906311035156,74.82183837890625,70.77069091796875,132.28326416015625,127.73799896240234,24.373872756958008,10.74963092803955,55.674049653577725
caltech_snoopy_002,data/processed/caltech_snoopy_002.png,262.0,300.0,0.8733333333333333,78600.0,232.3214569091797,69.3785400390625,0.0,255.0,255.0,0.08390585241730279,0.9091730279898219,255.0,0.29863164885175747,0.9999999960784314,234.0,255.0,0.0,1.801710860366709,1.801710860366709,0.18136132315521628,107.3156967163086,279.335693359375,12521.9091796875,2753.47021484375,4985.62890625,7.316463346913348,0.9330486023657552,8.832974561476439,0.0,232.3214569091797,232.3214569091797,232.3214569091797,69.3785400390625,69.3785400390625,69.3785400390625,128.0,128.0,0.0,3.8098409049780457e-07,0.0
caltech_snoopy_003,data/processed/caltech_snoopy_003.png,225.0,300.0,0.75,67500.0,58.10435104370117,77.79306030273438,0.0,255.0,18.337499618530273,0.5583703703703704,0.12392592592592593,255.0,1.3388508358930675,0.9999999960784314,9.631999969482422,245.92901611328125,46.212998390197754,5.1227168607282705,5.1227168607282705,0.24597037037037037,59.24397277832031,161.4342498779297,2224.691650390625,1043.44482421875,2668.282470703125,1.9387317098662193,0.8947449773495258,2.5255457116025206,157.28776931762695,87.52354431152344,39.124427795410156,78.67345428466797,93.91056823730469,83.58417510986328,71.16647338867188,139.6078338623047,148.98373413085938,25.69365882873535,36.9374885559082,108.77228192137177
caltech_snoopy_004,data/processed/caltech_snoopy_004.png,300.0,253.0,1.1857707509881423,75900.0,202.3536834716797,71.03974151611328,0.5870000123977661,255.0,246.81100463867188,0.05967061923583663,0.6329644268774703,254.41299998760223,0.35106720048903095,0.995406648146638,69.19149780273438,251.32701110839844,72.47799682617188,5.996377152715329,5.996377152715329,0.33631093544137025,105.1366958618164,199.7235107421875,4633.634765625,1559.0460205078125,2437.492919921875,3.6676244849283592,0.811273254658174,4.815887108302862,32.54297351837158,202.20237731933594,209.4580841064453,166.16900634765625,74.30419158935547,68.74917602539062,99.87594604492188,107.57976531982422,127.8920669555664,29.923532485961914,10.90095043182373,75.71791632128642
caltech_snoopy_005,data/processed/caltech_snoopy_005.png,295.0,300.0,0.9833333333333333,88500.0,224.72164916992188,68.38959503173828,0.0,255.0,255.0,0.06294915254237288,0.8353672316384181,255.0,0.3043302457953024,0.9999999960784314,99.00000762939453,255.0,8.999984741210938,3.732490825976236,3.732490825976236,0.3468135593220339,156.87667846679688,280.56878662109375,9587.4990234375,2753.1875,3650.50634765625,7.31513688125516,0.8157318913032015,7.113190027496546,0.0,224.72164916992188,224.72164916992188,224.72164916992188,68.38959503173828,68.38959503173828,68.38959503173828,128.0,128.0,0.0,5.819987336508348e-07,0.0
caltech_snoopy_006,data/processed/caltech_snoopy_006.png,300.0,278.0,1.079136690647482,83400.0,183.72213745117188,58.172752380371094,0.0,255.0,192.0,0.06617505995203837,0.17649880095923262,255.0,0.3166344179900331,0.9999999960784314,83.7449951171875,251.8369903564453,2.022003173828125,4.452411012250295,4.452411012250295,0.30967625899280576,101.68209838867188,218.32630920410156,5405.69189453125,1799.67138671875,3119.256591796875,4.079400648709386,0.8088140456917776,6.152507437754604,5.554323703050613,185.07371520996094,183.03170776367188,183.73228454589844,56.959495544433594,58.8419189453125,58.222679138183594,128.00572204589844,128.9640350341797,0.28988516330718994,2.332272529602051,5.652873718669989
caltech_snoopy_007,data/processed/caltech_snoopy_007.png,288.0,300.0,0.96,86400.0,118.44952392578125,56.98160171508789,0.0,255.0,105.26600646972656,0.08200231481481482,0.12751157407407407,255.0,0.48106230692602386,0.9999999960784314,74.16790008544922,249.843505859375,8.761993408203125,4.513443634322599,4.513443634322599,0.24280092592592592,62.7957878112793,164.576904296875,2286.84326171875,1012.8685913085938,2519.88720703125,1.9918792752846293,0.8874588119529305,2.6329558585005173,216.0172348022461,94.45571899414062,120.62674713134766,170.16986083984375,114.45841217041016,62.1456298828125,111.5924072265625,157.18756103515625,110.88603210449219,59.79676055908203,66.87789154052734,204.81980510480636
caltech_snoopy_008,data/processed/caltech_snoopy_008.png,228.0,300.0,0.76,68400.0,191.2678680419922,58.46180725097656,1.1740000247955322,255.0,223.97499084472656,0.009298245614035089,0.6787865497076023,253.82599997520447,0.30565409414448735,0.9908343507139751,98.95499420166016,238.70700073242188,104.31950378417969,5.583817824582121,5.583817824582121,0.2902046783625731,73.19530487060547,158.68585205078125,1639.356201171875,852.193603515625,1675.0672607421875,1.8505115746359106,0.8277719009505575,1.7967769468775066,84.5706958770752,174.27073669433594,199.2805938720703,194.5894775390625,44.570186614990234,80.68619537353516,81.20256805419922,129.87449645996094,115.87650299072266,15.666346549987793,45.525142669677734,109.85347032760846
caltech_snoopy_009,data/processed/caltech_snoopy_009.png,300.0,276.0,1.0869565217391304,82800.0,165.42845153808594,69.03839111328125,0.0,255.0,194.83599853515625,0.10544685990338164,0.10721014492753624,255.0,0.4173308161568326,0.9999999960784314,34.145999908447266,225.14601135253906,27.662994384765625,4.799857009644835,4.799857009644835,0.3532125603864734,91.10350036621094,189.76007080078125,4977.29296875,1359.7509765625,2642.400390625,3.5386944033911907,0.8329662847361079,4.730037260550981,98.87533187866211,155.36495971679688,168.05592346191406,178.2938690185547,76.14458465576172,68.54365539550781,64.42085266113281,135.26039123535156,120.82206726074219,18.395896911621094,11.035411834716797,49.34966753268664
caltech_snoopy_010,data/processed/caltech_snoopy_010.png,300.0,286.0,1.048951048951049,85800.0,208.0873260498047,65.1074447631836,0.0,255.0,233.37100219726562,0.06355477855477855,0.8061305361305361,255.0,0.3128851991433406,0.9999999960784314,79.0,252.0,5.90301513671875,4.994690451329747,4.994690451329747,0.3783799533799534,116.89911651611328,220.61923217773438,7067.97265625,2088.78662109375,3155.229248046875,5.021643753008124,0.8142497924237442,6.5158614614503,37.367655754089355,207.50787353515625,210.67913818359375,196.26153564453125,62.537078857421875,66.76953887939453,67.62908172607422,121.3262939453125,127.58670043945312,8.58154582977295,7.386989593505859,27.05751164621876
caltech_soccer_ball_001,data/processed/caltech_soccer_ball_001.png,300.0,225.0,1.3333333333333333,67500.0,112.48177337646484,67.06800079345703,0.0,255.0,114.89850616455078,0.20146666666666666,0.06877037037037037,255.0,0.5962566039275606,0.9999999960784314,23.171998977661133,201.75299072265625,113.54900360107422,7.8364311859430575,7.8364311859430575,0.6556444444444445,89.07646179199219,104.42903137207031,5022.0751953125,635.646240234375,1088.6878662109375,2.639816493138504,0.7030191530019962,8.596122808430977,30.766640186309814,92.28573608398438,121.31232452392578,119.98242950439453,65.60218048095703,67.76688385009766,78.63077545166016,132.23289489746094,113.59483337402344,15.13272762298584,12.063413619995117,48.88174194167364
caltech_soccer_ball_002,data/processed/caltech_soccer_ball_002.png,299.0,300.0,0.9966666666666667,89700.0,174.85569763183594,82.84324645996094,0.0,255.0,202.0,0.1872463768115942,0.3874024526198439,255.0,0.4737806494622171,0.9999999960784314,25.0,255.0,103.0,5.14902714919778,5.14902714919778,0.21526198439241917,40.44333267211914,112.30502319335938,2101.903564453125,588.1749267578125,1563.2218017578125,1.2719897481615583,0.9066745000571428,2.9953026872654047,0.0,174.85569763183594,174.85569763183594,174.85569763183594,82.84324645996094,82.84324645996094,82.84324645996094,128.0,128.0,0.0,9.241060183740046e-07,0.0
caltech_soccer_ball_003,data/processed/caltech_soccer_ball_003.png,300.0,300.0,1.0,90000.0,97.572998046875,28.332916259765625,8.0,252.0,92.0,0.004033333333333333,0.009222222222222222,244.0,0.2903766055828029,0.9384615348520711,72.0,128.0,28.0,6.408824271250257,6.408824271250257,0.3728222222222222,31.9258975982666,32.87919235229492,75.3128662109375,86.08609008789062,280.6662292480469,0.21993868450390186,0.9018789302703322,0.6094956358364305,0.0,97.572998046875,97.572998046875,97.572998046875,28.332916259765625,28.332916259765625,28.332916259765625,128.0,128.0,0.0,3.104287600308453e-07,0.0
caltech_soccer_ball_004,data/processed/caltech_soccer_ball_004.png,300.0,225.0,1.3333333333333333,67500.0,63.850311279296875,90.98046875,0.0,255.0,8.0,0.670725925925926,0.1323111111111111,255.0,1.4249024868042806,0.9999999960784314,0.0,243.99998474121094,132.25,4.747591961053574,4.747591961053574,0.18733333333333332,37.28038024902344,119.4930419921875,1557.658203125,662.6460571289062,2072.85546875,1.1190446494930189,0.9307576106992087,1.8890993855028602,0.0,63.850311279296875,63.850311279296875,63.850311279296875,90.98046875,90.98046875,90.98046875,128.0,128.0,0.0,5.086263286102621e-07,0.0
caltech_soccer_ball_005,data/processed/caltech_soccer_ball_005.png,215.0,300.0,0.7166666666666667,64500.0,190.56712341308594,73.40333557128906,2.3480000495910645,255.0,216.135009765625,0.1090077519379845,0.5115968992248062,252.65199995040894,0.3851836238667018,0.9817523311623578,38.31500244140625,252.56500244140625,57.07249450683594,6.8548542373338,6.8548542373338,0.429968992248062,77.62674713134766,146.27047729492188,2373.122802734375,1090.9986572265625,2271.4560546875,1.9171802140826826,0.8163131089218942,4.212096143873657,2.72830992937088,191.5576934814453,189.5924072265625,192.98794555664062,76.57427215576172,71.9852523803711,73.69184875488281,129.36614990234375,128.70654296875,3.3764612674713135,4.515138149261475,12.74041653849019
caltech_soccer_ball_006,data/processed/caltech_soccer_ball_006.png,287.0,300.0,0.9566666666666667,86100.0,173.2320556640625,108.26049041748047,0.0,255.0,251.25,0.28308943089430894,0.6196631823461092,255.0,0.624944900512397,0.9999999960784314,9.0,255.0,242.0,4.553936753621655,4.553936753621655,0.25819976771196285,57.392520904541016,146.19606018066406,1409.8125,1073.6324462890625,2557.794189453125,1.3814979647429286,0.9076356399500287,1.8050344179041284,0.4353623241186142,172.66659545898438,173.4615478515625,173.5335235595703,108.38677978515625,108.22823333740234,108.18846893310547,128.1701202392578,127.5966796875,0.6181577444076538,1.6012696027755737,3.912895595269169
caltech_soccer_ball_007,data/processed/caltech_soccer_ball_007.png,300.0,300.0,1.0,90000.0,184.17514038085938,110.69439697265625,0.0,255.0,255.0,0.26066666666666666,0.7111111111111111,255.0,0.6010278919441638,0.9999999960784314,0.0,255.0,236.0,2.891122279700654,2.891122279700654,0.1734111111111111,72.39806365966797,215.8495330810547,4274.9501953125,1968.509033203125,3945.1484375,3.1527759197324405,0.9268189818336827,4.969133787172146,0.0,184.17514038085938,184.17514038085938,184.17514038085938,110.69439697265625,110.69439697265625,110.69439697265625,128.0,128.0,0.0,3.9968449527805205e-07,0.0
caltech_soccer_ball_008,data/processed/caltech_soccer_ball_008.png,300.0,256.0,1.171875,76800.0,72.150146484375,67.48925018310547,0.29899999499320984,255.0,24.73900032043457,0.6189713541666667,0.0391796875,254.7010000050068,0.9354000308553921,0.9976576446141356,24.73900032043457,187.8330078125,100.43000602722168,4.258510588551891,4.258510588551891,0.1608203125,19.600175857543945,54.600406646728516,240.51422119140625,153.38291931152344,540.4031372070312,0.24780423579688277,0.9493730355787553,0.7304979582599989,0.5896063446998596,68.26873779296875,73.096435546875,77.45771026611328,72.11104583740234,64.74207305908203,74.4776382446289,130.99525451660156,125.23152160644531,13.323208808898926,6.350762367248535,31.982631172622625
caltech_soccer_ball_009,data/processed/caltech_soccer_ball_009.png,300.0,179.0,1.675977653631285,53700.0,140.5457763671875,81.58518981933594,0.0,255.0,123.06450653076172,0.09432029795158287,0.3512849162011173,255.0,0.5804883743051765,0.9999999960784314,41.40349578857422,238.6840057373047,164.8197479248047,7.212892315862253,7.212892315862253,0.4462756052141527,73.5356674194336,135.0781707763672,3216.852783203125,756.9929809570312,1511.00390625,2.237050164844812,0.803843962441438,3.836956287766807,13.729877948760986,148.90916442871094,136.37936401367188,140.06362915039062,84.55615997314453,78.68521881103516,89.88313293457031,127.7279052734375,133.96533203125,5.9217448234558105,4.896385192871094,19.559545748545887
caltech_soccer_ball_010,data/processed/caltech_soccer_ball_010.png,300.0,270.0,1.1111111111111112,81000.0,150.2667236328125,92.06315612792969,0.0,255.0,174.86000061035156,0.1445925925925926,0.4074814814814815,255.0,0.6126649552846287,0.9999999960784314,35.1719970703125,254.42999267578125,194.8939971923828,7.149642533507793,7.149642533507793,0.5079382716049383,120.96971893310547,197.55853271484375,4736.44873046875,1662.3211669921875,2633.958984375,3.823885009327067,0.7741036763310298,4.335776052319403,10.477034568786621,150.88551330566406,149.74440002441406,151.3333282470703,92.75736999511719,92.9260025024414,86.25755310058594,128.6019287109375,128.4413604736328,5.508806228637695,1.902527928352356,12.036321127748739
caltech_stapler_001,data/processed/caltech_stapler_001.png,300.0,280.0,1.0714285714285714,84000.0,191.9339141845703,77.80961608886719,0.0,255.0,233.17298889160156,0.08520238095238095,0.5931666666666666,255.0,0.4053979517587747,0.9999999960784314,56.95330047607422,253.0600128173828,103.98176574707031,6.11998898076754,6.11998898076754,0.3954285714285714,100.85821533203125,184.67086791992188,3042.73095703125,1567.187744140625,2408.0673828125,2.8021600076719304,0.8311493274650601,3.2609212847846383,274.1884536743164,205.03704833984375,187.1276092529297,182.31512451171875,76.10489654541016,83.74956512451172,96.65019226074219,122.5718002319336,137.3460235595703,34.8712272644043,23.214786529541016,91.3918474968201
caltech_stapler_002,data/processed/caltech_stapler_002.png,300.0,182.0,1.6483516483516483,54600.0,159.32615661621094,86.42293548583984,0.0,255.0,130.0,0.13205128205128205,0.377985347985348,255.0,0.5424277895034517,0.9999999960784314,16.842500686645508,255.0,150.1360092163086,5.511241611915275,5.511241611915275,0.29344322344322343,111.12776184082031,232.93875122070312,6886.4248046875,2105.643310546875,3628.26123046875,4.8241900588494175,0.8706065572064794,5.324512874464232,91.72256851196289,129.74691772460938,164.968994140625,207.8509521484375,112.32305145263672,82.951904296875,78.58463287353516,155.38421630859375,106.90215301513672,34.52931213378906,30.6827335357666,115.08063409034781
caltech_stapler_003,data/processed/caltech_stapler_003.png,300.0,202.0,1.4851485148514851,60600.0,205.4800262451172,73.59413146972656,7.76200008392334,255.0,255.0,0.0007755775577557755,0.6768316831683169,247.23799991607666,0.3581571039113018,0.9409199157267474,74.8689956665039,255.0,124.83799743652344,4.155883601839523,4.155883601839523,0.19452145214521452,38.92042541503906,106.1186752319336,698.485595703125,503.9250183105469,1239.190185546875,0.7461572517008103,0.9244446169838412,0.9337157465561893,0.0,211.14956665039062,203.2324676513672,202.1829071044922,69.30805206298828,76.62225341796875,78.274169921875,126.13932037353516,132.0438995361328,9.742600440979004,13.455877304077148,37.266112445290304
caltech_stapler_004,data/processed/caltech_stapler_004.png,300.0,206.0,1.4563106796116505,61800.0,209.74615478515625,65.10310363769531,2.052000045776367,255.0,255.0,0.011035598705501618,0.6659708737864077,252.94799995422363,0.31038997303188076,0.9840343546253044,108.15780639648438,255.0,113.96624755859375,4.280393348691417,4.280393348691417,0.23129449838187702,33.70894241333008,83.96900177001953,651.9371948242188,312.4001159667969,811.57421875,0.5836623673354311,0.9126622506100381,1.2634968293360174,125.25990676879883,231.9693145751953,202.87574768066406,186.83558654785156,41.470550537109375,74.66449737548828,96.16836547851562,115.07078552246094,143.8510284423828,21.237869262695312,25.045124053955078,80.34394480502925
caltech_stapler_005,data/processed/caltech_stapler_005.png,300.0,274.0,1.094890510948905,82200.0,184.3939971923828,95.66453552246094,0.0,255.0,247.71200561523438,0.18608272506082726,0.5617031630170316,255.0,0.518805039536329,0.9999999960784314,0.0,255.0,91.69625854492188,4.496787920777175,4.496787920777175,0.23654501216545012,51.029422760009766,141.6333465576172,2794.6640625,890.1373901367188,2435.532470703125,1.8116138509045525,0.8957938091239565,3.399212834748677,0.7570530772209167,186.77146911621094,183.4717254638672,182.90704345703125,95.33873748779297,95.85868835449219,95.80799865722656,127.16087341308594,129.69578552246094,1.3390337228775024,2.7117433547973633,7.548357914000374
caltech_stapler_006,data/processed/caltech_stapler_006.png,300.0,196.0,1.530612244897959,58800.0,152.44985961914062,105.90225982666016,0.0,255.0,207.0,0.2819387755102041,0.4978061224489796,255.0,0.6946694434259375,0.9999999960784314,22.22800064086914,255.0,221.68999862670898,4.962524970272925,4.962524970272925,0.2450170068027211,47.220035552978516,127.95034790039062,2254.876708984375,706.5303955078125,1874.741455078125,1.5508553530665332,0.8902570761670829,2.605165361786492,2.2392992973327637,153.30213928222656,152.20022583007812,151.4998779296875,105.2440185546875,106.0953140258789,106.7119369506836,127.46389770507812,128.60791015625,1.4045336246490479,1.296526551246643,4.413617833388317
caltech_stapler_007,data/processed/caltech_stapler_007.png,300.0,300.0,1.0,90000.0,154.81509399414062,23.863794326782227,0.0,255.0,161.58799743652344,0.010422222222222222,0.0017555555555555556,255.0,0.15414384706921128,0.9999999960784314,131.22720336914062,161.58799743652344,0.0,2.3291156646800535,2.3291156646800535,0.12002222222222222,19.967533111572266,66.1508560180664,141.5250701904297,145.3568572998047,541.818359375,0.24357859531772563,0.9534370505598144,0.26416108957118545,26.809643745422363,162.74343872070312,151.5125274658203,151.02586364746094,24.722070693969727,23.47300910949707,24.26076889038086,125.86160278320312,133.655029296875,2.0222160816192627,1.7142945528030396,9.239367663617752
caltech_stapler_008,data/processed/caltech_stapler_008.png,300.0,248.0,1.2096774193548387,74400.0,163.35971069335938,98.88050842285156,0.5699999928474426,255.0,245.86801147460938,0.15528225806451612,0.5235618279569892,254.43000000715256,0.605293112958347,0.995539378717118,31.25299835205078,255.0,198.3285026550293,4.9284169482350375,4.9284169482350375,0.2338440860215054,52.41571807861328,143.2498016357422,6272.06201171875,982.48388671875,2305.031982421875,3.085444662741111,0.8663861021269901,7.349318921737775,198.80241584777832,195.18397521972656,149.2286834716797,152.65318298339844,74.99468231201172,116.11859130859375,113.28517150878906,121.95793151855469,150.69918823242188,11.74767017364502,38.9232177734375,101.30480834534555
caltech_stapler_009,data/processed/caltech_stapler_009.png,300.0,256.0,1.171875,76800.0,142.75286865234375,96.18062591552734,0.0,255.0,113.89100646972656,0.16740885416666668,0.3820572916666667,255.0,0.673756164410305,0.9999999960784314,0.0,255.0,181.21798706054688,5.962498386109128,5.962498386109128,0.34001302083333335,51.90018081665039,125.82565307617188,2043.2718505859375,816.5208129882812,2368.460693359375,1.4066912300943228,0.8916943554312994,2.4141921070969654,1.7965109646320343,121.6545181274414,148.296630859375,169.54420471191406,108.10885620117188,94.59163665771484,88.2347640991211,143.11927795410156,112.95124816894531,18.27815818786621,19.439189910888672,67.8662154087592
caltech_stapler_010,data/processed/caltech_stapler_010.png,300.0,225.0,1.3333333333333333,67500.0,124.94497680664062,48.53843688964844,0.0,255.0,142.0,0.14491851851851853,0.010281481481481482,255.0,0.3884784946279665,0.9999999960784314,26.145999908447266,163.0,29.134994506835938,6.559839448496935,6.559839448496935,0.15401481481481483,29.962018966674805,82.5049819946289,808.7857666015625,294.5050048828125,947.506591796875,0.64177980006105,0.9291826713713571,1.0870991115458633,1.7511709928512573,125.59164428710938,124.7436752319336,124.2855224609375,49.11445999145508,48.38850402832031,48.035987854003906,127.62785339355469,128.46124267578125,1.8277593851089478,1.4316153526306152,5.082941892308705
caltech_starfish_001,data/processed/caltech_starfish_001.png,300.0,200.0,1.5,60000.0,57.08938980102539,52.882545471191406,0.0,250.11000061035156,53.696998596191406,0.4469,0.0024833333333333335,250.11000061035156,0.9263112590481799,0.9999999960017593,2.0,131.85250854492188,83.67999744415283,6.840141057979251,6.840141057979251,0.51085,66.49114227294922,88.85113525390625,1533.51220703125,420.15924072265625,705.4822387695312,1.1510605844159487,0.7830065086703035,3.7015055127419294,91.81553363800049,119.82821655273438,29.793750762939453,33.08616638183594,91.40718841552734,44.643306732177734,38.06486511230469,114.45415496826172,172.74951171875,11.096128463745117,34.87580490112305,107.43146170884123
caltech_starfish_002,data/processed/caltech_starfish_002.png,258.0,300.0,0.86,77400.0,123.18679809570312,18.175308227539062,17.70600128173828,203.26300048828125,125.56100463867188,0.0004909560723514212,0.0,185.55699920654297,0.1475426617215597,0.8397422121675016,99.85881042480469,143.093994140625,21.070999145507812,6.150048268529503,6.150048268529503,0.717906976744186,58.64372634887695,46.61614990234375,528.9535522460938,150.8806610107422,197.26258850097656,0.5809255032938904,0.7878112018136104,1.895144326166466,0.0,138.94557189941406,115.10533905029297,123.46696472167969,18.002090454101562,18.917531967163086,15.87392807006836,128.15811157226562,139.24021911621094,2.6376659870147705,1.6763886213302612,13.554956489471406
caltech_starfish_003,data/processed/caltech_starfish_003.png,300.0,295.0,1.0169491525423728,88500.0,94.56143951416016,54.498558044433594,0.0,254.77198791503906,84.93150329589844,0.15709604519774012,0.027310734463276837,254.77198791503906,0.5763296090680078,0.9999999960749217,30.905000686645508,174.60369873046875,76.27425384521484,7.6801720648160074,7.6801720648160074,0.8991073446327683,131.81961059570312,92.77400970458984,1604.967041015625,1022.8599853515625,1087.5384521484375,1.7120770337498403,0.6275535487302869,3.731644195284981,20.174045085906982,115.28917694091797,88.00192260742188,73.97230529785156,63.63827133178711,55.90849304199219,48.21576690673828,116.380859375,142.78440856933594,10.532065391540527,19.13995361328125,57.51825740702599
caltech_starfish_004,data/processed/caltech_starfish_004.png,300.0,276.0,1.0869565217391304,82800.0,166.08145141601562,40.92972183227539,6.223999977111816,253.40399169921875,166.96798706054688,0.0013043478260869566,0.1216183574879227,247.17999172210693,0.2464436650623152,0.9520544729175558,111.99500274658203,220.82798767089844,51.21800231933594,7.347727757723733,7.347727757723733,0.8957004830917874,101.64189910888672,71.22217559814453,14808.564453125,724.2146606445312,503.7958679199219,5.405243862501711,0.4445198078407945,28.79063231792503,11.14363718032837,179.68907165527344,166.74095153808594,126.99544525146484,40.567325592041016,41.195045471191406,41.628623962402344,105.94243621826172,137.70584106445312,3.0052602291107178,3.0940744876861572,23.257201381202307
caltech_starfish_005,data/processed/caltech_starfish_005.png,300.0,251.0,1.1952191235059761,75300.0,213.76419067382812,53.8823127746582,106.3699951171875,255.0,254.70098876953125,0.0,0.6403718459495352,148.6300048828125,0.25206425993402337,0.41129591963859047,140.53799438476562,255.0,112.92900085449219,3.121573461098382,3.121573461098382,0.07749003984063745,16.49405860900879,59.53719711303711,155.18118286132812,182.6109619140625,560.4472045898438,0.20275273656766463,0.9680504435260675,0.5254043424767478,0.0,253.0992889404297,195.5980987548828,204.13525390625,6.022512435913086,78.07247161865234,66.7991714477539,122.56605529785156,156.05642700195312,7.374189376831055,37.54178237915039,99.87666641674654
caltech_starfish_006,data/processed/caltech_starfish_006.png,300.0,261.0,1.1494252873563218,78300.0,117.40579986572266,54.194541931152344,0.5870000123977661,255.0,115.07400512695312,0.07070242656449553,0.04961685823754789,254.41299998760223,0.46160020656163997,0.995406648146638,47.32460403442383,190.12899780273438,78.48575592041016,7.739972593290549,7.739972593290549,0.9304469987228607,142.21817016601562,105.29338836669922,3160.33837890625,927.4788818359375,756.375,2.571774939453353,0.5799056829561247,5.687703303417917,43.39904594421387,131.1179656982422,114.16258239746094,98.14117431640625,52.143707275390625,55.65848159790039,58.0691032409668,117.12832641601562,137.7804412841797,9.121591567993164,8.00581169128418,33.702486746391216
caltech_starfish_007,data/processed/caltech_starfish_007.png,300.0,281.0,1.0676156583629892,84300.0,125.99223327636719,75.25241088867188,0.29899999499320984,252.90701293945312,152.95750427246094,0.21545670225385527,0.08761565836298932,252.60801294445992,0.5972781681417269,0.9976382828326453,16.32339859008789,212.31298828125,140.6960105895996,7.75243568132314,7.75243568132314,0.8776631079478054,107.69297790527344,88.47889709472656,2170.16650390625,609.4415893554688,675.7476806640625,1.737007046450378,0.653684840800068,4.749872577777876,45.73653984069824,130.44113159179688,124.69442749023438,121.00615692138672,64.65190887451172,80.77458953857422,81.11250305175781,125.18619537353516,131.17324829101562,7.531861782073975,13.769962310791016,35.51097878356306
caltech_starfish_008,data/processed/caltech_starfish_008.png,247.0,300.0,0.8233333333333334,74100.0,151.56564331054688,20.801525115966797,10.46500015258789,250.8909912109375,153.82701110839844,0.000796221322537112,0.006626180836707152,240.4259910583496,0.13724432875662773,0.91991765286918,128.95970153808594,171.0865020751953,19.772003173828125,6.223677501013164,6.223677501013164,0.787476383265857,74.9970703125,71.05184173583984,2530.039306640625,284.91790771484375,478.7616882324219,1.549803192139134,0.7093395589262247,5.044598343494503,0.0,164.1632080078125,146.12982177734375,146.51429748535156,19.627038955688477,22.090574264526367,21.117979049682617,125.14936828613281,136.98544311523438,2.6368842124938965,4.354682445526123,16.686831299055164
caltech_starfish_009,data/processed/caltech_starfish_009.png,300.0,290.0,1.0344827586206897,87000.0,195.9876251220703,56.54924011230469,14.030999183654785,252.62098693847656,219.22500610351562,0.008885057471264368,0.5802298850574713,238.58998775482178,0.28853474696960285,0.894761709184426,81.83370208740234,237.85499572753906,31.423004150390625,6.7489439629253045,6.7489439629253045,0.43964367816091954,64.44013977050781,93.15121459960938,1154.0931396484375,350.3687438964844,661.4395141601562,1.0611405988514928,0.8107334515333776,2.418187763033557,18.418816089630127,204.24356079101562,195.96946716308594,174.4273681640625,39.29312515258789,63.82837677001953,67.81737518310547,115.83281707763672,133.888671875,7.7392683029174805,14.378768920898438,42.32243901928503
caltech_starfish_010,data/processed/caltech_starfish_010.png,289.0,300.0,0.9633333333333334,86700.0,207.96493530273438,68.1766128540039,29.60099983215332,255.0,255.0,0.0002422145328719723,0.6653979238754325,225.39900016784668,0.32782744084685156,0.7919824579281023,93.05199432373047,255.0,114.0419921875,4.41958327307723,4.41958327307723,0.35363321799307956,59.0767707824707,100.25027465820312,1285.30908203125,443.5907287597656,869.5756225585938,1.0584708081950727,0.8302916238447767,2.5723788713820923,0.0,235.43553161621094,198.9898681640625,182.12847900390625,32.55841064453125,81.51325988769531,100.95670318603516,113.41960906982422,147.59385681152344,21.403621673583984,27.832393646240234,87.86344328908608
caltech_stegosaurus_001,data/processed/caltech_stegosaurus_001.png,300.0,187.0,1.6042780748663101,56100.0,122.52474975585938,69.97582244873047,0.0,250.8909912109375,132.781494140625,0.1606060606060606,0.05588235294117647,250.8909912109375,0.5711158114344018,0.9999999960142053,29.187000274658203,205.2659912109375,133.59224700927734,7.6934391812009455,7.6934391812009455,0.5034224598930481,72.18888854980469,110.94725036621094,1056.28076171875,589.846923828125,1068.348388671875,1.152970765930712,0.812388479541265,2.0428328004726133,19.7674298286438,132.6520538330078,117.44440460205078,122.12208557128906,67.71156311035156,69.79462432861328,81.72592163085938,127.77276611328125,135.22348022460938,11.80496883392334,8.3109130859375,33.80137252324688
caltech_stegosaurus_002,data/processed/caltech_stegosaurus_002.png,300.0,188.0,1.5957446808510638,56400.0,146.11557006835938,55.803585052490234,1.4839999675750732,251.69400024414062,159.6719970703125,0.04377659574468085,0.05460992907801419,250.21000027656555,0.38191401946054626,0.9882770188525652,64.11900329589844,208.9510040283203,92.16948699951172,7.605330842730517,7.605330842730517,0.6813297872340426,99.35395050048828,110.6184310913086,4949.1337890625,751.8978881835938,1007.9798583984375,2.855959907571706,0.6611764093200116,8.095468949521253,12.162956714630127,157.4408721923828,146.9525146484375,112.10189819335938,54.29543685913086,57.13566970825195,56.50067138671875,108.804931640625,136.07794189453125,8.890143394470215,5.217561721801758,33.14340831349918
caltech_stegosaurus_003,data/processed/caltech_stegosaurus_003.png,300.0,252.0,1.1904761904761905,75600.0,74.54414367675781,69.00479125976562,0.0,239.38400268554688,57.2030029296875,0.4513756613756614,0.0011507936507936507,239.38400268554688,0.9256902947775145,0.9999999958226115,0.8969999551773071,174.9213104248047,141.01625299453735,6.9655293902660205,6.9655293902660205,0.6599206349206349,96.58869171142578,118.72335052490234,2134.478759765625,861.86279296875,1317.7052001953125,1.7712940656548812,0.7330835284505403,4.148753332304318,14.031323909759521,97.17897033691406,66.88912963867188,54.593929290771484,88.3067855834961,62.876129150390625,53.15846252441406,116.74141693115234,144.14466857910156,11.757589340209961,15.036815643310547,51.74181199498024
caltech_stegosaurus_004,data/processed/caltech_stegosaurus_004.png,300.0,206.0,1.4563106796116505,61800.0,105.50646209716797,37.053951263427734,9.666000366210938,251.53900146484375,103.91700744628906,0.03451456310679612,0.002621359223300971,241.8730010986328,0.3512007717413697,0.9259891597676417,56.846900939941406,161.80601501464844,38.15125274658203,7.0710696877537655,7.0710696877537655,0.5326860841423948,78.3853759765625,98.19641876220703,1965.1722412109375,481.04656982421875,669.3643188476562,1.4755361603429313,0.7611582381665468,3.8347053257296877,65.9809684753418,65.98640441894531,117.16777038574219,149.11444091796875,61.9894905090332,39.13134002685547,69.57823944091797,152.60948181152344,99.8116683959961,35.52338409423828,34.091026306152344,123.69302641282016
caltech_stegosaurus_005,data/processed/caltech_stegosaurus_005.png,300.0,235.0,1.2765957446808511,70500.0,167.34703063964844,71.46713256835938,4.776000022888184,255.0,147.10499572753906,0.003914893617021277,0.3786950354609929,250.22399997711182,0.4270594576320357,0.9632298556904232,80.75900268554688,255.0,149.85426330566406,6.631800913391778,6.631800913391778,0.6423404255319148,85.10637664794922,102.13878631591797,5087.5380859375,650.0303955078125,902.2413330078125,2.5767951353474006,0.6646602626638749,10.727703435590099,63.57216548919678,172.96664428710938,166.5221710205078,156.85537719726562,69.42096710205078,72.830810546875,77.3336181640625,122.07919311523438,132.0082550048828,7.278547286987305,11.852234840393066,33.38424417848591
caltech_stegosaurus_006,data/processed/caltech_stegosaurus_006.png,300.0,280.0,1.0714285714285714,84000.0,111.14214324951172,40.389984130859375,0.5870000123977661,254.47299194335938,106.90550231933594,0.021154761904761905,0.003619047619047619,253.8859919309616,0.36340835786094544,0.9953971573072254,62.719200134277344,169.2130126953125,60.73374938964844,7.295523067925123,7.295523067925123,0.7420952380952381,84.0063247680664,85.18045806884766,2427.9814453125,456.5393371582031,612.3118286132812,1.6064930593016145,0.7047225223230575,5.1811348947457505,23.931090354919434,115.2009506225586,110.06035614013672,106.06687927246094,39.26105499267578,41.41825485229492,45.617488861083984,125.13585662841797,130.89501953125,7.871150493621826,7.924777030944824,25.45019593583971
caltech_stegosaurus_007,data/processed/caltech_stegosaurus_007.png,300.0,225.0,1.3333333333333333,67500.0,66.1637191772461,41.09686279296875,1.1959999799728394,253.17599487304688,56.93499755859375,0.3557037037037037,0.0012,251.97999489307404,0.6211389366086777,0.9905964453676426,24.730998992919922,127.93280792236328,57.18500328063965,7.061243137256834,7.061243137256834,0.5082222222222222,71.64088439941406,97.0991439819336,2231.631103515625,517.39306640625,772.520751953125,1.4988869644847895,0.7941422192287255,3.5352698282255197,6.134020566940308,74.44622039794922,66.09087371826172,44.81542205810547,44.63394546508789,39.773155212402344,43.37812805175781,115.95243072509766,133.90760803222656,6.494356632232666,6.340760707855225,26.680433567874683
caltech_stegosaurus_008,data/processed/caltech_stegosaurus_008.png,300.0,177.0,1.694915254237288,53100.0,184.57102966308594,74.12627410888672,0.0,255.0,219.9449920654297,0.02745762711864407,0.5192090395480226,255.0,0.40161380603761193,0.9999999960784314,72.24979400634766,255.0,132.0854949951172,6.829589714935132,6.829589714935132,0.4195291902071563,68.92445373535156,127.80125427246094,2872.763427734375,821.1923828125,1681.46826171875,1.8880376153262124,0.8228308651220505,4.423386794013134,57.12014198303223,182.8690948486328,189.44677734375,163.92918395996094,70.33232116699219,73.80455780029297,102.21973419189453,116.35110473632812,126.78604888916016,22.191003799438477,16.186838150024414,62.58573111856221
caltech_stegosaurus_009,data/processed/caltech_stegosaurus_009.png,300.0,186.0,1.6129032258064515,55800.0,192.59005737304688,105.15658569335938,0.0,255.0,255.0,0.240752688172043,0.7551254480286739,255.0,0.5460125334697761,0.9999999960784314,1.0,255.0,32.0,3.337628476906357,3.337628476906357,0.41623655913978497,196.3097686767578,305.0386047363281,70862.1328125,4888.66455078125,5691.4921875,28.0675462313106,0.8005235365788084,35.76122852757903,0.0,192.59005737304688,192.59005737304688,192.59005737304688,105.15658569335938,105.15658569335938,105.15658569335938,128.0,128.0,0.0,6.187368626342504e-07,0.0
caltech_stegosaurus_010,data/processed/caltech_stegosaurus_010.png,300.0,200.0,1.5,60000.0,59.945926666259766,29.636201858520508,1.125,199.79998779296875,48.12099838256836,0.10301666666666667,0.0,198.67498779296875,0.49438223766451245,0.9888017861117395,39.875999450683594,109.03300476074219,10.4219970703125,4.984993934047668,4.984993934047668,0.3621666666666667,35.84360885620117,55.860416412353516,386.13360595703125,138.0335693359375,259.8293762207031,0.4228210170137198,0.8672562690583332,1.285224462997264,33.77602195739746,72.28410339355469,57.16526794433594,41.90325164794922,34.15220260620117,29.899696350097656,22.12464714050293,117.8178939819336,136.80038452148438,8.550555229187012,5.993620872497559,29.309758268913683
caltech_stop_sign_001,data/processed/caltech_stop_sign_001.png,300.0,295.0,1.0169491525423728,88500.0,142.63037109375,84.0927505493164,30.49799919128418,255.0,76.7439956665039,0.00022598870056497175,0.37666666666666665,224.50200080871582,0.5895851585806899,0.7863522709731734,75.8639907836914,255.0,174.9449920654297,4.21553476572462,4.21553476572462,0.2019774011299435,66.17558288574219,173.0266876220703,3654.96435546875,1469.7713623046875,2291.771484375,2.5317606888380118,0.903040502798572,4.753148243645437,0.0,246.58840942382812,98.37545013427734,97.8425521850586,19.039396286010742,118.37194061279297,117.53606414794922,102.72470092773438,202.14968872070312,19.328386306762695,58.145145416259766,179.64007995945016
caltech_stop_sign_002,data/processed/caltech_stop_sign_002.png,300.0,198.0,1.5151515151515151,59400.0,96.83045196533203,28.59673500061035,39.834999084472656,150.0989990234375,92.98049926757812,1.6835016835016834e-05,0.0,110.26399993896484,0.29532790692251304,0.5805385052537058,61.82499694824219,134.10301208496094,56.61699676513672,6.377292908711363,6.377292908711363,0.09505050505050505,18.230459213256836,41.42454528808594,105.80352783203125,87.75032806396484,221.91635131835938,0.16967420242525078,0.9466727626256651,0.5392938333849638,0.0,91.01434326171875,93.97516632080078,126.7872085571289,30.16791534423828,33.25722122192383,38.687103271484375,144.90562438964844,123.8515625,11.787938117980957,17.498432159423828,54.206807866781965
caltech_stop_sign_003,data/processed/caltech_stop_sign_003.png,277.0,300.0,0.9233333333333333,83100.0,197.34117126464844,81.14556121826172,34.52899932861328,255.0,252.99998474121094,0.0001444043321299639,0.6686522262334537,220.47100067138672,0.41119427987100327,0.7614815801565776,66.99400329589844,255.0,169.99425506591797,4.459387215401049,4.459387215401049,0.23205776173285197,47.800533294677734,125.53666687011719,793.6260986328125,819.0693359375,1788.969970703125,0.9740743915739993,0.9085980738810246,1.2572790145589294,0.0,231.6936492919922,180.75234985351562,192.65916442871094,33.345497131347656,106.23616790771484,87.86876678466797,125.35777282714844,152.5024871826172,4.101456165313721,38.10313415527344,97.79860032045721
caltech_stop_sign_004,data/processed/caltech_stop_sign_004.png,300.0,225.0,1.3333333333333333,67500.0,70.3055648803711,50.9517936706543,0.0,253.63198852539062,56.084999084472656,0.28942222222222225,0.04848888888888889,253.63198852539062,0.7247192029910073,0.9999999960572797,25.905000686645508,125.2449951171875,50.60499572753906,7.132748835680173,7.132748835680173,0.6838222222222222,93.92103576660156,133.62852478027344,1377.8546142578125,928.2647094726562,1631.095458984375,1.6086876891224704,0.7789651244212628,2.098858523019214,10.510037899017334,88.19770050048828,66.47977447509766,43.07737731933594,69.49282836914062,49.37884521484375,51.055809020996094,112.63420867919922,140.76187133789062,7.9749674797058105,25.961393356323242,69.83778765619923
caltech_stop_sign_006,data/processed/caltech_stop_sign_006.png,300.0,293.0,1.023890784982935,87900.0,137.2886962890625,72.55290985107422,0.0,255.0,117.80998992919922,0.04653014789533561,0.25329920364050057,255.0,0.5284696503333662,0.9999999960784314,59.874000549316406,252.74998474121094,112.62274932861328,5.578215095484229,5.578215095484229,0.33879408418657564,68.8170166015625,160.52249145507812,3205.625244140625,1155.5927734375,2596.728515625,2.181112835638485,0.8693925605990183,3.6036539164508077,29.44867706298828,190.04937744140625,114.98871612548828,113.73304748535156,103.86247253417969,81.69951629638672,87.71827697753906,114.70673370361328,165.63241577148438,11.774870872497559,54.7210578918457,145.01580623230817
caltech_stop_sign_007,data/processed/caltech_stop_sign_007.png,300.0,196.0,1.530612244897959,58800.0,128.22413635253906,52.3192253112793,0.0,252.60800170898438,133.71900939941406,0.1448469387755102,0.005340136054421769,252.60800170898438,0.408029458349429,0.9999999960412972,35.231998443603516,194.8730010986328,59.27525329589844,7.228753154374671,7.228753154374671,0.20006802721088435,37.69691467285156,85.50557708740234,321.06927490234375,376.6112365722656,899.6199951171875,0.49505430801082995,0.9064996916768919,0.8036590176396339,145.92871284484863,103.62525177001953,132.06935119628906,172.9427947998047,39.274417877197266,63.30473709106445,84.9471664428711,153.2362518310547,110.45445251464844,24.437376022338867,30.85116195678711,99.96206088359139
caltech_stop_sign_008,data/processed/caltech_stop_sign_008.png,297.0,300.0,0.99,89100.0,142.7259063720703,73.22664642333984,32.29199981689453,255.0,92.20600128173828,5.611672278338945e-05,0.31042648709315374,222.70800018310547,0.5130578447292421,0.7751973586102328,88.83000183105469,255.0,151.94800567626953,4.777576564872576,4.777576564872576,0.25982042648709314,61.452083587646484,142.6805877685547,1328.4176025390625,1095.6383056640625,1848.243896484375,1.3716050510072253,0.8901287041048735,2.3335164276339726,0.0,245.6453857421875,99.22193908691406,96.79524993896484,19.06064796447754,102.69647216796875,102.92607116699219,102.07975006103516,201.40907287597656,17.316959381103516,50.551998138427734,162.62939052026206
caltech_stop_sign_009,data/processed/caltech_stop_sign_009.png,300.0,272.0,1.1029411764705883,81600.0,113.87902069091797,63.50582504272461,15.131000518798828,255.0,82.95399475097656,0.008480392156862745,0.10599264705882352,239.86899948120117,0.5576604373638494,0.8879728655080277,51.40899658203125,218.29209899902344,112.08025741577148,7.248177047528944,7.248177047528944,0.52125,68.42897033691406,115.13481140136719,1309.6776123046875,671.6262817382812,1390.76416015625,1.2808687978208726,0.8119368857629028,2.4564897704605917,7.12913966178894,139.3180694580078,103.71138763427734,99.51168823242188,80.65399169921875,60.20561981201172,61.9723014831543,119.89203643798828,146.1448211669922,6.950777053833008,23.743741989135742,65.10895132661601
caltech_stop_sign_010,data/processed/caltech_stop_sign_010.png,300.0,295.0,1.0169491525423728,88500.0,143.5709228515625,83.11031341552734,23.022998809814453,255.0,102.94499969482422,0.002655367231638418,0.3790621468926554,231.97700119018555,0.5788798399142073,0.8343806136502112,55.07780075073242,248.9359893798828,166.11299514770508,6.776025694608617,6.776025694608617,0.6745762711864407,135.04800415039062,201.3209686279297,3682.89599609375,2460.81689453125,2662.06103515625,3.5293648386739775,0.6782701504765307,7.355056062638033,49.65113925933838,212.87127685546875,121.5608139038086,75.14222717285156,37.44289779663086,111.66210174560547,96.69354248046875,89.38334655761719,177.4296112060547,39.12673568725586,36.5390510559082,149.0277894798876
caltech_strawberry_001,data/processed/caltech_strawberry_001.png,300.0,225.0,1.3333333333333333,67500.0,109.89875030517578,31.92876434326172,0.5870000123977661,246.4949951171875,107.84750366210938,0.0204,0.0032,245.90799510478973,0.29052890923755204,0.9952485367481821,74.92100524902344,148.88400268554688,41.53301239013672,6.982860101081728,6.982860101081728,0.8558518518518519,94.35618591308594,81.22317504882812,4261.78076171875,468.7277526855469,538.4126586914062,2.27182289178213,0.6341417998447814,9.737229333241872,65.96158218383789,163.02194213867188,97.75827026367188,33.07970428466797,38.38718032836914,37.320556640625,30.573060989379883,84.64839172363281,165.89096069335938,8.661473274230957,18.88588523864746,79.0883667124071
caltech_strawberry_002,data/processed/caltech_strawberry_002.png,300.0,200.0,1.5,60000.0,171.22093200683594,78.26480865478516,8.842999458312988,255.0,208.0800018310547,0.009866666666666666,0.4781,246.157000541687,0.4570983657217921,0.9329677122913846,58.79469680786133,248.0,165.90625762939453,6.796629885349494,6.796629885349494,0.3680833333333333,54.53558349609375,95.19964599609375,1520.0533447265625,448.1643371582031,987.5331420898438,1.1141865542876042,0.8311761804836342,3.2416274920391213,288.36029624938965,197.5420684814453,158.36427307128906,168.38613891601562,52.7632942199707,94.00202178955078,86.06404876708984,126.40023040771484,146.7740020751953,6.107002258300781,29.328685760498047,75.99093747479287
caltech_strawberry_003,data/processed/caltech_strawberry_003.png,300.0,225.0,1.3333333333333333,67500.0,134.60601806640625,66.5754623413086,1.7610000371932983,246.32901000976562,154.791015625,0.08832592592592593,0.00797037037037037,244.56800997257233,0.4945949876763267,0.9858035353397604,42.91239929199219,208.87100219726562,130.95099639892578,7.327521384505195,7.327521384505195,0.48245925925925925,53.966548919677734,71.9638900756836,583.1669921875,275.3080139160156,503.3258361816406,0.6492990606917238,0.8342838404301247,1.6292061815621623,246.42263507843018,156.10684204101562,122.67987823486328,139.62258911132812,59.7889404296875,76.27193450927734,83.6964111328125,130.83102416992188,143.33583068847656,12.115357398986816,31.374237060546875,81.1687033870244
caltech_strawberry_004,data/processed/caltech_strawberry_004.png,300.0,223.0,1.345291479820628,66900.0,162.42474365234375,78.31050109863281,0.7120000123977661,253.80398559570312,197.07701110839844,0.05837070254110613,0.4513303437967115,253.09198558330536,0.4821340570136018,0.9944050625511859,50.89929962158203,239.83200073242188,154.7979965209961,7.2062738365682515,7.2062738365682515,0.447593423019432,62.220863342285156,92.94284057617188,1226.0950927734375,393.8758850097656,731.7214965820312,1.0512701884811455,0.8400757397765402,1.8981735331260803,303.2512855529785,182.84866333007812,155.01168823242188,147.02737426757812,57.3237190246582,89.21514892578125,90.42575073242188,119.31074523925781,142.56771850585938,8.699277877807617,23.104612350463867,62.84949622000299
caltech_strawberry_005,data/processed/caltech_strawberry_005.png,300.0,225.0,1.3333333333333333,67500.0,118.36907958984375,77.85113525390625,0.0,255.0,108.88249969482422,0.19182222222222223,0.1749777777777778,255.0,0.6576982339135107,0.9999999960784314,22.838001251220703,236.20420837402344,138.45325469970703,7.93638825914553,7.93638825914553,0.8738074074074074,224.49978637695312,217.96180725097656,15327.66015625,2975.9755859375,2335.9111328125,9.59891372365557,0.5329757393318739,13.202002127230902,162.8289451599121,131.3825225830078,114.40006256103516,104.6743392944336,77.7148666381836,82.31584167480469,79.66153717041016,120.27159118652344,137.28204345703125,13.13211727142334,21.38616180419922,60.01248137298639
caltech_strawberry_006,data/processed/caltech_strawberry_006.png,200.0,300.0,0.6666666666666666,60000.0,26.295543670654297,37.782135009765625,0.0,253.80398559570312,11.609999656677246,0.7729833333333334,0.004083333333333333,253.80398559570312,1.4368264845995111,0.9999999960599516,0.8689999580383301,78.0949935913086,25.203001022338867,5.800398278165286,5.800398278165286,0.2788,41.542484283447266,85.0234146118164,2787.378173828125,330.8183288574219,949.5225219726562,1.3895274309115258,0.8495677862154927,5.32393878752721,58.6959285736084,44.142616271972656,15.111516952514648,37.07405090332031,66.79877471923828,31.565977096557617,29.53274154663086,134.08267211914062,140.729736328125,12.80935287475586,25.552705764770508,69.12919175085854
caltech_strawberry_007,data/processed/caltech_strawberry_007.png,231.0,300.0,0.77,69300.0,42.49467468261719,40.44550323486328,0.0,239.4010009765625,53.11399841308594,0.45940836940836943,0.00044733044733044733,239.4010009765625,0.9517781365585963,0.9999999958229081,1.0,89.80270385742188,66.01875305175781,5.331314534362002,5.331314534362002,0.39510822510822513,46.74962615966797,72.72502136230469,930.44775390625,247.65211486816406,453.2353210449219,0.7398300757213789,0.8338235905408257,2.5763742381925483,42.946341037750244,95.61524963378906,18.30453109741211,27.727676391601562,87.08731842041016,30.836153030395508,28.162776947021484,119.66647338867188,165.88914489746094,9.262860298156738,38.481937408447266,109.12881291055604
caltech_strawberry_008,data/processed/caltech_strawberry_008.png,218.0,300.0,0.7266666666666667,65400.0,125.20870208740234,76.47174072265625,0.0,255.0,131.92601013183594,0.21622324159021405,0.06136085626911315,255.0,0.6107541954913063,0.9999999960784314,22.002897262573242,211.8909912109375,151.5662498474121,7.511017470978031,7.511017470978031,0.3509633027522936,40.87620544433594,62.945343017578125,254.22682189941406,237.32847595214844,625.6261596679688,0.3910988365272501,0.8918251045868988,0.8737032251218425,78.51416349411011,138.53526306152344,119.61527252197266,119.0569076538086,68.49897003173828,80.10832214355469,82.80415344238281,124.52835083007812,137.50540161132812,5.422553539276123,10.752228736877441,31.745489892459744
caltech_strawberry_009,data/processed/caltech_strawberry_009.png,225.0,300.0,0.75,67500.0,23.0629825592041,32.692928314208984,0.0,198.15599060058594,4.978000164031982,0.7822370370370371,0.0,198.15599060058594,1.4175498252550118,0.9999999949534708,2.0,74.15859985351562,29.201751708984375,5.094335869023981,5.094335869023981,0.2192,26.51067543029785,53.78891372680664,369.1836242675781,113.8754653930664,285.9197692871094,0.32866949023198994,0.9181493747398014,1.1469301006071304,116.38289260864258,52.521968841552734,11.33722972869873,6.17509651184082,75.3283462524414,19.595083236694336,11.506450653076172,118.4695816040039,149.01211547851562,15.227559089660645,31.926040649414062,88.95604807089532
caltech_strawberry_010,data/processed/caltech_strawberry_010.png,271.0,300.0,0.9033333333333333,81300.0,64.52264404296875,51.30580139160156,0.0,240.66000366210938,88.11849975585938,0.3588683886838868,0.006875768757687577,240.66000366210938,0.7951596119073319,0.9999999958447603,0.0,109.93399810791016,93.08049774169922,5.31921833791967,5.31921833791967,0.3444157441574416,51.649925231933594,92.97895050048828,685.7230224609375,387.3334045410156,800.8707275390625,0.7401071072100531,0.8629606627373836,1.763046443226942,11.939104318618774,146.5523223876953,32.814292907714844,12.644858360290527,109.02825164794922,36.21154022216797,27.490446090698242,98.72359466552734,186.509033203125,22.480518341064453,45.708106994628906,148.22669238212683
caltech_sunflower_001,data/processed/caltech_sunflower_001.png,300.0,200.0,1.5,60000.0,66.37870788574219,78.13114166259766,0.0,235.74099731445312,7.936500072479248,0.5896,0.0005,235.74099731445312,1.1770512408893785,0.9999999957580565,2.0,183.79299926757812,158.0919952392578,5.1996221782868455,5.1996221782868455,0.33436666666666665,57.02265167236328,120.34056854248047,2630.060546875,728.9959106445312,1526.4093017578125,1.674302868859348,0.8486377857778072,4.393495781249095,32.4982213973999,85.21887969970703,65.640869140625,20.763750076293945,96.13077545166016,80.95105743408203,25.886857986450195,102.2579345703125,141.43804931640625,33.41027069091797,15.759384155273438,91.20752184782832
caltech_sunflower_002,data/processed/caltech_sunflower_002.png,300.0,196.0,1.530612244897959,58800.0,137.9474334716797,60.920875549316406,0.2280000001192093,250.22799682617188,143.70748901367188,0.12423469387755103,0.03042517006802721,249.99999682605267,0.4416238386935955,0.9981793169091735,30.029998779296875,200.2292022705078,88.19249725341797,7.388881878462929,7.388881878462929,0.5109013605442176,64.5338363647461,83.45787811279297,2976.8310546875,504.80078125,846.6654663085938,1.5920744507390454,0.7832344430994971,5.205039659751656,73.09318733215332,135.05445861816406,146.6293487548828,100.83088684082031,94.27320861816406,62.76911544799805,81.08257293701172,107.05387878417969,125.93651580810547,50.69350814819336,40.674583435058594,144.3684859209504
caltech_sunflower_003,data/processed/caltech_sunflower_003.png,204.0,300.0,0.68,61200.0,100.70265197753906,58.46025085449219,0.0,235.63101196289062,108.02500915527344,0.2202124183006536,0.0010130718954248366,235.63101196289062,0.580523443285365,0.9999999957560765,4.451000213623047,177.74139404296875,75.07599639892578,7.236556042479357,7.236556042479357,0.4514705882352941,72.30277252197266,111.05680084228516,1841.264892578125,706.2553100585938,1225.1123046875,1.4080181273293537,0.7962596734128919,3.9572366911854546,29.464582443237305,78.41352844238281,111.80392456054688,102.00094604492188,80.26582336425781,61.614688873291016,96.97876739501953,128.73268127441406,112.10189819335938,49.33602523803711,38.17955780029297,136.6040832931804
caltech_sunflower_004,data/processed/caltech_sunflower_004.png,159.0,300.0,0.53,47700.0,72.25411987304688,83.83010864257812,0.0,255.0,7.4145002365112305,0.5417819706498952,0.053249475890985325,255.0,1.1602121460984998,0.9999999960784314,0.0,199.75401306152344,152.88299560546875,5.3777808062032815,5.3777808062032815,0.4672746331236897,92.23999786376953,161.25816345214844,8395.2841796875,1395.4493408203125,2225.107421875,4.328155826323393,0.7832331439821523,8.49211452660922,2.9758877754211426,78.74553680419922,74.57272338867188,43.28951644897461,93.18533325195312,86.44232940673828,54.65101623535156,111.654296875,132.63011169433594,22.1676082611084,12.49495792388916,61.18793904366609
caltech_sunflower_005,data/processed/caltech_sunflower_005.png,260.0,300.0,0.8666666666666667,78000.0,164.81002807617188,51.311065673828125,5.625999927520752,248.1490020751953,179.1529998779297,0.020384615384615383,0.10584615384615384,242.52300214767456,0.31133460725325873,0.9556615083364965,73.75260925292969,215.94200134277344,56.308746337890625,7.287800391593478,7.287800391593478,0.5224487179487179,66.90339660644531,85.1839370727539,614.7137451171875,480.219482421875,760.725830078125,0.7749657539122426,0.8122519757859552,1.5538956835329563,72.47051811218262,184.59872436523438,170.62367248535156,82.97296142578125,57.35324478149414,54.45436096191406,81.75989532470703,81.8165512084961,142.11459350585938,40.922576904296875,18.087337493896484,117.96369395074287
caltech_sunflower_006,data/processed/caltech_sunflower_006.png,230.0,300.0,0.7666666666666667,69000.0,63.85701370239258,47.19111251831055,0.0,230.7589874267578,53.88800048828125,0.3717391304347826,0.0019130434782608696,230.7589874267578,0.739012193699409,0.9999999956664744,9.734000205993652,132.93719482421875,63.004249572753906,7.332069847824358,7.332069847824358,0.5636231884057971,54.8127326965332,68.72422790527344,462.4210510253906,339.10595703125,680.2330932617188,0.5735512887186556,0.8519997676257697,1.4281159027265975,54.77622699737549,85.66236114501953,58.17723083496094,35.91172409057617,68.99840545654297,44.03944778442383,30.42815589904785,112.22952270507812,143.55300903320312,23.612396240234375,18.33231544494629,74.23844586064622
caltech_sunflower_007,data/processed/caltech_sunflower_007.png,300.0,194.0,1.5463917525773196,58200.0,138.02059936523438,63.034461975097656,18.638999938964844,239.38198852539062,142.9169921875,0.01027491408934708,0.12127147766323024,220.74298858642578,0.4567032878301784,0.8555233783293452,44.19269561767578,217.90011596679688,119.0615005493164,7.452379737182147,7.452379737182147,0.5702233676975945,63.54444122314453,83.8183364868164,450.0870666503906,535.0762329101562,949.4495239257812,0.6890304650754665,0.8302178078925294,1.3698736189226404,45.051321029663086,140.0374755859375,149.77098083496094,72.22660064697266,86.73570251464844,66.76407623291016,53.489871978759766,90.87020874023438,129.43853759765625,44.21464538574219,27.453725814819336,126.71805236212937
caltech_sunflower_008,data/processed/caltech_sunflower_008.png,300.0,204.0,1.4705882352941178,61200.0,112.90705871582031,66.07710266113281,0.0,254.70098876953125,107.0,0.18287581699346406,0.03908496732026144,254.70098876953125,0.5852344647663712,0.9999999960738276,26.274700164794922,190.69300842285156,121.21800994873047,7.696848425568947,7.696848425568947,0.6579084967320261,105.87429809570312,130.0743865966797,3055.242431640625,972.5059204101562,1247.47314453125,2.3637561035254837,0.7378246656902678,3.9649103670399026,95.08490562438965,139.90768432617188,111.76876068115234,47.95094680786133,87.88629913330078,67.11841583251953,58.648887634277344,91.34305572509766,147.25860595703125,40.790122985839844,24.206893920898438,120.10627863010914
caltech_sunflower_009,data/processed/caltech_sunflower_009.png,300.0,296.0,1.0135135135135136,88800.0,159.76522827148438,71.83988952636719,0.5870000123977661,255.0,171.69949340820312,0.07426801801801802,0.27635135135135136,254.41299998760223,0.4496591020083085,0.995406648146638,47.15879821777344,248.01199340820312,117.67925262451172,7.357393875403423,7.357393875403423,0.7269031531531531,141.53001403808594,153.75160217285156,2742.002685546875,1547.49169921875,1757.7103271484375,2.7830960691999733,0.6815730574627539,3.3498228671780437,27.29135513305664,173.751708984375,158.2171173095703,131.05276489257812,75.28372955322266,74.35835266113281,68.47137451171875,111.79657745361328,137.97607421875,24.017724990844727,11.9049711227417,65.0945485468141
caltech_sunflower_010,data/processed/caltech_sunflower_010.png,300.0,226.0,1.3274336283185841,67800.0,67.5205307006836,88.06706237792969,0.0,252.81700134277344,3.745000123977661,0.5850294985250738,0.1438938053097345,252.81700134277344,1.304300486973773,0.9999999960445698,1.0,235.3990020751953,130.28076171875,5.188789173824231,5.188789173824231,0.3703097345132743,80.92887878417969,158.3335418701172,5363.1025390625,1179.031494140625,2212.372314453125,3.1436819592019267,0.7939935572301118,7.705058395268081,15.538921117782593,84.4586410522461,63.265472412109375,45.005001068115234,100.84919738769531,90.64640808105469,59.99764633178711,115.29371643066406,140.08139038085938,21.485206604003906,20.438323974609375,71.5604966673946
caltech_tick_001,data/processed/caltech_tick_001.png,267.0,300.0,0.89,80100.0,211.2068634033203,62.166080474853516,0.0,255.0,250.0,0.018514357053682897,0.616167290886392,255.0,0.29433740541756853,0.9999999960784314,107.0,255.0,67.0,5.058598910668268,5.058598910668268,0.5244069912609238,131.4625701904297,192.02505493164062,10713.669921875,1728.040283203125,2373.861328125,5.773708730226227,0.6849016571068021,13.77651512271137,0.0,211.2068634033203,211.2068634033203,211.2068634033203,62.166080474853516,62.166080474853516,62.166080474853516,128.0,128.0,0.0,9.149556490228861e-07,0.0
caltech_tick_002,data/processed/caltech_tick_002.png,240.0,300.0,0.8,72000.0,106.07308197021484,48.73796844482422,0.0,254.70098876953125,108.260498046875,0.10897222222222222,0.028527777777777777,254.70098876953125,0.4594753643439379,0.9999999960738276,36.08180236816406,163.01611328125,52.64524841308594,7.516376618400835,7.516376618400835,0.8133055555555555,114.26834106445312,124.1348648071289,5339.78466796875,895.509033203125,1153.2633056640625,3.2112144094914212,0.6399323792511313,8.661082385901935,51.97018241882324,93.4411392211914,121.28236389160156,60.889793395996094,51.30606460571289,55.821441650390625,41.69702911376953,102.50153350830078,118.99002838134766,12.793549537658691,19.666027069091797,65.50991429314674
caltech_tick_003,data/processed/caltech_tick_003.png,300.0,264.0,1.1363636363636365,79200.0,213.0624542236328,57.90175247192383,2.679999828338623,252.58900451660156,241.98199462890625,0.0073232323232323236,0.7432828282828283,249.90900468826294,0.2717595289660465,0.9790025402832029,94.2771987915039,249.07199096679688,34.71025085449219,5.808656662796846,5.808656662796846,0.25319444444444444,50.02711486816406,114.70079040527344,1144.7840576171875,583.2802124023438,1415.534912109375,1.0737883277245146,0.8862216105978411,1.5171583658575907,18.688020706176758,226.71469116210938,214.93545532226562,167.61087036132812,54.515262603759766,60.68720245361328,55.38026428222656,102.35013580322266,137.7376708984375,5.714829921722412,6.620181560516357,34.42109319948234
caltech_tick_004,data/processed/caltech_tick_004.png,295.0,300.0,0.9833333333333333,88500.0,134.3043670654297,67.25403594970703,0.0,254.70098876953125,157.23699951171875,0.1815367231638418,0.03169491525423729,254.70098876953125,0.5007583663767553,0.9999999960738276,24.858001708984375,199.07000732421875,115.81999206542969,7.371726064108065,7.371726064108065,0.43219209039548023,80.63823699951172,130.2319793701172,1781.67138671875,831.2360229492188,1448.3033447265625,1.6596464009899616,0.8129851294640951,2.2949299285269373,108.9858512878418,112.06907653808594,141.97164916992188,153.14332580566406,54.31818771362305,73.41690063476562,80.95867919921875,138.63148498535156,112.14031982421875,10.625710487365723,17.534746170043945,54.71745018965284
caltech_tick_005,data/processed/caltech_tick_005.png,300.0,232.0,1.293103448275862,69600.0,209.68617248535156,64.33009338378906,0.0,255.0,239.0,0.04258620689655172,0.769698275862069,255.0,0.3067922520331704,0.9999999960784314,88.12550354003906,247.71200561523438,22.93023681640625,6.217842311825848,6.217842311825848,0.3919109195402299,63.58767318725586,104.39256286621094,1421.5445556640625,639.8431396484375,1216.1123046875,1.1975763084158886,0.8095284176482387,2.7571901488045403,11.209572315216064,209.31846618652344,210.38693237304688,207.0424346923828,65.16654968261719,63.541168212890625,66.84031677246094,126.50804901123047,127.73771667480469,2.5413904190063477,3.0337893962860107,9.110995342754276
caltech_tick_006,data/processed/caltech_tick_006.png,247.0,300.0,0.8233333333333334,74100.0,169.55332946777344,33.810970306396484,0.4560000002384186,250.81399536132812,175.7010040283203,0.02669365721997301,0.0039946018893387315,250.3579953610897,0.1994120092664464,0.9963704341398385,150.33399963378906,197.98599243164062,28.030014038085938,6.423011536197011,6.423011536197011,0.18904183535762484,33.85638427734375,74.83734893798828,637.6723022460938,210.9896240234375,707.0984497070312,0.580742981360798,0.9140458760395277,0.9995497464661435,18.23777198791504,141.28379821777344,178.6173858642578,197.02696228027344,36.01628875732422,33.817893981933594,38.75836944580078,143.5043182373047,107.8362808227539,8.903926849365234,9.189957618713379,42.02019223698653
caltech_tick_007,data/processed/caltech_tick_007.png,235.0,300.0,0.7833333333333333,70500.0,181.58792114257812,71.39871978759766,0.0,255.0,208.93701171875,0.12015602836879433,0.40051063829787237,255.0,0.3931909068904772,0.9999999960784314,26.436298370361328,234.82899475097656,36.876007080078125,6.972322836937253,6.972322836937253,0.6977021276595745,96.968505859375,153.215087890625,2226.400634765625,1132.2152099609375,2339.978271484375,2.171773069411829,0.7482217337062873,3.270113682895148,36.563849449157715,174.05665588378906,183.32569885253906,192.39285278320312,68.93017578125,72.36341857910156,76.32071685791016,134.09759521484375,122.6281967163086,6.717808723449707,7.8301262855529785,26.23134846888108
caltech_tick_008,data/processed/caltech_tick_008.png,251.0,300.0,0.8366666666666667,75300.0,218.78253173828125,63.830322265625,3.5879998207092285,255.0,255.0,0.014289508632138114,0.7418459495351926,251.41200017929077,0.29175236919842257,0.9722492899181586,105.2509994506836,255.0,48.293487548828125,4.182106970410368,4.182106970410368,0.3104780876494024,57.98248291015625,110.49636840820312,741.2176513671875,594.6290893554688,1207.5166015625,0.8731624882410165,0.8662715423372881,1.4378448553239231,23.051928520202637,224.95069885253906,217.1241455078125,211.14401245117188,55.532535552978516,66.76261138916016,75.59321594238281,123.68932342529297,132.39952087402344,9.199592590332031,10.996045112609863,33.35024933027752
caltech_tick_009,data/processed/caltech_tick_009.png,300.0,223.0,1.345291479820628,66900.0,214.27578735351562,60.4957389831543,0.0,255.0,236.04701232910156,0.06224215246636771,0.8182810164424514,255.0,0.2823265262398543,0.9999999960784314,141.90948486328125,245.8470001220703,17.60125732421875,6.065564030482565,6.065564030482565,0.5680269058295964,78.12741088867188,135.11778259277344,2329.000244140625,778.1744384765625,1888.0572509765625,1.9170490691060014,0.7890755666652637,3.132254521686142,6.654054760932922,210.01565551757812,215.2261962890625,220.55535888671875,59.95674133300781,60.43639373779297,62.528419494628906,131.54379272460938,124.9614028930664,2.7913076877593994,1.5798529386520386,9.295059707770918
caltech_tick_010,data/processed/caltech_tick_010.png,300.0,244.0,1.2295081967213115,73200.0,198.17730712890625,64.37911987304688,15.128000259399414,255.0,238.9290008544922,0.005423497267759563,0.6103688524590164,239.8719997406006,0.32485616280129753,0.887993834857037,85.12860107421875,247.08799743652344,86.9945068359375,6.556087964651742,6.556087964651742,0.4605601092896175,58.9525146484375,80.24034881591797,860.7001342773438,419.8438415527344,795.6480712890625,0.7845212165763367,0.8042764255734678,2.9031833431455865,8.695145606994629,205.36984252929688,200.15406799316406,169.13401794433594,58.42536544799805,65.34284210205078,78.38011169433594,111.60989379882812,133.13018798828125,12.422426223754883,6.121974945068359,37.90218313989424
caltech_trilobite_001,data/processed/caltech_trilobite_001.png,256.0,300.0,0.8533333333333334,76800.0,130.12123107910156,82.6726303100586,0.0,255.0,140.0,0.1910546875,0.17717447916666668,255.0,0.6353508108484659,0.9999999960784314,0.0,242.0,132.0,7.020232212173967,7.020232212173967,0.7319791666666666,144.76028442382812,161.9638214111328,8070.892578125,1770.136474609375,2364.16162109375,4.338943176260193,0.6396527138819272,15.785435151631956,0.0,130.12123107910156,130.12123107910156,130.12123107910156,82.6726303100586,82.6726303100586,82.6726303100586,128.0,128.0,0.0,8.635888093522226e-07,0.0
caltech_trilobite_002,data/processed/caltech_trilobite_002.png,237.0,300.0,0.79,71100.0,96.95928192138672,53.13680648803711,0.0,183.17599487304688,106.8489990234375,0.18330520393811534,0.0,183.17599487304688,0.5480321727535848,0.9999999945407694,0.0,151.052001953125,70.1500015258789,6.324890715880516,6.324890715880516,0.5406188466947961,51.48591613769531,70.29106140136719,1173.762451171875,294.11956787109375,797.26953125,0.7821925082463966,0.8267860592909893,3.3488793566426156,1.132336974143982,111.7723617553711,90.44115447998047,91.6700439453125,60.728309631347656,49.997554779052734,49.92526626586914,125.01509094238281,138.56568908691406,2.7836830615997314,5.939347267150879,20.807713863831808
caltech_trilobite_003,data/processed/caltech_trilobite_003.png,197.0,300.0,0.6566666666666666,59100.0,81.94649505615234,59.71123123168945,0.0,254.2449951171875,78.89799499511719,0.2431641285956007,0.018071065989847715,254.2449951171875,0.7286611887685036,0.9999999960667859,0.0,163.0659942626953,81.66999816894531,6.781001588152035,6.781001588152035,0.7477326565143824,128.1441192626953,129.56484985351562,7724.01611328125,1166.6094970703125,1248.6380615234375,3.952121277648797,0.5980914148641354,15.553511258171065,3.550752103328705,80.84514617919922,84.44358825683594,71.97734069824219,59.70413589477539,60.591766357421875,55.733612060546875,122.37406921386719,127.21443939208984,3.7074460983276367,2.2189242839813232,12.091235591562803
caltech_trilobite_004,data/processed/caltech_trilobite_004.png,223.0,300.0,0.7433333333333333,66900.0,107.7471923828125,77.84739685058594,0.0,255.0,100.06050109863281,0.20064275037369209,0.13869955156950672,255.0,0.7225004606292039,0.9999999960784314,0.0,246.00001525878906,95.34674453735352,6.808109459958134,6.808109459958134,0.6700149476831091,86.19613647460938,119.9515609741211,5139.30908203125,871.2832641601562,2313.237548828125,2.5720365482989775,0.6991322507075367,10.399484970779802,1.497060775756836,110.20655822753906,107.03789520263672,104.9489974975586,77.22057342529297,78.06914520263672,78.77861022949219,126.42088317871094,129.75418090820312,2.5832607746124268,2.779726982116699,9.250363252810748
caltech_trilobite_005,data/processed/caltech_trilobite_005.png,267.0,300.0,0.89,80100.0,117.69010162353516,68.70262145996094,0.0,251.9219970703125,129.0590057373047,0.1856179775280899,0.03886392009987515,251.9219970703125,0.5837587012709604,0.9999999960305174,0.0,200.8125,95.42425537109375,7.122820767934033,7.122820767934033,0.7909113607990013,138.43568420410156,133.126708984375,11672.9736328125,1154.150390625,1285.9549560546875,5.42882371367523,0.5635616902176432,19.64844606694624,15.202266216278076,133.76739501953125,114.4817123413086,92.04288482666016,75.48783874511719,68.2513198852539,58.74860382080078,113.5263900756836,139.46739196777344,8.12851619720459,10.47745418548584,38.73103140607371
caltech_trilobite_006,data/processed/caltech_trilobite_006.png,255.0,300.0,0.85,76500.0,96.77506256103516,80.31629943847656,0.0,255.0,94.0,0.3275294117647059,0.105359477124183,255.0,0.8299276330397014,0.9999999960784314,0.0,219.0,144.0,6.9140624704601645,6.9140624704601645,0.8028496732026144,238.6573028564453,200.35592651367188,53157.25,3637.63037109375,2609.27783203125,21.772583015641146,0.41744011604497167,44.356754547690755,0.0,96.77506256103516,96.77506256103516,96.77506256103516,80.31629943847656,80.31629943847656,80.31629943847656,128.0,128.0,0.0,6.223264108484727e-07,0.0
caltech_trilobite_007,data/processed/caltech_trilobite_007.png,300.0,294.0,1.0204081632653061,88200.0,102.61603546142578,62.35514450073242,0.0,234.80599975585938,111.84300231933594,0.1718480725623583,0.002052154195011338,234.80599975585938,0.607654969446927,0.999999995741165,0.0,178.0489959716797,93.13998794555664,6.805600567095438,6.805600567095438,0.5565419501133787,57.011322021484375,82.58958435058594,1691.7913818359375,411.3829040527344,1097.1566162109375,1.0252841411656832,0.8204548988705951,4.258886967816582,0.4665953665971756,102.5477294921875,103.33753204345703,99.08011627197266,62.374080657958984,62.64026641845703,61.63812255859375,126.00455474853516,127.95127868652344,4.839962959289551,1.59088134765625,11.313038298068
caltech_trilobite_008,data/processed/caltech_trilobite_008.png,235.0,300.0,0.7833333333333333,70500.0,96.68939208984375,69.1225814819336,0.0,250.9929962158203,109.03500366210938,0.32062411347517733,0.004382978723404255,250.9929962158203,0.714893115708203,0.9999999960158251,0.0,182.16200256347656,138.96100234985352,6.822101293626262,6.822101293626262,0.5806241134751773,75.20097351074219,96.95764923095703,2877.069580078125,564.3062744140625,1065.3060302734375,1.6261942882895712,0.7488491947140645,7.473662163854249,9.320362448692322,103.66281127929688,96.63038635253906,78.70329284667969,76.26334381103516,67.86145782470703,58.091636657714844,117.8498306274414,132.97390747070312,7.967529773712158,6.266239166259766,27.326658924013202
caltech_trilobite_009,data/processed/caltech_trilobite_009.png,228.0,300.0,0.76,68400.0,72.84801483154297,62.80601119995117,0.0,255.0,71.69499969482422,0.37087719298245614,0.00804093567251462,255.0,0.8621512951730439,0.9999999960784314,0.0,159.9510040283203,120.85399627685547,6.6111972036492475,6.6111972036492475,0.6721491228070176,117.58128356933594,118.4096450805664,5910.84423828125,873.904052734375,921.4596557617188,3.1300488037384584,0.6339479976607225,13.505366423490534,0.45462915301322937,74.3035659790039,72.17061614990234,72.51839447021484,63.86053466796875,62.39344024658203,62.28801345825195,127.81398010253906,129.03819274902344,1.3988239765167236,1.3442139625549316,4.655922124196291
caltech_trilobite_010,data/processed/caltech_trilobite_010.png,300.0,200.0,1.5,60000.0,88.15657806396484,64.9694595336914,0.0,199.78099060058594,101.75300598144531,0.34755,0.0,199.78099060058594,0.7369780023627134,0.9999999949945187,0.0,155.9119873046875,128.927001953125,5.940154092025199,5.940154092025199,0.36101666666666665,44.48707580566406,76.76809692382812,2116.97607421875,332.47955322265625,835.16845703125,1.073655582819337,0.8324803120689023,5.461326690722869,4.670215368270874,94.5287857055664,87.57506561279297,74.4377670288086,68.40223693847656,65.1029052734375,55.53671646118164,120.25801849365234,132.5450897216797,5.802145004272461,2.8968939781188965,18.36468260155459
caltech_umbrella_001,data/processed/caltech_umbrella_001.png,300.0,267.0,1.1235955056179776,80100.0,159.30519104003906,71.33366394042969,1.3680000305175781,254.70098876953125,180.91600036621094,0.1452059925093633,0.15450686641697878,253.33298873901367,0.4477799061470702,0.9893153752698772,16.08679962158203,233.16799926757812,59.985992431640625,7.151871606874748,7.151871606874748,0.18932584269662922,38.909812927246094,91.9662094116211,429.6412353515625,433.8268127441406,1180.2529296875,0.5777518895412221,0.9000216202257557,1.2084567488606757,13.705384969711304,166.51953125,153.0032958984375,172.83261108398438,70.98271179199219,75.50320434570312,67.03572845458984,135.6339874267578,133.14573669433594,6.794880390167236,17.28193473815918,45.00339955442194
caltech_umbrella_002,data/processed/caltech_umbrella_002.png,300.0,253.0,1.1857707509881423,75900.0,198.10855102539062,83.80506134033203,0.0,255.0,254.41299438476562,0.005480895915678525,0.6849802371541502,255.0,0.42302596472256854,0.9999999960784314,61.88600158691406,255.0,166.0,4.226942900320952,4.226942900320952,0.19092226613965743,40.45615005493164,113.89029693603516,825.6163330078125,687.56640625,1802.463134765625,0.8624786440192866,0.9184648052948473,1.2125778951326565,245.7623634338379,184.31321716308594,199.17942810058594,228.77699279785156,103.95226287841797,82.68122863769531,41.51121139526367,145.30726623535156,118.16024780273438,27.497596740722656,15.575515747070312,75.31215658381686
caltech_umbrella_003,data/processed/caltech_umbrella_003.png,241.0,300.0,0.8033333333333333,72300.0,136.12326049804688,69.29751586914062,3.0199999809265137,255.0,134.70599365234375,0.10211618257261411,0.18782849239280774,251.9800000190735,0.5090791618310947,0.9765909583021065,37.06679916381836,245.57089233398438,115.90798950195312,5.897727063301523,5.897727063301523,0.24590594744121716,65.46456146240234,155.20355224609375,2406.878662109375,1100.427001953125,2210.197509765625,1.950121381822922,0.8661656064435068,3.667195165559938,45.2830867767334,141.53961181640625,128.34861755371094,161.9499053955078,75.23876953125,74.4001693725586,52.619468688964844,142.57484436035156,131.8633270263672,21.055030822753906,18.32362937927246,66.09536490613837
caltech_umbrella_004,data/processed/caltech_umbrella_004.png,232.0,300.0,0.7733333333333333,69600.0,217.76795959472656,53.23495101928711,108.19600677490234,255.0,255.0,0.0,0.6816091954022988,146.80399322509766,0.24445722352315696,0.40420045948325023,138.79400634765625,255.0,115.91799926757812,2.981486798599742,2.981486798599742,0.07060344827586207,16.17610740661621,61.985435485839844,161.62242126464844,218.04815673828125,653.8297729492188,0.20561036997318854,0.9735567277210986,0.4795234110809492,0.0,252.94677734375,201.50408935546875,209.24539184570312,6.098837375640869,77.02960205078125,65.7592544555664,123.19041442871094,153.09188842773438,7.146592140197754,36.884334564208984,96.4791169401403
caltech_umbrella_005,data/processed/caltech_umbrella_005.png,300.0,266.0,1.1278195488721805,79800.0,237.63516235351562,40.78334045410156,0.0,255.0,254.0,0.011441102756892231,0.87968671679198,255.0,0.17162165682286096,0.9999999960784314,211.23001098632812,255.0,14.7969970703125,4.274071636650363,4.274071636650363,0.25068922305764413,56.13572692871094,154.57192993164062,5254.6611328125,819.7876586914062,2064.446533203125,3.0217469237870347,0.898775003902746,2.9244739978396277,24.443528175354004,244.23033142089844,241.2081756591797,201.93939208984375,35.059173583984375,42.07426452636719,93.69434356689453,107.85566711425781,132.7041015625,41.43986129760742,10.457545280456543,96.88615831798569
caltech_umbrella_006,data/processed/caltech_umbrella_006.png,300.0,248.0,1.2096774193548387,74400.0,222.20529174804688,61.89607620239258,0.0,255.0,255.0,0.022970430107526883,0.7589381720430107,255.0,0.2785535638549124,0.9999999960784314,103.18080139160156,255.0,34.25001525878906,3.678597253960315,3.678597253960315,0.09861559139784946,30.697641372680664,133.14002990722656,2169.32470703125,685.7880859375,2517.183837890625,1.416788587879236,0.9550432865911747,2.1211300237784028,111.66050267219543,223.7296142578125,223.72056579589844,210.40504455566406,75.33020782470703,76.30436706542969,88.45809173583984,121.34071350097656,129.0872344970703,34.967857360839844,42.60748291015625,118.57210774924623
caltech_umbrella_007,data/processed/caltech_umbrella_007.png,300.0,300.0,1.0,90000.0,227.63197326660156,53.40243911743164,13.230000495910645,255.0,255.0,0.00047777777777777776,0.7674,241.76999950408936,0.23459990315282747,0.9013533093082255,132.83120727539062,255.0,5.905242919921875,3.166776104918195,3.166776104918195,0.22344444444444445,40.71036148071289,97.95610809326172,1340.594970703125,392.96820068359375,968.6378784179688,0.9513377926421402,0.8917948308703044,2.3474268545579813,0.0,228.4215545654297,226.12022399902344,233.3453369140625,53.25202941894531,56.499332427978516,44.44686508178711,131.22422790527344,128.56317138671875,12.894449234008789,5.5758748054504395,30.046945451451407
caltech_umbrella_008,data/processed/caltech_umbrella_008.png,279.0,300.0,0.93,83700.0,209.0156707763672,44.693626403808594,0.8969999551773071,255.0,207.32699584960938,0.0038112305854241337,0.46249701314217445,254.1030000448227,0.21382906852854455,0.992989363284219,163.76199340820312,255.0,64.91798400878906,6.467207736525164,6.467207736525164,0.3249462365591398,44.199729919433594,75.98239135742188,743.7378540039062,248.76832580566406,596.11376953125,0.6370384061722465,0.8888814105314153,1.468048846332256,25.402057647705078,212.65611267089844,208.3321075439453,202.98724365234375,43.20928955078125,45.567543029785156,50.22241973876953,124.59795379638672,130.5966033935547,8.708271026611328,7.739161491394043,26.332166660482322
caltech_umbrella_009,data/processed/caltech_umbrella_009.png,300.0,194.0,1.5463917525773196,58200.0,204.45814514160156,72.8502197265625,3.8519997596740723,255.0,255.0,0.024604810996563573,0.6670446735395189,251.14800024032593,0.35630871697383304,0.9702378173754169,85.447998046875,255.0,111.88299560546875,4.406421097827677,4.406421097827677,0.2624398625429553,46.76530456542969,118.2157211303711,3228.4287109375,639.0562744140625,1665.8233642578125,1.756457805835939,0.8785222493787646,5.067551641107394,567.2138290405273,214.60867309570312,199.35137939453125,204.13064575195312,80.2271957397461,97.24816131591797,90.24984741210938,127.815185546875,135.2400360107422,42.357662200927734,48.3719596862793,138.27250328081846
caltech_umbrella_010,data/processed/caltech_umbrella_010.png,300.0,255.0,1.1764705882352942,76500.0,220.51107788085938,76.65348052978516,0.0,255.0,255.0,0.0988235294117647,0.8445359477124184,255.0,0.34761736652334146,0.9999999960784314,40.817501068115234,255.0,4.832000732421875,3.3326143350385817,3.3326143350385817,0.13230065359477125,39.827735900878906,156.0413055419922,2519.0390625,1171.1712646484375,3141.294677734375,1.8860949394900288,0.9425239171980149,2.0244686103858167,1175.7036247253418,224.11497497558594,217.36061096191406,227.28091430664062,77.04618835449219,86.28738403320312,68.57695770263672,131.82044982910156,130.57052612304688,36.06950759887695,19.37045669555664,85.04861053345822
caltech_watch_001,data/processed/caltech_watch_001.png,300.0,242.0,1.2396694214876034,72600.0,224.4523162841797,40.92159652709961,33.917999267578125,255.0,243.85400390625,4.132231404958678e-05,0.7084435261707989,221.08200073242188,0.18231754976843775,0.7652067386859569,158.6616973876953,255.0,48.94000244140625,5.4830077665589165,5.4830077665589165,0.27548209366391185,37.72809600830078,74.8777847290039,417.508056640625,204.02110290527344,469.59991455078125,0.47790939621446554,0.8970981202278383,0.944953191347083,0.0,226.3010711669922,224.64242553710938,218.62448120117188,39.86341857910156,40.546199798583984,46.898414611816406,124.7111587524414,129.31866455078125,5.266537666320801,3.0705487728118896,14.354405357734144
caltech_watch_002,data/processed/caltech_watch_002.png,300.0,225.0,1.3333333333333333,67500.0,150.50601196289062,73.48197937011719,0.29899999499320984,255.0,155.70001220703125,0.11274074074074074,0.24125925925925926,254.7010000050068,0.48823284813368356,0.9976576446141356,36.95600128173828,247.38600158691406,117.21275329589844,7.768852147894012,7.768852147894012,0.5752888888888888,79.4882583618164,113.3687515258789,3904.857177734375,728.7362670898438,1320.537353515625,2.231502768819345,0.7507090011284814,6.251586515841395,40.88577175140381,161.85377502441406,146.59873962402344,140.86203002929688,76.5186996459961,74.47582244873047,65.12541198730469,122.55757141113281,136.09396362304688,12.833745002746582,6.6266069412231445,34.99830185067004
caltech_watch_003,data/processed/caltech_watch_003.png,300.0,217.0,1.3824884792626728,65100.0,139.75331115722656,63.29978942871094,3.2890000343322754,255.0,152.05300903320312,0.08235023041474654,0.11302611367127496,251.71099996566772,0.45293945776037725,0.9745323995899067,41.167999267578125,219.2615966796875,98.01323699951172,7.604388124426496,7.604388124426496,0.7692780337941628,98.0838851928711,105.15565490722656,1891.1416015625,801.7404174804688,1071.1483154296875,1.5874798495316258,0.7272501181880053,3.681765956398871,15.977104663848877,153.78076171875,136.53094482421875,119.55440521240234,66.92523956298828,62.893348693847656,62.53264236450195,116.60106658935547,138.00531005859375,10.190752983093262,9.569695472717285,37.812048071821636
caltech_watch_004,data/processed/caltech_watch_004.png,300.0,238.0,1.2605042016806722,71400.0,32.73250961303711,64.96955108642578,0.0,255.0,2.183000087738037,0.8028851540616246,0.04015406162464986,255.0,1.9848630572367068,0.9999999960784314,0.0,149.74508666992188,11.754999801516533,4.5050243029108685,4.5050243029108685,0.1861764705882353,32.188804626464844,86.87416076660156,444.9063720703125,314.357666015625,947.7586669921875,0.5043178833138041,0.9286888005131102,0.8946777012562916,10.801762819290161,29.628067016601562,32.2156867980957,43.53606414794922,63.04058837890625,65.06878662109375,70.72408294677734,134.0968017578125,125.78571319580078,5.808802127838135,3.921950340270996,18.00614938098107
caltech_watch_005,data/processed/caltech_watch_005.png,300.0,247.0,1.214574898785425,74100.0,203.501220703125,66.75442504882812,1.3680000305175781,255.0,241.9510040283203,0.010823211875843454,0.6171390013495277,253.63199996948242,0.328029603410499,0.9893278371324139,88.18730163574219,255.0,94.0,5.92185877690801,5.92185877690801,0.47025641025641024,90.40772247314453,138.13589477539062,2073.784423828125,848.8910522460938,1298.705322265625,1.8612092823959931,0.787627470154862,2.982569926555791,4.556957244873047,202.7019500732422,203.62950134277344,204.93698120117188,67.7513198852539,66.61751556396484,65.10064697265625,128.8102569580078,127.4299087524414,2.5629258155822754,1.8197174072265625,6.949225309843819
caltech_watch_006,data/processed/caltech_watch_006.png,300.0,237.0,1.2658227848101267,71100.0,208.67701721191406,59.97483444213867,0.0,255.0,239.13101196289062,0.00980309423347398,0.6198593530239099,255.0,0.28740507678346017,0.9999999960784314,111.9635009765625,255.0,80.91799926757812,5.870911668976728,5.870911668976728,0.46528832630098454,83.40693664550781,131.8988037109375,2727.2177734375,713.7322387695312,1150.86376953125,2.07284067227357,0.7893547649040473,3.0822682275856947,4.430010557174683,209.59365844726562,208.78070068359375,205.73892211914062,59.409690856933594,59.9237060546875,61.907203674316406,126.3419418334961,128.65380859375,2.1384024620056152,1.3424571752548218,6.153079622850216
caltech_watch_007,data/processed/caltech_watch_007.png,295.0,300.0,0.9833333333333333,88500.0,19.53691291809082,53.1041259765625,0.0,255.0,0.0,0.9020338983050847,0.024508474576271186,255.0,2.7181430086247684,0.9999999960784314,0.0,31.13420295715332,7.111999988555908,3.422090873486379,3.422090873486379,0.12302824858757062,23.679401397705078,85.1122055053711,772.103759765625,305.9243469238281,1215.7745361328125,0.6022106870448801,0.9429285548368085,1.1587146185770043,24.212128400802612,17.515920639038086,18.85865592956543,28.33001136779785,52.10028076171875,52.89552307128906,58.50354766845703,132.96224975585938,126.5584945678711,7.177393436431885,2.8632142543792725,18.442990456819615
caltech_watch_008,data/processed/caltech_watch_008.png,300.0,226.0,1.3274336283185841,67800.0,167.84788513183594,103.79544067382812,0.0,255.0,255.0,0.1666961651917404,0.5711799410029499,255.0,0.6183899187881468,0.9999999960784314,13.044000625610352,255.0,196.90750122070312,4.400347150986155,4.400347150986155,0.3215929203539823,42.37050247192383,92.42789459228516,593.1334838867188,461.0006408691406,1215.5897216796875,0.6314026946590233,0.8890870716399528,1.4544493829622924,13.650920867919922,168.21417236328125,168.08807373046875,165.65045166015625,104.10967254638672,103.45671844482422,105.7286376953125,126.7599105834961,128.26126098632812,5.466209411621094,4.318918704986572,14.900692944482456
caltech_watch_009,data/processed/caltech_watch_009.png,300.0,233.0,1.2875536480686696,69900.0,168.5484161376953,92.78878784179688,0.2280000001192093,255.0,242.0,0.04758226037195994,0.519098712446352,254.7719999998808,0.5505171120414216,0.9982133582582963,48.955997467041016,255.0,188.0,5.009779015318536,5.009779015318536,0.4046638054363376,60.805606842041016,115.26659393310547,1295.1026611328125,635.4074096679688,1291.9486083984375,1.1661791005289694,0.8484733905534775,2.2535237743985217,10.82302474975586,166.87001037597656,169.45309448242188,168.29229736328125,95.0545425415039,91.67501831054688,92.8385009765625,127.85545349121094,126.80284881591797,1.2030959129333496,2.857686996459961,7.341953988030393
caltech_watch_010,data/processed/caltech_watch_010.png,300.0,300.0,1.0,90000.0,192.85829162597656,45.74091339111328,5.0829997062683105,254.41299438476562,199.17001342773438,0.006077777777777777,0.3606,249.32999467849731,0.23717369249878095,0.9608240566141675,141.22900390625,245.32701110839844,63.489990234375,7.208467445770072,7.208467445770072,0.2364,36.917232513427734,75.17437744140625,533.2984619140625,262.9991455078125,726.7041625976562,0.5499554069119289,0.909220836979862,0.8159510510390454,12.908368110656738,205.06471252441406,191.02163696289062,170.30035400390625,43.35070037841797,46.616722106933594,49.941795349121094,115.26979064941406,136.7064208984375,6.7784929275512695,4.40645694732666,25.618072554852528
caltech_water_lilly_001,data/processed/caltech_water_lilly_001.png,300.0,214.0,1.4018691588785046,64200.0,87.78031158447266,82.18417358398438,0.0,255.0,49.894500732421875,0.3915576323987539,0.14943925233644859,255.0,0.9362483587068227,0.9999999960784314,13.139999389648438,230.15771484375,134.9370002746582,7.233067457984642,7.233067457984642,0.2838317757009346,48.68109893798828,109.83859252929688,792.9163208007812,626.8726806640625,1493.331787109375,0.8878348921886126,0.8833786509289896,1.7779581584476545,8.000763654708862,85.45344543457031,88.13162231445312,92.07434844970703,83.9224624633789,82.71082305908203,77.28717041015625,130.4232635498047,126.34031677246094,9.918753623962402,3.7510008811950684,22.88492779725288
caltech_water_lilly_002,data/processed/caltech_water_lilly_002.png,300.0,237.0,1.2658227848101267,71100.0,56.44740676879883,57.358524322509766,0.0,242.00399780273438,32.22500228881836,0.5480450070323488,0.010632911392405063,242.00399780273438,1.0161409813085263,0.9999999958678368,6.738999843597412,152.6942901611328,72.51599884033203,7.060483812800677,7.060483812800677,0.20639943741209563,35.8322639465332,89.70616912841797,886.1334838867188,338.6007080078125,1037.6097412109375,0.7302480586196762,0.9049393146928989,1.782409128292932,24.94138765335083,45.175655364990234,64.55872344970703,44.24486541748047,69.28189849853516,59.78321075439453,42.81858825683594,121.11370086669922,119.9602279663086,30.370397567749023,13.715907096862793,73.07522272929158
caltech_water_lilly_003,data/processed/caltech_water_lilly_003.png,225.0,300.0,0.75,67500.0,104.68553161621094,61.86145782470703,0.0,254.41299438476562,113.885009765625,0.21631111111111112,0.0333037037037037,254.41299438476562,0.5909265232617975,0.9999999960693832,20.1393985748291,179.55189514160156,107.21475601196289,7.690706941801409,7.690706941801409,0.5517037037037037,72.63542175292969,93.5470199584961,920.7464599609375,562.3282470703125,888.8114624023438,0.9661438508653178,0.8065258671419293,2.2616019565783714,48.50950813293457,104.62065124511719,105.88780975341797,98.66502380371094,73.67617797851562,65.74983978271484,63.13330841064453,124.6024169921875,127.95372009277344,15.816924095153809,27.025480270385742,67.93690426765171
caltech_water_lilly_004,data/processed/caltech_water_lilly_004.png,300.0,202.0,1.4851485148514851,60600.0,92.45954132080078,47.897518157958984,4.440999984741211,255.0,96.16199493408203,0.1669141914191419,0.03334983498349835,250.5590000152588,0.5180375865562056,0.9657648523719472,29.79400062561035,143.06130981445312,52.89300537109375,7.10956040766567,7.10956040766567,0.6542904290429042,79.29615783691406,111.05597686767578,1230.8470458984375,794.8868408203125,1465.2769775390625,1.2655212763077333,0.7744665124041799,2.660710823321165,10.81284761428833,100.72801971435547,93.48638916015625,65.48554229736328,54.518375396728516,47.71038818359375,46.33357238769531,112.77765655517578,133.8976287841797,9.653197288513184,12.430639266967773,42.48629588194348
caltech_water_lilly_005,data/processed/caltech_water_lilly_005.png,300.0,225.0,1.3333333333333333,67500.0,122.30583190917969,32.192466735839844,0.29899999499320984,231.86900329589844,124.81900024414062,0.01691851851851852,0.0008,231.57000330090523,0.2632128490531185,0.9974242747539098,78.17190551757812,159.91831970214844,41.53325653076172,7.001127618129001,7.001127618129001,0.6619703703703703,62.85798645019531,63.49268341064453,932.2938232421875,269.2232971191406,408.2967224121094,0.8097994887057383,0.784823491836643,2.4964773397933855,159.2993984222412,144.2410430908203,110.01274108886719,128.07266235351562,54.656700134277344,44.850868225097656,37.82975769042969,131.25440979003906,143.64566040039062,7.252431392669678,36.76095962524414,90.3217199381202
caltech_water_lilly_006,data/processed/caltech_water_lilly_006.png,300.0,201.0,1.492537313432836,60300.0,61.16229248046875,40.36214828491211,0.2280000001192093,255.0,47.145999908447266,0.3262686567164179,0.009585406301824213,254.7719999998808,0.65991881579459,0.9982133582582963,31.145999908447266,103.28799438476562,30.783000946044922,6.520362442187129,6.520362442187129,0.46621890547263684,62.981300354003906,98.76136779785156,2069.644287109375,455.3741455078125,873.7288818359375,1.4051562014342995,0.8096847435168029,3.7950026748543557,0.384057879447937,59.17620086669922,61.676517486572266,63.7236328125,41.027950286865234,40.1910400390625,39.55944061279297,129.4454345703125,126.5833969116211,0.9051697850227356,0.8272649049758911,3.746116522620333
caltech_water_lilly_007,data/processed/caltech_water_lilly_007.png,289.0,300.0,0.9633333333333334,86700.0,102.13964080810547,77.37835693359375,0.0,255.0,74.00000762939453,0.1830334486735871,0.17025374855824682,255.0,0.7575741951295276,0.9999999960784314,18.309999465942383,240.77200317382812,109.73200225830078,7.513722894453266,7.513722894453266,0.7550749711649366,99.83922576904297,134.93051147460938,3332.4365234375,1015.1264038085938,1924.69189453125,2.4434197828706887,0.6970512596674386,5.57352159512022,24.75192356109619,105.88663482666016,105.82808685302734,73.31979370117188,82.06396484375,75.36325073242188,81.80032348632812,111.7359848022461,130.67259216308594,12.5958251953125,9.05870246887207,41.198262212475
caltech_water_lilly_008,data/processed/caltech_water_lilly_008.png,225.0,300.0,0.75,67500.0,92.80952453613281,76.71467590332031,0.0,254.70098876953125,68.0250015258789,0.29259259259259257,0.09096296296296297,254.70098876953125,0.8265819209845393,0.9999999960738276,7.0,212.78250122070312,142.07049369812012,7.2949688911339035,7.2949688911339035,0.399762962962963,57.01350784301758,98.99322509765625,701.4818115234375,520.8607177734375,1300.120849609375,0.8265817274512925,0.844888384080958,1.8099393819882685,10.907407760620117,89.5185775756836,98.10397338867188,74.17927551269531,79.65591430664062,76.57551574707031,78.84053802490234,117.48631286621094,125.65266418457031,14.461097717285156,10.102466583251953,42.16475515456261
caltech_water_lilly_010,data/processed/caltech_water_lilly_010.png,296.0,300.0,0.9866666666666667,88800.0,67.31062316894531,59.228851318359375,2.122999906539917,252.65200805664062,30.27450180053711,0.5154054054054054,0.007815315315315315,250.5290081501007,0.8799331762204253,0.9833343119862535,18.102001190185547,170.5989990234375,77.93000411987305,6.632696254772599,6.632696254772599,0.383963963963964,52.63041687011719,85.63509368896484,1108.99951171875,382.7264709472656,771.7802734375,0.8964038337697144,0.8407226592097813,2.5984657840575167,6.439848184585571,81.43340301513672,58.18110275268555,77.2783203125,70.61518096923828,54.83230972290039,66.18235778808594,133.62510681152344,138.07330322265625,18.868488311767578,9.96351146697998,50.30156174564005
caltech_wheelchair_001,data/processed/caltech_wheelchair_001.png,300.0,291.0,1.0309278350515463,87300.0,106.69804382324219,55.80002975463867,0.8689999580383301,255.0,104.19099426269531,0.1211454753722795,0.04069873997709049,254.13100004196167,0.5229714363283597,0.9932074580759328,34.845298767089844,191.01699829101562,75.00300598144531,7.725912371260525,7.725912371260525,0.7109392898052692,89.77629089355469,110.7115249633789,1994.6270751953125,681.76513671875,1203.3858642578125,1.6579412048535591,0.7224426977351726,4.065431244804714,31.23722743988037,105.94223022460938,109.09407806396484,96.3428955078125,56.54644775390625,58.45928192138672,48.31059265136719,122.15624237060547,127.46089172363281,10.613186836242676,9.534719467163086,32.65554041635726
caltech_wheelchair_002,data/processed/caltech_wheelchair_002.png,300.0,268.0,1.1194029850746268,80400.0,177.873779296875,93.37548828125,0.0,255.0,246.0489959716797,0.14564676616915423,0.5726368159203981,255.0,0.5249536391783229,0.9999999960784314,29.03000259399414,255.0,178.63549041748047,6.028617143364336,6.028617143364336,0.45657960199004977,100.34407043457031,168.02999877929688,2117.613525390625,1487.5216064453125,2367.03125,2.214104118030468,0.804751419398134,2.7266701763004084,8.934873342514038,172.89503479003906,179.3831024169922,183.1604766845703,96.6308364868164,92.84774017333984,88.63336944580078,130.98345947265625,124.4488296508789,3.8605849742889404,5.45765495300293,16.77390312042813
caltech_wheelchair_003,data/processed/caltech_wheelchair_003.png,300.0,296.0,1.0135135135135136,88800.0,204.9445037841797,79.05996704101562,0.0,255.0,254.05999755859375,0.07759009009009009,0.6892004504504504,255.0,0.38576280502993276,0.9999999960784314,58.0,255.0,86.84599304199219,4.82005222462335,4.82005222462335,0.43524774774774777,138.068115234375,234.90023803710938,9957.31640625,2197.130126953125,3168.83154296875,6.411593947810973,0.7727899629400672,8.741578333238689,14.567049503326416,207.330322265625,204.35069274902344,201.7447509765625,77.67466735839844,80.07963562011719,82.63915252685547,126.19425964355469,129.7017059326172,5.312151908874512,10.427308082580566,26.110151571037743
caltech_wheelchair_004,data/processed/caltech_wheelchair_004.png,300.0,289.0,1.0380622837370241,86700.0,180.88059997558594,90.96603393554688,0.0,255.0,248.843017578125,0.12056516724336794,0.5758131487889273,255.0,0.5029065220090952,0.9999999960784314,32.07099914550781,255.0,160.16300201416016,5.543222477308075,5.543222477308075,0.4716262975778547,122.92245483398438,205.95045471191406,5728.51806640625,2023.2032470703125,2979.270263671875,4.21842736098199,0.7759024388591267,6.1455411320384,4.543212890625,179.5205535888672,181.0997314453125,183.31935119628906,92.78233337402344,90.67092895507812,88.71747589111328,129.37628173828125,127.02992248535156,5.360256671905518,4.293708324432373,14.951456459060399
caltech_wheelchair_005,data/processed/caltech_wheelchair_005.png,272.0,300.0,0.9066666666666666,81600.0,129.0318603515625,55.90306091308594,0.2280000001192093,255.0,125.18299865722656,0.018651960784313724,0.08938725490196078,254.7719999998808,0.4332500541147079,0.9982133582582963,59.71200180053711,210.27499389648438,75.22774505615234,7.633887304226531,7.633887304226531,0.7216911764705882,94.1099853515625,103.93448638916016,1421.7374267578125,692.127197265625,976.1289672851562,1.4157431202312218,0.7553951677834996,2.2533770923023284,26.36026620864868,135.45326232910156,127.8081283569336,118.4909439086914,55.56700897216797,55.53253936767578,62.13848876953125,122.05139923095703,132.58016967773438,8.846314430236816,5.172817707061768,25.16204998467903
caltech_wheelchair_006,data/processed/caltech_wheelchair_006.png,292.0,300.0,0.9733333333333334,87600.0,125.17459106445312,85.8688735961914,0.0,255.0,141.97900390625,0.28557077625570776,0.1921689497716895,255.0,0.6859928375239044,0.9999999960784314,2.8499999046325684,241.12399291992188,172.17599868774414,7.2630494081578405,7.2630494081578405,0.4268150684931507,91.00159454345703,162.4714813232422,5349.93408203125,1331.6212158203125,2257.5,3.259732111636378,0.7862168867334574,6.883714658120502,20.875351428985596,112.75657653808594,124.18389129638672,162.84580993652344,83.53266143798828,86.45352172851562,98.74627685546875,149.2591552734375,119.14266204833984,21.9974422454834,7.404404640197754,59.79116642399071
caltech_wheelchair_007,data/processed/caltech_wheelchair_007.png,298.0,300.0,0.9933333333333333,89400.0,109.78812408447266,64.70611572265625,0.0,254.77198791503906,92.1405029296875,0.11907158836689039,0.054642058165548096,254.77198791503906,0.5893726272570041,0.9999999960749217,34.268898010253906,208.2689971923828,110.79749298095703,7.724296862096038,7.724296862096038,0.6066666666666667,100.82283020019531,148.0438232421875,2824.12158203125,1099.2017822265625,1727.548095703125,2.3537147245035572,0.7535065820667723,4.11973994880779,9.295209169387817,117.22883605957031,107.78997802734375,100.56127166748047,64.07221984863281,65.86229705810547,62.140743255615234,122.79297637939453,133.3072052001953,5.748566627502441,4.607607364654541,19.533636341386813
caltech_wheelchair_008,data/processed/caltech_wheelchair_008.png,300.0,288.0,1.0416666666666667,86400.0,62.317684173583984,53.34114074707031,0.0,255.0,36.0,0.5471296296296296,0.017604166666666667,255.0,0.8559551048549094,0.9999999960784314,23.0,153.0,51.0,6.614153806992176,6.614153806992176,0.4404513888888889,61.44132995605469,100.0401840209961,762.5776977539062,517.5821533203125,1100.736572265625,0.8793885954536803,0.8468073189703287,1.544834523317078,0.0,62.317684173583984,62.317684173583984,62.317684173583984,53.34114074707031,53.34114074707031,53.34114074707031,128.0,128.0,0.0,3.670694184165768e-07,0.0
caltech_wheelchair_009,data/processed/caltech_wheelchair_009.png,300.0,199.0,1.5075376884422111,59700.0,89.00128936767578,54.155540466308594,0.0,255.0,86.07150268554688,0.22855946398659965,0.013249581239530989,255.0,0.6084803966614989,0.9999999960784314,19.77199935913086,173.88809204101562,69.91225814819336,7.4998577027746265,7.4998577027746265,0.6374706867671692,93.47610473632812,134.092041015625,2802.958251953125,853.6718139648438,1433.0843505859375,2.1904014414889463,0.7486912104333638,4.096687236312945,9.833407878875732,88.11051940917969,89.63214111328125,88.08927917480469,51.39387130737305,55.317684173583984,58.97938537597656,127.4853286743164,127.36463928222656,7.283254623413086,6.561905384063721,20.5151055514008
caltech_wheelchair_010,data/processed/caltech_wheelchair_010.png,225.0,300.0,0.75,67500.0,118.1685791015625,51.66250991821289,0.0,255.0,122.65900421142578,0.12906666666666666,0.004666666666666667,255.0,0.4371932866910176,0.9999999960784314,29.029401779174805,179.7840118408203,71.91326141357422,7.478282421046114,7.478282421046114,0.6053037037037037,78.47891235351562,95.92776489257812,3833.94482421875,559.1409912109375,851.6919555664062,2.138039040518658,0.7166081584968897,6.808957904321272,11.635719299316406,126.60842895507812,116.03451538085938,107.0210189819336,56.200740814208984,51.699310302734375,48.20943832397461,121.70906066894531,134.01986694335938,12.9576997756958,8.745478630065918,36.85472369833545
caltech_wild_cat_001,data/processed/caltech_wild_cat_001.png,300.0,235.0,1.2765957446808511,70500.0,150.98672485351562,73.92414093017578,0.2280000001192093,255.0,151.75900268554688,0.09346099290780142,0.2604822695035461,254.7719999998808,0.4896068877067746,0.9982133582582963,42.104000091552734,251.20619201660156,127.99799346923828,7.696795779224915,7.696795779224915,0.7329078014184397,97.69618225097656,104.98723602294922,1329.1337890625,719.9610595703125,958.87255859375,1.374829468335481,0.756488346397732,2.127643715085915,13.298087120056152,160.79248046875,147.93634033203125,140.97494506835938,72.63896179199219,75.1467514038086,73.26882934570312,122.35001373291016,134.99412536621094,6.167291641235352,5.9144182205200195,23.058326726554284
caltech_wild_cat_002,data/processed/caltech_wild_cat_002.png,300.0,263.0,1.1406844106463878,78900.0,94.02894592285156,70.49386596679688,0.0,255.0,82.99250030517578,0.3367934093789607,0.04926489226869455,255.0,0.7497038760269787,0.9999999960784314,10.3100004196167,190.83200073242188,130.11275100708008,7.744188436288116,7.744188436288116,0.7671736375158429,119.26207733154297,131.60275268554688,2348.912353515625,1028.6429443359375,1435.5748291015625,2.1694075178629433,0.6839126610758702,4.113596549136637,13.854798555374146,92.45906066894531,98.08727264404297,77.2496337890625,66.50189971923828,74.17747497558594,69.74544525146484,118.5308609008789,126.88024139404297,12.011767387390137,9.101000785827637,36.38908912732294
caltech_wild_cat_003,data/processed/caltech_wild_cat_003.png,300.0,222.0,1.3513513513513513,66600.0,61.72629165649414,40.369327545166016,15.898000717163086,218.9820098876953,43.15299987792969,0.4652852852852853,3.003003003003003e-05,203.08400917053223,0.6540053809779359,0.8646287429182481,27.288002014160156,124.1646957397461,53.35599899291992,6.567918871243054,6.567918871243054,0.5672072072072072,71.39028930664062,79.24615478515625,399.6307373046875,416.412353515625,569.120849609375,0.6916632282489051,0.789487478204395,1.3982019997877513,3.2513729333877563,68.2206039428711,59.58100509643555,55.73930740356445,45.290489196777344,38.82472229003906,36.314476013183594,124.62135314941406,132.63217163085938,3.406334638595581,4.457911491394043,15.184450080906666
caltech_wild_cat_004,data/processed/caltech_wild_cat_004.png,300.0,256.0,1.171875,76800.0,108.59563446044922,65.10148620605469,0.0,255.0,97.15199279785156,0.14854166666666666,0.095,255.0,0.5994852917432837,0.9999999960784314,30.38949966430664,211.8585968017578,92.93250274658203,7.849715546705285,7.849715546705285,0.94265625,207.76187133789062,157.9243621826172,9147.1953125,2232.273681640625,1617.0833740234375,6.031805523108073,0.49034520527326864,12.89017771743914,54.39146423339844,119.96382904052734,108.25641632080078,80.52568054199219,64.36006164550781,66.9668960571289,65.05647277832031,112.15916442871094,136.10853576660156,8.742958068847656,9.94612979888916,38.06518558184962
caltech_wild_cat_005,data/processed/caltech_wild_cat_005.png,300.0,300.0,1.0,90000.0,145.22604370117188,70.88201904296875,0.0,255.0,140.70001220703125,0.07725555555555555,0.2529,255.0,0.4880806276093312,0.9999999960784314,54.70399856567383,240.13999938964844,127.36499786376953,7.64802267340885,7.64802267340885,0.84,196.4361572265625,177.3441619873047,9343.8759765625,2055.357666015625,1816.09619140625,6.442207357859525,0.5606747681491302,9.950734289296646,17.23674774169922,151.6001739501953,143.47500610351562,137.5242156982422,67.75949096679688,71.6624984741211,76.48889923095703,123.65361022949219,132.54644775390625,5.98749303817749,4.969592571258545,19.689092531270287
caltech_wild_cat_006,data/processed/caltech_wild_cat_006.png,300.0,191.0,1.5706806282722514,57300.0,88.49613952636719,74.43746185302734,0.0,253.17599487304688,80.33250427246094,0.4273821989528796,0.017923211169284466,253.17599487304688,0.8411379457937932,0.9999999960501785,6.7820000648498535,188.77000427246094,148.29150009155273,7.303742705192415,7.303742705192415,0.7170331588132636,138.62353515625,157.43186950683594,4552.95263671875,1426.4454345703125,1722.3541259765625,3.4372917875112923,0.6523126261253911,7.314380610982752,16.99476718902588,93.42345428466797,89.49864196777344,70.41080474853516,82.67208099365234,73.1395263671875,61.30355453491211,117.7938232421875,131.5144805908203,9.778926849365234,7.520249366760254,31.413077130622707
caltech_wild_cat_007,data/processed/caltech_wild_cat_007.png,300.0,178.0,1.6853932584269662,53400.0,135.6566925048828,57.2868766784668,0.5870000123977661,254.77198791503906,132.21200561523438,0.03788389513108614,0.09202247191011236,254.1849879026413,0.4222930339696421,0.9954025467060056,61.10380554199219,212.97300720214844,93.34925842285156,7.789319030735573,7.789319030735573,0.9374157303370787,172.74656677246094,136.66656494140625,9350.9091796875,1359.2423095703125,1231.266845703125,5.50092518450061,0.4868428313423279,13.640492811484599,25.674869537353516,149.92677307128906,134.40658569335938,104.6659164428711,67.59022521972656,54.82729721069336,50.28171920776367,110.51084899902344,138.17835998535156,10.448599815368652,11.613677978515625,44.32126157284961
caltech_wild_cat_008,data/processed/caltech_wild_cat_008.png,300.0,148.0,2.027027027027027,44400.0,70.11643981933594,66.93689727783203,0.0,254.41299438476562,52.12099838256836,0.4273198198198198,0.035405405405405405,254.41299438476562,0.9546533807998554,0.9999999960693832,0.0,177.98509216308594,106.93500137329102,7.10310432571124,7.10310432571124,0.6620945945945946,130.761474609375,160.04945373535156,4328.33349609375,1490.6676025390625,1893.0245361328125,3.17419117124086,0.6801754274456301,7.910693899012323,18.315807342529297,79.22452545166016,67.74042510986328,58.46207046508789,71.90554809570312,66.27130889892578,60.25164031982422,121.42304229736328,134.49649047851562,8.040215492248535,6.973446369171143,27.34989334414426
caltech_wild_cat_009,data/processed/caltech_wild_cat_009.png,300.0,223.0,1.345291479820628,66900.0,115.62482452392578,73.5419921875,0.0,255.0,121.72050476074219,0.2116591928251121,0.12940209267563527,255.0,0.6360398111241452,0.9999999960784314,7.900000095367432,231.0,103.70699691772461,7.710869774447495,7.710869774447495,0.832152466367713,128.33599853515625,131.6050567626953,3307.54833984375,980.9630737304688,1231.8638916015625,2.6470739663730494,0.6715110377857031,4.480094207021145,5.4537353515625,113.68917846679688,117.25337982177734,112.31605529785156,73.91027069091797,73.70333099365234,72.81221008300781,126.13275146484375,126.61936950683594,5.618364334106445,2.866189956665039,14.06335061948005
caltech_wild_cat_010,data/processed/caltech_wild_cat_010.png,300.0,225.0,1.3333333333333333,67500.0,119.9881591796875,60.911075592041016,0.0,252.30899047851562,117.31199645996094,0.09357037037037037,0.07155555555555555,252.30899047851562,0.5076423832220115,0.9999999960366058,41.86899948120117,208.0330047607422,102.64949798583984,7.81723753219943,7.81723753219943,0.7868444444444445,106.6750259399414,98.83696746826172,1090.2757568359375,807.9669799804688,947.7781982421875,1.316826898192386,0.7057367191084798,2.3771444271992617,36.815025329589844,127.74517059326172,117.9111557006836,110.33780670166016,62.8282585144043,61.43537902832031,60.94208908081055,122.5539779663086,133.53282165527344,7.582691669464111,10.449722290039062,31.61836757507258
caltech_windsor_chair_001,data/processed/caltech_windsor_chair_001.png,193.0,300.0,0.6433333333333333,57900.0,153.8175506591797,67.01483917236328,0.5870000123977661,254.10299682617188,177.17300415039062,0.10949913644214163,0.15117443868739205,253.5159968137741,0.43567745325222057,0.9953904706319106,38.036800384521484,220.20599365234375,106.98574829101562,7.461298482544341,7.461298482544341,0.5617789291882556,94.46039581298828,142.41542053222656,1516.82861328125,1042.776611328125,1595.49609375,1.7572106860050194,0.7919202416232721,1.9945446929129051,7.100811004638672,149.85409545898438,156.01272583007812,152.9095001220703,65.41252136230469,67.59184265136719,69.09590911865234,127.4875717163086,125.17300415039062,3.090749502182007,3.810410261154175,11.992879243981818
caltech_windsor_chair_002,data/processed/caltech_windsor_chair_002.png,180.0,300.0,0.6,54000.0,116.02095031738281,46.85372543334961,0.0,246.89500427246094,119.92900085449219,0.06248148148148148,0.002203703703703704,246.89500427246094,0.40383848693998564,0.9999999959496954,50.317298889160156,173.78330993652344,77.00251007080078,7.497980996134386,7.497980996134386,0.9033518518518519,155.8658447265625,127.6164779663086,7151.57275390625,1251.860107421875,1085.3289794921875,4.465455833535744,0.5159754625002184,10.59361525984961,28.36343765258789,114.95038604736328,121.6945571899414,89.61477661132812,41.99766159057617,51.687286376953125,45.30257797241211,113.09809112548828,127.23638916015625,10.100260734558105,9.254388809204102,37.084334882483056
caltech_windsor_chair_003,data/processed/caltech_windsor_chair_003.png,245.0,300.0,0.8166666666666667,73500.0,194.93392944335938,58.76128387451172,11.91300106048584,254.41299438476562,221.8249969482422,0.013551020408163266,0.625687074829932,242.49999332427979,0.3014420513702492,0.9105381996538607,76.21070098876953,233.0439910888672,21.373992919921875,6.318666310475361,6.318666310475361,0.28829931972789113,77.79899597167969,168.885498046875,1722.9697265625,1157.114990234375,2043.3792724609375,1.9740726215372395,0.8494015785602012,1.7692063916970595,2.779355049133301,201.5729217529297,190.54518127441406,200.11932373046875,58.62992477416992,58.546634674072266,60.74367141723633,130.92628479003906,132.73536682128906,2.3352153301239014,2.6144204139709473,10.760827125472924
caltech_windsor_chair_004,data/processed/caltech_windsor_chair_004.png,191.0,300.0,0.6366666666666667,57300.0,72.56260681152344,64.18022918701172,0.0,253.74598693847656,45.816001892089844,0.4620767888307155,0.011448516579406631,253.74598693847656,0.8844807418404202,0.999999996059051,7.940000057220459,178.78419494628906,103.16925430297852,7.455744139030408,7.455744139030408,0.8735776614310645,133.82716369628906,122.07217407226562,2473.0341796875,1147.90869140625,1319.2791748046875,2.26087931711381,0.6328906954549667,4.815411886267388,33.330711364746094,78.0501937866211,71.75131225585938,62.347190856933594,71.17952728271484,62.68550491333008,58.7389030456543,122.23509979248047,131.9141082763672,9.051612854003906,9.590921401977539,31.29703497236175
caltech_windsor_chair_005,data/processed/caltech_windsor_chair_005.png,225.0,300.0,0.75,67500.0,142.9353790283203,48.18293380737305,17.852001190185547,246.6439971923828,131.04200744628906,0.002533333333333333,0.09051851851851851,228.79199600219727,0.33709592263179616,0.8650111779999794,78.72970581054688,213.80099487304688,74.65400695800781,7.38539236725752,7.38539236725752,0.6083259259259259,65.22813415527344,79.14385986328125,856.9824829101562,344.6912536621094,603.900634765625,0.86348468107979,0.7841139182610423,2.3220741813917187,37.3997483253479,162.14358520507812,140.39747619628906,105.6239242553711,45.94466781616211,50.95881271362305,50.133304595947266,106.9438705444336,141.7005615234375,8.38400936126709,11.338855743408203,44.411415114932154
caltech_windsor_chair_006,data/processed/caltech_windsor_chair_006.png,189.0,300.0,0.63,56700.0,168.1148223876953,48.265254974365234,17.070999145507812,254.70098876953125,181.36801147460938,0.001675485008818342,0.08063492063492063,237.62998962402344,0.28709696148006586,0.874372633370656,71.95099639892578,213.1230010986328,41.64100646972656,7.046105632197335,7.046105632197335,0.34543209876543207,76.95823669433594,141.33482360839844,2334.986328125,845.8857421875,1352.2939453125,1.93202389564901,0.8277303007279526,3.0500762521380085,0.0,168.0257110595703,166.66058349609375,175.83653259277344,46.70554733276367,48.269447326660156,52.57182693481445,132.35763549804688,127.93645477294922,3.0890748500823975,1.665686845779419,9.616208235289587
caltech_windsor_chair_007,data/processed/caltech_windsor_chair_007.png,192.0,300.0,0.64,57600.0,146.0087432861328,40.8153190612793,3.167999744415283,254.41299438476562,155.906005859375,0.0029340277777777776,0.0010243055555555556,251.24499464035034,0.27954023754422314,0.9754019100452153,67.02200317382812,187.8350067138672,40.60700988769531,6.909477670124747,6.909477670124747,0.3284548611111111,65.15571594238281,119.56887817382812,1787.6488037109375,602.672119140625,955.6412353515625,1.4710898621495738,0.8408186895136536,2.485469467654553,2.56077778339386,146.38125610351562,144.31524658203125,153.7519073486328,40.15401840209961,40.353538513183594,45.198944091796875,132.36973571777344,128.2657012939453,3.211901903152466,1.0841121673583984,9.335213199601238
caltech_windsor_chair_008,data/processed/caltech_windsor_chair_008.png,220.0,300.0,0.7333333333333333,66000.0,214.23927307128906,59.37602615356445,2.3919999599456787,254.77198791503906,241.10400390625,0.003969696969696969,0.7875757575757576,252.37998795509338,0.27714818588214046,0.9813970807467254,83.91590118408203,249.0389862060547,19.656997680664062,5.965897979653796,5.965897979653796,0.2893636363636364,92.61390686035156,188.77291870117188,3687.2119140625,1448.1353759765625,2228.59765625,3.110848682453804,0.8326176931352613,3.297383028164209,19.80517315864563,226.9520263671875,209.642578125,204.56503295898438,54.24626159667969,61.39187240600586,63.48801803588867,122.54049682617188,137.06759643554688,3.418269634246826,5.37310791015625,19.911288693862
caltech_windsor_chair_009,data/processed/caltech_windsor_chair_009.png,204.0,300.0,0.68,61200.0,206.39205932617188,58.83888626098633,1.1959999799728394,253.0449981689453,233.1179962158203,0.010620915032679739,0.7491013071895425,251.84899818897247,0.2850830897661482,0.9905916002220216,84.99699401855469,243.16000366210938,25.30450439453125,6.215053863645508,6.215053863645508,0.3348529411764706,93.1258316040039,177.01702880859375,3937.625732421875,1441.63037109375,2152.299560546875,3.047202948299607,0.8064793951233877,4.368336383652372,4.936123847961426,222.63088989257812,201.14576721191406,190.8145751953125,58.79277420043945,59.1306266784668,58.28736877441406,119.20909118652344,139.58261108398438,2.2766096591949463,3.493781328201294,17.72060002368829
caltech_windsor_chair_010,data/processed/caltech_windsor_chair_010.png,185.0,300.0,0.6166666666666667,55500.0,100.17325592041016,26.493431091308594,32.09400177001953,253.40399169921875,96.33000183105469,3.603603603603604e-05,0.006252252252252252,221.30998992919922,0.2644760877881629,0.7751717847988064,73.07389831542969,128.85301208496094,25.63599395751953,6.500312777276944,6.500312777276944,0.5231351351351351,62.604549407958984,79.35738372802734,934.5023193359375,289.69891357421875,474.037109375,0.875046947030643,0.8081303723444129,2.2007270775119037,0.0,127.72698974609375,92.82542419433594,65.74002075195312,39.037452697753906,25.11264991760254,21.93161392211914,108.56815338134766,147.6531524658203,9.384199142456055,14.087615966796875,52.20282719202173
caltech_wrench_001,data/processed/caltech_wrench_001.png,300.0,183.0,1.639344262295082,54900.0,230.05726623535156,57.05471420288086,0.0,255.0,255.0,0.02034608378870674,0.8417304189435337,255.0,0.24800222522209284,0.9999999960784314,137.9434051513672,255.0,5.326995849609375,3.348113606225423,3.348113606225423,0.19850637522768672,41.70197296142578,121.12335968017578,1158.7471923828125,548.501220703125,1596.61572265625,1.0463899832645376,0.9258257829133627,1.2264467973699658,28.59323787689209,227.8410186767578,230.51466369628906,233.51492309570312,62.43125534057617,56.05686950683594,48.69977569580078,129.95126342773438,126.41922760009766,5.752753257751465,4.548888683319092,16.39613127138445
caltech_wrench_002,data/processed/caltech_wrench_002.png,300.0,151.0,1.9867549668874172,45300.0,232.0017852783203,65.61783599853516,0.0,255.0,255.0,0.06483443708609271,0.8889403973509934,255.0,0.28283332232544495,0.9999999960784314,175.0,255.0,0.0,2.2335327744368736,2.2335327744368736,0.20916114790286977,116.48249816894531,273.72943115234375,8571.1142578125,2337.225830078125,4117.27880859375,6.308422709005494,0.895871132853368,5.432777972881233,0.0,232.0017852783203,232.0017852783203,232.0017852783203,65.61783599853516,65.61783599853516,65.61783599853516,128.0,128.0,0.0,4.102764705748996e-07,0.0
caltech_wrench_003,data/processed/caltech_wrench_003.png,287.0,300.0,0.9566666666666667,86100.0,244.37704467773438,36.21588897705078,0.0,255.0,255.0,0.006980255516840883,0.9124157955865273,255.0,0.14819677059526085,0.9999999960784314,246.00001525878906,255.0,0.0,1.400505643716878,1.400505643716878,0.08993031358885017,21.743858337402344,91.1273193359375,2464.421142578125,308.9808044433594,1054.503662109375,1.2095831457337287,0.9475717104438703,2.7717234725909163,0.0,244.37704467773438,244.37704467773438,244.37704467773438,36.21588897705078,36.21588897705078,36.21588897705078,128.0,128.0,0.0,2.1597975319309626e-07,0.0
caltech_wrench_004,data/processed/caltech_wrench_004.png,300.0,167.0,1.7964071856287425,50100.0,213.44317626953125,92.9389877319336,0.0,255.0,255.0,0.1627944111776447,0.8364870259481038,255.0,0.43542730632505683,0.9999999960784314,2.0,255.0,0.0,1.6657493328277708,1.6657493328277708,0.09720558882235529,57.1928825378418,217.62623596191406,5051.5029296875,2225.23193359375,4531.05712890625,3.3947462708463063,0.9699489719797209,2.914603225017268,0.0,213.44317626953125,213.44317626953125,213.44317626953125,92.9389877319336,92.9389877319336,92.9389877319336,128.0,128.0,0.0,2.550734450323944e-07,0.0
caltech_wrench_005,data/processed/caltech_wrench_005.png,272.0,300.0,0.9066666666666666,81600.0,249.1239013671875,31.556236267089844,32.0,255.0,255.0,7.352941176470588e-05,0.9662132352941176,223.0,0.12666884215942728,0.7770034816132283,255.0,255.0,0.0,0.8440578215527945,0.8440578215527945,0.03672794117647059,9.795472145080566,64.18121337890625,148.2205352783203,226.5608367919922,1139.831298828125,0.20425090181946484,0.985574806884414,0.16998354709453767,0.0,249.26739501953125,249.07150268554688,249.0172119140625,31.075801849365234,31.782716751098633,31.72217559814453,127.93980407714844,128.1023712158203,0.5889469385147095,0.7959582209587097,2.13037485140167
caltech_wrench_006,data/processed/caltech_wrench_006.png,300.0,300.0,1.0,90000.0,243.8013153076172,47.801361083984375,0.0,255.0,255.0,0.034855555555555556,0.9488666666666666,255.0,0.19606687038420595,0.9999999960784314,251.0,255.0,0.0,1.3567813861294902,1.3567813861294902,0.10378888888888889,53.874053955078125,196.14002990722656,2777.396240234375,1365.404052734375,3554.89501953125,2.373846153846154,0.9569222797798818,2.4648530184887782,0.0,243.8013153076172,243.8013153076172,243.8013153076172,47.801361083984375,47.801361083984375,47.801361083984375,128.0,128.0,0.0,3.062335736103705e-07,0.0
caltech_wrench_007,data/processed/caltech_wrench_007.png,300.0,300.0,1.0,90000.0,193.68310546875,103.66455841064453,0.0,255.0,255.0,0.22232222222222223,0.7356555555555555,255.0,0.5352276731856859,0.9999999960784314,3.0,255.0,87.0,3.0115535361003873,3.0115535361003873,0.2342,75.97036743164062,201.40853881835938,11348.14453125,2014.118408203125,3817.74072265625,5.27589186176143,0.8889504441996454,10.5228906437193,0.0,193.68310546875,193.68310546875,193.68310546875,103.66455841064453,103.66455841064453,103.66455841064453,128.0,128.0,0.0,3.2567973562436237e-07,0.0
caltech_wrench_008,data/processed/caltech_wrench_008.png,300.0,300.0,1.0,90000.0,236.1970672607422,48.31608200073242,41.12900161743164,255.0,254.0,0.0,0.8774555555555555,213.87099838256836,0.2045583476395881,0.722222397982638,147.87890625,254.0,0.0,2.1219692049590178,2.1219692049590178,0.11217777777777778,16.876827239990234,53.39674758911133,246.49172973632812,169.82798767089844,611.5104370117188,0.230546265328874,0.9640673234562671,0.3683387226284436,0.0,237.35000610351562,236.21902465820312,233.05990600585938,45.270599365234375,48.39045333862305,56.0339241027832,126.22959899902344,128.82235717773438,4.552742958068848,2.3537120819091797,11.416254992084813
caltech_wrench_009,data/processed/caltech_wrench_009.png,300.0,164.0,1.829268292682927,49200.0,215.12046813964844,90.85453796386719,0.0,255.0,255.0,0.15329268292682927,0.838739837398374,255.0,0.4223425986714807,0.9999999960784314,2.0,255.0,0.0,1.5960900196002032,1.5960900196002032,0.08776422764227643,36.337730407714844,157.89480590820312,4089.75439453125,958.89111328125,2828.738525390625,2.3430413430239714,0.9652691082777711,3.139801662960351,0.0,215.12046813964844,215.12046813964844,215.12046813964844,90.85453796386719,90.85453796386719,90.85453796386719,128.0,128.0,0.0,2.480328475940041e-07,0.0
caltech_wrench_010,data/processed/caltech_wrench_010.png,300.0,300.0,1.0,90000.0,245.3088836669922,31.71499252319336,0.0,255.0,255.0,0.0015888888888888888,0.9076777777777778,255.0,0.1292859513272281,0.9999999960784314,248.0,255.0,0.0,1.346714343469284,1.346714343469284,0.07392222222222222,15.248562812805176,69.29399108886719,258.2100524902344,165.4545440673828,735.5160522460938,0.28128205128205125,0.9709267094781503,0.34788250464020615,0.0,245.3088836669922,245.3088836669922,245.3088836669922,31.71499252319336,31.71499252319336,31.71499252319336,128.0,128.0,0.0,1.9367912784673535e-07,0.0
edge_01_smooth_gradient,data/processed/edge_01_smooth_gradient.png,768.0,512.0,1.5,393216.0,100.64129638671875,44.056976318359375,24.923999786376953,177.3560028076172,100.63999938964844,0.10416666666666667,0.0,152.43200302124023,0.43776240432462277,0.7535693114144579,39.56500244140625,161.7150115966797,75.71599578857422,7.2528698978832775,7.2528698978832775,0.0,1.5878334045410156,1.3068857192993164,0.17116445302963257,0.2115383744239807,0.03045928291976452,0.006518904823989564,0.9967405475880049,7.531449401898813e-07,0.12758854776620865,99.50130462646484,99.50130462646484,109.50130462646484,46.24617004394531,41.618553161621094,50.87546157836914,133.0,127.18688201904297,3.8518590927124023,1.5725107192993164,11.361424261855948
edge_02_dark_noisy,data/processed/edge_02_dark_noisy.png,768.0,512.0,1.5,393216.0,15.173713684082031,7.264734268188477,0.0,51.569000244140625,14.744999885559082,0.99932861328125,0.0,51.569000244140625,0.4787709812291079,0.9999999806085056,5.918000221252441,24.923999786376953,10.348000526428223,4.871239342474673,4.871239342474673,0.4958597819010417,31.62445640563965,16.38506507873535,1054.2230224609375,51.950862884521484,8.766552925109863,0.5539498874340774,0.7432131690647987,7.2885973659241605,48.128509521484375,15.122431755065918,15.20610523223877,15.141413688659668,10.838281631469727,10.872764587402344,10.829025268554688,127.98177337646484,127.96341705322266,6.742303371429443,7.1366963386535645,20.311396060003215
edge_03_dense_texture,data/processed/edge_03_dense_texture.png,768.0,512.0,1.5,393216.0,123.3788070678711,22.929147720336914,76.13500213623047,170.0430145263672,123.39099884033203,0.0,0.0,93.90801239013672,0.18584348543652257,0.3814638418237794,91.25199890136719,155.18600463867188,38.52000427246094,6.403968196934164,6.403968196934164,0.8253224690755209,56.170623779296875,25.89686393737793,21.5519962310791,205.892822265625,104.87484741210938,0.2946817033360378,0.8527110958547973,0.12287587331646006,0.0,127.50067901611328,120.01953125,129.865234375,30.004077911376953,35.288848876953125,35.27530288696289,131.6605224609375,130.94000244140625,21.757102966308594,21.25067138671875,65.55689723482107
edge_04_sharp_ui_graphics,data/processed/edge_04_sharp_ui_graphics.png,768.0,512.0,1.5,393216.0,167.2954864501953,106.7864761352539,14.645000457763672,255.0,245.0,0.3377583821614583,0.6307576497395834,240.35499954223633,0.6383105591359406,0.8913756911599371,14.645000457763672,255.0,215.13999938964844,2.0242287975622912,2.0242287975622912,0.048787434895833336,18.222700119018555,88.39190673828125,768.4993286132812,342.5096130371094,1340.6552734375,0.6492076981201699,0.9875255422533828,0.5733107722886585,10.317283511161804,162.71368408203125,168.0462188720703,175.44708251953125,112.11479949951172,106.45928192138672,99.0418701171875,132.6002197265625,124.73194122314453,10.298943519592285,11.22590160369873,34.71994763464461
edge_05_clean_flat_poster,data/processed/edge_05_clean_flat_poster.png,768.0,512.0,1.5,393216.0,123.43999481201172,10.962409973144531,110.47000122070312,137.27999877929688,122.56999206542969,0.0,0.0,26.80999755859375,0.08880760162888632,0.108213915036851,110.47000122070312,137.27999877929688,26.80999755859375,1.584962500721156,1.584962500721156,0.005208333333333333,0.43250003457069397,6.2271952629089355,2.4353129863739014,1.7462298274040222e-10,8.231806208902626e-11,0.003259452411994785,0.9991525423728813,8.322043538009737e-09,0.0,113.33333587646484,126.66666412353516,133.3333282470703,82.59674072265625,41.09609603881836,65.99662780761719,133.5831298828125,120.79125213623047,41.105838775634766,59.482032775878906,156.19293564223048
edge_06_mixed_hdr,data/processed/edge_06_mixed_hdr.png,768.0,512.0,1.5,393216.0,119.48403930664062,100.11064910888672,8.020999908447266,248.427001953125,110.59949493408203,0.5,0.3735148111979167,240.40600204467773,0.8378579168562215,0.9374454055485321,17.25,225.09799194335938,199.96399688720703,5.133505218187541,5.133505218187541,0.22033182779947916,22.347360610961914,42.343631744384766,624.8117065429688,25.590652465820312,19.360595703125,0.4387108231839556,0.8436554248386836,4.68733691213892,6.600172758102417,119.50682830810547,119.4719009399414,119.4867935180664,100.29080963134766,100.25968933105469,100.2789535522461,128.00155639648438,128.01625061035156,4.745811939239502,5.017751693725586,14.27939511490609
kodim01,data/processed/kodim01.png,768.0,512.0,1.5,393216.0,109.7187728881836,40.02591323852539,0.0,255.0,110.947998046875,0.02724456787109375,0.0019200642903645833,255.0,0.36480459833899104,0.9999999960784314,56.58900451660156,158.5800018310547,66.7757568359375,7.140892136681373,7.140892136681373,0.7346165974934896,103.57953643798828,110.90120697021484,2310.185791015625,630.9887084960938,758.2368774414062,1.8732469878768785,0.6939185803212851,5.057661200300202,14.961384296417236,119.76126098632812,108.7463150024414,88.38654327392578,34.532630920410156,44.72975158691406,40.11371994018555,115.96150970458984,135.16297912597656,4.378360271453857,11.316627502441406,34.11430856840448
kodim02,data/processed/kodim02.png,768.0,512.0,1.5,393216.0,79.35755157470703,20.58031463623047,0.0,254.885986328125,78.53399658203125,0.02768707275390625,0.00363922119140625,254.885986328125,0.2593365592626638,0.9999999960766772,60.78099822998047,94.90699768066406,8.392013549804688,5.5418842139290305,5.5418842139290305,0.35370127360026044,37.59083938598633,54.092308044433594,527.0811157226562,127.68782806396484,379.8154296875,0.5350378709354638,0.8364970865019798,2.309150397976089,30.012968063354492,142.85633850097656,56.36399841308594,31.209157943725586,27.807361602783203,21.658567428588867,20.996553421020508,100.82820892333984,173.29156494140625,5.700970649719238,12.498414993286133,62.00773604105704
kodim03,data/processed/kodim03.png,768.0,512.0,1.5,393216.0,101.91857147216797,39.449058532714844,0.0,255.0,99.06400299072266,0.028076171875,0.011080423990885416,255.0,0.3870644729005367,0.9999999960784314,55.814002990722656,150.5970001220703,58.56200408935547,7.081568888488013,7.081568888488013,0.267333984375,34.18544387817383,59.638484954833984,437.8128356933594,162.4344024658203,406.74176025390625,0.4424487103342928,0.8811582336173316,1.7942297420266988,45.883771896362305,111.68379974365234,101.9713134765625,76.03466033935547,44.03227996826172,44.630592346191406,42.509517669677734,113.39282989501953,134.9652099609375,21.078956604003906,16.79667091369629,64.56368547221257
kodim04,data/processed/kodim04.png,512.0,768.0,0.6666666666666666,393216.0,97.75397491455078,37.8941764831543,0.0,255.0,93.53700256347656,0.021336873372395832,0.00469970703125,255.0,0.3876484422104586,0.9999999960784314,53.821998596191406,149.08799743652344,55.909996032714844,7.125739315435023,7.125739315435023,0.42603810628255206,44.62031936645508,60.75360870361328,488.0427551269531,196.52210998535156,485.52032470703125,0.5234097664824529,0.8424661060539229,2.414278192755751,41.657084465026855,131.8947296142578,84.12621307373047,78.38040924072266,34.38801956176758,43.7589225769043,45.30344009399414,117.06683349609375,152.35145568847656,7.03471565246582,17.577245712280273,56.92423656016005
kodim05,data/processed/kodim05.png,768.0,512.0,1.5,393216.0,82.61604309082031,48.45227813720703,0.0,255.0,77.22799682617188,0.19765218098958334,0.023348490397135418,255.0,0.5864754076574177,0.9999999960784314,28.051498413085938,146.66600036621094,57.56900405883789,7.378167534144422,7.378167534144422,0.7166264851888021,107.95052337646484,125.06810760498047,2432.01171875,857.666015625,1167.1878662109375,2.071949478514192,0.7075652539690506,4.726967766432317,40.43144226074219,91.50338745117188,81.02163696289062,67.51603698730469,49.0693473815918,51.40192794799805,44.71554946899414,119.47855377197266,134.33905029296875,10.936199188232422,11.166868209838867,38.61446178484322
kodim06,data/processed/kodim06.png,768.0,512.0,1.5,393216.0,133.99444580078125,60.14194869995117,0.0,255.0,119.31999206542969,0.015096028645833334,0.1478551228841146,255.0,0.4488391133803354,0.9999999960784314,69.78299713134766,234.77999877929688,96.07600402832031,7.461569319871691,7.461569319871691,0.5822881062825521,76.30960845947266,95.97454833984375,1684.4833984375,450.8466491699219,794.8373413085938,1.347632953247269,0.7617265268973183,3.574766900379455,28.83791446685791,133.1675567626953,139.31224060058594,108.78121948242188,65.64826965332031,60.20859909057617,48.54093933105469,113.77132415771484,127.41019439697266,8.092184066772461,7.729396820068359,31.34345033790261
kodim07,data/processed/kodim07.png,768.0,512.0,1.5,393216.0,109.87335205078125,37.0590705871582,0.0,255.0,119.3010025024414,0.042004903157552086,0.0028839111328125,255.0,0.3372889746072485,0.9999999960784314,55.16899871826172,150.81900024414062,50.370994567871094,7.028972311166731,7.028972311166731,0.40411376953125,53.64998245239258,79.1199951171875,502.6672058105469,335.0948181152344,545.4901123046875,0.6168425718504078,0.8542838473712473,1.8387504228468923,20.762428283691406,117.55901336669922,110.71675872802734,85.3725357055664,41.07687759399414,37.60929870605469,39.254695892333984,114.1733627319336,133.48191833496094,8.965423583984375,11.50653076171875,39.132105711513326
kodim08,data/processed/kodim08.png,768.0,512.0,1.5,393216.0,122.55733489990234,63.27834701538086,0.0,255.0,107.01699829101562,0.05312347412109375,0.1527684529622396,255.0,0.5163162739361674,0.9999999960784314,51.25199890136719,227.843017578125,85.84474182128906,7.62819610595883,7.62819610595883,0.7333323160807291,136.816650390625,157.29336547851562,3783.947998046875,1315.7071533203125,1608.4605712890625,3.1559196362659465,0.6837169159671872,4.8518297140413384,11.39603567123413,127.96210479736328,121.0785903930664,115.99591827392578,63.738494873046875,65.29474639892578,57.38633346557617,124.29715728759766,131.85504150390625,9.013696670532227,8.769670486450195,29.060017050195224
kodim09,data/processed/kodim09.png,512.0,768.0,0.6666666666666666,393216.0,131.8693389892578,38.146549224853516,0.0,255.0,136.86399841308594,0.01171875,0.011217753092447916,255.0,0.2892753480677234,0.9999999960784314,76.84700012207031,177.49600219726562,40.906982421875,7.057008412912561,7.057008412912561,0.3010203043619792,45.03367614746094,82.48403930664062,567.9859008789062,293.7469787597656,744.7802734375,0.6546761561009804,0.8554425903462828,2.2495134961798637,49.84530258178711,129.2366485595703,134.35203552246094,125.9906234741211,40.63416290283203,39.565406799316406,33.28191375732422,124.68244171142578,126.1221923828125,11.20411491394043,7.223268032073975,29.198569035069795
kodim10,data/processed/kodim10.png,512.0,768.0,0.6666666666666666,393216.0,121.2986068725586,39.42408752441406,0.0,255.0,117.58899688720703,0.033589680989583336,0.0191802978515625,255.0,0.3250168177184248,0.9999999960784314,78.6189956665039,169.55599975585938,45.85198211669922,7.1362821572108945,7.1362821572108945,0.3535054524739583,45.267120361328125,75.55933380126953,622.1296997070312,257.6958923339844,684.6915893554688,0.6363689581860941,0.8566171036112673,2.236253885390566,19.444421768188477,115.64749908447266,124.76583862304688,118.26708221435547,40.365806579589844,40.914520263671875,33.89103317260742,126.28921508789062,123.9692611694336,6.543704509735107,6.3426971435546875,21.47081625389703
kodim11,data/processed/kodim11.png,768.0,512.0,1.5,393216.0,93.00067138671875,41.68145751953125,0.0,255.0,105.75,0.1579411824544271,0.0035858154296875,255.0,0.4481844749058363,0.9999999960784314,23.90399932861328,129.00599670410156,61.54899978637695,6.856493558544921,6.856493558544921,0.5287653605143229,62.787200927734375,87.1852035522461,1241.0284423828125,366.990234375,684.0169677734375,1.0289932929803336,0.8020458318414773,3.181017429042781,5.566627502441406,93.02737426757812,95.0618896484375,82.31717681884766,39.834224700927734,45.232872009277344,43.027286529541016,121.970947265625,128.01904296875,6.429826259613037,12.884892463684082,33.864477079924825
kodim12,data/processed/kodim12.png,768.0,512.0,1.5,393216.0,162.0531005859375,45.809200286865234,0.0,255.0,168.05999755859375,0.00278472900390625,0.08535512288411458,255.0,0.2826801822276287,0.9999999960784314,79.69149780273438,211.38499450683594,33.32499694824219,6.946419231694977,6.946419231694977,0.34463755289713544,40.55358123779297,71.94575500488281,486.2135314941406,256.6510925292969,723.7507934570312,0.5450702931715853,0.8643381109545717,1.9251891348843069,12.071842193603516,161.5734405517578,166.99635314941406,137.85777282714844,40.380645751953125,50.122840881347656,46.17000198364258,114.34574127197266,127.6578598022461,6.760449409484863,10.412980079650879,34.03241752790234
kodim13,data/processed/kodim13.png,768.0,512.0,1.5,393216.0,107.81314086914062,52.84754943847656,0.0,255.0,97.6989974975586,0.04726409912109375,0.06394449869791667,255.0,0.4901772504007058,0.9999999960784314,50.43299865722656,186.14801025390625,57.420005798339844,7.440168904744349,7.440168904744349,0.8436915079752604,122.73926544189453,121.18795776367188,4629.85009765625,877.161865234375,1109.3199462890625,2.998995929059812,0.618689455532123,8.767320475387221,11.255027294158936,112.23714447021484,110.51654815673828,82.28960418701172,52.00946044921875,53.58624267578125,54.738887786865234,113.5962142944336,131.15548706054688,7.457608222961426,5.206254482269287,27.164343872245837
kodim14,data/processed/kodim14.png,768.0,512.0,1.5,393216.0,94.79239654541016,47.800193786621094,0.0,255.0,92.30699920654297,0.13405354817708334,0.004597981770833333,255.0,0.5042618925607666,0.9999999960784314,33.957000732421875,162.83200073242188,74.04700088500977,7.428872558161663,7.428872558161663,0.6694590250651041,76.17518615722656,87.69282531738281,1330.8065185546875,427.293701171875,673.1454467773438,1.1450159154777002,0.7621913453814275,3.731731401288539,22.545520305633545,105.7633285522461,94.28564453125,68.62712097167969,54.35646057128906,50.9240837097168,41.05202865600586,113.23404693603516,135.82518005371094,19.80786895751953,14.981976509094238,60.41475285046145
kodim15,data/processed/kodim15.png,768.0,512.0,1.5,393216.0,108.67868041992188,82.18067169189453,0.0,255.0,74.18900299072266,0.19742584228515625,0.22292073567708334,255.0,0.7561802426950499,0.9999999960784314,25.114999771118164,241.114990234375,159.06501007080078,7.420290169730837,7.420290169730837,0.3471883138020833,42.99773025512695,81.34729766845703,738.3405151367188,349.560546875,1053.6993408203125,0.6900979857599345,0.8594182492373907,2.4171051487805926,14.969483852386475,119.2734146118164,105.77202606201172,95.85746002197266,71.03462219238281,91.80706787109375,82.34489440917969,120.7645492553711,135.55686950683594,8.458539962768555,23.160676956176758,58.69998066429913
kodim16,data/processed/kodim16.png,768.0,512.0,1.5,393216.0,140.27378845214844,65.59031677246094,15.531000137329102,223.8800048828125,169.5659942626953,0.0034077962239583335,0.125,208.3490047454834,0.4675878296909898,0.8702565859814942,63.552001953125,216.92298889160156,129.98699951171875,6.70877127505368,6.70877127505368,0.42785898844401044,35.87790298461914,52.39012145996094,2403.041015625,170.7136688232422,406.5372619628906,1.0670486182980834,0.7766031562753858,7.641240747167827,147.92127990722656,118.66594696044922,149.9226837158203,147.2636260986328,63.207427978515625,62.622154235839844,98.76226806640625,131.94459533691406,112.58785247802734,21.167152404785156,12.605809211730957,59.8110594619838
kodim17,data/processed/kodim17.png,768.0,512.0,1.5,393216.0,140.23992919921875,65.62394714355469,13.174999237060547,223.8800048828125,169.5659942626953,0.00353240966796875,0.125,210.70500564575195,0.46794052913697376,0.8888443656323707,63.50299835205078,216.92298889160156,129.99600219726562,6.709023744080278,6.709023744080278,0.4267476399739583,35.87431716918945,52.41144943237305,2405.52294921875,170.51502990722656,405.2623596191406,1.0688921821167474,0.776292784799899,7.683667010218151,135.8848876953125,118.6728286743164,149.86181640625,147.2619171142578,63.22454833984375,62.67618179321289,98.76494598388672,131.96275329589844,112.61691284179688,21.145063400268555,12.647133827209473,59.80574785930471
kodim18,data/processed/kodim18.png,768.0,512.0,1.5,393216.0,140.2432861328125,65.61579895019531,13.871999740600586,223.8800048828125,169.5659942626953,0.0034001668294270835,0.125,210.0080051422119,0.46787122786173835,0.883306976071755,63.4890022277832,216.92298889160156,130.01200103759766,6.7068847945028836,6.7068847945028836,0.4267832438151042,35.808624267578125,52.38400650024414,2397.2939453125,170.6127471923828,409.3813171386719,1.0625241738069509,0.7769788810137017,7.681509497912451,141.93045043945312,118.68001556396484,149.8660430908203,147.2508087158203,63.21403121948242,62.66337966918945,98.77403259277344,131.95458984375,112.6196517944336,21.152456283569336,12.640104293823242,59.806860673731
kodim20,data/processed/kodim20.png,768.0,512.0,1.5,393216.0,140.2131805419922,65.64710998535156,14.636999130249023,223.8800048828125,169.5659942626953,0.0034281412760416665,0.125,209.24300575256348,0.46819499610092674,0.8772666156071557,63.42500305175781,216.92298889160156,130.0842514038086,6.707701221033156,6.707701221033156,0.42700449625651044,35.791534423828125,52.3809928894043,2401.570068359375,170.9065399169922,410.1515197753906,1.0672352705520916,0.7769070522052446,7.669564312061316,135.43558883666992,118.63150024414062,149.84230041503906,147.23626708984375,63.25417709350586,62.68754577636719,98.78962707519531,131.96336364746094,112.60650634765625,21.14124870300293,12.625030517578125,59.780304367171695
stress_06_mixed_hdr,data/processed/stress_06_mixed_hdr.png,768.0,512.0,1.5,393216.0,119.50507354736328,100.12875366210938,7.536999702453613,249.06199645996094,110.6155014038086,0.5,0.37482961018880206,241.52499675750732,0.8378619405188981,0.9412546402300781,17.2450008392334,225.12899780273438,199.99799728393555,5.133910675328813,5.133910675328813,0.2213770548502604,22.3872127532959,42.29240417480469,621.4048461914062,25.51860237121582,19.273597717285156,0.4368400814815264,0.8439196380456907,4.6888993039498885,6.59984564781189,119.48470306396484,119.5138168334961,119.51351928710938,100.26580047607422,100.29850769042969,100.30113983154297,128.00477600097656,127.9854736328125,4.7555060386657715,5.004748344421387,14.270595357568322
