image_id,file_path,split,raw_bytes,lossless_codec,lossless_bytes,lossless_cr,lossy_codec,lossy_quality,lossy_bytes,lossy_cr,size_saving_ratio,psnr,ssim,dark_ssim,banding_score,quality_passed,saving_passed,dark_passed,label,is_lossy_binary
caltech_airplanes_001,data/processed/caltech_airplanes_001.png,train,195816,png,79572,2.460865631126527,jpeg,85,15086,12.97998143974546,0.8104106972301814,44.71211694329356,0.9932801953969527,0.9928712250355315,0.2218975468975469,True,True,True,LOSSY,1
caltech_helicopter_002,data/processed/caltech_helicopter_002.png,train,176400,png,150892,1.1690480608647245,jpeg,85,33917,5.200931686175075,0.7752233385467752,36.03265300364748,0.990277601133049,0.9919813524648105,0.0,True,True,True,LOSSY,1
caltech_dollar_bill_009,data/processed/caltech_dollar_bill_009.png,train,181800,png,137414,1.3230093003624084,jpeg,85,29074,6.253009561807801,0.788420393846333,38.084762004781176,0.9928274441964057,0.9969138159148231,0.11951093507835371,True,True,True,LOSSY,1
caltech_lamp_006,data/processed/caltech_lamp_006.png,train,194400,png,102116,1.9037173410631048,jpeg,85,20040,9.70059880239521,0.8037525950879392,42.81410936414923,0.9902597380114603,0.9866594551253338,0.0027444253859348197,True,True,True,LOSSY,1
caltech_octopus_010,data/processed/caltech_octopus_010.png,train,169200,png,65374,2.5881849053140393,jpeg,85,18133,9.331053879666905,0.722626732340074,38.65162817944246,0.9932777066954731,0.9961930252413576,0.858228060603517,True,True,True,LOSSY,1
caltech_bass_002,data/processed/caltech_bass_002.png,train,270000,png,119060,2.267764152528137,jpeg,85,23813,11.338344601688153,0.7999916008735092,41.4687483250395,0.9930875209975728,0.9986675776564028,0.30912651782217,True,True,True,LOSSY,1
caltech_metronome_007,data/processed/caltech_metronome_007.png,train,217800,png,39965,5.449768547479044,jpeg,85,23182,9.39522042964369,0.419942449643438,38.19441942733649,0.9928524966181992,0.9841051411167536,0.8235391569829361,True,True,True,LOSSY,1
caltech_laptop_007,data/processed/caltech_laptop_007.png,train,233100,png,79448,2.9339945624811197,jpeg,85,16460,14.161603888213852,0.7928204611821569,43.311884781719876,0.9929954502284656,0.9960988942000211,0.6849215041986126,True,True,True,LOSSY,1
caltech_accordion_006,data/processed/caltech_accordion_006.png,train,243000,png,134584,1.805563811448612,jpeg,85,31390,7.741318891366677,0.766762765261844,37.742414707980124,0.9899126514379812,0.9880493666157797,0.6105534529098787,True,True,True,LOSSY,1
caltech_ferry_007,data/processed/caltech_ferry_007.png,train,135900,png,60614,2.242056290625928,jpeg,85,11923,11.398138052503565,0.8032962681888672,43.17430874316766,0.9916540243281671,0.9899751123060586,0.1516909001797092,True,True,True,LOSSY,1
caltech_watch_009,data/processed/caltech_watch_009.png,train,209700,png,68638,3.055158949852851,jpeg,85,14092,14.880783423218848,0.7946909874996357,45.14579189464544,0.9964913489502915,0.9931488283271749,0.8387376954255935,True,True,True,LOSSY,1
caltech_sea_horse_002,data/processed/caltech_sea_horse_002.png,train,180000,png,89696,2.0067784516589366,jpeg,85,16565,10.866284334440085,0.8153206386014984,43.18584868152547,0.9890313693570646,0.9893015585902503,0.10959343794579172,True,True,True,LOSSY,1
caltech_crayfish_006,data/processed/caltech_crayfish_006.png,train,180000,png,116524,1.5447461467165562,jpeg,85,33808,5.324183625177473,0.7098623459544815,35.209668619502104,0.9922132120215835,0.9953052269658156,0.001122334455667789,True,True,True,LOSSY,1
caltech_schooner_008,data/processed/caltech_schooner_008.png,train,231300,png,105964,2.1828168057075987,jpeg,85,21443,10.78673693046682,0.7976388207315692,42.027922002828895,0.9927956883651573,0.9911849409234054,0.13692833993518186,True,True,True,LOSSY,1
caltech_Faces_006,data/processed/caltech_Faces_006.png,train,521721,png,286650,1.8200627943485086,jpeg,85,52051,10.023265643311367,0.8184161869876155,43.011519871480566,0.9910085957810163,0.9904262534445004,0.017296654428874295,True,True,True,LOSSY,1
caltech_dalmatian_004,data/processed/caltech_dalmatian_004.png,train,219600,png,63353,3.466292046154089,jpeg,85,15059,14.582641609668636,0.7623001278550345,44.534280019573046,0.9965130153180208,0.9973644202504571,0.7587800778485492,True,True,True,LOSSY,1
caltech_hedgehog_001,data/processed/caltech_hedgehog_001.png,train,202500,png,148951,1.3595074890400198,jpeg,85,29975,6.755629691409508,0.7987593235359279,38.11902822363727,0.9918574137686043,0.9903914652825869,0.034971036258313666,True,True,True,LOSSY,1
caltech_ant_010,data/processed/caltech_ant_010.png,train,159300,png,69760,2.2835435779816513,jpeg,85,12530,12.713487629688746,0.8203841743119266,44.63454718148049,0.9915404179473771,0.9888283059332,0.04197659297789337,True,True,True,LOSSY,1
caltech_stapler_006,data/processed/caltech_stapler_006.png,train,176400,png,52529,3.358145024653049,jpeg,85,10614,16.619559072922556,0.7979401854213862,44.40155839500976,0.9941287598243638,0.9899044741282526,0.6368482290229185,True,True,True,LOSSY,1
caltech_cellphone_004,data/processed/caltech_cellphone_004.png,train,202500,png,99019,2.0450620587967965,jpeg,85,18568,10.905859543300302,0.8124804330482028,42.600800590780814,0.9919120180550722,0.9908197568014564,0.4033352176370831,True,True,True,LOSSY,1
caltech_binocular_001,data/processed/caltech_binocular_001.png,train,244800,png,130439,1.8767393187620267,jpeg,85,25010,9.788084766093563,0.8082628661673272,42.69384525632917,0.9915626871156394,0.9891473823422964,0.00491183879093199,True,True,True,LOSSY,1
caltech_ibis_004,data/processed/caltech_ibis_004.png,train,238500,png,166523,1.432234586213316,jpeg,85,34427,6.927702094286461,0.7932597899389273,40.110554438457164,0.9931918294105454,0.9924613256911469,0.04317364135580382,True,True,True,LOSSY,1
caltech_trilobite_006,data/processed/caltech_trilobite_006.png,train,229500,png,157724,1.4550734193908346,jpeg,85,43491,5.276953852521212,0.7242588318835435,34.4374370094754,0.9946226787958019,0.9922175631700424,0.8935501610495719,True,True,True,LOSSY,1
caltech_soccer_ball_002,data/processed/caltech_soccer_ball_002.png,train,269100,png,49700,5.414486921529175,jpeg,85,13130,20.495049504950494,0.7358148893360161,45.56693022486676,0.9968913292611442,0.9970846590589476,0.7177084493373849,True,True,True,LOSSY,1
caltech_dragonfly_002,data/processed/caltech_dragonfly_002.png,train,265500,png,68513,3.875176973713018,jpeg,85,13277,19.99698727122091,0.8062119597740575,46.082728807909035,0.9960975668691047,0.9959091622904844,0.7325142092945504,True,True,True,LOSSY,1
caltech_flamingo_007,data/processed/caltech_flamingo_007.png,train,190800,png,36379,5.244784078726738,jpeg,85,8791,21.70401547036742,0.7583495972951428,44.81822882273464,0.9939463491674202,0.9948217891478656,0.860794670661043,True,True,True,LOSSY,1
caltech_flamingo_006,data/processed/caltech_flamingo_006.png,train,249300,png,47170,5.2851388594445625,jpeg,85,11243,22.17379702926265,0.7616493534025864,44.67137198209666,0.994353029526836,0.9951583466508767,0.8552081939675036,True,True,True,LOSSY,1
caltech_stop_sign_007,data/processed/caltech_stop_sign_007.png,train,176400,png,61090,2.8875429693894255,jpeg,85,11376,15.50632911392405,0.8137829431985595,45.20002312057169,0.9908646448600423,0.9850008419321492,0.0641247417231272,True,True,True,LOSSY,1
caltech_saxophone_007,data/processed/caltech_saxophone_007.png,train,198900,png,124106,1.6026622403429327,jpeg,85,23105,8.60852629301017,0.8138285014423154,42.03944349066455,0.9912081071402311,0.9907113723362972,0.011766628534074196,True,True,True,LOSSY,1
caltech_sea_horse_001,data/processed/caltech_sea_horse_001.png,train,217800,png,98075,2.220749426459342,jpeg,85,16848,12.927350427350428,0.8282131022176905,44.64493031016857,0.9888039875140572,0.9898997386828551,0.36492432667665975,True,True,True,LOSSY,1
caltech_wrench_009,data/processed/caltech_wrench_009.png,train,147600,png,13710,10.76586433260394,jpeg,85,6059,24.36045552071299,0.5580598103574034,43.708874883954266,0.9951664088874881,0.978580672382854,0.9207387638459177,True,True,True,LOSSY,1
caltech_Faces_007,data/processed/caltech_Faces_007.png,train,588600,png,266682,2.207123090422301,jpeg,85,48340,12.176251551510136,0.818735422713194,44.71746692166878,0.9926343819595345,0.992482927239655,0.15107936970639202,True,True,True,LOSSY,1
caltech_gramophone_007,data/processed/caltech_gramophone_007.png,train,262800,png,138122,1.9026657592563097,jpeg,85,42160,6.233396584440228,0.6947626011786682,37.469464026047696,0.9921452492704819,0.9892311280552921,0.1193271977150111,True,True,True,LOSSY,1
caltech_crocodile_010,data/processed/caltech_crocodile_010.png,train,161100,png,117624,1.3696184452152622,jpeg,85,24498,6.576047024246877,0.7917261783309528,39.587328470956464,0.9936242767296287,0.9925916322795246,0.015205271160669031,True,True,True,LOSSY,1
caltech_car_side_004,data/processed/caltech_car_side_004.png,train,177300,png,44398,3.9934231271678904,jpeg,85,12335,14.373733279286583,0.7221721699175638,47.35291429534747,0.9958195695178826,0.9962646215819831,0.027083461278634157,True,True,True,LOSSY,1
caltech_sunflower_010,data/processed/caltech_sunflower_010.png,train,203400,png,97182,2.0929801815150952,jpeg,85,21448,9.483401715777696,0.7793006935440719,38.670768591866846,0.9869281190278762,0.9902779629323506,0.6003856809169428,True,True,True,LOSSY,1
caltech_accordion_001,data/processed/caltech_accordion_001.png,train,234000,png,144830,1.6156873575916593,jpeg,85,33630,6.9580731489741305,0.7677967271974039,37.167661481077396,0.9910653730320763,0.9893408563792601,0.6623097582811102,True,True,True,LOSSY,1
caltech_crab_003,data/processed/caltech_crab_003.png,train,225000,png,91762,2.4519953793509295,jpeg,85,20291,11.088659997043024,0.7788736078115124,41.6829701127488,0.992269306087827,0.995865492986192,0.7105912498813705,True,True,True,LOSSY,1
caltech_accordion_002,data/processed/caltech_accordion_002.png,train,208800,png,119763,1.7434433005185241,jpeg,85,25934,8.051206909848077,0.7834556582583937,38.13059145851054,0.991311088021548,0.9908224762180811,0.4744888353353165,True,True,True,LOSSY,1
caltech_flamingo_head_002,data/processed/caltech_flamingo_head_002.png,train,184500,png,128175,1.4394382679929782,jpeg,85,24985,7.384430658395037,0.8050711917300566,41.17914392499199,0.9904214658123803,0.9910363453836376,0.0009302325581395349,True,True,True,LOSSY,1
caltech_gramophone_006,data/processed/caltech_gramophone_006.png,train,237600,png,75160,3.1612559872272485,jpeg,85,15836,15.003788835564537,0.7893028206492815,43.28921377836683,0.993035906041608,1.0,0.6895942870595622,True,True,True,LOSSY,1
caltech_euphonium_006,data/processed/caltech_euphonium_006.png,train,156600,png,74972,2.088779811129488,jpeg,85,16645,9.408230699909883,0.7779837806114283,40.970348868667344,0.993691094802112,1.0,0.5339749844761821,True,True,True,LOSSY,1
caltech_stop_sign_008,data/processed/caltech_stop_sign_008.png,train,267300,png,92401,2.8928258352182334,jpeg,85,23906,11.181293399146657,0.7412798562786117,40.830234842266925,0.9886471483418765,1.0,0.5077469972530925,True,True,True,LOSSY,1
caltech_crocodile_head_006,data/processed/caltech_crocodile_head_006.png,train,165600,png,120192,1.3777955271565496,jpeg,85,27872,5.941446613088404,0.7681043663471778,36.34637457016533,0.9938856681220698,0.9954653612537885,0.5566798650828567,True,True,True,LOSSY,1
caltech_euphonium_005,data/processed/caltech_euphonium_005.png,train,168300,png,76848,2.1900374765771393,jpeg,85,16678,10.091138026142223,0.7829741828024152,40.87292434524621,0.9938635143471625,0.9980487750456545,0.6672197640117994,True,True,True,LOSSY,1
caltech_crocodile_head_001,data/processed/caltech_crocodile_head_001.png,train,215100,png,171853,1.2516511204343246,jpeg,85,36359,5.916004290547045,0.7884296462674495,37.80718831598034,0.9928425572915699,0.9917344011570018,0.0025025025025025025,True,True,True,LOSSY,1
caltech_cellphone_001,data/processed/caltech_cellphone_001.png,train,261000,png,70948,3.6787506342673506,jpeg,85,16838,15.500653284238034,0.7626712521846987,42.2447942142356,0.9949212082425846,0.9889388825230409,0.8181492879124025,True,True,True,LOSSY,1
caltech_Motorbikes_007,data/processed/caltech_Motorbikes_007.png,train,108468,png,29744,3.646718665949435,jpeg,85,8247,13.1524190614769,0.7227339967724583,42.62854714679838,0.9969885459664672,0.9977740603144496,0.7772272808427066,True,True,True,LOSSY,1
caltech_pyramid_008,data/processed/caltech_pyramid_008.png,train,268200,png,81790,3.2791294779312876,jpeg,85,14025,19.122994652406415,0.8285242694705954,47.35384655478925,0.9926517816451564,1.0,0.37018309967057383,True,True,True,LOSSY,1
caltech_wild_cat_008,data/processed/caltech_wild_cat_008.png,train,133200,png,87174,1.5279785257072063,jpeg,85,17859,7.458424323870317,0.7951338701906532,40.143105095441214,0.9936300258233001,0.9928518829578019,0.5641396405701301,True,True,True,LOSSY,1
caltech_llama_009,data/processed/caltech_llama_009.png,train,181800,png,134898,1.347684917493217,jpeg,85,29349,6.19441888991107,0.7824356180225059,38.12931799279503,0.9908384696297299,0.9896776792899737,0.16122033898305085,True,True,True,LOSSY,1
caltech_helicopter_006,data/processed/caltech_helicopter_006.png,train,164700,png,31489,5.230397916732827,jpeg,85,8402,19.60247560104737,0.7331766648670964,45.26536367453368,0.995778754709428,0.9920146220868178,0.8013755426564558,True,True,True,LOSSY,1
caltech_crocodile_head_008,data/processed/caltech_crocodile_head_008.png,train,241200,png,106603,2.2626004896672702,jpeg,85,17554,13.740458015267176,0.8353329643631042,46.540531717138094,0.9920257591600657,0.9920987901902228,0.002128084059320343,True,True,True,LOSSY,1
caltech_tick_008,data/processed/caltech_tick_008.png,train,225900,png,67751,3.3342681288837066,jpeg,85,13928,16.21912693854107,0.794423698543195,45.76312994697765,0.9971628563595344,0.9962390540242672,0.7892786611560152,True,True,True,LOSSY,1
caltech_rooster_010,data/processed/caltech_rooster_010.png,train,196200,png,98096,2.0000815527646387,jpeg,85,19163,10.238480404947033,0.8046505464035231,41.92363974083272,0.9804887690387019,0.9848695559606572,0.31494871363712795,True,True,True,LOSSY,1
caltech_beaver_008,data/processed/caltech_beaver_008.png,train,256500,png,167928,1.527440331570673,jpeg,85,35234,7.279900096497701,0.7901838883330952,41.467686001859875,0.9948608683230207,0.994998656477286,0.001411764705882353,True,True,True,LOSSY,1
caltech_nautilus_009,data/processed/caltech_nautilus_009.png,train,226800,png,154095,1.4718193322301178,jpeg,85,31609,7.175171628333702,0.794873292449463,38.311830890602685,0.9894610917930834,0.9934196219586114,0.5557765795948281,True,True,True,LOSSY,1
caltech_dollar_bill_005,data/processed/caltech_dollar_bill_005.png,train,112500,png,97341,1.155730884211175,jpeg,85,22624,4.972595473833097,0.7675799508942789,34.936789012744505,0.9939374754893064,0.9964915014151621,0.004178272980501393,True,True,True,LOSSY,1
caltech_okapi_003,data/processed/caltech_okapi_003.png,train,225000,png,122584,1.8354760817072375,jpeg,85,21795,10.323468685478321,0.8222035502186256,44.521673286200645,0.9906814199625641,0.9889170063104039,0.002729443875810304,True,True,True,LOSSY,1
caltech_inline_skate_008,data/processed/caltech_inline_skate_008.png,train,225000,png,73221,3.0728889253083134,jpeg,85,16151,13.93102594266609,0.779421204299313,42.54297681332221,0.9960226107275707,0.9946764665238836,0.6705692920692102,True,True,True,LOSSY,1
caltech_chair_002,data/processed/caltech_chair_002.png,train,180000,png,50649,3.553870757566783,jpeg,85,10151,17.732243128755787,0.7995814329996643,46.12585539129263,0.9946217338942634,0.9879555798410782,0.6707955206147779,True,True,True,LOSSY,1
caltech_flamingo_002,data/processed/caltech_flamingo_002.png,train,72000,png,42033,1.7129398329883663,jpeg,85,8645,8.328513591671486,0.7943282658863274,41.62281929635767,0.9893766069615545,0.9889884906763962,0.04592707525213344,True,True,True,LOSSY,1
caltech_butterfly_003,data/processed/caltech_butterfly_003.png,train,172800,png,126020,1.3712109189017616,jpeg,85,27589,6.263365834209286,0.7810744326297413,39.62324250127038,0.9901589572240427,0.9872087581230429,0.001837813002526993,True,True,True,LOSSY,1
caltech_barrel_008,data/processed/caltech_barrel_008.png,train,244800,png,129231,1.8942823316386934,jpeg,85,26328,9.298085688240656,0.7962717923717993,43.088899988840986,0.9937462890909541,0.9937811815338885,0.0014721345951629863,True,True,True,LOSSY,1
caltech_scissors_003,data/processed/caltech_scissors_003.png,train,94500,png,25474,3.7096647562220304,jpeg,85,7574,12.476894639556377,0.7026772395383528,41.65703601214997,0.994964012634231,0.9985047329136708,0.5164868105515588,True,True,True,LOSSY,1
caltech_crayfish_002,data/processed/caltech_crayfish_002.png,train,159300,png,64191,2.4816563069589193,jpeg,85,14256,11.174242424242424,0.7779127915128289,41.320175034814596,0.9909890158610946,0.9931096844346347,0.7200265168255572,True,True,True,LOSSY,1
caltech_scissors_004,data/processed/caltech_scissors_004.png,train,139500,png,36940,3.7763941526800218,jpeg,85,8627,16.170163440361655,0.7664591229020032,45.91145694820781,0.9961087761299755,0.9952997351788712,0.1685211028552031,True,True,True,LOSSY,1
caltech_menorah_005,data/processed/caltech_menorah_005.png,train,244800,png,103804,2.3582906246387423,jpeg,85,24231,10.102760926086418,0.7665696890293245,40.38689835290772,0.9928399484471694,1.0,0.6820793799278364,True,True,True,LOSSY,1
caltech_bonsai_006,data/processed/caltech_bonsai_006.png,train,187200,png,88611,2.112604529911636,jpeg,85,17846,10.489745601255184,0.7986028822606674,40.06071072396943,0.9926065732443922,0.9946793396532392,0.1339006424270963,True,True,True,LOSSY,1
caltech_pyramid_005,data/processed/caltech_pyramid_005.png,train,243900,png,135164,1.8044745642330797,jpeg,85,26513,9.199260740014333,0.8038456985587878,40.58699109917608,0.9915605872752499,0.9944894085367837,0.012326023316727441,True,True,True,LOSSY,1
caltech_anchor_006,data/processed/caltech_anchor_006.png,train,229500,png,153676,1.4934017022827246,jpeg,85,30421,7.544130699188061,0.802044561284781,39.55819621994579,0.9912246364065678,0.9909281680849166,0.6100007542046911,True,True,True,LOSSY,1
caltech_Faces_002,data/processed/caltech_Faces_002.png,train,534051,png,304971,1.7511533883549584,jpeg,85,61214,8.724327768157611,0.799279275734414,41.80564269582958,0.9923002817130824,0.9919159393190818,0.011898446381205002,True,True,True,LOSSY,1
caltech_schooner_006,data/processed/caltech_schooner_006.png,train,258300,png,90036,2.8688524590163933,jpeg,85,16832,15.345769961977187,0.8130525567550757,45.64480599967574,0.9937902391852539,0.9965463131640023,0.09936365884918939,True,True,True,LOSSY,1
caltech_brain_003,data/processed/caltech_brain_003.png,train,177300,png,110952,1.5979883192731992,jpeg,85,26300,6.741444866920152,0.7629605595212344,36.36910398682544,0.9835592658589022,0.9752996575186959,0.16037281054153946,True,True,True,LOSSY,1
caltech_chandelier_008,data/processed/caltech_chandelier_008.png,train,179100,png,105915,1.6909786149270642,jpeg,85,23456,7.635572987721692,0.7785393947977152,38.336672306609785,0.9912320357711085,0.9924080081896828,0.13545239360417372,True,True,True,LOSSY,1
caltech_dolphin_003,data/processed/caltech_dolphin_003.png,train,149400,png,59208,2.5233076611268745,jpeg,85,10004,14.934026389444222,0.8310363464396703,45.678551772851506,0.9903042505453379,0.9903161358528505,0.008234845596645063,True,True,True,LOSSY,1
caltech_cougar_face_001,data/processed/caltech_cougar_face_001.png,train,250200,png,139462,1.7940370853709253,jpeg,85,25087,9.973292940566827,0.8201158738581119,43.36488265529283,0.9921141291381202,0.9921254596604013,0.0038217666985147225,True,True,True,LOSSY,1
kodim11,data/processed/kodim11.png,train,1179648,png,632921,1.8638155472799922,jpeg,85,109712,10.752224004666765,0.8266576713365491,37.06011878205426,0.9530226645909775,0.964871905620628,0.13684752747252749,True,True,True,LOSSY,1
kodim06,data/processed/kodim06.png,train,1179648,png,655035,1.8008930820490507,jpeg,85,114267,10.323610491217936,0.8255558863266849,36.5259604436161,0.9581958074109925,0.9742378150751825,0.10627306966216153,True,True,True,LOSSY,1
caltech_car_side_005,data/processed/caltech_car_side_005.png,train,177300,png,46409,3.8203796677368613,jpeg,85,13032,13.604972375690608,0.7191923980262449,46.73451620531403,0.9958584262571795,0.9972236416618444,0.015992736922969483,True,True,True,LOSSY,1
caltech_okapi_004,data/processed/caltech_okapi_004.png,train,198900,png,129042,1.5413586274236295,jpeg,85,25433,7.82054810679039,0.8029091303606578,39.24460157295816,0.9906826823090862,0.9894439008754936,0.08262350936967632,True,True,True,LOSSY,1
caltech_saxophone_002,data/processed/caltech_saxophone_002.png,train,234900,png,145994,1.6089702316533556,jpeg,85,29769,7.890758843091807,0.7960943600421935,39.46304797871812,0.9884967779346154,0.9895797024500593,0.0687484672606883,True,True,True,LOSSY,1
caltech_cougar_body_005,data/processed/caltech_cougar_body_005.png,train,267300,png,178500,1.4974789915966387,jpeg,85,34697,7.703836066518719,0.8056190476190476,39.32320858879165,0.9922637553957384,0.992642077028471,0.05492654627117058,True,True,True,LOSSY,1
caltech_buddha_010,data/processed/caltech_buddha_010.png,train,252000,png,63952,3.9404553415061296,jpeg,85,17906,14.073494917904613,0.7200087565674256,47.30098483006843,0.9960001634075156,0.9951120394329872,0.3742082812701969,True,True,True,LOSSY,1
caltech_water_lilly_005,data/processed/caltech_water_lilly_005.png,train,202500,png,121917,1.6609660670784223,jpeg,85,21974,9.21543642486575,0.8197626253926852,42.98686106707489,0.9898844164157543,0.9942125094539224,0.0010484927916120576,True,True,True,LOSSY,1
caltech_joshua_tree_005,data/processed/caltech_joshua_tree_005.png,train,245700,png,81828,3.0026396832380113,jpeg,85,22679,10.833811014595,0.7228454807645305,44.76298183705989,0.9962583495396385,0.9967641845723023,0.018421733505821474,True,True,True,LOSSY,1
caltech_strawberry_006,data/processed/caltech_strawberry_006.png,train,180000,png,76720,2.346193952033368,jpeg,85,14750,12.203389830508474,0.8077424400417101,39.71923970209208,0.9872867441960974,0.9899142589878364,0.3673208054550693,True,True,True,LOSSY,1
caltech_dalmatian_002,data/processed/caltech_dalmatian_002.png,train,270000,png,148971,1.8124332923857664,jpeg,85,29605,9.120081067387266,0.8012700458478496,41.79403598640902,0.9935841581675312,0.9941840689789463,0.048446485457779985,True,True,True,LOSSY,1
caltech_umbrella_002,data/processed/caltech_umbrella_002.png,train,227700,png,61586,3.6972688598058,jpeg,85,12509,18.202893916380205,0.7968856558308707,45.15295348492958,0.9941161653223727,0.997191394538789,0.652816065723414,True,True,True,LOSSY,1
caltech_stapler_010,data/processed/caltech_stapler_010.png,train,202500,png,47278,4.283176107280342,jpeg,85,9212,21.982197134172818,0.8051525022209062,47.632901665521786,0.9952039180467462,0.994127389942242,0.11873896902197066,True,True,True,LOSSY,1
caltech_inline_skate_004,data/processed/caltech_inline_skate_004.png,train,246600,png,70455,3.5001064509261233,jpeg,85,19563,12.605428615243062,0.7223334043006174,44.45378398678101,0.997093479368572,0.9943940937251347,0.7384800494292868,True,True,True,LOSSY,1
caltech_gerenuk_004,data/processed/caltech_gerenuk_004.png,train,238500,png,192155,1.2411855012880226,jpeg,85,39699,6.007708002720472,0.793401160521454,38.954737975323994,0.9934756665704926,0.9932049216354081,0.2353896103896104,True,True,True,LOSSY,1
caltech_kangaroo_003,data/processed/caltech_kangaroo_003.png,train,251100,png,198362,1.2658674544519615,jpeg,85,40720,6.166502946954814,0.7947187465341145,37.40666178065024,0.9910624799125524,0.991992461715934,0.0,True,True,True,LOSSY,1
caltech_mandolin_007,data/processed/caltech_mandolin_007.png,train,171900,png,73263,2.3463412636665164,jpeg,85,14626,11.7530425270067,0.800363075495134,44.07869831568553,0.9931391450414045,0.9936848664823011,0.003716634756166235,True,True,True,LOSSY,1
caltech_wild_cat_001,data/processed/caltech_wild_cat_001.png,train,211500,png,112350,1.8825100133511348,jpeg,85,21289,9.93470806519799,0.8105117935024477,43.63024985426799,0.994679025754165,0.995571408090932,0.20336220071319408,True,True,True,LOSSY,1
caltech_chair_009,data/processed/caltech_chair_009.png,train,182700,png,81478,2.2423230810771004,jpeg,85,15274,11.961503208065995,0.8125383539114853,42.951618219600505,0.9903103057260575,0.9947393619960377,0.041418089556332714,True,True,True,LOSSY,1
caltech_flamingo_003,data/processed/caltech_flamingo_003.png,train,202500,png,122788,1.6491839593445614,jpeg,85,24985,8.104862917750651,0.7965192038309933,41.53325627233181,0.9903745948750501,0.990727080373176,0.006507592190889371,True,True,True,LOSSY,1
caltech_wheelchair_004,data/processed/caltech_wheelchair_004.png,train,260100,png,111055,2.3420827517896536,jpeg,85,26447,9.834763867357356,0.7618567376525145,40.48042347089045,0.9950226108826499,0.9954158572536034,0.7715347905186279,True,True,True,LOSSY,1
caltech_ewer_009,data/processed/caltech_ewer_009.png,train,202500,png,84715,2.390367703476362,jpeg,85,14329,14.132179496126737,0.8308564008735171,46.0535625394316,0.9919920922187905,0.9837990396737147,0.02247741540346042,True,True,True,LOSSY,1
caltech_flamingo_head_008,data/processed/caltech_flamingo_head_008.png,train,192600,png,94109,2.0465630279781957,jpeg,85,16784,11.475214489990467,0.8216536144258254,42.86814239793985,0.9908179463743269,0.9903144029864503,0.05009947549285585,True,True,True,LOSSY,1
caltech_stop_sign_010,data/processed/caltech_stop_sign_010.png,train,265500,png,191771,1.384463761465498,jpeg,85,42752,6.2102357784431135,0.7770674398110247,36.84107737437526,0.9783500988994768,0.9960156673397019,0.005871527473490491,True,True,True,LOSSY,1
caltech_laptop_003,data/processed/caltech_laptop_003.png,train,228600,png,81180,2.8159645232815964,jpeg,85,21738,10.516146839635661,0.7322246858832224,43.24453782321963,0.994320586765233,0.9953062320990731,0.043442678851531066,True,True,True,LOSSY,1
caltech_BACKGROUND_Google_007,data/processed/caltech_BACKGROUND_Google_007.png,train,79200,png,53491,1.480622908526668,jpeg,85,12870,6.153846153846154,0.7593987773644164,37.81805051698977,0.9820436981036925,0.9882873499105583,0.02006269592476489,True,True,True,LOSSY,1
caltech_electric_guitar_010,data/processed/caltech_electric_guitar_010.png,train,202500,png,125356,1.6153993426720699,jpeg,85,24474,8.274086785976955,0.8047640320367593,39.801912521410316,0.991351007136772,0.9913181120764071,0.5387109581789307,True,True,True,LOSSY,1
caltech_gerenuk_002,data/processed/caltech_gerenuk_002.png,train,270000,png,153961,1.7536908697657199,jpeg,85,30360,8.893280632411066,0.802807204421899,41.883110221747664,0.9923909453823653,0.9955126992440193,0.0016134236850596966,True,True,True,LOSSY,1
caltech_llama_006,data/processed/caltech_llama_006.png,train,201600,png,169227,1.1912992607562622,jpeg,85,36582,5.510907003444317,0.7838288216419366,36.66278264160371,0.9903794548854972,0.9890992949105525,0.021013597033374538,True,True,True,LOSSY,1
caltech_dragonfly_007,data/processed/caltech_dragonfly_007.png,train,232200,png,148083,1.5680395453900853,jpeg,85,26908,8.62940389475249,0.8182910935083703,41.30843526662288,0.9892448801710998,0.9908138976464715,0.0025948751216347712,True,True,True,LOSSY,1
caltech_panda_001,data/processed/caltech_panda_001.png,train,186300,png,88545,2.104014907674064,jpeg,85,15096,12.34101748807631,0.8295104184313061,45.651795376184694,0.992949629176791,0.992229628753354,0.02591051748047588,True,True,True,LOSSY,1
caltech_elephant_008,data/processed/caltech_elephant_008.png,train,202500,png,145657,1.39025244238176,jpeg,85,30530,6.632820176875205,0.79039798979795,37.959682535502075,0.9906289469742893,0.9903742988622802,0.6531204644412192,True,True,True,LOSSY,1
caltech_revolver_005,data/processed/caltech_revolver_005.png,train,185400,png,75922,2.441979926766945,jpeg,85,16528,11.217328170377542,0.7823028898079608,42.67292336123361,0.9940312027819677,0.9934466379723484,0.018048990116029222,True,True,True,LOSSY,1
caltech_cannon_006,data/processed/caltech_cannon_006.png,train,252000,png,89120,2.827648114901257,jpeg,85,24120,10.447761194029852,0.7293536804308797,39.52255323878183,0.990118068955686,0.9799008933578259,0.6222498470766984,True,True,True,LOSSY,1
caltech_mayfly_008,data/processed/caltech_mayfly_008.png,train,210600,png,51776,4.067521631644005,jpeg,85,15460,13.622250970245796,0.7014060568603214,39.55343350641204,0.9950523420399775,0.9980246134440425,0.7697684754939593,True,True,True,LOSSY,1
caltech_euphonium_001,data/processed/caltech_euphonium_001.png,train,187200,png,96426,1.9413851036027627,jpeg,85,22642,8.267820863881283,0.7651878124157385,38.17719663147875,0.99491638225998,0.9969359121095132,0.8453806189292975,True,True,True,LOSSY,1
caltech_soccer_ball_007,data/processed/caltech_soccer_ball_007.png,train,270000,png,46297,5.831911354947405,jpeg,85,16273,16.59190069440177,0.6485085426701515,42.00150586886949,0.9934477594004768,0.9896752316835148,0.7803988069102306,True,True,True,LOSSY,1
caltech_pyramid_004,data/processed/caltech_pyramid_004.png,train,234900,png,90817,2.5865201449067907,jpeg,85,20694,11.351116265584228,0.7721351729301783,38.41130679553999,0.9880787043723389,0.989723081808136,0.6969290430772456,True,True,True,LOSSY,1
caltech_revolver_004,data/processed/caltech_revolver_004.png,train,186300,png,50929,3.6580337332364663,jpeg,85,8421,22.12326327039544,0.8346521628148992,48.586332758696294,0.9932425184123933,1.0,0.06701508492695095,True,True,True,LOSSY,1
caltech_pigeon_002,data/processed/caltech_pigeon_002.png,train,232200,png,147638,1.5727658190980642,jpeg,85,29901,7.765626567673322,0.7974708408404341,38.89477375155029,0.9886395098756796,0.9906051517691695,0.06371103622577927,True,True,True,LOSSY,1
caltech_chandelier_009,data/processed/caltech_chandelier_009.png,train,196200,png,106297,1.8457717527305568,jpeg,85,22464,8.73397435897436,0.7886676011552537,40.326129364393,0.9906723637378404,0.9899808292588764,0.1479997162718116,True,True,True,LOSSY,1
caltech_scissors_002,data/processed/caltech_scissors_002.png,train,107100,png,38160,2.806603773584906,jpeg,85,8102,13.218958281905703,0.7876834381551363,43.63229749253164,0.9944363322114392,0.998379658345435,0.5123555297644954,True,True,True,LOSSY,1
caltech_stop_sign_004,data/processed/caltech_stop_sign_004.png,train,202500,png,112909,1.7934797048950926,jpeg,85,21945,9.227614490772385,0.8056399401287763,42.90888021318441,0.9928232513688252,0.9925775694070419,0.018648018648018648,True,True,True,LOSSY,1
caltech_brain_002,data/processed/caltech_brain_002.png,train,234900,png,138981,1.6901590864938374,jpeg,85,33574,6.996485375588253,0.7584274109410639,38.30588477616197,0.9895362711340395,0.996235372615123,0.33275999496580944,True,True,True,LOSSY,1
caltech_euphonium_010,data/processed/caltech_euphonium_010.png,train,153000,png,74159,2.0631346161625697,jpeg,85,17254,8.867508983424134,0.7673377472727518,39.78487634191805,0.9951334578806881,0.9937464913612124,0.38302488832163367,True,True,True,LOSSY,1
caltech_okapi_008,data/processed/caltech_okapi_008.png,train,178200,png,111684,1.5955732244547116,jpeg,85,22172,8.037163990618799,0.8014755918484295,41.14593174237988,0.9931666551127375,0.9932859321584823,0.0259256191501698,True,True,True,LOSSY,1
caltech_crab_008,data/processed/caltech_crab_008.png,train,201600,png,158633,1.270857892115764,jpeg,85,33459,6.025284676768583,0.7890791953754893,37.070296719977186,0.9902530824998782,0.9851630591282898,0.4423810735181888,True,True,True,LOSSY,1
caltech_cannon_005,data/processed/caltech_cannon_005.png,train,270000,png,178001,1.5168454109808371,jpeg,85,36707,7.355545263846133,0.7937820574041718,40.84750030479918,0.9924315173576148,0.991080287578443,0.017360008468296814,True,True,True,LOSSY,1
caltech_garfield_007,data/processed/caltech_garfield_007.png,train,235800,png,107240,2.1988064155165983,jpeg,85,22439,10.50848968314096,0.7907590451324132,40.81554474012401,0.9871703781561787,0.9896400384101113,0.22922274362211476,True,True,True,LOSSY,1
caltech_llama_001,data/processed/caltech_llama_001.png,train,165600,png,97105,1.7053704752587406,jpeg,85,17952,9.224598930481283,0.8151279542762988,43.39156371965748,0.9921892557660885,0.9909886073600941,0.018696883852691217,True,True,True,LOSSY,1
caltech_platypus_004,data/processed/caltech_platypus_004.png,train,180900,png,79320,2.2806354009077157,jpeg,85,15166,11.927996835025715,0.8087997982854261,42.9761732634621,0.9923461068048555,0.9921974362294825,0.4075896904546043,True,True,True,LOSSY,1
caltech_revolver_009,data/processed/caltech_revolver_009.png,train,186300,png,48145,3.869560702045903,jpeg,85,11535,16.150845253576072,0.7604112576591546,41.094129292391955,0.9960180188532487,0.9906596514807317,0.9080928481806776,True,True,True,LOSSY,1
caltech_lobster_005,data/processed/caltech_lobster_005.png,train,245700,png,150863,1.6286299490266003,jpeg,85,31043,7.91482781947621,0.7942305270344617,41.366618366290794,0.991137343371029,0.9882428868691977,0.41508167375251737,True,True,True,LOSSY,1
caltech_pagoda_001,data/processed/caltech_pagoda_001.png,train,182700,png,84402,2.164640648325869,jpeg,85,18164,10.058357190046245,0.7847918295774982,39.63398100888719,0.9897026934268842,0.9885390050674473,0.5116440736878693,True,True,True,LOSSY,1
caltech_kangaroo_008,data/processed/caltech_kangaroo_008.png,train,258300,png,135299,1.909105019253653,jpeg,85,24066,10.732984293193716,0.8221272884500255,43.58059731398181,0.9912884504765384,0.9925223065061028,0.010027808207634617,True,True,True,LOSSY,1
caltech_hawksbill_002,data/processed/caltech_hawksbill_002.png,train,207000,png,175683,1.1782585679889346,jpeg,85,38468,5.381095975876053,0.781037436746868,36.25721519072361,0.9901188432379951,0.9938375783036405,0.0015220700152207,True,True,True,LOSSY,1
caltech_butterfly_009,data/processed/caltech_butterfly_009.png,train,227700,png,25461,8.94308943089431,jpeg,85,7669,29.690963619767896,0.6987942343191548,52.7878330056659,0.9987997723600741,0.9962099117129165,0.844063354603464,True,True,True,LOSSY,1
caltech_laptop_004,data/processed/caltech_laptop_004.png,train,238500,png,79451,3.001850196976753,jpeg,85,16905,14.108251996450754,0.7872273476734087,44.246201858998184,0.9965248531976635,0.9983025734588913,0.7991671398826424,True,True,True,LOSSY,1
caltech_chair_006,data/processed/caltech_chair_006.png,train,248400,png,139120,1.7855089131684876,jpeg,85,25101,9.89602007888132,0.8195730304772858,42.85401695214254,0.9912205598658349,0.9917793636162935,0.15513970776723918,True,True,True,LOSSY,1
caltech_elephant_002,data/processed/caltech_elephant_002.png,train,202500,png,152632,1.3267204780124744,jpeg,85,31549,6.418586959967035,0.7933002253786886,38.26785578696078,0.9908848277671268,0.991988365116147,0.001716001716001716,True,True,True,LOSSY,1
caltech_crab_009,data/processed/caltech_crab_009.png,train,252900,png,125282,2.0186459347711563,jpeg,85,25215,10.029744199881023,0.7987340559697322,41.56513104280131,0.99104072720545,0.9977703470327328,0.36827231207892813,True,True,True,LOSSY,1
caltech_scorpion_007,data/processed/caltech_scorpion_007.png,train,179100,png,110871,1.6153908596476987,jpeg,85,22167,8.079577750710516,0.8000649403360662,40.22663951340077,0.9916042620429316,0.9909295523170427,0.5724833280406478,True,True,True,LOSSY,1
caltech_mandolin_008,data/processed/caltech_mandolin_008.png,train,185400,png,97065,1.9100602688919797,jpeg,85,16653,11.133129165916051,0.828434554164735,44.379536282105114,0.9923031605853027,0.9910457315881345,0.02653325368379132,True,True,True,LOSSY,1
caltech_starfish_009,data/processed/caltech_starfish_009.png,train,261000,png,128164,2.0364532942167846,jpeg,85,23220,11.24031007751938,0.8188258793420929,43.880217296017804,0.9924493897640915,0.9962380643055545,0.005252889088998949,True,True,True,LOSSY,1
caltech_pyramid_009,data/processed/caltech_pyramid_009.png,train,185400,png,86923,2.1329222415241076,jpeg,85,22587,8.208261389294726,0.7401493275657766,36.992485606360646,0.9862783861568519,0.9918259546001597,0.676056338028169,True,True,True,LOSSY,1
caltech_revolver_002,data/processed/caltech_revolver_002.png,train,145800,png,61754,2.3609806652200667,jpeg,85,11460,12.722513089005236,0.8144249765197397,44.486606282926,0.9930025356711193,0.9974232687230907,0.12544362544362544,True,True,True,LOSSY,1
caltech_dolphin_007,data/processed/caltech_dolphin_007.png,train,164700,png,100793,1.6340420465706944,jpeg,85,18026,9.136802396538334,0.8211582153522566,44.21525064795556,0.9940853040816712,0.9939516281343029,0.009114166933162776,True,True,True,LOSSY,1
caltech_accordion_008,data/processed/caltech_accordion_008.png,train,214200,png,96794,2.212947083496911,jpeg,85,32399,6.611315164048273,0.6652788395974957,36.01925654896302,0.9847397698262198,0.9850305753199783,0.631189434517725,True,True,True,LOSSY,1
caltech_cannon_007,data/processed/caltech_cannon_007.png,train,236700,png,87713,2.6985737575957955,jpeg,85,19977,11.848625919807779,0.7722458472518327,38.9857453918923,0.9931471121737102,0.9918305611982675,0.8292960845562956,True,True,True,LOSSY,1
caltech_llama_007,data/processed/caltech_llama_007.png,train,189000,png,84709,2.2311678806266158,jpeg,85,16706,11.31330061055908,0.8027836475463056,45.30683656829336,0.9938748791409003,0.9929533637765414,0.06082112332112332,True,True,True,LOSSY,1
caltech_pizza_003,data/processed/caltech_pizza_003.png,train,256500,png,172027,1.4910450103762782,jpeg,85,37171,6.900540744128487,0.7839234538764264,37.60697717237078,0.9847960194995201,0.9854582625070073,0.340547703180212,True,True,True,LOSSY,1
caltech_cup_003,data/processed/caltech_cup_003.png,train,266400,png,83699,3.1828337256120145,jpeg,85,16699,15.953051080903048,0.8004874610210396,45.210614036393004,0.9936413252562571,0.9936934325488953,0.5766426144389722,True,True,True,LOSSY,1
caltech_ketch_009,data/processed/caltech_ketch_009.png,train,190800,png,103477,1.8438880137615121,jpeg,85,21339,8.941374947279629,0.7937802603477101,40.116561549578634,0.9910947315104303,0.9961557044736206,0.11803345991994252,True,True,True,LOSSY,1
caltech_grand_piano_008,data/processed/caltech_grand_piano_008.png,train,221400,png,53760,4.118303571428571,jpeg,85,12944,17.1044499381953,0.7592261904761904,40.38508672069153,0.996689088635669,0.9912047491781425,0.9395319644938581,True,True,True,LOSSY,1
caltech_accordion_010,data/processed/caltech_accordion_010.png,train,202500,png,113775,1.7798286090969018,jpeg,85,24276,8.341571922886802,0.7866315095583388,40.127839354215766,0.9917581737439306,0.994650215788769,0.7505689262809462,True,True,True,LOSSY,1
caltech_elephant_001,data/processed/caltech_elephant_001.png,train,202500,png,127705,1.5856857601503465,jpeg,85,25052,8.083186971100112,0.803829137465252,40.20720150644987,0.991269256608167,1.0,0.2847935328818003,True,True,True,LOSSY,1
caltech_Motorbikes_010,data/processed/caltech_Motorbikes_010.png,train,116772,png,32514,3.59143753460048,jpeg,85,8959,13.034043978122558,0.7244571569170204,42.19513777162868,0.9970288948095459,0.9962542667960618,0.7776890840151667,True,True,True,LOSSY,1
caltech_pyramid_001,data/processed/caltech_pyramid_001.png,train,170100,png,63753,2.668109736012423,jpeg,85,11754,14.47166921898928,0.8156322055432685,45.40055259856708,0.9919891163309608,0.995977736557764,0.11010558069381599,True,True,True,LOSSY,1
caltech_lotus_008,data/processed/caltech_lotus_008.png,train,206100,png,134471,1.5326724721315377,jpeg,85,25912,7.953843778944119,0.807304177108819,40.77148851961488,0.9907734650404202,0.991185677250913,0.01056964842011571,True,True,True,LOSSY,1
caltech_brontosaurus_006,data/processed/caltech_brontosaurus_006.png,train,175500,png,79605,2.2046353872244207,jpeg,85,20072,8.743523316062177,0.7478550342315181,39.71934886565062,0.9931019893605418,0.9950334994828139,0.00653928680903239,True,True,True,LOSSY,1
caltech_minaret_002,data/processed/caltech_minaret_002.png,train,185400,png,66948,2.769313497042481,jpeg,85,12859,14.417917411929388,0.8079255541614387,42.55370754181005,0.9923161651078162,0.9916097904657225,0.3930602548412641,True,True,True,LOSSY,1
caltech_windsor_chair_002,data/processed/caltech_windsor_chair_002.png,train,162000,png,130206,1.2441822957467399,jpeg,85,27597,5.87020328296554,0.7880512418782545,38.201007919131705,0.9934913069526546,0.9965992041060786,0.0037817396002160996,True,True,True,LOSSY,1
caltech_dragonfly_001,data/processed/caltech_dragonfly_001.png,train,247500,png,62911,3.9341291666004357,jpeg,85,34421,7.1903779669387875,0.4528619796220057,36.81515741269846,0.9931882037196115,0.9961995746946399,0.7961667823394373,True,True,True,LOSSY,1
caltech_ant_008,data/processed/caltech_ant_008.png,train,216900,png,56899,3.8120177859013338,jpeg,85,10884,19.928335170893053,0.8087136856535264,49.15973159558532,0.9949839204819645,0.9950729643704166,0.23914099450338744,True,True,True,LOSSY,1
caltech_camera_002,data/processed/caltech_camera_002.png,train,160200,png,60799,2.634911758417079,jpeg,85,15312,10.462382445141065,0.7481537525288244,43.119441383831,0.9959777629832264,0.9942214192243114,0.605855033136774,True,True,True,LOSSY,1
caltech_buddha_004,data/processed/caltech_buddha_004.png,train,267300,png,100910,2.6488950549995045,jpeg,85,21768,12.27949283351709,0.784283024477257,43.319831951836406,0.9927459039706882,0.9949512288110444,0.7925149133604772,True,True,True,LOSSY,1
caltech_panda_009,data/processed/caltech_panda_009.png,train,218700,png,131354,1.6649664266029203,jpeg,85,24999,8.74834993399736,0.809682232745101,42.49845128503785,0.9925964638825535,0.9914477003120834,0.0045390070921985815,True,True,True,LOSSY,1
caltech_ant_007,data/processed/caltech_ant_007.png,train,260100,png,114067,2.2802388070169286,jpeg,85,23743,10.954807732805458,0.7918504037101002,45.02557319976353,0.9941519757113916,0.9932700968468918,0.0022850614110254213,True,True,True,LOSSY,1
caltech_trilobite_001,data/processed/caltech_trilobite_001.png,train,230400,png,106906,2.1551643499897106,jpeg,85,30429,7.571724341910677,0.7153667708079996,39.17199048198505,0.9943281495234197,0.9893883783290953,0.7693226298679758,True,True,True,LOSSY,1
caltech_starfish_003,data/processed/caltech_starfish_003.png,train,265500,png,189797,1.3988629957270136,jpeg,85,37788,7.026040012702445,0.8009030701222886,41.53909303476997,0.9943242815253045,0.9935562608512406,0.004923076923076923,True,True,True,LOSSY,1
caltech_Faces_easy_010,data/processed/caltech_Faces_easy_010.png,train,262152,png,120933,2.1677457765870356,jpeg,85,21008,12.478674790555978,0.8262839754244086,45.48040819259831,0.9919467277720494,0.9925742871339912,0.044157923566342225,True,True,True,LOSSY,1
caltech_ibis_003,data/processed/caltech_ibis_003.png,train,258300,png,111282,2.3211301019032726,jpeg,85,18965,13.619825995254416,0.8295771104041983,45.8386453505841,0.9932809313843403,0.9931923583139572,0.08866770752016653,True,True,True,LOSSY,1
caltech_wild_cat_006,data/processed/caltech_wild_cat_006.png,train,171900,png,117293,1.465560604639663,jpeg,85,24146,7.119191584527458,0.7941394627130349,39.547402140761186,0.9921297074148345,0.9894761282236261,0.05341551104262968,True,True,True,LOSSY,1
caltech_wheelchair_007,data/processed/caltech_wheelchair_007.png,train,268200,png,146050,1.8363574118452586,jpeg,85,28765,9.323831044672344,0.8030469017459774,42.30474322801428,0.9936146951187199,0.9950717982209112,0.007595333176728525,True,True,True,LOSSY,1
caltech_barrel_010,data/processed/caltech_barrel_010.png,train,233100,png,116776,1.9961293416455437,jpeg,85,27222,8.562927044302402,0.7668870315818319,39.15876334239835,0.9898279797437294,0.9880274874193488,0.5196615791100992,True,True,True,LOSSY,1
caltech_helicopter_005,data/processed/caltech_helicopter_005.png,train,148500,png,66164,2.2444229490357293,jpeg,85,14442,10.28250934773577,0.7817242004715556,41.11686836810936,0.9933661713536682,0.9923920377082999,0.09202858156387776,True,True,True,LOSSY,1
caltech_chandelier_005,data/processed/caltech_chandelier_005.png,train,202500,png,51298,3.9475223205583063,jpeg,85,12609,16.059957173447536,0.7542009435065694,43.32592909788378,0.9890215777041048,0.9900267564571505,0.7688274169931537,True,True,True,LOSSY,1
caltech_dragonfly_010,data/processed/caltech_dragonfly_010.png,train,202500,png,128368,1.5774959491462046,jpeg,85,23062,8.780678171884485,0.8203446341767419,40.87398171478698,0.9898115656721583,0.9916865053149307,0.0035029190992493745,True,True,True,LOSSY,1
caltech_crayfish_007,data/processed/caltech_crayfish_007.png,train,188100,png,70947,2.651274895344412,jpeg,85,15397,12.216665584204716,0.7829788433619462,41.53283408753407,0.9945208775534754,0.9927374822215344,0.713537642716113,True,True,True,LOSSY,1
caltech_pagoda_009,data/processed/caltech_pagoda_009.png,train,179100,png,119640,1.4969909729187563,jpeg,85,27468,6.520314547837484,0.7704112337011033,36.61655924495509,0.9905141877455813,0.9907457864304449,0.7174652042845231,True,True,True,LOSSY,1
caltech_umbrella_005,data/processed/caltech_umbrella_005.png,train,239400,png,71933,3.32809697913336,jpeg,85,15755,15.195176134560457,0.7809767422462569,42.96000823236467,0.9913277925118411,0.9970270199887261,0.510102670198573,True,True,True,LOSSY,1
caltech_brontosaurus_002,data/processed/caltech_brontosaurus_002.png,train,208800,png,173327,1.2046594010165756,jpeg,85,34946,5.974932753390946,0.7983810946938446,37.261354684330016,0.9908039402948295,0.9917232486941622,0.005826859045504994,True,True,True,LOSSY,1
caltech_windsor_chair_005,data/processed/caltech_windsor_chair_005.png,train,202500,png,114076,1.7751323678950874,jpeg,85,21344,9.487443778110945,0.812896665380974,43.29675169617569,0.990386513404179,0.994373686197668,0.0014263770024138687,True,True,True,LOSSY,1
caltech_joshua_tree_006,data/processed/caltech_joshua_tree_006.png,train,232200,png,147721,1.5718821291488685,jpeg,85,27785,8.357027172935037,0.8119089364409935,41.66227224105755,0.989561627317368,0.9883935195785756,0.006419753086419753,True,True,True,LOSSY,1
caltech_emu_003,data/processed/caltech_emu_003.png,train,244800,png,115303,2.1231017406312063,jpeg,85,20463,11.963055270488198,0.8225284684700311,45.38052386668917,0.9927516626253553,0.9919822985425293,0.009034180869889169,True,True,True,LOSSY,1
caltech_electric_guitar_003,data/processed/caltech_electric_guitar_003.png,train,158400,png,59232,2.674230145867099,jpeg,85,15395,10.289054887950634,0.7400898163155051,39.185185187714765,0.9903094647779868,0.9978726354128729,0.6910536513663392,True,True,True,LOSSY,1
caltech_dollar_bill_003,data/processed/caltech_dollar_bill_003.png,train,113400,png,92292,1.2287088805096866,jpeg,85,20911,5.42298311893262,0.7734256490270013,36.21562318500102,0.9947268138357973,0.9963735101413607,0.010874490258269144,True,True,True,LOSSY,1
caltech_rooster_008,data/processed/caltech_rooster_008.png,train,202500,png,156760,1.291783618269967,jpeg,85,32212,6.286477089283497,0.7945139066088288,38.91760302312349,0.9916398301921775,0.9903989929070292,0.0022038567493112946,True,True,True,LOSSY,1
caltech_scissors_001,data/processed/caltech_scissors_001.png,train,260100,png,27378,9.500328731097962,jpeg,85,7819,33.265123417316794,0.7144057272262401,47.87215656229459,0.9985669463602797,0.9973926349399592,0.8672138317853192,True,True,True,LOSSY,1
caltech_stapler_002,data/processed/caltech_stapler_002.png,train,163800,png,64232,2.5501307759372276,jpeg,85,17162,9.544342151264422,0.7328123053929505,38.914802619693674,0.9859523224590475,0.9970540935131199,0.41365881458966564,True,True,True,LOSSY,1
caltech_starfish_005,data/processed/caltech_starfish_005.png,train,225900,png,41711,5.4158375488480255,jpeg,85,9051,24.95856811402055,0.7830068806789576,45.81479464061148,0.992040536951682,1.0,0.6615260994529777,True,True,True,LOSSY,1
caltech_sea_horse_008,data/processed/caltech_sea_horse_008.png,train,190800,png,133845,1.4255295304269864,jpeg,85,27471,6.94550617014306,0.7947551271993724,40.15175450301815,0.9908666649360066,0.9894417705046165,0.15391272097910744,True,True,True,LOSSY,1
caltech_barrel_004,data/processed/caltech_barrel_004.png,train,230400,png,113588,2.0283832799239354,jpeg,85,19594,11.758701643360212,0.8274993837377188,42.87532252139913,0.9831987767536178,0.9788731023974897,0.11679898142600359,True,True,True,LOSSY,1
caltech_emu_001,data/processed/caltech_emu_001.png,train,223200,png,131632,1.6956363194360033,jpeg,85,23291,9.583100768537204,0.8230597423118998,41.342047935138204,0.9910555983823444,0.9903363653450538,0.0017368649587494573,True,True,True,LOSSY,1
caltech_anchor_004,data/processed/caltech_anchor_004.png,train,236700,png,126876,1.8656010593019956,jpeg,85,23077,10.256965810113966,0.8181137488571518,43.86514128040635,0.9919473254095873,0.9921018878493522,0.016116534944986827,True,True,True,LOSSY,1
caltech_dragonfly_006,data/processed/caltech_dragonfly_006.png,train,175500,png,89006,1.9717771835606588,jpeg,85,18510,9.481361426256077,0.792036491921893,42.149392238606566,0.9906783337945847,0.9921958898613046,0.03968331541393803,True,True,True,LOSSY,1
caltech_hedgehog_008,data/processed/caltech_hedgehog_008.png,train,237600,png,158449,1.499536128344136,jpeg,85,32154,7.389438328046277,0.7970703507122165,40.20470270085174,0.9927450676012999,0.9929674128654226,0.060590259672541454,True,True,True,LOSSY,1
caltech_mayfly_005,data/processed/caltech_mayfly_005.png,train,234900,png,100172,2.3449666573493593,jpeg,85,20597,11.404573481574987,0.79438366010462,42.348340258940354,0.9925809684797899,0.9938336557238624,0.015013054830287207,True,True,True,LOSSY,1
caltech_strawberry_010,data/processed/caltech_strawberry_010.png,train,243900,png,113388,2.1510212720922848,jpeg,85,22003,11.084852065627414,0.8059494831904611,41.695398760626546,0.9844257671426897,0.9902113671138855,0.4715198808943194,True,True,True,LOSSY,1
caltech_flamingo_head_001,data/processed/caltech_flamingo_head_001.png,train,180000,png,76850,2.342225113858165,jpeg,85,13329,13.50438892640108,0.8265582303188028,44.96059934286631,0.9879898610989768,0.9912251042444556,0.05041959239595821,True,True,True,LOSSY,1
caltech_stapler_004,data/processed/caltech_stapler_004.png,train,185400,png,53293,3.4788809036834105,jpeg,85,11185,16.575771122038443,0.7901225301634361,44.7856046158399,0.9935115941915403,0.9895620418749875,0.7451821171884517,True,True,True,LOSSY,1
caltech_cougar_face_007,data/processed/caltech_cougar_face_007.png,train,260100,png,114316,2.27527205290598,jpeg,85,21125,12.312426035502959,0.8152052206165367,46.00400314350257,0.9942688620646981,0.9929327358419147,0.052609229027083135,True,True,True,LOSSY,1
caltech_wheelchair_003,data/processed/caltech_wheelchair_003.png,train,266400,png,108051,2.4655024016436684,jpeg,85,27162,9.807819748177602,0.7486187078324125,39.55350450234018,0.9953534126428337,0.9961935017234745,0.7982739041562571,True,True,True,LOSSY,1
caltech_ant_002,data/processed/caltech_ant_002.png,train,180000,png,79158,2.273933146365497,jpeg,85,15204,11.838989739542226,0.8079284469036611,42.74631610823342,0.9935175931722101,0.9934603047522153,0.3995941275327393,True,True,True,LOSSY,1
caltech_Faces_001,data/processed/caltech_Faces_001.png,train,515610,png,235915,2.1855753131424454,jpeg,85,44546,11.574776635388139,0.8111777546997859,43.69289781433665,0.9933368239875087,0.9926617405480548,0.10187550171495292,True,True,True,LOSSY,1
caltech_electric_guitar_009,data/processed/caltech_electric_guitar_009.png,train,200700,png,52699,3.808421412171009,jpeg,85,12745,15.747351902706944,0.7581548036964648,42.91826928001383,0.9930896759434819,0.9883303909692648,0.7853877302216223,True,True,True,LOSSY,1
caltech_scorpion_010,data/processed/caltech_scorpion_010.png,train,189000,png,148928,1.2690696175333047,jpeg,85,31915,5.9219802600658,0.7857018156424581,38.48772331223239,0.9920365568646652,0.9888466973030162,0.09852598913886734,True,True,True,LOSSY,1
caltech_ceiling_fan_001,data/processed/caltech_ceiling_fan_001.png,train,167400,png,77015,2.1736025449587744,jpeg,85,15299,10.94189162690372,0.8013503862883854,42.77350789639641,0.9914464038595431,0.9865543469489672,0.05568248233356357,True,True,True,LOSSY,1
caltech_stop_sign_003,data/processed/caltech_stop_sign_003.png,train,249300,png,71376,3.492770679219906,jpeg,85,15535,16.047634373994207,0.7823498094597624,43.7403219040102,0.9921772031569024,1.0,0.6824587763175413,True,True,True,LOSSY,1
caltech_flamingo_004,data/processed/caltech_flamingo_004.png,train,202500,png,142976,1.4163216204118174,jpeg,85,31370,6.45521198597386,0.7805925470008953,38.77201048242101,0.9898191532798353,0.9875808124011586,0.0324787805300537,True,True,True,LOSSY,1
caltech_ceiling_fan_009,data/processed/caltech_ceiling_fan_009.png,train,108900,png,46013,2.366722448003825,jpeg,85,9444,11.531130876747142,0.7947536565753157,44.658103939242835,0.9923883323305427,1.0,0.01174403550952469,True,True,True,LOSSY,1
kodim08,data/processed/kodim08.png,train,1179648,png,773497,1.5250841309016065,jpeg,85,155600,7.581285347043702,0.7988356774492984,35.16651698996296,0.9623993137808945,0.9681364076299075,0.006126040014772011,True,True,True,LOSSY,1
caltech_wrench_010,data/processed/caltech_wrench_010.png,train,270000,png,15235,17.72234985231375,jpeg,85,6157,43.85252558063992,0.5958647850344602,52.739205910447424,0.9992867223483982,0.9993535085962651,0.9547785259776363,True,True,True,LOSSY,1
caltech_octopus_001,data/processed/caltech_octopus_001.png,train,200700,png,68151,2.9449311088612053,jpeg,85,16207,12.383537977417165,0.7621898431424338,41.67282753678306,0.9952437095812204,0.9954941736154278,0.8318783588936951,True,True,True,LOSSY,1
caltech_pagoda_008,data/processed/caltech_pagoda_008.png,train,176400,png,85573,2.061397870823741,jpeg,85,17714,9.95822513266343,0.7929954541736295,40.12648140604967,0.9894006637700087,0.9889715717299119,0.4032463161044207,True,True,True,LOSSY,1
caltech_panda_006,data/processed/caltech_panda_006.png,train,201600,png,141878,1.4209391167059022,jpeg,85,27789,7.254669113678074,0.804134538124304,41.32449470951346,0.9925791824965396,0.9922475940553176,0.0005537098560354374,True,True,True,LOSSY,1
caltech_crayfish_010,data/processed/caltech_crayfish_010.png,train,189900,png,92771,2.046975886861196,jpeg,85,19809,9.586551567469332,0.7864742214700715,41.183407369723355,0.9898016066169645,0.9944926724123774,0.12676903593477917,True,True,True,LOSSY,1
caltech_sea_horse_004,data/processed/caltech_sea_horse_004.png,train,191700,png,99384,1.928881912581502,jpeg,85,19580,9.790602655771195,0.8029863962005956,41.496291534727064,0.9906621831156017,0.9906154283056282,0.4565674647572164,True,True,True,LOSSY,1
caltech_saxophone_004,data/processed/caltech_saxophone_004.png,train,195300,png,47210,4.1368354162253755,jpeg,85,10042,19.448317068313084,0.7872908282143614,46.939475038700955,0.9975538256317874,0.998146516761604,0.9025149374105459,True,True,True,LOSSY,1
caltech_Faces_easy_009,data/processed/caltech_Faces_easy_009.png,train,255636,png,110427,2.31497731533049,jpeg,85,19084,13.395304967512052,0.8271799469332681,45.68055776988455,0.9925357259599062,0.9920940588031673,0.07535451816582134,True,True,True,LOSSY,1
caltech_ibis_006,data/processed/caltech_ibis_006.png,train,191700,png,106163,1.8057138551095957,jpeg,85,18818,10.187054947390797,0.8227442706027523,42.938653716536656,0.9906927469791725,0.9901765899381446,0.0022776881465312706,True,True,True,LOSSY,1
caltech_wrench_001,data/processed/caltech_wrench_001.png,train,164700,png,29668,5.551435890521774,jpeg,85,7338,22.444807849550287,0.752662801671835,46.72790650061995,0.9975777228356656,0.9984642597870834,0.8307699819344758,True,True,True,LOSSY,1
caltech_panda_002,data/processed/caltech_panda_002.png,train,249300,png,138861,1.7953205003564716,jpeg,85,26002,9.587724021229135,0.8127479997983595,42.82387103842291,0.9924726389795082,0.9910277874768143,0.06044630975534855,True,True,True,LOSSY,1
caltech_buddha_008,data/processed/caltech_buddha_008.png,train,270000,png,87545,3.0841281626592036,jpeg,85,19944,13.537906137184116,0.7721857330515735,43.612484578133454,0.9951176362354462,0.9964056595982073,0.7441795652360331,True,True,True,LOSSY,1
caltech_water_lilly_002,data/processed/caltech_water_lilly_002.png,train,213300,png,72130,2.957160682101761,jpeg,85,13973,15.265154226007299,0.8062803271870235,43.26099196064622,0.9887781591794335,0.9892650743438757,0.18090039807936964,True,True,True,LOSSY,1
caltech_butterfly_006,data/processed/caltech_butterfly_006.png,train,243900,png,80255,3.0390629867297987,jpeg,85,16216,15.040700542673902,0.7979440533300106,45.048104846914434,0.9935355275131003,0.9880451616118971,0.7447978173229629,True,True,True,LOSSY,1
caltech_emu_002,data/processed/caltech_emu_002.png,train,198000,png,152266,1.3003559560243259,jpeg,85,32878,6.02226412798832,0.7840752367567284,37.628127308619874,0.9927965880943516,0.9933998989350544,0.2048554282596836,True,True,True,LOSSY,1
caltech_pyramid_007,data/processed/caltech_pyramid_007.png,train,169200,png,73225,2.3106862410378968,jpeg,85,14088,12.010221465076661,0.8076066917036532,42.16320842942988,0.992316209392289,0.9961596360119407,0.26897158917747455,True,True,True,LOSSY,1
caltech_ewer_004,data/processed/caltech_ewer_004.png,train,172800,png,69848,2.4739434199977093,jpeg,85,12734,13.569970158630438,0.8176898407971596,44.31291763401361,0.9930684784053542,0.9947029379606636,0.05291643471268634,True,True,True,LOSSY,1
edge_03_dense_texture,data/processed/edge_03_dense_texture.png,train,1179648,png,201892,5.842965545935451,jpeg,85,156837,7.521490464622506,0.22316386979176986,39.38622261123182,0.9850341482265419,1.0,0.001283477368015744,True,False,True,LOSSLESS,0
caltech_bass_005,data/processed/caltech_bass_005.png,train,161100,png,47583,3.385662946850766,jpeg,85,10550,15.270142180094787,0.7782821595948133,43.62207458955673,0.9952694903138091,0.9895334668148028,0.838211449143925,True,True,True,LOSSY,1
caltech_tick_010,data/processed/caltech_tick_010.png,train,219600,png,119589,1.8362892908210622,jpeg,85,20725,10.595898673100121,0.8266981076854895,43.75352173627149,0.991268459527045,0.9896635086625212,0.010305231131612523,True,True,True,LOSSY,1
caltech_Faces_easy_006,data/processed/caltech_Faces_easy_006.png,train,285243,png,161883,1.7620318378087878,jpeg,85,29442,9.68830242510699,0.8181279071922314,42.97866650697774,0.9917777010787803,0.992605340264785,0.012482662968099861,True,True,True,LOSSY,1
caltech_mandolin_010,data/processed/caltech_mandolin_010.png,train,177300,png,113947,1.5559865551528342,jpeg,85,22984,7.7140619561434045,0.7982921884735886,40.5470051267902,0.9922131432891304,0.9934642384360052,0.020754295916090158,True,True,True,LOSSY,1
caltech_flamingo_head_010,data/processed/caltech_flamingo_head_010.png,train,202500,png,123457,1.6402472115797404,jpeg,85,24180,8.37468982630273,0.804142332958034,41.12436886474512,0.9860094617329942,0.9842510042731578,0.12360748992652287,True,True,True,LOSSY,1
caltech_laptop_005,data/processed/caltech_laptop_005.png,train,220500,png,77628,2.840469933529139,jpeg,85,19852,11.10719322990127,0.744267532333694,40.503691419621944,0.9927688039594756,0.9863980163613639,0.6476702608310003,True,True,True,LOSSY,1
caltech_Leopards_010,data/processed/caltech_Leopards_010.png,train,73728,png,37733,1.9539395224339438,jpeg,85,7037,10.477191985220975,0.8135054196591842,42.614792880270386,0.9892469582331715,0.996262353169257,0.02567581672059284,True,True,True,LOSSY,1
caltech_car_side_009,data/processed/caltech_car_side_009.png,train,177300,png,51694,3.429798429218091,jpeg,85,15299,11.588992744623832,0.7040468913220103,45.37264457795623,0.9960915576643172,0.996050885707925,0.0271665538253216,True,True,True,LOSSY,1
caltech_schooner_004,data/processed/caltech_schooner_004.png,train,194400,png,86339,2.251589663998888,jpeg,85,16641,11.681990265008112,0.8072597551512063,42.42789122007594,0.9920304683097324,0.9922033849162329,0.13480135912179822,True,True,True,LOSSY,1
caltech_mayfly_001,data/processed/caltech_mayfly_001.png,train,197100,png,36249,5.43739137631383,jpeg,85,7924,24.87380111055023,0.7814008662307925,44.175310227630305,0.9951507054610794,0.997121923507197,0.4009083037339412,True,True,True,LOSSY,1
caltech_Motorbikes_003,data/processed/caltech_Motorbikes_003.png,train,128607,png,40234,3.1964756176368248,jpeg,85,10035,12.815844544095665,0.7505840831137843,42.368226711818906,0.9968195001376321,0.9969130779248616,0.7752767527675277,True,True,True,LOSSY,1
caltech_wrench_006,data/processed/caltech_wrench_006.png,train,270000,png,27626,9.77340186780569,jpeg,85,10611,25.44529262086514,0.6159053065952363,44.74513204889945,0.9972811060146789,0.99933961795763,0.913986096382703,True,True,True,LOSSY,1
caltech_ewer_010,data/processed/caltech_ewer_010.png,train,193500,png,98481,1.964846010905657,jpeg,85,19950,9.699248120300751,0.7974228531391843,40.02429388002768,0.9939343440217994,0.9950249061612838,0.07946551890277198,True,True,True,LOSSY,1
caltech_scorpion_002,data/processed/caltech_scorpion_002.png,train,252900,png,103106,2.4528155490466124,jpeg,85,17594,14.374218483573946,0.8293600760382519,45.586912332443966,0.9925350071307301,0.9905699272986418,0.4741666892679884,True,True,True,LOSSY,1
caltech_bonsai_010,data/processed/caltech_bonsai_010.png,train,202500,png,148510,1.3635445424550536,jpeg,85,33052,6.12670942756868,0.777442596458151,38.47305810687864,0.9921265599427952,0.9924589856146852,0.002396439575487847,True,True,True,LOSSY,1
caltech_Faces_easy_005,data/processed/caltech_Faces_easy_005.png,train,287100,png,142702,2.0118849070090117,jpeg,85,25261,11.365345789952892,0.822980757102213,44.61977566656622,0.992195312603038,0.9933342080595702,0.02454690300736905,True,True,True,LOSSY,1
caltech_water_lilly_007,data/processed/caltech_water_lilly_007.png,train,260100,png,174285,1.4923831655047766,jpeg,85,34322,7.578229706893538,0.8030696847118226,40.26540433662967,0.9895858817451716,0.9889479642613582,0.029471544715447155,True,True,True,LOSSY,1
caltech_sunflower_004,data/processed/caltech_sunflower_004.png,train,143100,png,69887,2.04759111136549,jpeg,85,17118,8.3596214511041,0.7550617425272225,38.89233040504479,0.9888757832990424,0.9853745283042797,0.7761564139246543,True,True,True,LOSSY,1
caltech_snoopy_001,data/processed/caltech_snoopy_001.png,train,189000,png,127435,1.4831090359791266,jpeg,85,26242,7.202194954652847,0.79407541099384,39.50735030790747,0.9898215789322783,0.9946688611136859,0.10877091748413156,True,True,True,LOSSY,1
caltech_ferry_003,data/processed/caltech_ferry_003.png,train,146700,png,94251,1.5564821593404845,jpeg,85,19432,7.549403046521202,0.7938271211976531,40.34747575640758,0.9920583607740768,0.9914629119881961,0.0026238110856018366,True,True,True,LOSSY,1
caltech_electric_guitar_001,data/processed/caltech_electric_guitar_001.png,train,190800,png,39514,4.828668320089083,jpeg,85,9828,19.413919413919412,0.7512780280406944,45.15192586001483,0.9952257098002589,0.9962697870903013,0.8914331163530569,True,True,True,LOSSY,1
caltech_crocodile_001,data/processed/caltech_crocodile_001.png,train,215100,png,172899,1.2440789131226901,jpeg,85,37784,5.6928858776201565,0.7814677933359938,36.68553918008991,0.991872212516764,0.9906083213728147,0.001697792869269949,True,True,True,LOSSY,1
caltech_platypus_006,data/processed/caltech_platypus_006.png,train,265500,png,69031,3.8460981298257306,jpeg,85,11294,23.508057375597662,0.8363923454679781,49.666430641225304,0.9942012310647109,1.0,0.10776273126072859,True,True,True,LOSSY,1
caltech_dragonfly_005,data/processed/caltech_dragonfly_005.png,train,234000,png,65700,3.5616438356164384,jpeg,85,18403,12.715318154648699,0.7198934550989345,41.909248112008164,0.9959265342729652,0.9862633168875881,0.7853190029727876,True,True,True,LOSSY,1
caltech_watch_007,data/processed/caltech_watch_007.png,train,265500,png,55432,4.789652186462693,jpeg,85,10544,25.18019726858877,0.809784961754943,47.017849306700995,0.9935350315686304,0.994449289571022,0.6956521739130435,True,True,True,LOSSY,1
caltech_buddha_005,data/processed/caltech_buddha_005.png,train,162000,png,63625,2.5461689587426326,jpeg,85,13354,12.13119664519994,0.7901139489194499,43.33390439669627,0.9936694616840892,0.9891899716880527,0.7122874893047134,True,True,True,LOSSY,1
caltech_camera_009,data/processed/caltech_camera_009.png,train,248400,png,78603,3.1601847257738256,jpeg,85,16383,15.162058231093207,0.7915728407312698,43.990339637429166,0.9948278037893519,0.9908569883190509,0.7721360992536009,True,True,True,LOSSY,1
caltech_snoopy_009,data/processed/caltech_snoopy_009.png,train,248400,png,91445,2.716386899229045,jpeg,85,21927,11.328499110685456,0.7602165235934168,40.52913226291199,0.9940309074886127,0.9948527255243225,0.8020344458754448,True,True,True,LOSSY,1
caltech_menorah_006,data/processed/caltech_menorah_006.png,train,187200,png,101338,1.8472833487931477,jpeg,85,19633,9.534966637803699,0.806262211608676,42.47492353331306,0.9908161556567475,0.9894751289609443,0.029455393091756727,True,True,True,LOSSY,1
caltech_flamingo_010,data/processed/caltech_flamingo_010.png,train,197100,png,95802,2.0573683221644643,jpeg,85,18295,10.773435364853786,0.8090332143379053,43.18225756094179,0.991362024187036,0.9985066190843707,0.08745299458864533,True,True,True,LOSSY,1
caltech_starfish_004,data/processed/caltech_starfish_004.png,train,248400,png,191948,1.2941004855481693,jpeg,85,40367,6.153541258949142,0.789698251609811,36.752242027231524,0.989796341702276,0.9933469092235764,0.0017050298380221654,True,True,True,LOSSY,1
caltech_barrel_001,data/processed/caltech_barrel_001.png,train,226800,png,108195,2.096215167059476,jpeg,85,23018,9.853158397775655,0.7872544942002865,43.056058482461694,0.9930258741997348,0.9920650652308304,0.4421183882399265,True,True,True,LOSSY,1
caltech_cup_005,data/processed/caltech_cup_005.png,train,198900,png,42732,4.654591406908172,jpeg,85,8600,23.127906976744185,0.7987456706917533,47.88232031723545,0.9955904365294203,0.9974032549848869,0.5178253892527215,True,True,True,LOSSY,1
caltech_Motorbikes_004,data/processed/caltech_Motorbikes_004.png,train,117900,png,35294,3.340511135037117,jpeg,85,8909,13.233808508250084,0.7475774919249731,42.49002864158251,0.9970706964693313,0.9968354284714154,0.782360097323601,True,True,True,LOSSY,1
caltech_euphonium_004,data/processed/caltech_euphonium_004.png,train,202500,png,113831,1.7789530092856956,jpeg,85,21991,9.208312491473785,0.8068100956681397,41.06316232663892,0.9931061484909485,0.9906910871074248,0.008361204013377926,True,True,True,LOSSY,1
caltech_binocular_005,data/processed/caltech_binocular_005.png,train,216000,png,57847,3.73398793368714,jpeg,85,13994,15.435186508503644,0.7580859854443619,43.06512070489948,0.994613977313494,0.9857707695975143,0.8039910607462922,True,True,True,LOSSY,1
caltech_cellphone_010,data/processed/caltech_cellphone_010.png,train,239400,png,96952,2.4692631405231453,jpeg,85,30684,7.802111849824013,0.6835134912121462,36.83328433183842,0.9910215565669955,0.9916043169190429,0.8017185726052403,True,True,True,LOSSY,1
caltech_strawberry_008,data/processed/caltech_strawberry_008.png,train,196200,png,71960,2.726514730405781,jpeg,85,12497,15.699767944306634,0.8263340744858254,47.15816327475952,0.9930526709171899,0.9909507028439695,0.01257236671563121,True,True,True,LOSSY,1
caltech_schooner_007,data/processed/caltech_schooner_007.png,train,191700,png,111893,1.7132439026570028,jpeg,85,21150,9.063829787234043,0.8109801328054481,42.05657223501405,0.9911846899957909,0.990729233845466,0.008726415094339622,True,True,True,LOSSY,1
edge_01_smooth_gradient,data/processed/edge_01_smooth_gradient.png,train,1179648,png,2460,479.5317073170732,jpeg,85,17760,66.42162162162163,-6.219512195121951,50.81441239778523,0.9970888432363477,0.9950465409090834,0.5481770833333334,True,False,True,LOSSLESS,0
caltech_beaver_007,data/processed/caltech_beaver_007.png,train,227700,png,143101,1.5911838491694676,jpeg,85,25593,8.896964013597469,0.8211542896276057,42.099978256416975,0.9918875920462161,0.9932698569600984,0.004686876745113682,True,True,True,LOSSY,1
caltech_crocodile_007,data/processed/caltech_crocodile_007.png,train,162000,png,124731,1.2987950068547514,jpeg,85,25703,6.3027662140606155,0.7939325428321748,38.0592023480775,0.9885548589430305,0.9872196998980862,0.002010454362685967,True,True,True,LOSSY,1
caltech_ceiling_fan_002,data/processed/caltech_ceiling_fan_002.png,train,149400,png,31554,4.734740444951512,jpeg,85,20901,7.147983350078944,0.3376117132534702,37.248524467995395,0.9938691681173083,0.9935391300183416,0.8240698962221584,True,True,True,LOSSY,1
caltech_BACKGROUND_Google_001,data/processed/caltech_BACKGROUND_Google_001.png,train,62640,png,42441,1.4759312928536086,jpeg,85,11466,5.463108320251178,0.7298367144977734,36.79341150145548,0.9783331937187404,0.9853008122902075,0.06704707560627675,True,True,True,LOSSY,1
caltech_sunflower_007,data/processed/caltech_sunflower_007.png,train,174600,png,100297,1.7408297356850155,jpeg,85,19417,8.99212030694752,0.8064049772176636,42.16650171376535,0.9868129525915972,0.9879606846841443,0.09415420796237191,True,True,True,LOSSY,1
caltech_anchor_002,data/processed/caltech_anchor_002.png,train,210600,png,82533,2.551706590091236,jpeg,85,17561,11.992483343773134,0.7872245041377388,42.91930475708704,0.9926379516765734,0.9892013722075598,0.08808601211591988,True,True,True,LOSSY,1
caltech_lobster_003,data/processed/caltech_lobster_003.png,train,177300,png,127189,1.3939884738460087,jpeg,85,27313,6.491414344817486,0.7852565866545063,38.25687103244157,0.9886229798529372,0.9889534593714755,0.19945687798483003,True,True,True,LOSSY,1
caltech_stapler_009,data/processed/caltech_stapler_009.png,train,230400,png,89914,2.5624485619592057,jpeg,85,18203,12.657254298741966,0.7975509931712526,43.07677753765024,0.9905608061624308,0.9893409689443333,0.5773839572760847,True,True,True,LOSSY,1
kodim12,data/processed/kodim12.png,train,1179648,png,580778,2.0311513177152025,jpeg,85,79598,14.82007085605166,0.86294591048559,39.153795141562455,0.9512153064895612,0.9937078364829945,0.03082203755288523,True,True,True,LOSSY,1
caltech_crocodile_002,data/processed/caltech_crocodile_002.png,train,166500,png,124879,1.333290625325315,jpeg,85,26803,6.211991195015483,0.7853682364528864,38.594704081423515,0.9925913566756811,0.9916866849436003,0.22391332387462917,True,True,True,LOSSY,1
caltech_trilobite_008,data/processed/caltech_trilobite_008.png,train,211500,png,115589,1.8297588870913322,jpeg,85,22364,9.457163298157754,0.8065213817923851,41.659763544927316,0.9920285679356216,0.990719977419641,0.5065354748468625,True,True,True,LOSSY,1
caltech_platypus_010,data/processed/caltech_platypus_010.png,train,237600,png,127444,1.8643482627663914,jpeg,85,26432,8.98910411622276,0.7925991023508364,40.53497717714314,0.9949382378631552,1.0,0.36956862253688794,True,True,True,LOSSY,1
caltech_strawberry_001,data/processed/caltech_strawberry_001.png,train,202500,png,139387,1.452789714966245,jpeg,85,29814,6.792111088750252,0.7861063083357845,37.7248290389629,0.9865359758266544,0.9824889229158139,0.0008028904054596548,True,True,True,LOSSY,1
caltech_Leopards_004,data/processed/caltech_Leopards_004.png,train,73728,png,47572,1.549819221390734,jpeg,85,9479,7.778035657769807,0.8007441352055831,39.57368808526101,0.9901011475030087,0.9951454025245136,0.0013873473917869034,True,True,True,LOSSY,1
caltech_soccer_ball_006,data/processed/caltech_soccer_ball_006.png,train,258300,png,66898,3.8611019761427845,jpeg,85,14967,17.257967528562837,0.7762713384555592,45.03894661666307,0.9950584878572307,0.9925291727652998,0.6465405356000365,True,True,True,LOSSY,1
caltech_chandelier_010,data/processed/caltech_chandelier_010.png,train,202500,png,125847,1.6090967603518558,jpeg,85,27551,7.3500054444484775,0.781075432866894,38.54319043558044,0.9926408749810974,0.9924987544310357,0.061999514680902694,True,True,True,LOSSY,1
caltech_buddha_006,data/processed/caltech_buddha_006.png,train,180000,png,103868,1.732968768051758,jpeg,85,21403,8.410035976265009,0.793940385874379,40.218740904167475,0.9897953496664846,0.9903460523563166,0.049551675318546484,True,True,True,LOSSY,1
caltech_airplanes_006,data/processed/caltech_airplanes_006.png,train,173313,png,66554,2.604095922108363,jpeg,85,12989,13.34305951189468,0.8048351714397332,44.50959286206455,0.9915252634641013,0.9896305826026108,0.3351180578649817,True,True,True,LOSSY,1
caltech_binocular_002,data/processed/caltech_binocular_002.png,train,254700,png,74466,3.4203529127386996,jpeg,85,16653,15.294541524049722,0.7763677382966723,44.61209423386549,0.9943294085686807,0.9927932998255944,0.5480563353475758,True,True,True,LOSSY,1
caltech_anchor_003,data/processed/caltech_anchor_003.png,train,243000,png,116519,2.085496785931908,jpeg,85,30683,7.919694945083597,0.736669556038071,37.99310792330935,0.9937412392972513,0.9969093137972076,0.4186418359668924,True,True,True,LOSSY,1
caltech_hawksbill_003,data/processed/caltech_hawksbill_003.png,train,178200,png,91490,1.9477538528800962,jpeg,85,17122,10.407662656231748,0.8128538638102525,41.149192578094684,0.9907067003503242,0.9944232261731516,0.012370567213415192,True,True,True,LOSSY,1
caltech_Motorbikes_002,data/processed/caltech_Motorbikes_002.png,train,127818,png,34894,3.663036625207772,jpeg,85,9030,14.154817275747508,0.7412162549435433,42.59530062179914,0.9975002480836085,0.9968302135987432,0.8155065890503911,True,True,True,LOSSY,1
caltech_cup_010,data/processed/caltech_cup_010.png,train,171900,png,57438,2.9927922281416484,jpeg,85,10794,15.925514174541412,0.8120756293742818,45.23260873804812,0.9919176334176392,0.9955477534137384,0.059347663490618194,True,True,True,LOSSY,1
caltech_elephant_006,data/processed/caltech_elephant_006.png,train,190800,png,116972,1.6311595937489314,jpeg,85,22852,8.349378610187292,0.8046370071470096,41.31258612424326,0.9927512951055336,0.9917885481715735,0.0071451770055212735,True,True,True,LOSSY,1
caltech_bass_003,data/processed/caltech_bass_003.png,train,131400,png,96860,1.356597150526533,jpeg,85,19520,6.73155737704918,0.7984720214742927,40.3980111028764,0.9927403955477576,0.9908759580891577,0.0028702640642939152,True,True,True,LOSSY,1
caltech_mandolin_002,data/processed/caltech_mandolin_002.png,train,207000,png,124620,1.661049590755898,jpeg,85,26012,7.957865600492081,0.7912694591558337,40.52154420993745,0.9922800866307043,0.9904903344876202,0.10630220197418375,True,True,True,LOSSY,1
caltech_umbrella_004,data/processed/caltech_umbrella_004.png,train,208800,png,31382,6.653495634440125,jpeg,85,7910,26.396965865992414,0.7479446816646486,46.05264728404151,0.9928482748107571,1.0,0.7168246831525104,True,True,True,LOSSY,1
caltech_rooster_006,data/processed/caltech_rooster_006.png,train,270000,png,101563,2.6584484507153197,jpeg,85,27846,9.696186166774401,0.7258253497828934,38.41092785326791,0.9926846542854658,0.9923442682096485,0.7953979615653933,True,True,True,LOSSY,1
caltech_cannon_009,data/processed/caltech_cannon_009.png,train,212589,png,68140,3.1198855297916057,jpeg,85,11656,18.238589567604667,0.8289404167889639,47.71045385574621,0.9940974801511623,0.9899304232559576,0.2234063451527355,True,True,True,LOSSY,1
caltech_gramophone_003,data/processed/caltech_gramophone_003.png,train,221400,png,86320,2.5648748841519926,jpeg,85,22176,9.983766233766234,0.7430954587581093,38.177894713735874,0.99301778926551,0.9971314827513159,0.7589330024813896,True,True,True,LOSSY,1
caltech_garfield_006,data/processed/caltech_garfield_006.png,train,202500,png,127868,1.5836644039165388,jpeg,85,24789,8.168945903424905,0.8061360152657427,41.10061291803959,0.9886821946284893,0.992913041731053,0.011593996728074542,True,True,True,LOSSY,1
caltech_wild_cat_010,data/processed/caltech_wild_cat_010.png,train,202500,png,124960,1.6205185659411012,jpeg,85,24280,8.340197693574959,0.8056978233034571,43.21139302515795,0.9944769234536729,0.9929790981953062,0.0032276438200113918,True,True,True,LOSSY,1
caltech_butterfly_007,data/processed/caltech_butterfly_007.png,train,180000,png,61652,2.9196133134367095,jpeg,85,13245,13.590033975084937,0.7851651203529488,43.40679876664957,0.9899737338222055,0.992108170004134,0.6445168938944873,True,True,True,LOSSY,1
caltech_soccer_ball_008,data/processed/caltech_soccer_ball_008.png,train,230400,png,47240,4.877222692633362,jpeg,85,9405,24.497607655502392,0.8009102455546148,47.602221630866794,0.9954954801979014,0.9985754461756977,0.7557179615467086,True,True,True,LOSSY,1
caltech_sunflower_009,data/processed/caltech_sunflower_009.png,train,266400,png,165096,1.6136066288704753,jpeg,85,35068,7.596669328162427,0.787590250520909,41.17088549781098,0.9949997792284915,0.9953319067324571,0.5212100139082059,True,True,True,LOSSY,1
caltech_rhino_005,data/processed/caltech_rhino_005.png,train,168300,png,79698,2.111721749604758,jpeg,85,15754,10.683001142566967,0.80232879118673,44.732021988938214,0.9928247343934645,0.9926948016020561,0.002276176024279211,True,True,True,LOSSY,1
caltech_wheelchair_002,data/processed/caltech_wheelchair_002.png,train,241200,png,109930,2.194123533157464,jpeg,85,22675,10.637265711135612,0.7937323751478214,42.800810484044746,0.9946141884546505,0.9935586218372037,0.5421055580457194,True,True,True,LOSSY,1
caltech_butterfly_002,data/processed/caltech_butterfly_002.png,train,198900,png,103438,1.9228910071733791,jpeg,85,19742,10.074967075270996,0.8091417080763356,41.722298375564336,0.9887123848434632,0.9911882411669741,0.4344309392265193,True,True,True,LOSSY,1
caltech_camera_001,data/processed/caltech_camera_001.png,train,258300,png,73584,3.51027397260274,jpeg,85,16648,15.515377222489187,0.7737551641661231,44.538407370735925,0.9958284861327856,0.9946576979171898,0.6113356966643863,True,True,True,LOSSY,1
caltech_barrel_005,data/processed/caltech_barrel_005.png,train,263700,png,65875,4.00303605313093,jpeg,85,12700,20.763779527559056,0.8072106261859583,48.31075119252999,0.9951513614522461,0.9921661803880983,0.7740708867852782,True,True,True,LOSSY,1
caltech_wrench_003,data/processed/caltech_wrench_003.png,train,258300,png,23280,11.095360824742269,jpeg,85,8331,31.004681310767015,0.642139175257732,44.92803769037212,0.9980486228018268,0.9966413558638797,0.9609176653205119,True,True,True,LOSSY,1
caltech_bonsai_008,data/processed/caltech_bonsai_008.png,train,181800,png,93812,1.9379183899714323,jpeg,85,19854,9.15684496826836,0.7883639619664862,41.623316307966185,0.9901567310696276,0.9906251083646105,0.09570047872820883,True,True,True,LOSSY,1
caltech_pigeon_005,data/processed/caltech_pigeon_005.png,train,181800,png,104224,1.7443199263125575,jpeg,85,19579,9.285458910056693,0.8121449953945349,42.27171253879022,0.9927947611183153,0.9914454251866975,0.013482369209495275,True,True,True,LOSSY,1
caltech_windsor_chair_001,data/processed/caltech_windsor_chair_001.png,train,173700,png,76013,2.285135437359399,jpeg,85,16588,10.47142512659754,0.7817741702077277,44.380072085534934,0.9950260498983406,0.9935078217246216,0.007604230399440608,True,True,True,LOSSY,1
caltech_soccer_ball_005,data/processed/caltech_soccer_ball_005.png,train,193500,png,97894,1.9766277810693198,jpeg,85,18215,10.623112819105133,0.8139313951825444,42.16119197475142,0.9903347278508702,0.991107000560798,0.014569692679761694,True,True,True,LOSSY,1
caltech_wrench_008,data/processed/caltech_wrench_008.png,train,270000,png,30585,8.827856792545365,jpeg,85,7541,35.80426999071741,0.7534412293607978,50.93485163943093,0.9983822840102027,1.0,0.8914434823248387,True,True,True,LOSSY,1
caltech_sunflower_006,data/processed/caltech_sunflower_006.png,train,207000,png,110683,1.8702059033455907,jpeg,85,20005,10.347413146713322,0.819258603398896,42.577107411822155,0.9869927188134855,0.987150794398247,0.022972972972972974,True,True,True,LOSSY,1
caltech_brain_006,data/processed/caltech_brain_006.png,train,238500,png,150364,1.5861509403846665,jpeg,85,32217,7.402923922152901,0.7857399377510574,38.44107405321664,0.9909626910145302,0.9979153888678283,0.5916012681253573,True,True,True,LOSSY,1
caltech_metronome_010,data/processed/caltech_metronome_010.png,train,166500,png,67795,2.45593332841655,jpeg,85,13372,12.451390966198026,0.8027583155099933,43.68983025316878,0.9898378394158541,0.9843994429102851,0.4138465419685011,True,True,True,LOSSY,1
caltech_cup_007,data/processed/caltech_cup_007.png,train,270000,png,33610,8.033323415650104,jpeg,85,15747,17.146123071061155,0.5314787265694734,42.20838198884482,0.994609399311552,0.987356978153147,0.8405702405702405,True,True,True,LOSSY,1
caltech_ibis_007,data/processed/caltech_ibis_007.png,train,219600,png,154986,1.4169021718090666,jpeg,85,30128,7.288900690387679,0.8056082484869601,40.79726665683273,0.9918724799374806,0.9890526381781604,0.00351150994927819,True,True,True,LOSSY,1
caltech_bonsai_002,data/processed/caltech_bonsai_002.png,train,238500,png,106696,2.2353227862337857,jpeg,85,21192,11.254246885617214,0.8013796206043338,41.32595852354774,0.9936444560170686,0.9950719166896825,0.3193121961102107,True,True,True,LOSSY,1
caltech_cannon_003,data/processed/caltech_cannon_003.png,train,164700,png,30612,5.380243041944335,jpeg,85,17760,9.27364864864865,0.4198353586828695,38.30246682667489,0.9927158340373832,0.9856056873848035,0.7716847843617948,True,True,True,LOSSY,1
caltech_chair_008,data/processed/caltech_chair_008.png,train,215100,png,72396,2.9711586275484834,jpeg,85,14102,15.253155580768686,0.8052102326095364,45.57016666397442,0.9948539786277552,0.9971967974199598,0.181655491119971,True,True,True,LOSSY,1
caltech_dollar_bill_007,data/processed/caltech_dollar_bill_007.png,train,131400,png,94162,1.3954673859943503,jpeg,85,20712,6.3441483198146,0.780038656782991,39.71613748740483,0.9959643769298173,0.9954050734531548,0.05141796978531672,True,True,True,LOSSY,1
kodim04,data/processed/kodim04.png,train,1179648,png,651228,1.8114208848513884,jpeg,85,96716,12.197030480995906,0.85148672968607,38.08195702065093,0.9472848032925416,0.9612819213461322,0.008034075286675832,True,True,True,LOSSY,1
caltech_panda_007,data/processed/caltech_panda_007.png,train,227700,png,120986,1.882035938042418,jpeg,85,21679,10.503251995018221,0.8208139784768486,43.74851146124398,0.9898950940007248,0.9905423889894471,0.3839200998751561,True,True,True,LOSSY,1
caltech_okapi_002,data/processed/caltech_okapi_002.png,train,181800,png,124082,1.465160136039071,jpeg,85,25143,7.2306407349958235,0.7973678696345965,39.77376886243685,0.9886702436700952,0.9890372632281474,0.03015291837174241,True,True,True,LOSSY,1
caltech_Faces_009,data/processed/caltech_Faces_009.png,train,503496,png,180176,2.7944676316490544,jpeg,85,32108,15.681325526348573,0.8217964656780037,46.4115736979636,0.9930401323353744,0.993467173485069,0.07012492865749255,True,True,True,LOSSY,1
caltech_buddha_003,data/processed/caltech_buddha_003.png,train,207900,png,89286,2.3284725488878437,jpeg,85,17269,12.038913660316174,0.8065878189189795,43.74902305688386,0.9950588999396098,0.9955216672724904,0.05167747392162391,True,True,True,LOSSY,1
caltech_brain_001,data/processed/caltech_brain_001.png,train,193500,png,76950,2.5146198830409356,jpeg,85,18391,10.52145070958621,0.7610006497725796,40.68120227247863,0.9909933110460348,0.9895362560544624,0.7950810014727541,True,True,True,LOSSY,1
caltech_ferry_010,data/processed/caltech_ferry_010.png,train,202500,png,50928,3.976201696512724,jpeg,85,10325,19.612590799031477,0.7972628023876845,46.57216726685561,0.9953324133377032,0.991857775537825,0.13869005847953217,True,True,True,LOSSY,1
caltech_revolver_001,data/processed/caltech_revolver_001.png,train,138600,png,39207,3.535083020889127,jpeg,85,9517,14.56341284018073,0.7572627336955136,44.31391087728905,0.9971420164880254,0.9957281686686762,0.8425981765937067,True,True,True,LOSSY,1
caltech_lotus_010,data/processed/caltech_lotus_010.png,train,202500,png,93186,2.173073208421866,jpeg,85,15144,13.3716323296355,0.8374863176872063,45.32398591332813,0.9905829589859065,0.9880064519037779,0.025696914075943558,True,True,True,LOSSY,1
caltech_stegosaurus_008,data/processed/caltech_stegosaurus_008.png,train,159300,png,83564,1.9063232971135895,jpeg,85,16965,9.389920424403183,0.7969819539514623,40.96234265233167,0.9894786752541632,0.9903357224341657,0.3799738464412479,True,True,True,LOSSY,1
caltech_hawksbill_004,data/processed/caltech_hawksbill_004.png,train,230400,png,140556,1.639204302911295,jpeg,85,27965,8.238870016091543,0.8010401548137397,39.28263370812715,0.9891413586606355,0.9885233072932588,0.09702956898301644,True,True,True,LOSSY,1
caltech_ibis_009,data/processed/caltech_ibis_009.png,train,227700,png,117460,1.9385322663034223,jpeg,85,20178,11.28456735057984,0.8282138600374596,44.130215487502525,0.9895972162963288,0.9925498850283182,0.00248920125924299,True,True,True,LOSSY,1
caltech_rhino_008,data/processed/caltech_rhino_008.png,train,150300,png,64951,2.314052131606904,jpeg,85,11886,12.64512872286724,0.8170005080753183,46.03230148991135,0.9929808269815835,0.9949182113657081,0.01831036983321247,True,True,True,LOSSY,1
caltech_stapler_005,data/processed/caltech_stapler_005.png,train,246600,png,63960,3.855534709193246,jpeg,85,15222,16.200236499802916,0.7620075046904315,43.66933009094096,0.9945249696023262,0.9892889497797431,0.7964296486201177,True,True,True,LOSSY,1
caltech_brontosaurus_008,data/processed/caltech_brontosaurus_008.png,train,173700,png,50026,3.472194458881382,jpeg,85,13641,12.733670552012315,0.7273217926678127,44.76938748424523,0.9952610085954858,0.9944717579659563,0.06944641422020517,True,True,True,LOSSY,1
caltech_windsor_chair_007,data/processed/caltech_windsor_chair_007.png,train,172800,png,67952,2.542971509300683,jpeg,85,13552,12.750885478158205,0.8005651047798445,44.13353573406993,0.9938653845517263,0.9948206904837906,0.029123248978968664,True,True,True,LOSSY,1
caltech_crayfish_005,data/processed/caltech_crayfish_005.png,train,202500,png,104884,1.9307043972388545,jpeg,85,21765,9.303928325292901,0.7924850310819572,41.36808664809397,0.9916232413405509,0.99092408096028,0.1260216366534405,True,True,True,LOSSY,1
caltech_headphone_005,data/processed/caltech_headphone_005.png,train,252000,png,72297,3.4856218100336114,jpeg,85,14693,17.151024297284422,0.7967688839094291,46.403500471394004,0.9965353147209318,0.9926638539130593,0.7508587086565551,True,True,True,LOSSY,1
caltech_mayfly_006,data/processed/caltech_mayfly_006.png,train,154800,png,28579,5.416564610378249,jpeg,85,12672,12.215909090909092,0.5565975016620596,39.61229700769956,0.9957644008531675,0.9986284498004125,0.9071756824096119,True,True,True,LOSSY,1
caltech_tick_001,data/processed/caltech_tick_001.png,train,240300,png,99889,2.4056702940263692,jpeg,85,27338,8.78996268929695,0.7263162109942035,37.94858437404825,0.9942937369708571,0.9978961140728009,0.848102750571814,True,True,True,LOSSY,1
caltech_strawberry_007,data/processed/caltech_strawberry_007.png,train,207900,png,96937,2.1446919133045173,jpeg,85,18837,11.036789297658864,0.8056779145218028,42.18737246676256,0.9875303493952318,0.9912426968681377,0.617803237537412,True,True,True,LOSSY,1
caltech_anchor_005,data/processed/caltech_anchor_005.png,train,238500,png,29487,8.088310102757147,jpeg,85,7449,32.01772049939589,0.7473802014447044,49.778246404232235,0.9977091761933182,1.0,0.8260074084071924,True,True,True,LOSSY,1
caltech_mayfly_010,data/processed/caltech_mayfly_010.png,train,184500,png,115729,1.5942417198800647,jpeg,85,21400,8.621495327102803,0.8150852422469735,40.392840090147345,0.9896118445637644,0.9883680314570071,0.11099328384588193,True,True,True,LOSSY,1
caltech_revolver_003,data/processed/caltech_revolver_003.png,train,162000,png,55640,2.9115744069015097,jpeg,85,13171,12.29974944954825,0.7632818116462976,42.53532805287476,0.9969191907693359,0.9966465397431781,0.8720940973612095,True,True,True,LOSSY,1
caltech_cougar_face_002,data/processed/caltech_cougar_face_002.png,train,194400,png,76923,2.5272025272025274,jpeg,85,19061,10.198835318188973,0.7522067522067523,41.717501086809825,0.9947896453460393,0.9969365924989746,0.0230209416307738,True,True,True,LOSSY,1
caltech_cannon_010,data/processed/caltech_cannon_010.png,train,206100,png,115510,1.7842611029348108,jpeg,85,21553,9.562473901545028,0.8134100943641244,42.91761425434161,0.9906058474079177,0.9900371430999078,0.05954279638490165,True,True,True,LOSSY,1
caltech_cougar_body_010,data/processed/caltech_cougar_body_010.png,train,160200,png,74938,2.137767220902613,jpeg,85,13731,11.667030806204938,0.816768528650351,44.87175652925109,0.9929668843151118,0.9908325367033369,0.013312753231719082,True,True,True,LOSSY,1
caltech_bass_008,data/processed/caltech_bass_008.png,train,146700,png,97486,1.5048314629792996,jpeg,85,19095,7.682639434406913,0.8041257206162936,41.75296052943018,0.9920216037041681,0.9911998593723775,0.015785975407111998,True,True,True,LOSSY,1
caltech_ibis_008,data/processed/caltech_ibis_008.png,train,246600,png,146379,1.6846678826880905,jpeg,85,26312,9.372149589540895,0.8202474398650079,44.0110652564276,0.9927419892604593,0.9909751210851039,0.002104581512060871,True,True,True,LOSSY,1
caltech_Motorbikes_005,data/processed/caltech_Motorbikes_005.png,train,130476,png,33492,3.895736295234683,jpeg,85,9092,14.350637923449186,0.7285321867908754,42.88384047599881,0.9976121250363222,0.9966204812534515,0.7930630257895462,True,True,True,LOSSY,1
caltech_octopus_007,data/processed/caltech_octopus_007.png,train,215100,png,60784,3.5387602000526455,jpeg,85,11214,19.181380417335472,0.8155106607001843,48.62946897049302,0.9950135406644042,0.995064824523532,0.01776690678421675,True,True,True,LOSSY,1
caltech_cougar_face_009,data/processed/caltech_cougar_face_009.png,train,234000,png,160074,1.46182390644327,jpeg,85,33130,7.063084817386055,0.7930332221347627,39.29828643015688,0.9930121883700358,0.9930991333305251,0.004221732745961821,True,True,True,LOSSY,1
caltech_crocodile_009,data/processed/caltech_crocodile_009.png,train,172800,png,113513,1.52229260084748,jpeg,85,21131,8.177559036486679,0.8138451102516893,41.44126900585347,0.9916806848910142,0.9914124528145561,0.0017278617710583153,True,True,True,LOSSY,1
caltech_car_side_008,data/processed/caltech_car_side_008.png,train,177300,png,44849,3.9532654016811968,jpeg,85,12701,13.959530745610582,0.7168052799393521,47.32181748513543,0.9958967231347455,1.0,0.020074855392990813,True,True,True,LOSSY,1
caltech_stop_sign_009,data/processed/caltech_stop_sign_009.png,train,244800,png,132833,1.8429155405659738,jpeg,85,24761,9.886515084205,0.8135930077616255,42.79846568980295,0.9902955954249176,0.9929624873421026,0.0443630687957738,True,True,True,LOSSY,1
caltech_tick_009,data/processed/caltech_tick_009.png,train,200700,png,93597,2.1442994967787428,jpeg,85,18338,10.944486857890718,0.8040749169310982,43.02315009469965,0.9932191816715324,0.9931722160945985,0.002815432742440042,True,True,True,LOSSY,1
caltech_camera_006,data/processed/caltech_camera_006.png,train,243900,png,92418,2.6390962799454654,jpeg,85,18544,13.152502157031924,0.7993464476617109,44.12038919933327,0.9945998409222591,0.9916859106036852,0.5360318073885914,True,True,True,LOSSY,1
caltech_hedgehog_004,data/processed/caltech_hedgehog_004.png,train,235800,png,90754,2.5982325847896512,jpeg,85,23433,10.062732044552554,0.7417965048372523,37.96777090634122,0.9953764908924297,0.9968936603667854,0.8280382090557146,True,True,True,LOSSY,1
caltech_pagoda_010,data/processed/caltech_pagoda_010.png,train,182700,png,77691,2.3516237402015676,jpeg,85,14628,12.489745693191141,0.8117156427385411,42.627910782112664,0.9915150579311324,0.9913508828159435,0.3815785468602563,True,True,True,LOSSY,1
caltech_laptop_010,data/processed/caltech_laptop_010.png,train,261900,png,114164,2.2940681826144846,jpeg,85,24186,10.828578516497148,0.7881468764233909,41.782185173072065,0.9949094420902855,0.9949078198123525,0.7315829918032787,True,True,True,LOSSY,1
caltech_nautilus_002,data/processed/caltech_nautilus_002.png,train,219600,png,129223,1.6993878798665871,jpeg,85,32079,6.8455999251847,0.7517547185872484,36.45034324648473,0.9884834935903452,0.9889846740605148,0.7056228443089757,True,True,True,LOSSY,1
caltech_bonsai_003,data/processed/caltech_bonsai_003.png,train,207000,png,148602,1.3929825978116042,jpeg,85,29404,7.03985852264998,0.8021291772654473,39.19426059668447,0.9894123556420712,0.9901653353703445,0.019838730321259438,True,True,True,LOSSY,1
caltech_wheelchair_001,data/processed/caltech_wheelchair_001.png,train,261900,png,151683,1.7266272423409348,jpeg,85,30420,8.609467455621301,0.7994501691026681,42.048153956050804,0.9921336181999961,0.9907814664768345,0.0014371570420695062,True,True,True,LOSSY,1
caltech_bonsai_004,data/processed/caltech_bonsai_004.png,train,220500,png,105681,2.0864677662020608,jpeg,85,22681,9.721793571712006,0.7853824244660819,40.50471877999093,0.9940317216825023,0.9960160298938343,0.3677526524488265,True,True,True,LOSSY,1
caltech_snoopy_006,data/processed/caltech_snoopy_006.png,train,250200,png,90166,2.7748818845241,jpeg,85,20526,12.189418298743057,0.7723532151808886,40.94988086373387,0.9950517411463918,0.9978635172488054,0.7513547269394251,True,True,True,LOSSY,1
caltech_stegosaurus_005,data/processed/caltech_stegosaurus_005.png,train,211500,png,134799,1.5690027374090312,jpeg,85,27187,7.779453415235222,0.7983145275558424,39.28865262924661,0.9910477257704845,0.9915313779430357,0.6042799958944883,True,True,True,LOSSY,1
caltech_water_lilly_004,data/processed/caltech_water_lilly_004.png,train,181800,png,101580,1.789722386296515,jpeg,85,19512,9.317343173431734,0.8079149438865918,43.11581228933106,0.990376348083066,0.9919862703502587,0.019357240352401044,True,True,True,LOSSY,1
caltech_ibis_010,data/processed/caltech_ibis_010.png,train,209700,png,81623,2.5691287994805387,jpeg,85,15549,13.48639783908933,0.8095022236379452,46.629148950880534,0.9925363163676845,1.0,0.003926810928231264,True,True,True,LOSSY,1
caltech_BACKGROUND_Google_008,data/processed/caltech_BACKGROUND_Google_008.png,train,503094,png,196689,2.5578146210515076,jpeg,85,56626,8.88450535089888,0.7121038797289121,37.314004537792016,0.9825717169732348,0.9945140000246092,0.4731918064815001,True,True,True,LOSSY,1
caltech_cougar_face_004,data/processed/caltech_cougar_face_004.png,train,235800,png,128960,1.8284739454094292,jpeg,85,23323,10.110191656304934,0.8191454714640198,42.717494063608434,0.9918125443998936,0.9923908266331078,0.1606897499312998,True,True,True,LOSSY,1
caltech_starfish_001,data/processed/caltech_starfish_001.png,train,180000,png,96910,1.8573934578474873,jpeg,85,19231,9.359887681347823,0.8015581467340832,41.45340048893982,0.9896042232463124,0.9903043384339083,0.32990502866646243,True,True,True,LOSSY,1
caltech_nautilus_004,data/processed/caltech_nautilus_004.png,train,180000,png,55991,3.2148023789537605,jpeg,85,11804,15.249068112504236,0.789180403993499,45.0057742914942,0.9955468420051959,0.9968282752740116,0.804979035639413,True,True,True,LOSSY,1
caltech_scorpion_008,data/processed/caltech_scorpion_008.png,train,156600,png,86838,1.8033579769225454,jpeg,85,15850,9.8801261829653,0.8174762200879799,42.159514035558736,0.9887999798873167,0.986792934351359,0.049567985447930875,True,True,True,LOSSY,1
caltech_joshua_tree_003,data/processed/caltech_joshua_tree_003.png,train,241200,png,116894,2.063407873800195,jpeg,85,23175,10.407766990291263,0.801743459886735,42.398776593513354,0.9923454447256809,0.9848615757278767,0.20597642599064148,True,True,True,LOSSY,1
caltech_wild_cat_005,data/processed/caltech_wild_cat_005.png,train,270000,png,182665,1.478115676237922,jpeg,85,43714,6.176510957587958,0.7606875975145758,38.52246105684008,0.9954324195669705,0.9971640923149664,0.39860520867385857,True,True,True,LOSSY,1
caltech_hawksbill_001,data/processed/caltech_hawksbill_001.png,train,200700,png,86866,2.310455183846384,jpeg,85,15918,12.60836788541274,0.8167522390808832,43.47352312116473,0.9844453328133645,0.9844119104182666,0.07205823632398563,True,True,True,LOSSY,1
caltech_BACKGROUND_Google_010,data/processed/caltech_BACKGROUND_Google_010.png,train,750000,png,214765,3.492189136963658,jpeg,85,40874,18.349072760189852,0.8096803482876632,45.08562259716939,0.9942405242837881,0.9898080346103815,0.07577343945444606,True,True,True,LOSSY,1
caltech_beaver_006,data/processed/caltech_beaver_006.png,train,204300,png,96585,2.11523528498214,jpeg,85,16859,12.118156474286732,0.825449086297044,43.24506868874795,0.9922236421226985,0.9911520701914676,0.10251920245154615,True,True,True,LOSSY,1
caltech_pigeon_006,data/processed/caltech_pigeon_006.png,train,232200,png,100788,2.3038456959161806,jpeg,85,18081,12.84221005475361,0.820603643290868,45.32694753473325,0.9914878845884635,0.995083847922615,0.05675539929683576,True,True,True,LOSSY,1
caltech_lamp_003,data/processed/caltech_lamp_003.png,train,206100,png,37841,5.446473401865701,jpeg,85,7709,26.734985082371253,0.7962791680980946,48.17266410104941,0.9938403831648362,1.0,0.1701159009422163,True,True,True,LOSSY,1
caltech_pagoda_005,data/processed/caltech_pagoda_005.png,train,172800,png,81553,2.1188674849484386,jpeg,85,16369,10.556539800843057,0.7992839012666609,40.73940845500062,0.9913387080485109,0.9886885067067593,0.4412293795690282,True,True,True,LOSSY,1
caltech_cougar_body_008,data/processed/caltech_cougar_body_008.png,train,181800,png,147960,1.2287104622871046,jpeg,85,31701,5.734834863253525,0.7857461476074615,37.56571947565554,0.9925535781787632,0.9916400653630915,0.15978695073235685,True,True,True,LOSSY,1
caltech_beaver_002,data/processed/caltech_beaver_002.png,train,180000,png,108849,1.6536670065871069,jpeg,85,20414,8.817478201234447,0.8124557873751711,42.97375000775773,0.9934443687773329,0.9935282383440156,0.04133831052122217,True,True,True,LOSSY,1
caltech_grand_piano_001,data/processed/caltech_grand_piano_001.png,train,243900,png,90361,2.699173315921692,jpeg,85,18377,13.272024813625729,0.7966268633591925,44.997753519959815,0.9932896714774578,0.9940753680133009,0.10501520984197917,True,True,True,LOSSY,1
caltech_rooster_002,data/processed/caltech_rooster_002.png,train,231300,png,137672,1.680080190597943,jpeg,85,24880,9.296623794212218,0.8192806089836714,42.815915035759,0.9917311175840298,0.9929116348292163,0.015580643031623424,True,True,True,LOSSY,1
caltech_ceiling_fan_006,data/processed/caltech_ceiling_fan_006.png,train,202500,png,140300,1.443335709194583,jpeg,85,29617,6.83728939460445,0.7889023521026373,38.60152134235071,0.989953781169535,0.9873209358525203,0.07124559718219661,True,True,True,LOSSY,1
caltech_panda_010,data/processed/caltech_panda_010.png,train,234900,png,181024,1.2976179954039244,jpeg,85,35630,6.592758911030031,0.8031752695775146,36.29876110791936,0.9868937074604164,0.9946754092768723,0.00293895373247124,True,True,True,LOSSY,1
caltech_wheelchair_010,data/processed/caltech_wheelchair_010.png,train,202500,png,123850,1.6350423899878885,jpeg,85,24338,8.320322130002465,0.8034880904319741,40.93954584596815,0.9910087804798224,0.9905506325833721,0.010081743869209809,True,True,True,LOSSY,1
caltech_ibis_002,data/processed/caltech_ibis_002.png,train,233100,png,118049,1.974603766232666,jpeg,85,21877,10.655025826210174,0.8146786503909393,43.275239680026736,0.9928834828032825,0.990444150319589,0.04384046652087889,True,True,True,LOSSY,1
caltech_bass_007,data/processed/caltech_bass_007.png,train,155700,png,92816,1.6775124978451992,jpeg,85,17021,9.147523647259268,0.8166156697121186,42.983842119344835,0.9915168775778384,0.9935233390499303,0.00845812534664448,True,True,True,LOSSY,1
caltech_hawksbill_007,data/processed/caltech_hawksbill_007.png,train,209898,png,142101,1.477104313129394,jpeg,85,32059,6.547241024361334,0.7743928614154721,37.90421945232786,0.993021102053668,0.9909635264547106,0.6081037538263251,True,True,True,LOSSY,1
caltech_dalmatian_001,data/processed/caltech_dalmatian_001.png,train,224100,png,61781,3.627328790404817,jpeg,85,16480,13.598300970873787,0.7332513232223499,45.92052138525136,0.9968737122592225,0.9964088754129681,0.3677719604421175,True,True,True,LOSSY,1
caltech_ketch_008,data/processed/caltech_ketch_008.png,train,209700,png,98569,2.127443719627875,jpeg,85,20031,10.468773401228097,0.79678194970021,42.8369395073938,0.9917014062862637,0.9966434671436505,0.064799849652321,True,True,True,LOSSY,1
caltech_inline_skate_007,data/processed/caltech_inline_skate_007.png,train,270000,png,72073,3.7462017676522414,jpeg,85,15696,17.201834862385322,0.7822208039071497,45.789212939676425,0.9965344589272406,0.9966191154273107,0.5331544653123802,True,True,True,LOSSY,1
caltech_gramophone_010,data/processed/caltech_gramophone_010.png,train,270000,png,137553,1.9628797627096464,jpeg,85,26833,10.062236797972645,0.8049261012118966,42.42725984809189,0.9917332425705552,0.9930616240909845,0.04647604979953577,True,True,True,LOSSY,1
caltech_tick_006,data/processed/caltech_tick_006.png,train,222300,png,74757,2.9736345760263254,jpeg,85,12590,17.656870532168387,0.8315876774081357,46.644879739007486,0.9930034169196925,0.9929135253902395,0.015496898187568423,True,True,True,LOSSY,1
caltech_stop_sign_006,data/processed/caltech_stop_sign_006.png,train,263700,png,100367,2.6273575976167467,jpeg,85,24713,10.670497309108566,0.7537736507019239,40.619309278909775,0.9864183273386016,0.9945921369139626,0.44892489492599136,True,True,True,LOSSY,1
caltech_lobster_008,data/processed/caltech_lobster_008.png,train,175500,png,48707,3.6031781879401317,jpeg,85,10757,16.314957701961514,0.7791487876485926,44.53269733425241,0.9961193672959987,0.9952853447366569,0.7670058509285169,True,True,True,LOSSY,1
caltech_dragonfly_003,data/processed/caltech_dragonfly_003.png,train,235800,png,106685,2.2102451141210104,jpeg,85,17166,13.736455784690667,0.8390964053053381,44.58349744216857,0.9900914753138044,0.9933060498386328,0.06329113924050633,True,True,True,LOSSY,1
caltech_beaver_009,data/processed/caltech_beaver_009.png,train,169200,png,118302,1.4302378658010853,jpeg,85,24081,7.026286283792201,0.7964446923974235,41.37638968416904,0.9951993642952242,0.9905001684282716,0.0034086067319982955,True,True,True,LOSSY,1
caltech_headphone_006,data/processed/caltech_headphone_006.png,train,234000,png,92037,2.5424557514912483,jpeg,85,19021,12.302192313758477,0.7933331160294229,42.488899252975244,0.9949633021559787,0.9942182788643659,0.7451894593132583,True,True,True,LOSSY,1
caltech_umbrella_006,data/processed/caltech_umbrella_006.png,train,223200,png,35269,6.328503785193797,jpeg,85,10208,21.865203761755485,0.710567353766764,43.293390914994056,0.9920384109446266,0.9920966232942381,0.7417104426673805,True,True,True,LOSSY,1
caltech_stapler_003,data/processed/caltech_stapler_003.png,train,181800,png,42615,4.2661034846884895,jpeg,85,9614,18.909923028916165,0.7743986859087176,46.462036445704925,0.9954004253115208,1.0,0.7194691952160861,True,True,True,LOSSY,1
caltech_elephant_003,data/processed/caltech_elephant_003.png,train,237600,png,106729,2.2261990649214365,jpeg,85,22081,10.760382229065712,0.7931115254523138,44.41162413850592,0.9942342446948432,0.9949284259680228,0.0039485559566787,True,True,True,LOSSY,1
caltech_ewer_006,data/processed/caltech_ewer_006.png,train,212400,png,143802,1.4770309175115783,jpeg,85,29370,7.231869254341165,0.7957608378186674,40.3211248717419,0.9928213749727246,0.9912692328482078,0.023665741798596377,True,True,True,LOSSY,1
caltech_bass_010,data/processed/caltech_bass_010.png,train,142200,png,65713,2.1639553817357298,jpeg,85,11076,12.838569880823401,0.8314488761736643,46.08525385415865,0.9914513674005271,0.9891530874618997,0.008437038599451592,True,True,True,LOSSY,1
caltech_headphone_004,data/processed/caltech_headphone_004.png,train,267300,png,51660,5.174216027874564,jpeg,85,12934,20.666460491727232,0.7496322106078204,45.06631664829679,0.9969973889401406,0.995308683731489,0.8291717099266299,True,True,True,LOSSY,1
caltech_dalmatian_008,data/processed/caltech_dalmatian_008.png,train,233100,png,89760,2.59692513368984,jpeg,85,25270,9.22437673130194,0.7184714795008913,42.26483402805046,0.9938029840442889,0.9918893384852234,0.028527018377982993,True,True,True,LOSSY,1
caltech_beaver_010,data/processed/caltech_beaver_010.png,train,157500,png,72831,2.162540676360341,jpeg,85,13540,11.632200886262925,0.8140901539179745,45.11150997729161,0.9942879831785708,0.9942359744007866,0.03478138421460255,True,True,True,LOSSY,1
caltech_dalmatian_007,data/processed/caltech_dalmatian_007.png,train,256500,png,112614,2.2776919388353134,jpeg,85,19219,13.346167854727092,0.8293373825634468,47.22825746528344,0.9945492457622475,0.9917088596850562,0.003883382600127514,True,True,True,LOSSY,1
caltech_hedgehog_002,data/processed/caltech_hedgehog_002.png,train,229500,png,203398,1.1283296787579031,jpeg,85,45831,5.007527655953394,0.774673300622425,35.46610494232103,0.9937021203430327,0.9935233547742324,0.003612281757977122,True,True,True,LOSSY,1
caltech_crab_005,data/processed/caltech_crab_005.png,train,163800,png,132975,1.2318104906937395,jpeg,85,28138,5.821309261496908,0.7883963150968227,38.295980920906715,0.9924601061970649,0.9924649091651655,0.0035366931918656055,True,True,True,LOSSY,1
caltech_ewer_008,data/processed/caltech_ewer_008.png,train,216900,png,103789,2.0898168399348678,jpeg,85,18353,11.81823135182259,0.8231700854618504,43.97595193051376,0.9893755028287264,0.9897658529322338,0.010995433789954339,True,True,True,LOSSY,1
caltech_dalmatian_005,data/processed/caltech_dalmatian_005.png,train,202500,png,105876,1.912614756885413,jpeg,85,23227,8.718301976148448,0.7806207261324568,39.111801460257816,0.9927457074573985,0.9920705201037305,0.01105375671307159,True,True,True,LOSSY,1
caltech_trilobite_009,data/processed/caltech_trilobite_009.png,train,205200,png,104547,1.9627535940773049,jpeg,85,25275,8.118694362017804,0.7582427042382852,39.70639618083835,0.9948247242585856,0.9958184285146472,0.7495209278870398,True,True,True,LOSSY,1
caltech_laptop_008,data/processed/caltech_laptop_008.png,train,238500,png,98883,2.411941385273505,jpeg,85,21276,11.209813874788495,0.7848366251023937,43.07715905878517,0.9928615825144541,0.9971380667453573,0.15097944083934745,True,True,True,LOSSY,1
caltech_helicopter_007,data/processed/caltech_helicopter_007.png,train,198900,png,153105,1.2991084549818752,jpeg,85,32776,6.068464730290456,0.7859246922046961,37.786745433538755,0.9918402184345788,0.992586413539023,0.016210739614994935,True,True,True,LOSSY,1
caltech_metronome_002,data/processed/caltech_metronome_002.png,train,232200,png,63400,3.6624605678233437,jpeg,85,11997,19.35483870967742,0.8107728706624606,46.96871177814848,0.9935229937282873,0.9917321861798981,0.6513325885732525,True,True,True,LOSSY,1
caltech_cougar_body_006,data/processed/caltech_cougar_body_006.png,train,225900,png,147373,1.5328452294517991,jpeg,85,28389,7.957307407798796,0.8073663425457852,42.32602686799037,0.9939361823271861,0.9923315011303055,0.005911330049261084,True,True,True,LOSSY,1
caltech_joshua_tree_002,data/processed/caltech_joshua_tree_002.png,train,256500,png,134739,1.9036804488678112,jpeg,85,29529,8.686376104846083,0.7808429630619197,39.95896569954505,0.9909942848260069,0.9894061899386042,0.08565700266441555,True,True,True,LOSSY,1
caltech_rooster_009,data/processed/caltech_rooster_009.png,train,263700,png,151426,1.7414446660414988,jpeg,85,30070,8.769537745261058,0.801421156208313,40.75137898282763,0.9879081327070338,1.0,0.41254209058981134,True,True,True,LOSSY,1
caltech_laptop_009,data/processed/caltech_laptop_009.png,train,255600,png,125975,2.028974002778329,jpeg,85,28137,9.084124107047659,0.7766461599523715,38.35043872948348,0.9892166790729,0.987812632055914,0.31564470268265543,True,True,True,LOSSY,1
caltech_metronome_008,data/processed/caltech_metronome_008.png,train,270000,png,67355,4.0086110904906835,jpeg,85,17159,15.735182702954718,0.7452453418454458,43.15910017054875,0.9949132547332176,0.9956323688973214,0.8374880153403643,True,True,True,LOSSY,1
caltech_crocodile_head_003,data/processed/caltech_crocodile_head_003.png,train,192600,png,112641,1.7098569792526699,jpeg,85,21712,8.870670596904937,0.8072460294209036,40.80641087778051,0.9907544874153397,0.9891059835744374,0.09660702596552477,True,True,True,LOSSY,1
caltech_umbrella_003,data/processed/caltech_umbrella_003.png,train,216900,png,96502,2.2476218109469235,jpeg,85,20103,10.789434412774213,0.791683073925929,41.18750309731189,0.9888781814621969,0.9860623469728887,0.4197928653624856,True,True,True,LOSSY,1
caltech_dollar_bill_006,data/processed/caltech_dollar_bill_006.png,train,108900,png,91387,1.1916355717990523,jpeg,85,21948,4.96172772006561,0.7598345497718494,35.22122943470493,0.9945902285471591,0.9976788905876998,0.001869158878504673,True,True,True,LOSSY,1
caltech_sea_horse_009,data/processed/caltech_sea_horse_009.png,train,266400,png,110706,2.4063736382851877,jpeg,85,20630,12.913233155598643,0.8136505699781403,44.366287718715554,0.990348762004544,0.984841591678285,0.13462825030105705,True,True,True,LOSSY,1
caltech_snoopy_002,data/processed/caltech_snoopy_002.png,train,235800,png,30961,7.616033073867123,jpeg,85,17204,13.706114857009998,0.4443331933723071,40.186428703422536,0.9939256674761667,0.997442262861766,0.8995227811063118,True,True,True,LOSSY,1
caltech_camera_005,data/processed/caltech_camera_005.png,train,248400,png,92880,2.6744186046511627,jpeg,85,20404,12.17408351303666,0.7803186907838071,43.3326856103134,0.9947763190157558,0.9946484886101619,0.4312601043223622,True,True,True,LOSSY,1
caltech_Motorbikes_009,data/processed/caltech_Motorbikes_009.png,train,120258,png,37658,3.193425035848956,jpeg,85,9558,12.581920903954803,0.7461893887089065,41.57287389821334,0.9965975751816885,0.9967787630341507,0.7696446102493618,True,True,True,LOSSY,1
caltech_minaret_004,data/processed/caltech_minaret_004.png,train,179100,png,76790,2.33233493944524,jpeg,85,15659,11.437511973944696,0.7960802187784868,40.26099191421337,0.9919555991748755,0.9907633805528318,0.4182692307692308,True,True,True,LOSSY,1
caltech_tick_007,data/processed/caltech_tick_007.png,train,211500,png,118333,1.7873289783914885,jpeg,85,23336,9.06324991429551,0.8027938106867907,42.500550780384685,0.9923420780971502,0.9935164129739582,0.01950832672482157,True,True,True,LOSSY,1
caltech_Faces_003,data/processed/caltech_Faces_003.png,train,479700,png,270781,1.7715423164845392,jpeg,85,48719,9.846261212258051,0.8200796953996033,42.07390432453609,0.9920859012559028,0.9898645122175079,0.2881815586640023,True,True,True,LOSSY,1
caltech_inline_skate_002,data/processed/caltech_inline_skate_002.png,train,259200,png,124866,2.075825284705204,jpeg,85,24285,10.67325509573811,0.8055115083369372,42.70145486871521,0.9935838761583518,0.9914566719511196,0.4741938002654798,True,True,True,LOSSY,1
caltech_chandelier_006,data/processed/caltech_chandelier_006.png,train,253800,png,70480,3.601021566401816,jpeg,85,16950,14.973451327433628,0.7595062429057888,41.66556908004346,0.9951975477410246,0.9958864976361184,0.908626757654368,True,True,True,LOSSY,1
caltech_rooster_003,data/processed/caltech_rooster_003.png,train,238500,png,152679,1.5621008783133241,jpeg,85,29689,8.033278318569167,0.8055462768291645,41.97183662098272,0.9930191387170876,0.99211281845651,0.002330097087378641,True,True,True,LOSSY,1
caltech_dalmatian_010,data/processed/caltech_dalmatian_010.png,train,254700,png,108391,2.3498260925722616,jpeg,85,18688,13.629066780821917,0.8275871612956796,46.602615914033706,0.9929238317788459,0.9923279492439456,0.012620192307692308,True,True,True,LOSSY,1
caltech_inline_skate_010,data/processed/caltech_inline_skate_010.png,train,249300,png,111360,2.2386853448275863,jpeg,85,23400,10.653846153846153,0.7898706896551724,41.82605163255106,0.9952829848326004,0.9933869269844036,0.7820692574270522,True,True,True,LOSSY,1
caltech_flamingo_head_003,data/processed/caltech_flamingo_head_003.png,train,195300,png,69258,2.8198908429351124,jpeg,85,12218,15.984612866262891,0.823587166825493,46.57910746276592,0.9924288225465444,0.9926627181046541,0.11142823515565232,True,True,True,LOSSY,1
caltech_cellphone_008,data/processed/caltech_cellphone_008.png,train,176400,png,109934,1.6045991231102297,jpeg,85,28713,6.143558666805976,0.738816016882857,36.29603114053869,0.9898789035288086,0.9902654711720944,0.662274741506647,True,True,True,LOSSY,1
caltech_pigeon_003,data/processed/caltech_pigeon_003.png,train,217074,png,52504,4.1344278531159535,jpeg,85,11414,19.018223234624145,0.78260703946366,46.580253762222995,0.9974230186923677,0.9954934539746818,0.8145769338173694,True,True,True,LOSSY,1
caltech_camera_003,data/processed/caltech_camera_003.png,train,270000,png,87271,3.093811231680627,jpeg,85,16463,16.400413047439713,0.8113577247883031,46.022458030147334,0.9948742930231623,0.9959461309554378,0.5551638882769088,True,True,True,LOSSY,1
caltech_beaver_004,data/processed/caltech_beaver_004.png,train,207000,png,56331,3.6747084198753797,jpeg,85,11888,17.412516823687753,0.7889616729687029,45.15236358934651,0.9963949430569886,0.9913333175781464,0.7689019503072402,True,True,True,LOSSY,1
caltech_inline_skate_006,data/processed/caltech_inline_skate_006.png,train,257400,png,112242,2.2932592077831826,jpeg,85,23175,11.106796116504855,0.7935264874111295,42.57209256758081,0.9940648724046053,0.9932850808634037,0.4013918341746065,True,True,True,LOSSY,1
kodim10,data/processed/kodim10.png,train,1179648,png,602278,1.9586436828175693,jpeg,85,86229,13.68040914309571,0.8568285741800298,38.97979583791154,0.9508158984606666,0.9635038860009848,0.01078077728647894,True,True,True,LOSSY,1
caltech_strawberry_009,data/processed/caltech_strawberry_009.png,train,202500,png,62491,3.240466627194316,jpeg,85,11878,17.04832463377673,0.8099246291465971,44.93312891144372,0.9889467127502979,0.9925691963019828,0.4489487185108855,True,True,True,LOSSY,1
caltech_lotus_006,data/processed/caltech_lotus_006.png,train,264600,png,111161,2.3803312312771565,jpeg,85,17732,14.922174599593955,0.8404836228533389,45.638921751848144,0.9898138409591001,0.989461948108638,0.03859480898729488,True,True,True,LOSSY,1
caltech_pizza_005,data/processed/caltech_pizza_005.png,train,248400,png,127343,1.9506372552869022,jpeg,85,24285,10.22853613341569,0.8092945823484604,44.0415047528689,0.9925479104734771,0.9937684839782498,0.6262142154135821,True,True,True,LOSSY,1
kodim17,data/processed/kodim17.png,train,1179648,png,533799,2.2099104719192058,jpeg,85,184859,6.381339291027215,0.6536917453948021,29.361398940388227,0.9305920467256037,0.8782180547527746,0.5881780187845469,False,True,False,LOSSLESS,0
caltech_water_lilly_008,data/processed/caltech_water_lilly_008.png,train,202500,png,97881,2.0688386918809574,jpeg,85,17472,11.589972527472527,0.8214975327183008,44.47781924293115,0.9916274063264615,0.9929959529374455,0.1962728467327679,True,True,True,LOSSY,1
caltech_lobster_001,data/processed/caltech_lobster_001.png,train,248400,png,106328,2.336167331276804,jpeg,85,25073,9.907071351653173,0.7641919343916936,38.928141626613936,0.9890672245586556,0.9833815532887246,0.7947197904459916,True,True,True,LOSSY,1
caltech_joshua_tree_008,data/processed/caltech_joshua_tree_008.png,train,226800,png,171543,1.3221174865777094,jpeg,85,35880,6.321070234113712,0.790839614557283,38.149644697751135,0.9913202385711095,0.9905905084678783,0.002563445270443476,True,True,True,LOSSY,1
caltech_crocodile_005,data/processed/caltech_crocodile_005.png,train,154800,png,81124,1.9081899314629456,jpeg,85,14202,10.899873257287705,0.8249346679157833,44.92930047713457,0.9915992175816067,0.9951903117943041,0.0017409470752089136,True,True,True,LOSSY,1
caltech_ceiling_fan_003,data/processed/caltech_ceiling_fan_003.png,train,165600,png,74694,2.217045545826974,jpeg,85,13692,12.094653812445223,0.8166921037834364,44.37968108565584,0.9927884392978212,0.9928358081165624,0.04557991678743397,True,True,True,LOSSY,1
caltech_ant_005,data/processed/caltech_ant_005.png,train,202500,png,88802,2.2803540460800433,jpeg,85,23577,8.588878992238199,0.7344992229904732,37.6023941370891,0.9900693986116188,0.9874863618987422,0.6517734291392754,True,True,True,LOSSY,1
caltech_soccer_ball_004,data/processed/caltech_soccer_ball_004.png,train,202500,png,30106,6.72623397329436,jpeg,85,8575,23.61516034985423,0.7151730552049426,46.481373890839095,0.997122997937974,0.9972410130962083,0.7411429290176512,True,True,True,LOSSY,1
caltech_gerenuk_009,data/processed/caltech_gerenuk_009.png,train,158400,png,114646,1.381644366135757,jpeg,85,22890,6.9200524246395805,0.8003419220906094,39.79119536459645,0.9914069673778987,0.9927432650265914,0.0015955325089748703,True,True,True,LOSSY,1
caltech_windsor_chair_008,data/processed/caltech_windsor_chair_008.png,train,198000,png,86545,2.287827141949275,jpeg,85,17113,11.570151346929235,0.8022647177768791,42.456464145215456,0.9923919582483066,0.9972036854326309,0.05282418012179451,True,True,True,LOSSY,1
caltech_flamingo_009,data/processed/caltech_flamingo_009.png,train,163800,png,42120,3.888888888888889,jpeg,85,12349,13.264231921613087,0.7068138651471985,39.80370692247436,0.993724080358969,0.9980735784078794,0.8150542428295438,True,True,True,LOSSY,1
caltech_flamingo_001,data/processed/caltech_flamingo_001.png,train,225000,png,49026,4.589401542038918,jpeg,85,11735,19.173412867490413,0.7606372129074369,41.809872142965965,0.995746990917906,0.997332411713001,0.8521485553395455,True,True,True,LOSSY,1
caltech_garfield_005,data/processed/caltech_garfield_005.png,train,270000,png,87178,3.097111656610613,jpeg,85,25635,10.53247513165594,0.7059464543806924,38.539445900139796,0.987133109572507,0.99047902051165,0.7147659102240378,True,True,True,LOSSY,1
caltech_airplanes_008,data/processed/caltech_airplanes_008.png,train,176565,png,101154,1.7455068509401506,jpeg,85,20175,8.751672862453532,0.8005516341420013,42.89200693760098,0.9932316941097478,0.9940090628799919,0.5110988404196577,True,True,True,LOSSY,1
caltech_sea_horse_003,data/processed/caltech_sea_horse_003.png,train,190800,png,118013,1.6167710336996772,jpeg,85,22702,8.404545854990749,0.807631362646488,42.0395318259099,0.9920198796653549,0.9896258989363317,0.0307367207761022,True,True,True,LOSSY,1
caltech_beaver_001,data/processed/caltech_beaver_001.png,train,254700,png,78216,3.2563669837373426,jpeg,85,18892,13.48189709930129,0.7584637414339777,40.159150849852054,0.9931202252448594,0.9870522706888541,0.8095691753995977,True,True,True,LOSSY,1
caltech_umbrella_009,data/processed/caltech_umbrella_009.png,train,174600,png,60740,2.8745472505762266,jpeg,85,15059,11.594395378179161,0.752074415541653,38.53263929659457,0.9858722778198593,0.9662117897037684,0.7672238182293027,True,True,True,LOSSY,1
caltech_watch_010,data/processed/caltech_watch_010.png,train,270000,png,81544,3.311095850093201,jpeg,85,14901,18.11958928930944,0.8172642990287452,47.175532821326975,0.9942657874067388,0.9941406440172521,0.07779370153970529,True,True,True,LOSSY,1
caltech_flamingo_head_005,data/processed/caltech_flamingo_head_005.png,train,250200,png,111927,2.23538556380498,jpeg,85,17605,14.211871627378585,0.8427099806123635,46.62388941304076,0.9914829256338772,0.9934122596310587,0.00199630314232902,True,True,True,LOSSY,1
caltech_stegosaurus_006,data/processed/caltech_stegosaurus_006.png,train,252000,png,168127,1.498866927977065,jpeg,85,31090,8.105500160823416,0.815080266703147,41.25368128998909,0.9910152588494648,0.9936220898495584,0.010797998419805109,True,True,True,LOSSY,1
caltech_beaver_005,data/processed/caltech_beaver_005.png,train,253800,png,168271,1.5082812843567817,jpeg,85,34462,7.364633509372642,0.7951994104747698,40.71597213901367,0.9939485687706672,0.9909377743123182,0.1156773211567732,True,True,True,LOSSY,1
caltech_pizza_007,data/processed/caltech_pizza_007.png,train,258300,png,136044,1.8986504366234453,jpeg,85,26197,9.859907623010269,0.8074372996971568,43.10499936656825,0.9925348844328923,0.994635557447161,0.362498455964096,True,True,True,LOSSY,1
caltech_pagoda_002,data/processed/caltech_pagoda_002.png,train,213300,png,142292,1.499030163326118,jpeg,85,30725,6.942229454841335,0.7840707840215894,38.053453835180264,0.9896287414831315,0.9887071651816071,0.5483133841131664,True,True,True,LOSSY,1
caltech_Leopards_001,data/processed/caltech_Leopards_001.png,train,73728,png,44698,1.6494697749340015,jpeg,85,8298,8.885032537960955,0.8143541098035706,41.13066637723398,0.9902629548182711,0.9969808103046216,0.0030379746835443038,True,True,True,LOSSY,1
caltech_anchor_008,data/processed/caltech_anchor_008.png,train,226800,png,63698,3.560551351690791,jpeg,85,14987,15.133115366651097,0.7647178875317906,41.820819847142666,0.992766306581268,0.9906114522456453,0.7428835424144425,True,True,True,LOSSY,1
caltech_dragonfly_008,data/processed/caltech_dragonfly_008.png,train,188100,png,75473,2.49228200813536,jpeg,85,20282,9.274233310324426,0.7312681356246604,38.6889584244529,0.9945035616503057,0.9930326293276196,0.7461672633801524,True,True,True,LOSSY,1
caltech_chair_007,data/processed/caltech_chair_007.png,train,179100,png,44447,4.0295183026975945,jpeg,85,10181,17.591592181514585,0.7709406709114226,43.87242591399628,0.9958678179757751,0.9950401791609063,0.8461305361305361,True,True,True,LOSSY,1
caltech_headphone_008,data/processed/caltech_headphone_008.png,train,189000,png,72538,2.6055308941520305,jpeg,85,12193,15.500697121299106,0.8319087926328269,45.038288285853525,0.9837207948916514,0.9851101808484026,0.0698505967021955,True,True,True,LOSSY,1
caltech_scorpion_005,data/processed/caltech_scorpion_005.png,train,188100,png,60666,3.100583522895856,jpeg,85,13302,14.140730717185386,0.7807338542181782,43.099451905361505,0.9946076726515152,0.9939207888806111,0.7180411226026214,True,True,True,LOSSY,1
caltech_laptop_001,data/processed/caltech_laptop_001.png,train,270000,png,82404,3.2765399737876804,jpeg,85,19329,13.96864814527394,0.7654361438765108,40.96534488140817,0.995019342659242,0.9942407631156671,0.7390376248594567,True,True,True,LOSSY,1
caltech_crocodile_head_007,data/processed/caltech_crocodile_head_007.png,train,259200,png,146679,1.7671241281983106,jpeg,85,29243,8.863659679239476,0.8006326740705895,41.5434927188453,0.9927495247733841,0.991986424803692,0.32716422724890126,True,True,True,LOSSY,1
caltech_electric_guitar_004,data/processed/caltech_electric_guitar_004.png,train,129600,png,79601,1.6281202497456062,jpeg,85,16240,7.980295566502463,0.7959824625318778,38.934874022312954,0.9909030881508647,0.9885544954313985,0.04364098108668048,True,True,True,LOSSY,1
caltech_butterfly_010,data/processed/caltech_butterfly_010.png,train,180000,png,102470,1.7566116912267005,jpeg,85,18371,9.798051276468346,0.820718259002635,43.012935204988125,0.9923187496727883,0.9897540363100967,0.09910843873108025,True,True,True,LOSSY,1
caltech_flamingo_head_007,data/processed/caltech_flamingo_head_007.png,train,212400,png,119136,1.782836422240129,jpeg,85,22671,9.368797141722906,0.8097048751007252,43.9467528606179,0.9931772638251575,0.9935638465679897,0.0012171372930866603,True,True,True,LOSSY,1
caltech_panda_003,data/processed/caltech_panda_003.png,train,188100,png,35605,5.282965875579273,jpeg,85,20700,9.08695652173913,0.4186209801994102,38.07862661974593,0.9884543182616259,0.9769027011731816,0.8059292611478789,True,True,True,LOSSY,1
caltech_lobster_007,data/processed/caltech_lobster_007.png,train,184500,png,83656,2.2054604571100698,jpeg,85,16996,10.855495410684867,0.7968346562111505,43.27836130370222,0.994458013739527,0.9939232812088776,0.7192739414606423,True,True,True,LOSSY,1
caltech_helicopter_008,data/processed/caltech_helicopter_008.png,train,207900,png,97226,2.1383169111143108,jpeg,85,19612,10.600652661635733,0.7982844095200872,40.950970269634404,0.9934191454552885,0.9941176062797161,0.2503480203308621,True,True,True,LOSSY,1
caltech_Leopards_002,data/processed/caltech_Leopards_002.png,train,73728,png,47996,1.5361280106675557,jpeg,85,9275,7.94911051212938,0.8067547295607967,41.33111614939166,0.9909576662884748,0.9941882540816881,0.0,True,True,True,LOSSY,1
caltech_ketch_010,data/processed/caltech_ketch_010.png,train,254700,png,88045,2.892838889204384,jpeg,85,15701,16.22189669447806,0.8216707365551706,46.46801258484872,0.9914881950263532,0.9880721783106482,0.03184787409628751,True,True,True,LOSSY,1
caltech_electric_guitar_002,data/processed/caltech_electric_guitar_002.png,train,201600,png,35536,5.673120216118865,jpeg,85,8620,23.387470997679813,0.7574290859972985,45.89504335457892,0.9957553972155962,0.9967382412678428,0.9119472095682658,True,True,True,LOSSY,1
caltech_platypus_008,data/processed/caltech_platypus_008.png,train,270000,png,125943,2.1438269693432743,jpeg,85,25547,10.568755626883783,0.797154268200694,41.99004176362873,0.9925881654692655,0.9926949384417567,0.7038222821355351,True,True,True,LOSSY,1
caltech_mandolin_003,data/processed/caltech_mandolin_003.png,train,230400,png,107932,2.1346773894674427,jpeg,85,20949,10.998138335958757,0.8059055701738131,42.24509109724715,0.9903534008073147,0.990922791924433,0.020231846019247594,True,True,True,LOSSY,1
caltech_stapler_008,data/processed/caltech_stapler_008.png,train,223200,png,83120,2.685274302213667,jpeg,85,20025,11.146067415730338,0.7590832531280077,38.24796375105332,0.9821019061248828,0.9722813525833096,0.6659421467457545,True,True,True,LOSSY,1
caltech_garfield_009,data/processed/caltech_garfield_009.png,train,262800,png,48739,5.391985883994337,jpeg,85,12701,20.691284150854262,0.739407866390365,44.30797343402276,0.9974413358448805,0.9962884803113817,0.918846975088968,True,True,True,LOSSY,1
caltech_cannon_001,data/processed/caltech_cannon_001.png,train,164700,png,95278,1.7286257058292576,jpeg,85,19523,8.436203452338267,0.7950943554650601,39.4910094405681,0.9907995720247461,0.9955106121140768,0.18044191857331832,True,True,True,LOSSY,1
caltech_mayfly_007,data/processed/caltech_mayfly_007.png,train,253800,png,94338,2.6903262736119062,jpeg,85,20333,12.482171838882605,0.7844664928236765,44.33157974825019,0.9933407482870295,0.9978607150230011,0.005152425933877201,True,True,True,LOSSY,1
caltech_garfield_001,data/processed/caltech_garfield_001.png,train,198900,png,39856,4.990465676435167,jpeg,85,17904,11.109249329758713,0.5507828181453231,39.58646077547561,0.9930756442442964,0.9973291277886196,0.8181924937761286,True,True,True,LOSSY,1
caltech_dollar_bill_002,data/processed/caltech_dollar_bill_002.png,train,114300,png,92422,1.2367185302200774,jpeg,85,21400,5.341121495327103,0.7684533985414728,36.185548509704915,0.9940505429227423,0.9969458602702768,0.001904036557501904,True,True,True,LOSSY,1
caltech_binocular_006,data/processed/caltech_binocular_006.png,train,173700,png,98703,1.759824929333455,jpeg,85,19769,8.786483888916992,0.7997122681174837,42.786925263272096,0.9907603188034398,0.9874895642827092,0.0040235666043971835,True,True,True,LOSSY,1
kodim18,data/processed/kodim18.png,train,1179648,png,533721,2.2102334365707925,jpeg,85,184839,6.382029766445393,0.6536786073622736,29.371167476370715,0.9304591206974252,0.8767561319663069,0.5885889037132535,False,True,False,LOSSLESS,0
caltech_lotus_007,data/processed/caltech_lotus_007.png,train,218700,png,98630,2.2173780796917772,jpeg,85,17507,12.492145998743359,0.8224982256919802,44.30405454035515,0.9848604435465128,0.9861337128085754,0.07832394474882322,True,True,True,LOSSY,1
caltech_dolphin_005,data/processed/caltech_dolphin_005.png,train,202500,png,102645,1.972818939061815,jpeg,85,19712,10.272930194805195,0.8079594719664864,42.11850074274515,0.9922544010289812,0.9827828591604277,0.011781506604784006,True,True,True,LOSSY,1
caltech_airplanes_009,data/processed/caltech_airplanes_009.png,train,189336,png,79880,2.370255383074612,jpeg,85,15834,11.957559681697612,0.8017776664997496,44.277436471785435,0.9937276300209209,0.9936042696282743,0.41553866122751715,True,True,True,LOSSY,1
caltech_barrel_007,data/processed/caltech_barrel_007.png,train,270000,png,44358,6.086838901663736,jpeg,85,9744,27.70935960591133,0.7803327471932909,51.12120384985907,0.9963025105772788,0.9974375937717612,0.8505182303022172,True,True,True,LOSSY,1
caltech_gramophone_005,data/processed/caltech_gramophone_005.png,train,210600,png,81167,2.594650535316077,jpeg,85,14605,14.419719274221157,0.820062340606404,44.960592783692704,0.9912805088368312,0.9858404566997664,0.13593161402492032,True,True,True,LOSSY,1
caltech_kangaroo_005,data/processed/caltech_kangaroo_005.png,train,248400,png,138067,1.7991265110417407,jpeg,85,25233,9.844251575318037,0.817240904778115,43.70357655618845,0.9924148630486581,0.994685879388904,0.005884303000165755,True,True,True,LOSSY,1
caltech_strawberry_002,data/processed/caltech_strawberry_002.png,train,180000,png,77786,2.3140410870850796,jpeg,85,14624,12.308533916849015,0.8119970174581544,42.97405908796188,0.993076381089015,0.9928886923299213,0.32810217738374264,True,True,True,LOSSY,1
caltech_revolver_010,data/processed/caltech_revolver_010.png,train,186300,png,47904,3.8890280561122244,jpeg,85,11390,16.356453028972783,0.7622327989311958,41.197155055917364,0.9960458899305413,0.9907827355028985,0.9062430422585386,True,True,True,LOSSY,1
caltech_Faces_easy_004,data/processed/caltech_Faces_easy_004.png,train,252126,png,131018,1.9243615381092674,jpeg,85,22908,11.006024096385541,0.8251537956616648,44.03719883454612,0.9905939347244197,0.9913356536849014,0.0072666294019005035,True,True,True,LOSSY,1
caltech_strawberry_005,data/processed/caltech_strawberry_005.png,train,202500,png,165350,1.2246749319625039,jpeg,85,40120,5.047357926221336,0.7573631690353795,36.72787613524394,0.9940252150867543,0.9948870194957593,0.0030721966205837174,True,True,True,LOSSY,1
caltech_grand_piano_004,data/processed/caltech_grand_piano_004.png,train,202500,png,38495,5.2604234316144955,jpeg,85,9331,21.701854034937305,0.7576048837511365,44.07958814270839,0.9955564381931837,0.996736869371531,0.9099720685891863,True,True,True,LOSSY,1
caltech_cellphone_002,data/processed/caltech_cellphone_002.png,train,202500,png,109085,1.8563505523215842,jpeg,85,22670,8.932509925011027,0.792180409772196,40.33114232714241,0.9889004954185466,0.9845645727754266,0.4813308938131056,True,True,True,LOSSY,1
caltech_butterfly_008,data/processed/caltech_butterfly_008.png,train,226800,png,91898,2.4679536007312457,jpeg,85,17171,13.2083163473298,0.8131515375742672,44.7246839869339,0.9929003202856969,0.9851203957231767,0.2154348781023501,True,True,True,LOSSY,1
edge_02_dark_noisy,data/processed/edge_02_dark_noisy.png,train,1179648,png,890005,1.3254397447205353,jpeg,85,172962,6.8202726610469355,0.8056617659451352,28.832161817297187,0.6745530194395976,0.679440724057604,0.0011221336802732151,False,True,False,LOSSLESS,0
caltech_helicopter_003,data/processed/caltech_helicopter_003.png,train,212400,png,106499,1.9943849238021014,jpeg,85,22317,9.517408253797553,0.7904487366078554,41.977996846011294,0.9915277734829209,0.9901237061317179,0.003143242029636282,True,True,True,LOSSY,1
caltech_umbrella_007,data/processed/caltech_umbrella_007.png,train,270000,png,64992,4.154357459379616,jpeg,85,15361,17.57698066532127,0.7636478335795175,43.81212297810541,0.9967213058662369,1.0,0.8997841273648547,True,True,True,LOSSY,1
caltech_wild_cat_004,data/processed/caltech_wild_cat_004.png,train,230400,png,191745,1.2015958695141986,jpeg,85,43186,5.335062288704673,0.7747737881039923,37.43042815104306,0.994725138402483,0.9940436040193384,0.00438871473354232,True,True,True,LOSSY,1
caltech_elephant_005,data/processed/caltech_elephant_005.png,train,169200,png,80743,2.0955376936700394,jpeg,85,14050,12.042704626334519,0.8259911075882739,45.93846776204443,0.9929929855536875,1.0,0.009602845287492591,True,True,True,LOSSY,1
caltech_soccer_ball_009,data/processed/caltech_soccer_ball_009.png,train,161100,png,74855,2.152160844298978,jpeg,85,14537,11.082066451124716,0.8057978758933939,42.61419898646781,0.9933150696761661,0.9916861979332521,0.2591735211545092,True,True,True,LOSSY,1
caltech_llama_008,data/processed/caltech_llama_008.png,train,239400,png,154541,1.549103474158961,jpeg,85,29500,8.115254237288136,0.8091121449971205,39.83531284103426,0.9897758456930008,0.9902096813877931,0.00861188147715662,True,True,True,LOSSY,1
caltech_minaret_007,data/processed/caltech_minaret_007.png,train,202500,png,99365,2.037940924872943,jpeg,85,19032,10.639974779319042,0.8084637447793489,41.17708525824203,0.990087459238489,0.9886732002367508,0.41133919223325616,True,True,True,LOSSY,1
caltech_inline_skate_003,data/processed/caltech_inline_skate_003.png,train,261900,png,131552,1.9908477256142059,jpeg,85,26760,9.786995515695068,0.7965823400632449,42.606723396166956,0.9935888861057087,0.9913296597425058,0.570667512287934,True,True,True,LOSSY,1
caltech_accordion_004,data/processed/caltech_accordion_004.png,train,179100,png,117437,1.5250730178734129,jpeg,85,25267,7.088296988166383,0.7848463431456866,38.42653787931065,0.9892155760714719,0.9879503291812249,0.6935819290068125,True,True,True,LOSSY,1
caltech_helicopter_009,data/processed/caltech_helicopter_009.png,train,175500,png,67182,2.6123068679110477,jpeg,85,14666,11.966453020591844,0.7816974784912626,43.088950052454045,0.9936622625377979,0.9916577593395717,0.6631184278572659,True,True,True,LOSSY,1
caltech_metronome_001,data/processed/caltech_metronome_001.png,train,196200,png,29076,6.747833264548081,jpeg,85,7320,26.80327868852459,0.7482459760627321,48.60417244707883,0.9970532483286544,0.9944699064687327,0.8649477856543943,True,True,True,LOSSY,1
caltech_dolphin_010,data/processed/caltech_dolphin_010.png,train,200700,png,52367,3.8325663108446157,jpeg,85,12813,15.663778974479044,0.755323008765062,43.44119623185129,0.9842146575912208,0.9910634812073407,0.20610804964721635,True,True,True,LOSSY,1
caltech_cellphone_003,data/processed/caltech_cellphone_003.png,train,188100,png,50390,3.732883508632665,jpeg,85,11151,16.868442292171107,0.7787060924786664,43.40732233301351,0.9933365995628097,0.9878394274610347,0.5319623003052517,True,True,True,LOSSY,1
caltech_windsor_chair_006,data/processed/caltech_windsor_chair_006.png,train,170100,png,70109,2.426222025702834,jpeg,85,14280,11.911764705882353,0.79631716327433,43.60221655040824,0.9942302623895731,0.9953808603591708,0.017640254482359747,True,True,True,LOSSY,1
caltech_starfish_007,data/processed/caltech_starfish_007.png,train,252900,png,168301,1.502664868301436,jpeg,85,35417,7.14063867634187,0.7895615593490235,40.35671026764263,0.9917839623733768,0.990374398597476,0.001088929219600726,True,True,True,LOSSY,1
caltech_anchor_009,data/processed/caltech_anchor_009.png,train,267300,png,50932,5.248174035969528,jpeg,85,14757,18.113437690587517,0.7102607398099426,44.88296141468606,0.996499919633815,0.98888707805552,0.8062255168900522,True,True,True,LOSSY,1
caltech_buddha_009,data/processed/caltech_buddha_009.png,train,249300,png,121117,2.0583402825367205,jpeg,85,24006,10.384903774056486,0.8017949585937565,41.78306113167849,0.9932759951057303,0.9939716873223108,0.23295502548649638,True,True,True,LOSSY,1
caltech_gerenuk_008,data/processed/caltech_gerenuk_008.png,train,200700,png,115552,1.7368803655497091,jpeg,85,22742,8.825081347286957,0.8031881750207699,40.74019139074126,0.9925561151883331,0.9954634967243194,0.5443140647812685,True,True,True,LOSSY,1
caltech_accordion_007,data/processed/caltech_accordion_007.png,train,202500,png,90352,2.241234283690455,jpeg,85,24608,8.229031209362809,0.7276429962812112,38.98405051534758,0.9932797298617767,0.9940816896566302,0.7082719292625104,True,True,True,LOSSY,1
caltech_crocodile_head_005,data/processed/caltech_crocodile_head_005.png,train,202500,png,98810,2.0493877137941503,jpeg,85,18720,10.817307692307692,0.8105454913470297,44.526683560821205,0.9936506269141948,0.9936180492290232,0.006893713344994341,True,True,True,LOSSY,1
stress_06_mixed_hdr,data/processed/stress_06_mixed_hdr.png,train,1179648,png,816302,1.4451122256223798,jpeg,85,102891,11.465026095576873,0.8739547373398571,31.34593269267917,0.7341508141405834,0.8087081377162273,0.002771892374109888,False,True,False,LOSSLESS,0
caltech_saxophone_005,data/processed/caltech_saxophone_005.png,train,160200,png,74806,2.141539448707323,jpeg,85,13111,12.218747616505224,0.8247333101622865,43.83687001945355,0.9911916558046281,0.9944045785601774,0.005257812033219812,True,True,True,LOSSY,1
caltech_pizza_006,data/processed/caltech_pizza_006.png,train,153000,png,77612,1.971344637427202,jpeg,85,15597,9.809578765147144,0.7990388084316858,41.02914306421134,0.9839072689715294,1.0,0.2851652253832978,True,True,True,LOSSY,1
caltech_joshua_tree_009,data/processed/caltech_joshua_tree_009.png,train,263700,png,158276,1.6660769794536128,jpeg,85,32549,8.101631386524932,0.7943529025247037,40.96468081580725,0.9934980863519386,0.9931698564342657,0.10868975985255055,True,True,True,LOSSY,1
caltech_BACKGROUND_Google_009,data/processed/caltech_BACKGROUND_Google_009.png,train,444000,png,275942,1.6090337824615317,jpeg,85,55598,7.98589877333717,0.7985156300961797,40.533766241496366,0.9904816553479546,0.9886749555745856,0.023482498892334957,True,True,True,LOSSY,1
caltech_saxophone_001,data/processed/caltech_saxophone_001.png,train,160200,png,40415,3.963874798960782,jpeg,85,9731,16.462850683383003,0.759223060744773,43.47869298900805,0.9946974768645864,0.9953448909531661,0.8692469981507046,True,True,True,LOSSY,1
caltech_gramophone_009,data/processed/caltech_gramophone_009.png,train,183600,png,114773,1.5996793670985336,jpeg,85,24168,7.59682224428997,0.7894278271021931,39.58294879521266,0.9902718966376559,0.9945891659073431,0.022823817409460725,True,True,True,LOSSY,1
caltech_scissors_006,data/processed/caltech_scissors_006.png,train,102600,png,37604,2.7284331454100625,jpeg,85,8724,11.760660247592847,0.7680034038932029,42.39652275311096,0.9939102083801205,0.9967435581830981,0.5042843541732783,True,True,True,LOSSY,1
caltech_tick_003,data/processed/caltech_tick_003.png,train,237600,png,73825,3.2184219437859802,jpeg,85,13974,17.003005581794763,0.8107145275990518,44.903808712393236,0.9944194920432325,0.9982985528651107,0.40107545400616185,True,True,True,LOSSY,1
caltech_emu_004,data/processed/caltech_emu_004.png,train,259200,png,138314,1.873996847752216,jpeg,85,26136,9.917355371900827,0.8110386511849849,43.7450200060174,0.9932627283175418,0.992802562543381,0.009963574030426399,True,True,True,LOSSY,1
caltech_metronome_004,data/processed/caltech_metronome_004.png,train,232200,png,58754,3.9520713483337304,jpeg,85,11291,20.565051811177042,0.8078258501548831,47.57223510824645,0.9939371802320149,0.9920187610505293,0.6842479031112647,True,True,True,LOSSY,1
caltech_crayfish_001,data/processed/caltech_crayfish_001.png,train,202500,png,100481,2.0153063763298533,jpeg,85,19936,10.157504012841091,0.8015943312666076,42.59826811790149,0.9932936358318436,0.995541241912567,0.7418103448275862,True,True,True,LOSSY,1
caltech_pyramid_010,data/processed/caltech_pyramid_010.png,train,155700,png,77682,2.004325326330424,jpeg,85,12997,11.979687620220052,0.8326896835817822,43.89781861760558,0.9891344851960867,0.9940065408558346,0.0022435243728329596,True,True,True,LOSSY,1
caltech_pigeon_001,data/processed/caltech_pigeon_001.png,train,270000,png,160319,1.6841422414061964,jpeg,85,31834,8.481497769680216,0.8014333921743524,40.47789953945162,0.9917455975103979,0.9916122952208558,0.5456223087963912,True,True,True,LOSSY,1
caltech_airplanes_007,data/processed/caltech_airplanes_007.png,train,173604,png,65844,2.63659558957536,jpeg,85,13653,12.715447154471544,0.7926462547840349,44.30209490432355,0.9943350663134877,0.9946987931772417,0.31624885155532223,True,True,True,LOSSY,1
caltech_lotus_003,data/processed/caltech_lotus_003.png,train,196200,png,130547,1.5029069990118502,jpeg,85,24135,8.129272840273462,0.8151240549380683,41.556999133461105,0.9905082616082871,0.9901096355554717,0.005426590292432921,True,True,True,LOSSY,1
caltech_barrel_003,data/processed/caltech_barrel_003.png,train,193500,png,97164,1.9914783253056687,jpeg,85,23410,8.265698419478856,0.7590671442097896,39.22429761747157,0.988158706393708,0.9863603772128932,0.410874897792314,True,True,True,LOSSY,1
caltech_cup_001,data/processed/caltech_cup_001.png,train,178200,png,44411,4.0125194208642005,jpeg,85,9672,18.424317617866006,0.7822161176285155,45.78082169076498,0.995483173037533,1.0,0.39854735318444995,True,True,True,LOSSY,1
caltech_scissors_009,data/processed/caltech_scissors_009.png,train,198900,png,25335,7.850799289520427,jpeg,85,6829,29.125787084492604,0.7304519439510558,47.90964590925405,0.9980388303296038,0.9993571667957856,0.8859910053472149,True,True,True,LOSSY,1
caltech_joshua_tree_004,data/processed/caltech_joshua_tree_004.png,train,192600,png,113945,1.6902891746017816,jpeg,85,23002,8.373184940439963,0.7981306770810479,39.05862161046179,0.9889653536804527,0.98542123577455,0.03832072247986332,True,True,True,LOSSY,1
caltech_pigeon_008,data/processed/caltech_pigeon_008.png,train,202500,png,93485,2.1661229074183024,jpeg,85,19215,10.53864168618267,0.7944590041183077,42.01170942191618,0.9916737172306486,0.994645728621461,0.02640607768655802,True,True,True,LOSSY,1
caltech_soccer_ball_001,data/processed/caltech_soccer_ball_001.png,train,202500,png,128701,1.5734143479848641,jpeg,85,25794,7.8506629448709,0.7995819768300169,39.41489265239514,0.989778713890065,0.9895827804402297,0.015949871831387068,True,True,True,LOSSY,1
caltech_euphonium_009,data/processed/caltech_euphonium_009.png,train,166500,png,84876,1.9616852820585324,jpeg,85,19535,8.523163552597902,0.7698407087987181,39.01919551679276,0.9954009398635101,0.9967083651135827,0.8076282253343541,True,True,True,LOSSY,1
caltech_minaret_006,data/processed/caltech_minaret_006.png,train,176400,png,54164,3.256775718189203,jpeg,85,11300,15.610619469026549,0.791374344583118,42.40088309170103,0.991287480528834,0.9914404432153998,0.3930148994118051,True,True,True,LOSSY,1
caltech_airplanes_002,data/processed/caltech_airplanes_002.png,train,221352,png,68058,3.2524023626906464,jpeg,85,12183,18.168923910366903,0.8209909195098298,46.75922128414277,0.9924020693500886,0.9863550038062477,0.11333734456478138,True,True,True,LOSSY,1
caltech_chair_005,data/processed/caltech_chair_005.png,train,225000,png,101223,2.2228149728816575,jpeg,85,18270,12.31527093596059,0.8195074242020094,42.734478737457245,0.9861190837114955,0.9870804731771309,0.02484245358767853,True,True,True,LOSSY,1
caltech_sunflower_001,data/processed/caltech_sunflower_001.png,train,180000,png,77422,2.324920565214022,jpeg,85,15986,11.259852370824472,0.7935212213582703,40.707293009753094,0.9891039585488587,0.9919582307489996,0.6488020369972697,True,True,True,LOSSY,1
caltech_binocular_007,data/processed/caltech_binocular_007.png,train,268200,png,139282,1.9255898106000775,jpeg,85,25634,10.46266677069517,0.8159561178041671,43.84131849231405,0.9907388181409207,0.9900432830306796,0.004794699677447476,True,True,True,LOSSY,1
caltech_hedgehog_007,data/processed/caltech_hedgehog_007.png,train,152100,png,85902,1.7706223370817908,jpeg,85,15530,9.793947198969736,0.8192125910921748,41.9296484826514,0.9913315825955485,0.990822222164555,0.053929231206480036,True,True,True,LOSSY,1
caltech_inline_skate_005,data/processed/caltech_inline_skate_005.png,train,270000,png,105391,2.561888586311924,jpeg,85,24136,11.186609214451442,0.7709861373362051,40.72410118483945,0.9952993269097051,0.9954615633660217,0.8200457951706911,True,True,True,LOSSY,1
caltech_gerenuk_001,data/processed/caltech_gerenuk_001.png,train,265500,png,187417,1.4166270935934306,jpeg,85,36624,7.249344692005242,0.8045854965131232,41.1160279108616,0.9951613698442108,0.9931830101675184,0.0016611295681063123,True,True,True,LOSSY,1
caltech_mandolin_004,data/processed/caltech_mandolin_004.png,train,171900,png,47008,3.6568243703199457,jpeg,85,10424,16.490790483499616,0.7782505105513955,42.75558681619402,0.9910999391980136,0.9929259236754165,0.5736620010607144,True,True,True,LOSSY,1
caltech_crayfish_008,data/processed/caltech_crayfish_008.png,train,216000,png,91054,2.3722186834186307,jpeg,85,15048,14.354066985645932,0.8347354317218354,46.41678977949844,0.9922856189505206,0.9894740566509233,0.03978409391159929,True,True,True,LOSSY,1
caltech_stegosaurus_010,data/processed/caltech_stegosaurus_010.png,train,180000,png,63385,2.839788593515816,jpeg,85,11484,15.67398119122257,0.8188214877336909,46.06765808563224,0.9936532157187186,0.9902926779743805,0.6799206649036645,True,True,True,LOSSY,1
caltech_laptop_002,data/processed/caltech_laptop_002.png,train,202500,png,56952,3.5556257901390644,jpeg,85,11929,16.975438008215274,0.790542913330524,47.10284280250833,0.9948691764800769,0.9971303768231742,0.11582775898466312,True,True,True,LOSSY,1
caltech_anchor_010,data/processed/caltech_anchor_010.png,train,243000,png,115288,2.1077649018111164,jpeg,85,19740,12.310030395136778,0.8287766289639859,45.022000642846606,0.9926140536753177,0.9937341979843969,0.02062220127268442,True,True,True,LOSSY,1
caltech_lotus_009,data/processed/caltech_lotus_009.png,train,180000,png,70723,2.5451409018282596,jpeg,85,14712,12.234910277324634,0.7919771502905703,44.31923146909143,0.9923447680100782,0.9913265929143154,0.39325920778318274,True,True,True,LOSSY,1
caltech_ant_004,data/processed/caltech_ant_004.png,train,211500,png,66990,3.157187639946261,jpeg,85,16374,12.916819347746427,0.7555754590237349,42.89989756204703,0.9904660512208667,0.986963467420924,0.41231893080977877,True,True,True,LOSSY,1
caltech_helicopter_010,data/processed/caltech_helicopter_010.png,train,228600,png,151774,1.5061868304189123,jpeg,85,30961,7.38348244565744,0.7960059035144359,40.95082429449603,0.991625571425646,0.9906149253582851,0.002216401370139029,True,True,True,LOSSY,1
caltech_headphone_010,data/processed/caltech_headphone_010.png,train,237600,png,84592,2.8087762436164176,jpeg,85,15934,14.91150997866198,0.8116370342349158,45.54514021008679,0.9938194363788542,0.9932119285826225,0.17965435978004712,True,True,True,LOSSY,1
caltech_brain_009,data/processed/caltech_brain_009.png,train,247500,png,71237,3.4743181212010614,jpeg,85,15380,16.092327698309493,0.7841009587714249,42.9553898883914,0.991453276020963,0.9906863730562709,0.76953125,True,True,True,LOSSY,1
caltech_accordion_005,data/processed/caltech_accordion_005.png,train,200700,png,63624,3.1544700113164845,jpeg,85,13209,15.194185782421076,0.7923896642776311,46.62118284622369,0.9958217620196037,0.9969720444286242,0.6134562841530055,True,True,True,LOSSY,1
caltech_metronome_009,data/processed/caltech_metronome_009.png,train,231300,png,114618,2.0180076427786213,jpeg,85,20440,11.316046966731898,0.8216684988396238,41.33454533925473,0.9895491532359678,0.9882263505400228,0.10355825498516238,True,True,True,LOSSY,1
caltech_headphone_001,data/processed/caltech_headphone_001.png,train,270000,png,44422,6.078069425059655,jpeg,85,10407,25.944076102623235,0.7657241907163117,49.10863861911098,0.9973433818561072,0.9912195918483746,0.8807952769578051,True,True,True,LOSSY,1
caltech_grand_piano_010,data/processed/caltech_grand_piano_010.png,train,255600,png,132623,1.9272675177005496,jpeg,85,26569,9.62023410741842,0.7996652164405872,42.56173677847198,0.9915078970559716,0.9874148400749208,0.1403577362916626,True,True,True,LOSSY,1
caltech_inline_skate_009,data/processed/caltech_inline_skate_009.png,train,202500,png,69234,2.924863506369703,jpeg,85,16012,12.646764926305272,0.768726348325967,41.21144028937902,0.9939862283496551,0.9943457514350257,0.8148949620696363,True,True,True,LOSSY,1
caltech_lobster_006,data/processed/caltech_lobster_006.png,train,203619,png,57254,3.5564152722953857,jpeg,85,11714,17.382533720334642,0.795402941279212,45.821152135563025,0.9958083109952133,1.0,0.7548634848293033,True,True,True,LOSSY,1
caltech_dollar_bill_004,data/processed/caltech_dollar_bill_004.png,train,171000,png,95964,1.7819182193322496,jpeg,85,22207,7.70027468816139,0.7685903046975949,37.953791458138106,0.9944672149396571,0.9976382788261776,0.6820518881862774,True,True,True,LOSSY,1
caltech_butterfly_005,data/processed/caltech_butterfly_005.png,train,250200,png,165227,1.5142803536952194,jpeg,85,31617,7.913464275547964,0.8086450761679387,42.26168054604688,0.9943348534704253,0.9919418117047256,0.22072245789947295,True,True,True,LOSSY,1
caltech_metronome_005,data/processed/caltech_metronome_005.png,train,169200,png,82470,2.0516551473263003,jpeg,85,17079,9.906903214473916,0.7929065114587123,40.863536334086334,0.9894376350800549,0.9818429616181958,0.5800625488663018,True,True,True,LOSSY,1
caltech_watch_001,data/processed/caltech_watch_001.png,train,217800,png,58812,3.703325851866966,jpeg,85,10812,20.144284128745838,0.8161599673536013,47.673390220552534,0.9962531664615929,1.0,0.5693009255099291,True,True,True,LOSSY,1
caltech_crocodile_head_010,data/processed/caltech_crocodile_head_010.png,train,212400,png,131249,1.6182980441755748,jpeg,85,22702,9.356003876310456,0.827031063093814,43.0508417677543,0.9914744227467954,0.9907957876519119,0.0023752969121140144,True,True,True,LOSSY,1
caltech_dragonfly_004,data/processed/caltech_dragonfly_004.png,train,270000,png,54704,4.935653699912255,jpeg,85,12050,22.406639004149376,0.7797236033928049,48.67797832369668,0.9977964274501322,0.9987982937152884,0.8585466815082788,True,True,True,LOSSY,1
caltech_stegosaurus_004,data/processed/caltech_stegosaurus_004.png,train,185400,png,115558,1.6043891379220825,jpeg,85,22471,8.250634150683103,0.8055435365790339,40.77041609106979,0.9878900693341531,0.99198831711486,0.017745986676859234,True,True,True,LOSSY,1
caltech_euphonium_007,data/processed/caltech_euphonium_007.png,train,179100,png,110115,1.6264814058030241,jpeg,85,21545,8.312833604084474,0.8043409163147618,40.90174184902524,0.9905977904054758,0.9962926912778369,0.0015499070055796653,True,True,True,LOSSY,1
caltech_lobster_004,data/processed/caltech_lobster_004.png,train,253800,png,102478,2.4766291301547647,jpeg,85,26558,9.556442503200541,0.7408419368059486,38.1188282678667,0.9877572977105405,0.9806563982312975,0.7958903531001859,True,True,True,LOSSY,1
caltech_butterfly_004,data/processed/caltech_butterfly_004.png,train,243900,png,120094,2.0309091211884023,jpeg,85,21751,11.21327755045745,0.8188835412260396,43.46336733481031,0.9892059170443227,0.984628664985991,0.2189380870231934,True,True,True,LOSSY,1
caltech_electric_guitar_008,data/processed/caltech_electric_guitar_008.png,train,179100,png,95478,1.8758247973355118,jpeg,85,17979,9.961621892207576,0.8116948406962861,42.25456499450392,0.9872643417669412,0.9868536086704535,0.06508791832104367,True,True,True,LOSSY,1
caltech_stop_sign_002,data/processed/caltech_stop_sign_002.png,train,178200,png,44239,4.0281199846289475,jpeg,85,8058,22.114668652271035,0.8178530256108864,48.014800179195085,0.9933902278565204,1.0,0.11059707651875503,True,True,True,LOSSY,1
caltech_flamingo_head_004,data/processed/caltech_flamingo_head_004.png,train,224100,png,50494,4.438151067453559,jpeg,85,8964,25.0,0.8224739573018577,49.064439114364035,0.9943615336291268,1.0,0.09015998538035984,True,True,True,LOSSY,1
caltech_snoopy_010,data/processed/caltech_snoopy_010.png,train,257400,png,107604,2.3921043827367012,jpeg,85,25745,9.998057875315595,0.7607430950522286,40.017994189079566,0.9936903114237455,0.9976872716743627,0.6571043165467626,True,True,True,LOSSY,1
caltech_wrench_002,data/processed/caltech_wrench_002.png,train,135900,png,23792,5.712004034969738,jpeg,85,9072,14.98015873015873,0.6186953597848016,41.500433432897815,0.9969581866178426,0.999058617470159,0.9132657664431145,True,True,True,LOSSY,1
caltech_minaret_010,data/processed/caltech_minaret_010.png,train,186300,png,90363,2.061684539025929,jpeg,85,17703,10.52364006100661,0.8040901696490821,41.05195820971915,0.9902339727732775,0.9906956248716483,0.39705832742974734,True,True,True,LOSSY,1
caltech_revolver_007,data/processed/caltech_revolver_007.png,train,207900,png,62891,3.3057194193127795,jpeg,85,18096,11.488726790450928,0.7122640759409137,42.45858729480063,0.9963310587391446,0.9963943689569889,0.6304210049796288,True,True,True,LOSSY,1
caltech_car_side_010,data/processed/caltech_car_side_010.png,train,177300,png,51244,3.4599172586058855,jpeg,85,14716,12.048110899701006,0.7128249160877371,45.21818970640473,0.9960016016130981,0.9975140407944154,0.012116734392316217,True,True,True,LOSSY,1
caltech_wheelchair_005,data/processed/caltech_wheelchair_005.png,train,244800,png,127921,1.9136811000539395,jpeg,85,26029,9.404894540704598,0.7965228539489216,43.23232129455828,0.993686117940474,0.996988810718435,0.030776092774308653,True,True,True,LOSSY,1
caltech_sea_horse_005,data/processed/caltech_sea_horse_005.png,train,187200,png,86364,2.1675698207586493,jpeg,85,14851,12.605211770251161,0.8280417766662035,45.925071346122195,0.9919397290341664,0.9907022373984758,0.07852491291837044,True,True,True,LOSSY,1
caltech_dalmatian_009,data/processed/caltech_dalmatian_009.png,train,216900,png,133866,1.6202769934113217,jpeg,85,26027,8.333653513658893,0.8055742309473652,43.037452000100764,0.9924473214414452,0.9901581554971196,0.021422797089733225,True,True,True,LOSSY,1
caltech_cougar_body_007,data/processed/caltech_cougar_body_007.png,train,167400,png,120455,1.3897306047901705,jpeg,85,24354,6.873614190687362,0.7978166120127849,39.625029235354575,0.9918816248093428,0.9903112189265251,0.19466416409706394,True,True,True,LOSSY,1
caltech_cougar_body_001,data/processed/caltech_cougar_body_001.png,train,259200,png,164588,1.5748414222179017,jpeg,85,31862,8.135082543468709,0.8064135902981991,40.88475518704912,0.9918874863135653,0.9932520169269585,0.0017985611510791368,True,True,True,LOSSY,1
caltech_ceiling_fan_005,data/processed/caltech_ceiling_fan_005.png,train,149400,png,51494,2.901308890356158,jpeg,85,9913,15.071118732976899,0.8074921350060201,44.75991472641766,0.9943736874948002,0.9956796352693025,0.23671559515415677,True,True,True,LOSSY,1
caltech_cup_002,data/processed/caltech_cup_002.png,train,234000,png,97703,2.3950134591568326,jpeg,85,18573,12.59893393635923,0.809903483004616,44.93196119347756,0.9942694897789838,0.9922552771339861,0.5739642930998828,True,True,True,LOSSY,1
caltech_brontosaurus_004,data/processed/caltech_brontosaurus_004.png,train,198000,png,83507,2.371058713640773,jpeg,85,15803,12.529266594950325,0.8107583795370448,45.38472396590198,0.9931663759819839,0.9911367896854044,0.007451564828614009,True,True,True,LOSSY,1
kodim20,data/processed/kodim20.png,train,1179648,png,533657,2.2104985037205545,jpeg,85,184833,6.382236938209086,0.6536483171775129,29.377884574578275,0.9306089212396133,0.8784484896218306,0.5886277096513057,False,True,False,LOSSLESS,0
caltech_nautilus_001,data/processed/caltech_nautilus_001.png,train,267300,png,89373,2.9908361585713807,jpeg,85,23252,11.495785308790643,0.7398319402951674,45.192455225517286,0.9934410843095615,0.9924666623450802,0.007299953205428171,True,True,True,LOSSY,1
caltech_scissors_005,data/processed/caltech_scissors_005.png,train,135000,png,56185,2.4027765417816145,jpeg,85,11611,11.626905520626991,0.7933434190620272,42.81879708503118,0.9931657666038691,0.9923675836476158,0.08675540451241386,True,True,True,LOSSY,1
caltech_binocular_008,data/processed/caltech_binocular_008.png,train,146700,png,67374,2.177397809243922,jpeg,85,12526,11.711639789238385,0.8140825837860303,44.51200668681642,0.9909296239205595,0.9929737046919354,0.003256975355553143,True,True,True,LOSSY,1
caltech_minaret_008,data/processed/caltech_minaret_008.png,train,189000,png,72986,2.5895377195626557,jpeg,85,15487,12.20378381868664,0.7878086208313924,41.36672262776827,0.9905934910097959,0.9878562310941332,0.724992607328154,True,True,True,LOSSY,1
caltech_garfield_008,data/processed/caltech_garfield_008.png,train,268200,png,115535,2.321374475267235,jpeg,85,32245,8.317568615289192,0.7209070844332887,37.707262914926204,0.9907824746169217,0.9935229070120851,0.6091244015972115,True,True,True,LOSSY,1
caltech_nautilus_010,data/processed/caltech_nautilus_010.png,train,267300,png,174946,1.5279000377259269,jpeg,85,33903,7.884258030262808,0.8062087729928092,42.11493428038792,0.9926056056998331,0.9926613078347544,0.10315467743696104,True,True,True,LOSSY,1
caltech_bass_004,data/processed/caltech_bass_004.png,train,195300,png,74709,2.6141428743524875,jpeg,85,17585,11.106056297981233,0.7646200591628853,40.8654135438928,0.9931756501127245,0.997504654935632,0.7009208723041043,True,True,True,LOSSY,1
caltech_cougar_face_005,data/processed/caltech_cougar_face_005.png,train,225000,png,105855,2.125549100184214,jpeg,85,19967,11.26859317874493,0.8113740494072079,45.55940655995468,0.9932410043427954,0.9933641097947772,0.002986857825567503,True,True,True,LOSSY,1
caltech_schooner_005,data/processed/caltech_schooner_005.png,train,186300,png,56014,3.325954225729282,jpeg,85,14710,12.664853840924541,0.7373870818009783,46.36704793782735,0.9957294767826205,1.0,0.025115953443598495,True,True,True,LOSSY,1
caltech_bonsai_007,data/processed/caltech_bonsai_007.png,train,147600,png,68909,2.1419553323948977,jpeg,85,15669,9.419873635841471,0.7726131564817368,38.06836140432877,0.9932517722417719,0.9916421168607207,0.7863636363636364,True,True,True,LOSSY,1
caltech_pizza_009,data/processed/caltech_pizza_009.png,train,202500,png,105998,1.910413404026491,jpeg,85,18031,11.23065831068715,0.8298930168493746,44.95256304344487,0.9898886895418104,0.9891069007041782,0.002410958904109589,True,True,True,LOSSY,1
caltech_brain_010,data/processed/caltech_brain_010.png,train,253800,png,140939,1.8007790604445895,jpeg,85,33081,7.672077627641245,0.7652814338117909,38.67377862684646,0.9923087776011524,0.9985053835792893,0.36882931521300694,True,True,True,LOSSY,1
caltech_scorpion_009,data/processed/caltech_scorpion_009.png,train,137700,png,53160,2.590293453724605,jpeg,85,11409,12.069418879831712,0.7853837471783296,42.13168761831397,0.9946962599768391,0.9974711615436106,0.7568386725493957,True,True,True,LOSSY,1
caltech_pigeon_007,data/processed/caltech_pigeon_007.png,train,233100,png,118691,1.9639231281226042,jpeg,85,26441,8.815854165878749,0.7772282649906058,38.99755968164356,0.9914683578918515,0.9963635408383432,0.6129824444960674,True,True,True,LOSSY,1
caltech_airplanes_004,data/processed/caltech_airplanes_004.png,train,200430,png,114914,1.7441739039629636,jpeg,85,23308,8.599193409987986,0.7971700576082984,41.56508349171374,0.9903134212654252,0.9890594380981284,0.48999226870543766,True,True,True,LOSSY,1
caltech_pyramid_006,data/processed/caltech_pyramid_006.png,train,253800,png,73085,3.472668810289389,jpeg,85,12642,20.07593735168486,0.8270233290004789,48.216500406834626,0.9922907817863145,1.0,0.05454646447814253,True,True,True,LOSSY,1
caltech_cellphone_009,data/processed/caltech_cellphone_009.png,train,189900,png,67327,2.82056233012016,jpeg,85,17185,11.05033459412278,0.7447532193622173,39.74624872551717,0.9926790754988778,0.9939637689113479,0.7832437646410363,True,True,True,LOSSY,1
caltech_watch_006,data/processed/caltech_watch_006.png,train,213300,png,78253,2.7257740917281126,jpeg,85,17400,12.258620689655173,0.7776443075664831,43.266502141626276,0.996258715826194,0.9977678098642171,0.7187981510015409,True,True,True,LOSSY,1
caltech_brontosaurus_005,data/processed/caltech_brontosaurus_005.png,train,267300,png,119266,2.24120872671172,jpeg,85,20972,12.745565515925996,0.8241577649958916,44.84911338882015,0.9900818231238881,0.9900245736176185,0.016664378860672614,True,True,True,LOSSY,1
caltech_Leopards_008,data/processed/caltech_Leopards_008.png,train,73728,png,50238,1.4675743461125044,jpeg,85,10103,7.297634366029892,0.798897249094311,39.85423810798903,0.9909981794659432,0.994119812838901,0.009577201588413922,True,True,True,LOSSY,1
caltech_llama_004,data/processed/caltech_llama_004.png,train,203400,png,137427,1.4800585037874654,jpeg,85,28072,7.245654032487888,0.7957315520239836,38.833834490684865,0.9918043083520173,0.9935763358941868,0.010037804719071829,True,True,True,LOSSY,1
kodim01,data/processed/kodim01.png,train,1179648,png,753927,1.5646713806509118,jpeg,85,139387,8.463113489780252,0.8151187051266237,35.15432588758202,0.9592234972398845,0.9732235022595598,0.015316659017898119,True,True,True,LOSSY,1
caltech_BACKGROUND_Google_003,data/processed/caltech_BACKGROUND_Google_003.png,train,62208,png,5210,11.940115163147793,jpeg,85,3879,16.037122969837586,0.25547024952015357,41.8060080711539,0.9950098662391468,0.9933865695129642,0.9588802973086376,True,True,True,LOSSY,1
caltech_gramophone_008,data/processed/caltech_gramophone_008.png,train,207000,png,109785,1.8855034840825249,jpeg,85,20510,10.092637737688932,0.8131803069636107,42.92021908910677,0.9919150363719247,0.990840331245329,0.07108391196893021,True,True,True,LOSSY,1
caltech_airplanes_010,data/processed/caltech_airplanes_010.png,train,163167,png,64837,2.516572327529034,jpeg,85,12139,13.441552022407118,0.8127766553048413,45.11320354421283,0.9927368392475312,0.990583860223245,0.2473607212051718,True,True,True,LOSSY,1
caltech_revolver_006,data/processed/caltech_revolver_006.png,train,217800,png,88843,2.4515155949258807,jpeg,85,17542,12.415916087105233,0.8025505667300744,44.05251074473991,0.9948011020906039,0.9966121155067972,0.7382554313998636,True,True,True,LOSSY,1
caltech_helicopter_004,data/processed/caltech_helicopter_004.png,train,162000,png,39579,4.093079663457894,jpeg,85,8421,19.23762023512647,0.787235655271735,44.28598622192809,0.9953880177191282,0.9947405268386761,0.3087424582988288,True,True,True,LOSSY,1
caltech_watch_003,data/processed/caltech_watch_003.png,train,195300,png,124134,1.5732998211610034,jpeg,85,23442,8.331200409521372,0.8111556865967422,42.01926679411207,0.9933583236230435,0.9907480522873204,0.014156750102585146,True,True,True,LOSSY,1
caltech_brontosaurus_003,data/processed/caltech_brontosaurus_003.png,train,193500,png,164984,1.1728410027639045,jpeg,85,37608,5.1451818761965535,0.7720506230907239,36.52518619712601,0.9904534130838253,0.990140697901443,0.001402524544179523,True,True,True,LOSSY,1
caltech_soccer_ball_010,data/processed/caltech_soccer_ball_010.png,train,243000,png,110030,2.208488594019813,jpeg,85,22595,10.754591723832707,0.7946469144778697,42.345666045175676,0.9945507620015337,0.9934810411367799,0.22460627387031712,True,True,True,LOSSY,1
caltech_cellphone_006,data/processed/caltech_cellphone_006.png,train,235800,png,98531,2.3931554536135837,jpeg,85,17622,13.38100102145046,0.8211527336574276,42.50642195786731,0.9881843666574941,0.9848744265908408,0.2764486211424819,True,True,True,LOSSY,1
caltech_octopus_004,data/processed/caltech_octopus_004.png,train,200700,png,66681,3.0098528816304495,jpeg,85,15800,12.70253164556962,0.7630509440470299,42.132184933449864,0.9955098423373235,0.9957531829582553,0.8394422206524867,True,True,True,LOSSY,1
caltech_emu_009,data/processed/caltech_emu_009.png,train,227700,png,135056,1.685967302452316,jpeg,85,25460,8.94344069128044,0.8114856059708565,42.89075285014657,0.9928318371016198,0.9964388229891697,0.0015961691939345571,True,True,True,LOSSY,1
caltech_joshua_tree_010,data/processed/caltech_joshua_tree_010.png,train,188100,png,124818,1.5069941835312215,jpeg,85,25592,7.349953110346983,0.794965469723918,40.17601344769571,0.9935061735344144,0.9929961510791844,0.11060553027651382,True,True,True,LOSSY,1
caltech_ant_003,data/processed/caltech_ant_003.png,train,245700,png,156085,1.5741422942627414,jpeg,85,31467,7.808179998093241,0.7983983086138963,40.46000038975728,0.9922332656076881,0.9882675653293496,0.5926925472285655,True,True,True,LOSSY,1
caltech_garfield_003,data/processed/caltech_garfield_003.png,train,128700,png,87522,1.4704874203057516,jpeg,85,21216,6.0661764705882355,0.7575923767738397,36.40209006292723,0.9821575767447324,0.9909746989047428,0.004245553643144004,True,True,True,LOSSY,1
caltech_okapi_009,data/processed/caltech_okapi_009.png,train,239400,png,186033,1.286868458821822,jpeg,85,40632,5.891907855877141,0.7815871377658803,38.83270620097376,0.9933149543065145,0.9903662284817623,0.002175264139216905,True,True,True,LOSSY,1
caltech_nautilus_005,data/processed/caltech_nautilus_005.png,train,262800,png,123107,2.134728325765391,jpeg,85,25446,10.3277528884697,0.7933017618819401,41.84114388158156,0.992062596707786,0.9913856414191745,0.02963551373315817,True,True,True,LOSSY,1
caltech_crayfish_004,data/processed/caltech_crayfish_004.png,train,195300,png,97466,2.0037756756202163,jpeg,85,28364,6.885488647581441,0.7089856975765908,39.21101236436095,0.9934642321229784,0.9911519870565395,0.5775612325520147,True,True,True,LOSSY,1
caltech_bass_001,data/processed/caltech_bass_001.png,train,153900,png,67398,2.283450547493991,jpeg,85,12483,12.32876712328767,0.8147867889254874,42.941527355326144,0.9899424911268438,0.9895085355279812,0.22150205373629273,True,True,True,LOSSY,1
caltech_inline_skate_001,data/processed/caltech_inline_skate_001.png,train,231300,png,79799,2.8985325630647,jpeg,85,20158,11.474352614346662,0.7473903181744133,42.64947830947363,0.9918291857313303,0.9940655773601744,0.4132920438303954,True,True,True,LOSSY,1
caltech_anchor_001,data/processed/caltech_anchor_001.png,train,168300,png,31786,5.294783867111307,jpeg,85,6940,24.2507204610951,0.7816648839111558,47.85637478217492,0.9949412235669596,0.9959561266680537,0.8447055037013196,True,True,True,LOSSY,1
caltech_Motorbikes_006,data/processed/caltech_Motorbikes_006.png,train,128118,png,31686,4.043362999431926,jpeg,85,8921,14.361394462504203,0.718456100486019,42.94913140793328,0.9975850223474985,0.9956403907369507,0.8218660641790518,True,True,True,LOSSY,1
caltech_platypus_001,data/processed/caltech_platypus_001.png,train,170100,png,67983,2.50209611226336,jpeg,85,12407,13.710002417989845,0.8174984922701264,44.628767973493964,0.9920344606509316,0.9907730920468313,0.5120552778594532,True,True,True,LOSSY,1
caltech_platypus_005,data/processed/caltech_platypus_005.png,train,226800,png,174001,1.3034407848230758,jpeg,85,36344,6.240369799691834,0.7911276371974874,39.12951031296438,0.9924919672033874,0.9926131629299366,0.0023584905660377358,True,True,True,LOSSY,1
caltech_Faces_easy_007,data/processed/caltech_Faces_easy_007.png,train,283176,png,138602,2.0430874013362,jpeg,85,25024,11.316176470588236,0.8194542647292247,44.47785659597413,0.9923656793523036,0.9920124139556434,0.13852999058783264,True,True,True,LOSSY,1
caltech_wrench_007,data/processed/caltech_wrench_007.png,train,270000,png,51733,5.21910579320743,jpeg,85,20951,12.887213020858193,0.5950167204685597,39.4618812273823,0.9928798907171629,0.985418840578686,0.8434242885583793,True,True,True,LOSSY,1
caltech_cougar_face_006,data/processed/caltech_cougar_face_006.png,train,228600,png,150010,1.5238984067728818,jpeg,85,27688,8.256284310892806,0.8154256382907806,40.49895806565078,0.9903684286764821,0.9878455931629097,0.039038554605581546,True,True,True,LOSSY,1
caltech_watch_004,data/processed/caltech_watch_004.png,train,214200,png,57128,3.749474863464501,jpeg,85,10044,21.32616487455197,0.8241842879148579,47.228127551514696,0.9932012736566569,0.9938918964161221,0.46951777811689305,True,True,True,LOSSY,1
caltech_mayfly_002,data/processed/caltech_mayfly_002.png,train,159300,png,64780,2.459092312442112,jpeg,85,10714,14.868396490573081,0.8346094473602964,45.25111433289065,0.9906485480954181,0.9916324361489273,0.05825354712192871,True,True,True,LOSSY,1
caltech_lotus_005,data/processed/caltech_lotus_005.png,train,210600,png,105158,2.0027006979972994,jpeg,85,18171,11.589895988112927,0.8272028756727972,45.02772428079223,0.9906041853523333,0.9909152268875036,0.04482758620689655,True,True,True,LOSSY,1
caltech_Faces_008,data/processed/caltech_Faces_008.png,train,611055,png,228275,2.6768371481765416,jpeg,85,40357,15.14123943801571,0.8232088489760158,46.42597031427202,0.9926688375458069,0.9941204031427191,0.03176609369733738,True,True,True,LOSSY,1
caltech_llama_005,data/processed/caltech_llama_005.png,train,234000,png,131865,1.7745421453759527,jpeg,85,24993,9.362621534029529,0.8104652485496531,44.28404590589807,0.9950609178220479,0.994014573257078,0.002116153303550435,True,True,True,LOSSY,1
caltech_ferry_008,data/processed/caltech_ferry_008.png,train,161100,png,113084,1.4246047186162498,jpeg,85,24574,6.555709286237486,0.7826925117611687,38.74502561708176,0.9933700482955473,0.9942933844374968,0.0071301247771836,True,True,True,LOSSY,1
caltech_garfield_004,data/processed/caltech_garfield_004.png,train,174600,png,112115,1.5573295277170762,jpeg,85,23093,7.5607326895596065,0.7940239932212461,40.704060594097825,0.9932130064848895,0.9921104470342349,0.004988567865308668,True,True,True,LOSSY,1
caltech_hawksbill_006,data/processed/caltech_hawksbill_006.png,train,193500,png,111219,1.7398106438648073,jpeg,85,19253,10.050381758686958,0.826891088752821,43.046324228896054,0.9911037105523312,0.9911353319442666,0.031346321605117765,True,True,True,LOSSY,1
caltech_electric_guitar_006,data/processed/caltech_electric_guitar_006.png,train,120600,png,70156,1.719026170249159,jpeg,85,13637,8.843587299259369,0.8056189064370831,41.04912528643978,0.9916605900500554,0.9900127377353134,0.11475409836065574,True,True,True,LOSSY,1
caltech_electric_guitar_005,data/processed/caltech_electric_guitar_005.png,train,135000,png,83385,1.618996222342148,jpeg,85,15560,8.676092544987146,0.8133956946693051,42.45752451539509,0.9901791957658119,1.0,0.0017873100983020554,True,True,True,LOSSY,1
caltech_cannon_004,data/processed/caltech_cannon_004.png,train,215100,png,76945,2.7955032815647542,jpeg,85,21850,9.844393592677346,0.7160309311846124,40.241816082499,0.9944122146615496,0.9900985502256361,0.6396599233819477,True,True,True,LOSSY,1
caltech_ferry_002,data/processed/caltech_ferry_002.png,train,173700,png,69876,2.485832045337455,jpeg,85,14339,12.11381546830323,0.7947936344381475,43.4650467737801,0.9936634823355144,0.9940410635099225,0.2637226578621544,True,True,True,LOSSY,1
caltech_bass_009,data/processed/caltech_bass_009.png,train,183600,png,78433,2.3408514273328827,jpeg,85,17338,10.589456684738725,0.7789450868894471,41.0738104972429,0.9904656167747099,0.9898442893904434,0.6574286309647843,True,True,True,LOSSY,1
caltech_Faces_easy_003,data/processed/caltech_Faces_easy_003.png,train,257796,png,146383,1.7611061393741076,jpeg,85,25124,10.26094570928196,0.8283680482023186,42.74794796767489,0.9912100733297259,0.9904081369443634,0.06747595774869936,True,True,True,LOSSY,1
caltech_wheelchair_009,data/processed/caltech_wheelchair_009.png,train,179100,png,107088,1.6724562976243837,jpeg,85,20414,8.773390810228275,0.8093717316599432,42.06805246934685,0.9920577407495191,0.9926201610257203,0.0026217745273906445,True,True,True,LOSSY,1
caltech_minaret_009,data/processed/caltech_minaret_009.png,train,202500,png,73270,2.7637505118056502,jpeg,85,14376,14.085976627712855,0.8037941858878122,43.5685157793181,0.9920880229911475,0.9885589876262152,0.4684576517084396,True,True,True,LOSSY,1
caltech_trilobite_005,data/processed/caltech_trilobite_005.png,train,240300,png,173284,1.3867408416241547,jpeg,85,37980,6.327014218009479,0.7808222340204519,37.770477192435564,0.9916777119261848,0.9852743535145345,0.7444660194174757,True,True,True,LOSSY,1
caltech_grand_piano_009,data/processed/caltech_grand_piano_009.png,train,270000,png,75301,3.585609752858528,jpeg,85,16116,16.753536857781086,0.785978937862711,44.348642111180325,0.9956456444086313,0.9902742713792031,0.857690890206721,True,True,True,LOSSY,1
caltech_flamingo_005,data/processed/caltech_flamingo_005.png,train,270000,png,97975,2.7558050523092628,jpeg,85,15142,17.831197992339188,0.845450369992345,47.8893689985409,0.9914098093164897,0.9915207744442192,0.005713976223359602,True,True,True,LOSSY,1
caltech_octopus_009,data/processed/caltech_octopus_009.png,train,141300,png,57336,2.464420259522813,jpeg,85,12721,11.107617325681943,0.7781324124459328,40.747150440401406,0.9937505399377956,0.9912783971273893,0.7517044839652249,True,True,True,LOSSY,1
caltech_Leopards_009,data/processed/caltech_Leopards_009.png,train,73728,png,42860,1.720205319645357,jpeg,85,7933,9.293835875456953,0.8149090060662623,42.38556142154031,0.9904124832786844,0.9940592613477117,0.002827140549273021,True,True,True,LOSSY,1
caltech_brontosaurus_009,data/processed/caltech_brontosaurus_009.png,train,200700,png,121315,1.654370852738738,jpeg,85,26133,7.679944897256343,0.7845855829864402,37.53870064219824,0.9911049643285059,0.990461407315436,0.7068893001345895,True,True,True,LOSSY,1
caltech_okapi_007,data/processed/caltech_okapi_007.png,train,206100,png,138003,1.493445794656638,jpeg,85,27215,7.573029579276135,0.8027941421563299,40.939908260508204,0.993094525455342,0.992156908459813,0.0036622976098689285,True,True,True,LOSSY,1
caltech_flamingo_head_006,data/processed/caltech_flamingo_head_006.png,train,254700,png,35402,7.194508784814417,jpeg,85,8034,31.702763256161315,0.7730636687192814,50.19175950857446,0.9968389442596921,0.9925481796288449,0.7382837395725637,True,True,True,LOSSY,1
caltech_dolphin_001,data/processed/caltech_dolphin_001.png,train,161100,png,101562,1.5862231937141844,jpeg,85,19785,8.142532221379833,0.8051928871034442,41.797047011113094,0.9887603832721163,0.9881948752736156,0.3241712477094786,True,True,True,LOSSY,1
caltech_trilobite_004,data/processed/caltech_trilobite_004.png,train,200700,png,105059,1.9103551337819702,jpeg,85,23532,8.528811830698624,0.7760115744486431,40.29340884524614,0.9915026603457803,0.9892184658634707,0.7587924249877029,True,True,True,LOSSY,1
caltech_wheelchair_008,data/processed/caltech_wheelchair_008.png,train,259200,png,73045,3.5484975015401465,jpeg,85,18420,14.071661237785015,0.7478266821822165,46.870008388889836,0.9957679032106294,0.9951018456099716,0.02186334417903341,True,True,True,LOSSY,1
caltech_lamp_007,data/processed/caltech_lamp_007.png,train,189000,png,98592,1.9169912366114898,jpeg,85,17528,10.782747603833865,0.8222168127231418,44.39246300977982,0.9907297705410935,0.9933690873197145,0.04875185368264953,True,True,True,LOSSY,1
caltech_crocodile_head_002,data/processed/caltech_crocodile_head_002.png,train,202500,png,149795,1.351847524950766,jpeg,85,29640,6.831983805668016,0.8021295770886879,37.788693538633275,0.9917733814811508,0.9924686071013707,0.032621450363764376,True,True,True,LOSSY,1
caltech_ceiling_fan_004,data/processed/caltech_ceiling_fan_004.png,train,164700,png,52256,3.1517911818738518,jpeg,85,13350,12.337078651685394,0.7445269442743417,40.63113731092847,0.9931717352561966,1.0,0.8076249022621262,True,True,True,LOSSY,1
caltech_garfield_010,data/processed/caltech_garfield_010.png,train,204300,png,124094,1.6463326188212162,jpeg,85,24693,8.273599805612927,0.8010137476429159,40.04085578041008,0.9899309097997163,0.9936501209259273,0.008324514991181657,True,True,True,LOSSY,1
caltech_cup_009,data/processed/caltech_cup_009.png,train,235800,png,124555,1.8931395768937418,jpeg,85,21473,10.981232245145065,0.8276022640600538,43.704516782247104,0.9901370321075188,0.9963657732606005,0.007990561484421087,True,True,True,LOSSY,1
caltech_cellphone_007,data/processed/caltech_cellphone_007.png,train,185400,png,122271,1.51630394778811,jpeg,85,25205,7.355683396151557,0.7938595415102518,38.939009612986176,0.9899716126723276,0.9881758282881767,0.7010608396046786,True,True,True,LOSSY,1
caltech_gerenuk_007,data/processed/caltech_gerenuk_007.png,train,162000,png,123842,1.308118408940424,jpeg,85,25496,6.353937872607468,0.7941247718867589,38.98795003810661,0.9932726781889295,0.9924541795082952,0.0013504388926401081,True,True,True,LOSSY,1
kodim07,data/processed/kodim07.png,train,1179648,png,581489,2.028667782193644,jpeg,85,88703,13.298851222619303,0.847455411882254,39.47205742883622,0.9704869910829773,0.9853196724513708,0.0537631942573088,True,True,True,LOSSY,1
caltech_wild_cat_007,data/processed/caltech_wild_cat_007.png,train,160200,png,135352,1.1835805898693776,jpeg,85,29538,5.423522242535039,0.7817690170813878,37.5991412020948,0.9935435434406127,0.9963699638223585,0.002157497303128371,True,True,True,LOSSY,1
caltech_panda_008,data/processed/caltech_panda_008.png,train,270000,png,135262,1.9961260368765803,jpeg,85,23938,11.279137772579164,0.8230249441824016,44.36649409690031,0.992752795058225,0.9986657973926301,0.02650313062869886,True,True,True,LOSSY,1
caltech_crab_006,data/processed/caltech_crab_006.png,train,228600,png,97911,2.334773416674327,jpeg,85,20313,11.25387682764732,0.7925360786837026,39.70547010738871,0.9909167050418919,1.0,0.7123069936421436,True,True,True,LOSSY,1
caltech_kangaroo_010,data/processed/caltech_kangaroo_010.png,train,246600,png,204328,1.206883050781097,jpeg,85,43129,5.717730529342206,0.7889227125014683,38.048517390835514,0.9939849886934807,0.9948477941657276,0.002902757619738752,True,True,True,LOSSY,1
caltech_sunflower_008,data/processed/caltech_sunflower_008.png,train,183600,png,114691,1.6008230811484772,jpeg,85,23616,7.774390243902439,0.7940902076012939,39.792793382840365,0.9851954579939609,0.9896906639269784,0.0038457188100893564,True,True,True,LOSSY,1
caltech_nautilus_007,data/processed/caltech_nautilus_007.png,train,241200,png,116887,2.063531444899775,jpeg,85,19387,12.441326662196317,0.8341389547169489,45.177239088411184,0.9899758204170112,0.9945260336115697,0.006942463147883975,True,True,True,LOSSY,1
caltech_dalmatian_003,data/processed/caltech_dalmatian_003.png,train,235800,png,151274,1.5587609238864577,jpeg,85,29351,8.033797826309154,0.8059745891561009,41.257276725735764,0.9929406336601159,0.9954132021412406,0.10722559293987866,True,True,True,LOSSY,1
caltech_lamp_010,data/processed/caltech_lamp_010.png,train,199800,png,91903,2.1740313156262583,jpeg,85,18519,10.78891948809331,0.7984940643939806,42.86814191418104,0.9924087030315523,0.9962157045249398,0.42360936320161086,True,True,True,LOSSY,1
caltech_mayfly_003,data/processed/caltech_mayfly_003.png,train,180900,png,95074,1.9027284010349832,jpeg,85,16338,11.072346676459787,0.8281549109115005,43.6925064881537,0.9907386392508322,0.991982057340132,0.0735921935352714,True,True,True,LOSSY,1
caltech_Faces_010,data/processed/caltech_Faces_010.png,train,560196,png,218273,2.5664924200427905,jpeg,85,38409,14.585019136139968,0.8240322898388716,46.144039812991096,0.9923516182997473,0.9937350451281324,0.03768095960292293,True,True,True,LOSSY,1
caltech_crocodile_003,data/processed/caltech_crocodile_003.png,train,216000,png,84007,2.5712143035699406,jpeg,85,19478,11.089434233494199,0.7681383694215959,40.27720861946616,0.9967270852315709,0.9965479539637767,0.8664443227637015,True,True,True,LOSSY,1
caltech_Leopards_007,data/processed/caltech_Leopards_007.png,train,73728,png,49030,1.5037324087293493,jpeg,85,9669,7.625193918709277,0.8027942076279828,41.33084538456028,0.9929384370244093,0.9939072875436181,0.004323656578134651,True,True,True,LOSSY,1
caltech_brain_005,data/processed/caltech_brain_005.png,train,209700,png,125988,1.6644442327840747,jpeg,85,32214,6.509592102812442,0.7443089818077913,36.544340581646765,0.9897084660894282,0.9979132537129762,0.4886052504429055,True,True,True,LOSSY,1
caltech_BACKGROUND_Google_004,data/processed/caltech_BACKGROUND_Google_004.png,train,120000,png,64658,1.855918834482972,jpeg,85,14293,8.3957181837263,0.7789446008227907,40.969621949300794,0.9957403384328879,0.9945864544426036,0.8072998698897487,True,True,True,LOSSY,1
caltech_okapi_010,data/processed/caltech_okapi_010.png,train,216000,png,175350,1.2318220701454234,jpeg,85,37819,5.711414897273857,0.7843227830054177,38.08071738952271,0.9942480567393007,0.9920799934340474,0.0014998125234345708,True,True,True,LOSSY,1
caltech_dolphin_002,data/processed/caltech_dolphin_002.png,train,161100,png,106553,1.5119236436327461,jpeg,85,22050,7.3061224489795915,0.7930607303407694,40.69372591936269,0.9947686887250015,0.9946669336726716,0.0,True,True,True,LOSSY,1
caltech_ant_009,data/processed/caltech_ant_009.png,train,92700,png,51613,1.7960591323891268,jpeg,85,9384,9.878516624040921,0.8181853409024858,44.575521772428665,0.9924999192455343,0.9910009492183406,0.002,True,True,True,LOSSY,1
caltech_hawksbill_008,data/processed/caltech_hawksbill_008.png,train,235800,png,97498,2.418511148946645,jpeg,85,17091,13.796735123749341,0.8247040964942871,45.87593514104383,0.9907118677500334,0.9914934610662937,0.35527468401952195,True,True,True,LOSSY,1
caltech_laptop_006,data/processed/caltech_laptop_006.png,train,239400,png,75697,3.1626088220140827,jpeg,85,14700,16.285714285714285,0.8058047214552756,45.37873918953591,0.990955875057129,0.9923784310920806,0.6084561834561835,True,True,True,LOSSY,1
caltech_anchor_007,data/processed/caltech_anchor_007.png,train,242100,png,119148,2.03192667942391,jpeg,85,21517,11.251568527211042,0.8194094739315809,43.048107605343716,0.9904865965684143,0.9894526553694887,0.2575338816556225,True,True,True,LOSSY,1
caltech_lamp_001,data/processed/caltech_lamp_001.png,train,202500,png,44811,4.518979714802169,jpeg,85,10977,18.447663295982508,0.7550378255339091,43.0478246048202,0.9955775229439604,0.9982077466188245,0.8278128070750082,True,True,True,LOSSY,1
edge_06_mixed_hdr,data/processed/edge_06_mixed_hdr.png,train,1179648,png,816473,1.444809565043792,jpeg,85,103444,11.403735354394648,0.8733038324598609,31.349743702586316,0.7365532192683809,0.8090297099825823,0.0030021587961661478,False,True,False,LOSSLESS,0
caltech_kangaroo_002,data/processed/caltech_kangaroo_002.png,train,228600,png,161934,1.4116862425432584,jpeg,85,32632,7.005393478793822,0.7984858028579545,39.28057922341469,0.9917122610213003,0.9985362710391221,0.00170261066969353,True,True,True,LOSSY,1
caltech_BACKGROUND_Google_006,data/processed/caltech_BACKGROUND_Google_006.png,train,1866900,png,573329,3.2562455413907196,jpeg,85,184761,10.104405150437593,0.6777400061744653,38.702378799584224,0.9939963987222131,0.9986546598843118,0.8592779172138577,True,True,True,LOSSY,1
caltech_kangaroo_009,data/processed/caltech_kangaroo_009.png,train,254700,png,96482,2.639870649447565,jpeg,85,17600,14.471590909090908,0.8175825542588255,47.38458588840811,0.99329407682078,1.0,0.004291137151345106,True,True,True,LOSSY,1
caltech_lamp_009,data/processed/caltech_lamp_009.png,train,259200,png,122069,2.1233892306810085,jpeg,85,22236,11.656772800863465,0.8178407294235228,44.05182833787579,0.9907568919739463,0.9899041737373513,0.017602267857731484,True,True,True,LOSSY,1
caltech_llama_002,data/processed/caltech_llama_002.png,train,202500,png,134758,1.5026937176271538,jpeg,85,26593,7.614785845899297,0.8026610665044005,40.576380396480914,0.9917440669887689,0.9905207680358549,0.012134583563154992,True,True,True,LOSSY,1
caltech_crab_002,data/processed/caltech_crab_002.png,train,214200,png,148613,1.4413274747162093,jpeg,85,32398,6.611519229582073,0.7819975372275643,39.74585495695689,0.9923856850828748,0.984721247115593,0.001567398119122257,True,True,True,LOSSY,1
caltech_chair_010,data/processed/caltech_chair_010.png,train,178200,png,72146,2.4699914063149726,jpeg,85,14293,12.467641502833555,0.8018878385496078,44.78406647804918,0.9934104499349993,0.9989113022444892,0.025379019270283777,True,True,True,LOSSY,1
caltech_ewer_005,data/processed/caltech_ewer_005.png,train,205200,png,101004,2.0316027088036117,jpeg,85,19629,10.45392022008253,0.8056611619341808,41.26004476877901,0.9927682377319281,0.9885295706906805,0.0048820657608375975,True,True,True,LOSSY,1
caltech_water_lilly_001,data/processed/caltech_water_lilly_001.png,val,192600,png,76734,2.5099695050433968,jpeg,85,13576,14.186800235710077,0.8230771235697344,45.2370074347894,0.9925082778845362,0.9925754088794966,0.08858693842208679,True,True,True,LOSSY,1
caltech_bass_006,data/processed/caltech_bass_006.png,val,212400,png,119982,1.7702655398309746,jpeg,85,28609,7.424237128176448,0.7615559000516744,37.123116062379,0.9918562528486556,0.9903367192280295,0.7459609645662539,True,True,True,LOSSY,1
caltech_scorpion_004,data/processed/caltech_scorpion_004.png,val,207900,png,173217,1.200228614974281,jpeg,85,37515,5.541783286685326,0.7834219505013942,36.532728014000554,0.9925253453967325,0.9904706721926715,0.0014208581983518045,True,True,True,LOSSY,1
caltech_Faces_easy_008,data/processed/caltech_Faces_easy_008.png,val,288435,png,132426,2.1780843640976846,jpeg,85,23208,12.428257497414684,0.8247474060985003,45.179076836794536,0.9918190970466797,0.9934324439846008,0.04853303047510884,True,True,True,LOSSY,1
caltech_scorpion_006,data/processed/caltech_scorpion_006.png,val,180000,png,132058,1.363037453240243,jpeg,85,27285,6.597031335898846,0.7933862393796665,40.02964387472176,0.9945345832532894,0.9939330809289904,0.06503579952267304,True,True,True,LOSSY,1
caltech_dolphin_004,data/processed/caltech_dolphin_004.png,val,233100,png,76222,3.058172181260004,jpeg,85,13223,17.628374801482266,0.826519902390386,46.15802760093932,0.9932638044076464,0.993304143202068,0.26235153208903084,True,True,True,LOSSY,1
caltech_tick_002,data/processed/caltech_tick_002.png,val,216000,png,159834,1.351402079657645,jpeg,85,32156,6.71725338972509,0.7988162718820777,39.20893743275982,0.9910618955173414,0.9896898811230406,0.010787486515641856,True,True,True,LOSSY,1
caltech_pizza_008,data/processed/caltech_pizza_008.png,val,202500,png,120914,1.6747440329490382,jpeg,85,23555,8.596900870303545,0.8051921200191872,42.526966182299745,0.9917241479086424,0.9886654261451784,0.18116311230802823,True,True,True,LOSSY,1
caltech_ketch_002,data/processed/caltech_ketch_002.png,val,221400,png,85715,2.5829784751793734,jpeg,85,23703,9.34058979875965,0.7234673044391297,42.549850823904684,0.9921981095146233,0.9945673632100417,0.0037223560324063936,True,True,True,LOSSY,1
caltech_car_side_007,data/processed/caltech_car_side_007.png,val,177300,png,51597,3.4362462933891504,jpeg,85,15090,11.749502982107355,0.7075411361125646,45.39278354486069,0.9960829149739198,0.9973401198264779,0.01068055432959661,True,True,True,LOSSY,1
caltech_gramophone_001,data/processed/caltech_gramophone_001.png,val,244800,png,128815,1.9003997981601521,jpeg,85,24151,10.136226243219742,0.8125140705663161,40.69978761953978,0.9900469626951134,0.9900092888761012,0.036888602855136905,True,True,True,LOSSY,1
caltech_accordion_003,data/processed/caltech_accordion_003.png,val,253800,png,168517,1.5060795053318063,jpeg,85,36016,7.046868058640604,0.7862767554608734,38.84472278763767,0.990367259755263,0.986455643955801,0.6461424754107681,True,True,True,LOSSY,1
caltech_minaret_005,data/processed/caltech_minaret_005.png,val,213300,png,94733,2.251591314536645,jpeg,85,17583,12.13103565944378,0.8143941393178723,42.4218562929212,0.9902044800543143,0.9896136097059602,0.2605022047368838,True,True,True,LOSSY,1
caltech_brontosaurus_007,data/processed/caltech_brontosaurus_007.png,val,165600,png,85763,1.9309026036869046,jpeg,85,21043,7.869600342156537,0.7546377808612106,38.11063066299469,0.9919176899344754,0.9958862604886254,0.0585761489936918,True,True,True,LOSSY,1
caltech_menorah_008,data/processed/caltech_menorah_008.png,val,234900,png,92713,2.533625273694088,jpeg,85,22437,10.469314079422382,0.7579951031678406,39.22366052442678,0.9922426578207869,0.99617128971344,0.7032163742690059,True,True,True,LOSSY,1
caltech_scorpion_003,data/processed/caltech_scorpion_003.png,val,264600,png,74022,3.574612952905893,jpeg,85,14329,18.466047874938933,0.8064224149577153,46.29801907043191,0.9940652451266017,0.9949312521208087,0.7760038208303484,True,True,True,LOSSY,1
caltech_rhino_004,data/processed/caltech_rhino_004.png,val,177300,png,76529,2.316768806596192,jpeg,85,14145,12.534464475079533,0.8151681062081041,44.534502991445464,0.9912577383540694,0.9918651045239198,0.08843922456487902,True,True,True,LOSSY,1
caltech_Leopards_003,data/processed/caltech_Leopards_003.png,val,73728,png,46603,1.5820440744158102,jpeg,85,9527,7.738847486092159,0.7955711005729245,39.85600795271835,0.9919506842569255,0.9962817352430983,0.10050700864897107,True,True,True,LOSSY,1
caltech_wheelchair_006,data/processed/caltech_wheelchair_006.png,val,262800,png,136430,1.926262552224584,jpeg,85,27463,9.569238611950624,0.7987026313860588,40.09774756909745,0.9906513871811565,0.9869769025719435,0.17489905274652717,True,True,True,LOSSY,1
caltech_minaret_003,data/processed/caltech_minaret_003.png,val,203400,png,83595,2.433159877983133,jpeg,85,16045,12.67684636958554,0.808062683174831,42.05353385777839,0.9909714697204689,0.9892559701226818,0.32519493800332355,True,True,True,LOSSY,1
caltech_dolphin_006,data/processed/caltech_dolphin_006.png,val,249300,png,112108,2.223748528204945,jpeg,85,20764,12.006357156617222,0.8147857423199059,43.378160369359705,0.9916923781713524,0.9917719324109561,0.4142134998513232,True,True,True,LOSSY,1
caltech_binocular_009,data/processed/caltech_binocular_009.png,val,161100,png,69814,2.3075600882344514,jpeg,85,16040,10.04364089775561,0.7702466553986307,42.73554155416459,0.9933012624299592,0.9895189177315393,0.33835176596503747,True,True,True,LOSSY,1
caltech_schooner_003,data/processed/caltech_schooner_003.png,val,198900,png,118936,1.6723279747090873,jpeg,85,23162,8.587341334945169,0.8052566085962198,41.92324785826479,0.9925807282324227,0.9939269830118477,0.0021109770808202654,True,True,True,LOSSY,1
caltech_euphonium_002,data/processed/caltech_euphonium_002.png,val,202500,png,123408,1.6408984830805133,jpeg,85,24668,8.20901572887952,0.8001102035524439,39.008533167731855,0.9901776178454528,0.9911021713371801,0.438280323145585,True,True,True,LOSSY,1
caltech_pyramid_003,data/processed/caltech_pyramid_003.png,val,185400,png,129121,1.4358624855755455,jpeg,85,25134,7.376462162807353,0.8053453737192247,38.396866930340295,0.9894285703755794,0.9899408692072604,0.0045843251344441505,True,True,True,LOSSY,1
caltech_dolphin_009,data/processed/caltech_dolphin_009.png,val,192600,png,102100,1.8863858961802156,jpeg,85,19049,10.110766969394719,0.8134280117531831,41.61915610157277,0.9869533948508128,0.9895583126463309,0.4150729114614092,True,True,True,LOSSY,1
caltech_chandelier_003,data/processed/caltech_chandelier_003.png,val,249300,png,142860,1.745065098698026,jpeg,85,28875,8.633766233766234,0.7978790424191516,40.520757678671515,0.989275050001614,0.9894262168786306,0.06597590172298756,True,True,True,LOSSY,1
caltech_gerenuk_010,data/processed/caltech_gerenuk_010.png,val,144900,png,73830,1.9626168224299065,jpeg,85,14242,10.174132846510322,0.807097385886496,42.55546591784678,0.9908077323949399,0.9901584059331809,0.043953144786829886,True,True,True,LOSSY,1
caltech_gerenuk_003,data/processed/caltech_gerenuk_003.png,val,246600,png,133922,1.8413703499051688,jpeg,85,27165,9.077857537272225,0.797158047221517,43.646818776101874,0.994564308529093,0.9970090592996146,0.002906208718626156,True,True,True,LOSSY,1
caltech_crab_007,data/processed/caltech_crab_007.png,val,203400,png,82066,2.4784929203324153,jpeg,85,18021,11.28683202929915,0.7804084517339702,39.76169002520946,0.9900619069152965,0.986268142368871,0.7070639685716403,True,True,True,LOSSY,1
caltech_wild_cat_009,data/processed/caltech_wild_cat_009.png,val,200700,png,114641,1.750682565574271,jpeg,85,24484,8.19719000163372,0.7864289390357725,41.355329649069375,0.9943936358600934,0.9934471128608288,0.018931224538701174,True,True,True,LOSSY,1
caltech_menorah_010,data/processed/caltech_menorah_010.png,val,262800,png,113831,2.3086856831618805,jpeg,85,21621,12.154849451921743,0.8100605283270814,43.60679465338916,0.9912333480691157,0.9951342041951944,0.06257896501044272,True,True,True,LOSSY,1
kodim02,data/processed/kodim02.png,val,1179648,png,629429,1.8741557824631532,jpeg,85,97113,12.147168762163664,0.8457125426378511,37.770360777044935,0.9365780944869632,0.9634177752240332,0.008625347455034274,False,True,True,LOSSLESS,0
caltech_rooster_001,data/processed/caltech_rooster_001.png,val,242100,png,158667,1.5258371305942635,jpeg,85,30968,7.817747352105399,0.8048239394455053,41.65329884969641,0.9917206599211074,0.9909886893987537,0.007348029392117568,True,True,True,LOSSY,1
caltech_crab_001,data/processed/caltech_crab_001.png,val,168300,png,105262,1.598867587543463,jpeg,85,21391,7.86779486700014,0.7967832646159108,40.6646789768493,0.9906006227721494,0.9906841692787314,0.48135122628412774,True,True,True,LOSSY,1
caltech_grand_piano_003,data/processed/caltech_grand_piano_003.png,val,269100,png,95320,2.8231221149811163,jpeg,85,21340,12.610121836925961,0.7761225346202266,40.947110733514094,0.9942356712804464,0.9901607804043675,0.7969423093166652,True,True,True,LOSSY,1
caltech_crocodile_head_004,data/processed/caltech_crocodile_head_004.png,val,202500,png,154848,1.3077340359578424,jpeg,85,31050,6.521739130434782,0.7994807811531308,37.32161663818022,0.990638982156501,0.9916358581860524,0.0018501387604070306,True,True,True,LOSSY,1
caltech_saxophone_003,data/processed/caltech_saxophone_003.png,val,206100,png,122467,1.6829023328733455,jpeg,85,23464,8.783668598704399,0.808405529652886,41.76964912877037,0.9928305473052186,0.9918211443820262,0.00871422469030329,True,True,True,LOSSY,1
caltech_pigeon_009,data/processed/caltech_pigeon_009.png,val,233100,png,211878,1.1001614136437006,jpeg,85,46357,5.028366805444701,0.781208997630712,34.940926283597435,0.9906037860202886,0.9884984759797268,0.0018298261665141812,True,True,True,LOSSY,1
caltech_crab_010,data/processed/caltech_crab_010.png,val,220500,png,151554,1.454926956728295,jpeg,85,31567,6.985142712326163,0.7917112052469747,40.72872759470336,0.9930681257862002,0.9898124351513533,0.06527855936972425,True,True,True,LOSSY,1
caltech_hawksbill_010,data/processed/caltech_hawksbill_010.png,val,136344,png,126918,1.074268425282466,jpeg,85,29445,4.630463576158941,0.767999810901527,34.78363667382119,0.9916492813434584,0.9901485302397132,0.0,True,True,True,LOSSY,1
caltech_cup_006,data/processed/caltech_cup_006.png,val,242100,png,110284,2.195241376808966,jpeg,85,19439,12.45434435927774,0.8237368974647274,45.21256496250864,0.9920149231820184,0.9900755957102497,0.021242649405114646,True,True,True,LOSSY,1
caltech_cougar_body_004,data/processed/caltech_cougar_body_004.png,val,169200,png,141425,1.1963938483295034,jpeg,85,30749,5.50261797131614,0.7825773378115609,36.58442035005968,0.9906786079427429,0.9908434833547034,0.0015600624024961,True,True,True,LOSSY,1
caltech_flamingo_008,data/processed/caltech_flamingo_008.png,val,162900,png,56235,2.896772472659376,jpeg,85,9838,16.558243545436063,0.8250555703743221,46.37172207039231,0.9928616533440412,1.0,0.044684035307412724,True,True,True,LOSSY,1
caltech_ferry_004,data/processed/caltech_ferry_004.png,val,202500,png,97049,2.0865748230275427,jpeg,85,19034,10.638856782599559,0.8038722707086111,43.44176795415319,0.993073350731913,0.993194754486846,0.03827315183961727,True,True,True,LOSSY,1
caltech_airplanes_003,data/processed/caltech_airplanes_003.png,val,194535,png,86145,2.258227407278426,jpeg,85,17401,11.179529912074019,0.7980033664170875,42.8546831353725,0.990507175231245,0.9861984859767576,0.3880139643134213,True,True,True,LOSSY,1
caltech_chandelier_001,data/processed/caltech_chandelier_001.png,val,205200,png,101847,2.0147868862116702,jpeg,85,22593,9.082459168769088,0.7781672508763144,38.546499110017635,0.9938710400843576,0.9941105151053747,0.1584468451542195,True,True,True,LOSSY,1
caltech_kangaroo_001,data/processed/caltech_kangaroo_001.png,val,183600,png,80569,2.2787920912509776,jpeg,85,14913,12.311406155703079,0.8149039953331927,45.82032144976516,0.9944756847577216,0.9935887760600193,0.013219167793300285,True,True,True,LOSSY,1
caltech_cup_008,data/processed/caltech_cup_008.png,val,225000,png,122225,1.840867253016977,jpeg,85,25802,8.720254243857065,0.7888975250562488,42.47584106316066,0.9923932211071427,0.9930299468397562,0.017877376306181542,True,True,True,LOSSY,1
caltech_mayfly_009,data/processed/caltech_mayfly_009.png,val,179100,png,38871,4.6075480435285945,jpeg,85,10508,17.04415683288923,0.7296699338838722,43.430931562526695,0.9958529958455813,0.9960048200221272,0.484574558321014,True,True,True,LOSSY,1
caltech_hawksbill_009,data/processed/caltech_hawksbill_009.png,val,183600,png,111267,1.6500849308420287,jpeg,85,20183,9.096764603874547,0.818607493686358,41.64215662024375,0.990357062344132,0.9897558990632489,0.03378283466779042,True,True,True,LOSSY,1
caltech_crayfish_003,data/processed/caltech_crayfish_003.png,val,199800,png,138933,1.4381032584051305,jpeg,85,28119,7.105515843379921,0.7976074798643951,40.25538692480302,0.9929631419762271,0.9913309254667168,0.037970233212234854,True,True,True,LOSSY,1
caltech_cougar_face_008,data/processed/caltech_cougar_face_008.png,val,268200,png,145462,1.8437805062490547,jpeg,85,27318,9.817702613661321,0.8121983748332898,44.45987220139479,0.9944401370377984,0.9932245842153871,0.01740391588107324,True,True,True,LOSSY,1
caltech_cougar_body_009,data/processed/caltech_cougar_body_009.png,val,235800,png,92227,2.5567350125234474,jpeg,85,17071,13.812899068595865,0.8149023604801197,45.856745319315834,0.9946428258137135,0.9952867853211341,0.6677390584188061,True,True,True,LOSSY,1
caltech_cellphone_005,data/processed/caltech_cellphone_005.png,val,223200,png,128876,1.7318973276638008,jpeg,85,25518,8.746766988008465,0.8019957168130606,39.24751876703804,0.9918658379788275,0.9920174722670719,0.42942240656576797,True,True,True,LOSSY,1
caltech_hedgehog_003,data/processed/caltech_hedgehog_003.png,val,244800,png,104796,2.3359670216420474,jpeg,85,21200,11.547169811320755,0.7977022023741365,41.87278422406518,0.9942536814981852,0.9933173049757613,0.8011682622099627,True,True,True,LOSSY,1
kodim05,data/processed/kodim05.png,val,1179648,png,802262,1.470402437109074,jpeg,85,157164,7.5058410322974725,0.804098910331039,35.675015304210696,0.9672105258396403,0.9696200657753303,0.0027536830510808204,True,True,True,LOSSY,1
caltech_ewer_001,data/processed/caltech_ewer_001.png,val,154800,png,87809,1.7629172408295277,jpeg,85,17993,8.60334574556772,0.7950893416392397,39.48855291707161,0.9915828792074747,0.9941154664908194,0.007246376811594203,True,True,True,LOSSY,1
caltech_nautilus_008,data/processed/caltech_nautilus_008.png,val,193500,png,113057,1.711526044384691,jpeg,85,22256,8.694284687275342,0.8031435470603324,43.21822212111039,0.9937554949122713,0.991731828169606,0.018105009052504527,True,True,True,LOSSY,1
caltech_lobster_010,data/processed/caltech_lobster_010.png,val,202500,png,108618,1.8643318786941392,jpeg,85,19696,10.28127538586515,0.8186672558876061,43.38856899991862,0.99100064184718,0.9897991318764502,0.41815848964379543,True,True,True,LOSSY,1
caltech_ketch_007,data/processed/caltech_ketch_007.png,val,212400,png,148858,1.4268631850488385,jpeg,85,29276,7.25508949310015,0.8033293474317806,39.36711912839523,0.9894741826336221,0.9888454484930205,0.005629139072847682,True,True,True,LOSSY,1
caltech_binocular_010,data/processed/caltech_binocular_010.png,val,211500,png,64481,3.2800359795908873,jpeg,85,14991,14.108465079047429,0.7675129107799197,43.088682590844584,0.9934218577821312,0.9901625147760361,0.7192831429018626,True,True,True,LOSSY,1
caltech_okapi_006,data/processed/caltech_okapi_006.png,val,202500,png,155275,1.30413781999678,jpeg,85,32899,6.155202285783762,0.7881242956045725,37.719236528599474,0.9906459849111019,0.9918942825223271,0.06196142798522774,True,True,True,LOSSY,1
caltech_ferry_005,data/processed/caltech_ferry_005.png,val,160200,png,87522,1.8303969287721944,jpeg,85,16938,9.458023379383635,0.8064715157331871,42.30307195391064,0.9916286877186403,0.9951150571028324,0.127646763672855,True,True,True,LOSSY,1
caltech_snoopy_008,data/processed/caltech_snoopy_008.png,val,205200,png,86857,2.3625038856971803,jpeg,85,17446,11.762008483319958,0.7991411170084162,43.12335674862054,0.9909040304332307,0.9986482795765957,0.29532516819044335,True,True,True,LOSSY,1
caltech_rhino_009,data/processed/caltech_rhino_009.png,val,139500,png,85889,1.6241893606864675,jpeg,85,17225,8.098693759071118,0.7994504534922982,41.038669523346236,0.9913243012023609,0.9921343018206389,0.0010080645161290322,True,True,True,LOSSY,1
caltech_ewer_003,data/processed/caltech_ewer_003.png,val,180000,png,47188,3.814529117572264,jpeg,85,9800,18.367346938775512,0.7923200813766211,45.53040790493891,0.9962844745132146,0.9964839060548908,0.5257008255982089,True,True,True,LOSSY,1
caltech_pizza_001,data/processed/caltech_pizza_001.png,val,202500,png,117663,1.7210168022232988,jpeg,85,24580,8.23840520748576,0.7910983061795127,40.80511885784532,0.9881733381771877,0.9906100944969116,0.21343461423890378,True,True,True,LOSSY,1
caltech_gramophone_004,data/processed/caltech_gramophone_004.png,val,234900,png,130343,1.8021681256377404,jpeg,85,24742,9.493977851426724,0.810177761751686,43.05362887761216,0.9919896977186592,0.9907316175872034,0.006486766995329528,True,True,True,LOSSY,1
caltech_cannon_008,data/processed/caltech_cannon_008.png,val,186300,png,100942,1.8456143131699392,jpeg,85,18230,10.219418540866704,0.8194012403162212,43.982199990302,0.9931702122210188,1.0,0.01799775028121485,True,True,True,LOSSY,1
caltech_windsor_chair_003,data/processed/caltech_windsor_chair_003.png,val,220500,png,73259,3.0098690945822355,jpeg,85,15745,14.004445855827246,0.7850776013868603,45.19634119196063,0.9951322198131396,0.997263341131189,0.17370360557816902,True,True,True,LOSSY,1
caltech_mandolin_009,data/processed/caltech_mandolin_009.png,val,162000,png,113652,1.4254038644282547,jpeg,85,22441,7.21892963771668,0.8025463696195404,38.705664618234444,0.9844289715702965,0.9828598599725737,0.028790409747469783,True,True,True,LOSSY,1
caltech_crayfish_009,data/processed/caltech_crayfish_009.png,val,162900,png,85404,1.907404805395532,jpeg,85,15451,10.543006925118116,0.8190834152967074,42.27702736003748,0.9890317390462489,0.992332283855237,0.0027655986509274874,True,True,True,LOSSY,1
caltech_platypus_009,data/processed/caltech_platypus_009.png,val,208800,png,84280,2.477456098718557,jpeg,85,16316,12.79725422897769,0.8064072140484101,43.067567954156814,0.9942123532209496,0.9931765134028168,0.7232644118855265,True,True,True,LOSSY,1
caltech_watch_005,data/processed/caltech_watch_005.png,val,222300,png,72606,3.061730435501198,jpeg,85,17387,12.78541439006154,0.7605294328292428,44.41637727465341,0.9973251324789869,0.9973264374662697,0.657367779825685,True,True,True,LOSSY,1
caltech_Motorbikes_001,data/processed/caltech_Motorbikes_001.png,val,126546,png,33067,3.8269573895424442,jpeg,85,8761,14.444241524940075,0.7350530740617535,42.87995704525394,0.9975466992375286,0.9962389449385578,0.8258994891119243,True,True,True,LOSSY,1
caltech_ewer_007,data/processed/caltech_ewer_007.png,val,184500,png,83628,2.206198880757641,jpeg,85,15427,11.959551435794387,0.8155282919596307,44.572297853140235,0.9917938828112818,0.9934008909284366,0.002876438219109555,True,True,True,LOSSY,1
caltech_umbrella_008,data/processed/caltech_umbrella_008.png,val,251100,png,101977,2.4623199348872786,jpeg,85,17694,14.191251271617498,0.8264902870255058,44.31455339168689,0.9905235282111918,0.9972732110865364,0.2954920871742953,True,True,True,LOSSY,1
caltech_camera_007,data/processed/caltech_camera_007.png,val,208800,png,96205,2.170365365625487,jpeg,85,21462,9.72882303606374,0.7769138818148745,41.54790659502842,0.9909504884065483,0.9868865909835903,0.11242888402625821,True,True,True,LOSSY,1
caltech_wild_cat_002,data/processed/caltech_wild_cat_002.png,val,236700,png,157969,1.4983952547651755,jpeg,85,29565,8.006088280060883,0.8128430261633611,41.67711644082995,0.9930978355050589,0.992600254305591,0.05326460481099656,True,True,True,LOSSY,1
caltech_brontosaurus_010,data/processed/caltech_brontosaurus_010.png,val,185400,png,57245,3.2387108044370687,jpeg,85,14236,13.023321157628548,0.7513145252860511,42.206221186825175,0.9939649118843131,0.9900770111922726,0.8135679156314962,True,True,True,LOSSY,1
caltech_dalmatian_006,data/processed/caltech_dalmatian_006.png,val,218700,png,59050,3.703640982218459,jpeg,85,11183,19.556469641420012,0.8106181202370872,49.69664995925428,0.9959710898615741,0.9943865407430417,0.09835062442633438,True,True,True,LOSSY,1
caltech_windsor_chair_004,data/processed/caltech_windsor_chair_004.png,val,171900,png,124427,1.3815329470291817,jpeg,85,25564,6.724299796588953,0.7945461997797906,40.36243159278185,0.9917518266855009,0.9885646321314465,0.0004553734061930783,True,True,True,LOSSY,1
caltech_strawberry_003,data/processed/caltech_strawberry_003.png,val,202500,png,97939,2.0676135145345573,jpeg,85,17940,11.2876254180602,0.8168247582679015,43.6140609894136,0.9920697438481331,0.9896446972175102,0.05011872884353054,True,True,True,LOSSY,1
caltech_rhino_001,data/processed/caltech_rhino_001.png,val,229500,png,140976,1.6279366700715014,jpeg,85,27801,8.255098737455487,0.8027962206332993,39.82078199426931,0.9911281451293279,0.9916516794392852,0.030824020631216996,True,True,True,LOSSY,1
caltech_Motorbikes_008,data/processed/caltech_Motorbikes_008.png,val,112398,png,32916,3.414691943127962,jpeg,85,8688,12.937154696132596,0.7360554137805323,42.43658108343597,0.9970164488000317,0.995714732780603,0.8051782495933887,True,True,True,LOSSY,1
caltech_tick_005,data/processed/caltech_tick_005.png,val,208800,png,93548,2.2320092359002865,jpeg,85,17881,11.677199261786253,0.8088574849275239,43.65846566366575,0.9929998683083978,0.9934791006046908,0.007646818923327896,True,True,True,LOSSY,1
caltech_stegosaurus_003,data/processed/caltech_stegosaurus_003.png,val,226800,png,140299,1.6165475163757403,jpeg,85,27642,8.20490557846755,0.8029779257157927,41.221474825142565,0.9901419990701923,0.9877407737406312,0.38698786907759214,True,True,True,LOSSY,1
caltech_Faces_easy_002,data/processed/caltech_Faces_easy_002.png,val,261948,png,149890,1.7476015744879578,jpeg,85,28952,9.047665100856591,0.8068450196810995,42.3924632243699,0.9922285458823245,0.9912199998029427,0.00521448248720976,True,True,True,LOSSY,1
caltech_starfish_002,data/processed/caltech_starfish_002.png,val,232200,png,92383,2.5134494441618047,jpeg,85,20376,11.395759717314487,0.7794399402487471,45.663589648719906,0.9935419145957004,1.0,0.0059747354045749405,True,True,True,LOSSY,1
caltech_menorah_009,data/processed/caltech_menorah_009.png,val,194400,png,30375,6.4,jpeg,85,15964,12.177399148083188,0.47443621399176955,39.610741007803625,0.992163569870213,0.9844207935582439,0.8598509897279901,True,True,True,LOSSY,1
caltech_starfish_008,data/processed/caltech_starfish_008.png,val,222300,png,118920,1.8693239152371341,jpeg,85,23691,9.383310117766241,0.800782038345106,42.00959819023985,0.9919069722867592,0.9958360472306966,0.001514386673397274,True,True,True,LOSSY,1
caltech_crab_004,data/processed/caltech_crab_004.png,val,253800,png,123635,2.0528167590083712,jpeg,85,23365,10.862401027177402,0.8110162979738748,42.96068621572621,0.990415021928997,0.992029729399532,0.35528481012658225,True,True,True,LOSSY,1
kodim03,data/processed/kodim03.png,val,1179648,png,551636,2.13845361796547,jpeg,85,73743,15.996745453805785,0.8663194570332611,39.686747955231915,0.9631892052568022,0.9736476268894125,0.07542928475223735,True,True,True,LOSSY,1
caltech_stapler_001,data/processed/caltech_stapler_001.png,val,252000,png,123248,2.0446579254835777,jpeg,85,27761,9.077482799610966,0.774754965597819,39.03415678213342,0.9892980312421612,0.99552041012053,0.47151018016698404,True,True,True,LOSSY,1
caltech_lamp_008,data/processed/caltech_lamp_008.png,val,172800,png,96969,1.782012808217059,jpeg,85,19234,8.984090672766975,0.8016479493446359,41.30840197889276,0.9908256425564114,0.9928011964198102,0.009393562646774416,True,True,True,LOSSY,1
caltech_chandelier_002,data/processed/caltech_chandelier_002.png,val,201600,png,52840,3.8152914458743377,jpeg,85,12443,16.20188057542393,0.7645155185465556,43.63639461589575,0.9920454007952171,0.992194620267427,0.7357282036399817,True,True,True,LOSSY,1
caltech_dollar_bill_001,data/processed/caltech_dollar_bill_001.png,val,171000,png,114848,1.4889244915018112,jpeg,85,22380,7.640750670241287,0.8051337419894121,40.190234267729764,0.9907598153639491,0.990129579896182,0.008660213958227204,True,True,True,LOSSY,1
caltech_bonsai_005,data/processed/caltech_bonsai_005.png,val,242100,png,122736,1.9725263981228,jpeg,85,28021,8.639948609971093,0.7716969756224743,38.13768314160418,0.9925887665403043,0.9894136841424841,0.8259775352336548,True,True,True,LOSSY,1
caltech_mandolin_005,data/processed/caltech_mandolin_005.png,val,154800,png,82611,1.8738424664996187,jpeg,85,17750,8.721126760563381,0.7851375724782413,40.60836315536349,0.989157010113345,0.9947706613089398,0.15522343888724474,True,True,True,LOSSY,1
caltech_gramophone_002,data/processed/caltech_gramophone_002.png,val,239400,png,78716,3.0413130748513644,jpeg,85,17352,13.796680497925312,0.7795619696122771,42.63665791200353,0.99371603828188,0.9873665126156549,0.7776455640037916,True,True,True,LOSSY,1
caltech_pagoda_004,data/processed/caltech_pagoda_004.png,val,253800,png,112532,2.2553584758113248,jpeg,85,23619,10.7455861806173,0.790113034514627,39.802192916475015,0.991871492075234,0.9897322446494257,0.3880182827293503,True,True,True,LOSSY,1
caltech_schooner_002,data/processed/caltech_schooner_002.png,val,221400,png,80258,2.7586035037005656,jpeg,85,21528,10.284280936454849,0.7317650576889532,42.95226727904855,0.9921309852835597,0.9970474374121021,0.025733525733525733,True,True,True,LOSSY,1
caltech_grand_piano_002,data/processed/caltech_grand_piano_002.png,val,210600,png,59306,3.551074090311267,jpeg,85,13779,15.284128020901372,0.7676626310997201,43.1370206196262,0.994012123093305,0.9901478860165677,0.6854674134861708,True,True,True,LOSSY,1
caltech_Faces_easy_001,data/processed/caltech_Faces_easy_001.png,val,290580,png,141481,2.0538446858588784,jpeg,85,25251,11.507663062848996,0.8215237381697896,44.011186586742326,0.9925266583040172,0.9926661950489395,0.08115499075042226,True,True,True,LOSSY,1
caltech_cougar_face_010,data/processed/caltech_cougar_face_010.png,val,221400,png,62655,3.5336365812784294,jpeg,85,15239,14.528512369578056,0.7567791876147155,43.65808852762801,0.9944956000466152,1.0,0.2575527554273569,True,True,True,LOSSY,1
caltech_pigeon_004,data/processed/caltech_pigeon_004.png,val,166500,png,120423,1.3826262424952045,jpeg,85,24891,6.68916475834639,0.7933036047931044,39.414604490609136,0.9920804645018793,0.9885314729454155,0.04312796208530806,True,True,True,LOSSY,1
caltech_emu_008,data/processed/caltech_emu_008.png,val,202500,png,161753,1.2519087744894994,jpeg,85,33135,6.111362607514713,0.7951506309001997,37.79618678255192,0.9916277200396272,0.9918611145375441,0.0006402048655569782,True,True,True,LOSSY,1
kodim16,data/processed/kodim16.png,val,1179648,png,533590,2.210776064019191,jpeg,85,184853,6.381546417964545,0.6535673457148747,29.36587032138651,0.9303727854938398,0.8780347747688376,0.5889123326300211,False,True,False,LOSSLESS,0
caltech_menorah_002,data/processed/caltech_menorah_002.png,val,233100,png,51983,4.484158282515438,jpeg,85,10868,21.448288553551713,0.79093165073197,46.678728855039,0.9959088708112934,0.9991814991448646,0.46216891383204434,True,True,True,LOSSY,1
caltech_sunflower_003,data/processed/caltech_sunflower_003.png,val,183600,png,107117,1.714013648627202,jpeg,85,22706,8.08596846648463,0.7880261769840455,38.889097859353846,0.9826339157896581,0.9809293009539297,0.0962480268749747,True,True,True,LOSSY,1
caltech_sunflower_002,data/processed/caltech_sunflower_002.png,val,176400,png,108005,1.6332577195500209,jpeg,85,21177,8.32979175520612,0.8039257441785103,39.52696173274722,0.9853253096656257,0.9849111530511454,0.029938940319086074,True,True,True,LOSSY,1
caltech_stapler_007,data/processed/caltech_stapler_007.png,val,270000,png,29438,9.171818737685983,jpeg,85,7321,36.88020762190958,0.751307833412596,52.168213850331995,0.9988427127930155,0.9981316323009829,0.9012235232206288,True,True,True,LOSSY,1
caltech_menorah_004,data/processed/caltech_menorah_004.png,val,241200,png,45091,5.349182763744428,jpeg,85,30086,8.017017882071395,0.33277150650905946,37.70247818595779,0.9960377818591062,0.9975635925745887,0.8599317622071084,True,True,True,LOSSY,1
caltech_binocular_004,data/processed/caltech_binocular_004.png,val,270000,png,130358,2.0712192577363875,jpeg,85,25549,10.567928294649498,0.8040089599410853,43.16343365479973,0.9917682154711424,0.9881055760021396,0.5400143506338196,True,True,True,LOSSY,1
caltech_platypus_007,data/processed/caltech_platypus_007.png,val,261000,png,125107,2.0862142006442483,jpeg,85,22024,11.850708318198329,0.8239586913601957,44.799667793832285,0.9917360092887489,0.9897043734264964,0.0031357792411414237,True,True,True,LOSSY,1
caltech_dollar_bill_008,data/processed/caltech_dollar_bill_008.png,val,154800,png,119872,1.2913774693005873,jpeg,85,26571,5.825900417748674,0.778338561131874,37.02687081378286,0.9926730838915844,0.9906992213394717,0.006505576208178439,True,True,True,LOSSY,1
caltech_minaret_001,data/processed/caltech_minaret_001.png,val,144900,png,49857,2.9063120524700645,jpeg,85,10816,13.396819526627219,0.7830595503138977,42.241134732560475,0.9904919375039176,0.9909164433721552,0.5601232665639445,True,True,True,LOSSY,1
caltech_mandolin_006,data/processed/caltech_mandolin_006.png,val,147600,png,57888,2.5497512437810945,jpeg,85,11866,12.438901061857408,0.795017965726921,41.144300160195215,0.9932577719728396,0.993683629408298,0.7107040833473366,True,True,True,LOSSY,1
caltech_sea_horse_010,data/processed/caltech_sea_horse_010.png,val,181800,png,85157,2.1348802799534976,jpeg,85,16451,11.05099993921342,0.806815646394307,43.42494582139544,0.9918238168788215,0.9920650754252269,0.3912401756392753,True,True,True,LOSSY,1
caltech_bonsai_009,data/processed/caltech_bonsai_009.png,val,229500,png,166723,1.3765347312608338,jpeg,85,32799,6.997164547699625,0.8032724938970628,39.60149042299822,0.9905061247329265,0.9940936971206579,0.0026842865992153624,True,True,True,LOSSY,1
caltech_scissors_007,data/processed/caltech_scissors_007.png,val,144900,png,57217,2.532464127794187,jpeg,85,11003,13.169135690266291,0.8076970131254697,45.39579842304886,0.9931077679100554,0.995594627371131,0.01092423341084852,True,True,True,LOSSY,1
caltech_starfish_010,data/processed/caltech_starfish_010.png,val,260100,png,93546,2.7804502597652494,jpeg,85,20985,12.39456754824875,0.7756718619716503,42.22797801438566,0.9945100987186856,1.0,0.8104858375539299,True,True,True,LOSSY,1
caltech_dragonfly_009,data/processed/caltech_dragonfly_009.png,val,181800,png,22842,7.959022852639874,jpeg,85,12302,14.778084864249715,0.4614306978373172,40.6250959710177,0.9965792326588888,0.9935556445262451,0.939352021959496,True,True,True,LOSSY,1
caltech_lotus_001,data/processed/caltech_lotus_001.png,val,213300,png,104924,2.032900003812283,jpeg,85,18953,11.254155015037197,0.819364492394495,42.12542453536432,0.9917176128329666,0.9890203089263577,0.4705391357134727,True,True,True,LOSSY,1
caltech_lobster_009,data/processed/caltech_lobster_009.png,val,270000,png,63355,4.261699944755741,jpeg,85,11584,23.308011049723756,0.8171572882961092,48.90458689344712,0.9940867358699288,0.9954216741020068,0.7429487492472698,True,True,True,LOSSY,1
caltech_chandelier_004,data/processed/caltech_chandelier_004.png,val,208800,png,88563,2.3576437112563937,jpeg,85,20126,10.37463976945245,0.7727493422761198,41.4594376570541,0.9938854661633089,0.9933753985160879,0.22386105544422177,True,True,True,LOSSY,1
caltech_stegosaurus_002,data/processed/caltech_stegosaurus_002.png,val,169200,png,113571,1.4898169427054442,jpeg,85,22436,7.54145123908005,0.8024495689920842,39.84063398455224,0.9916940921067617,0.9941062105632352,0.004211208292840946,True,True,True,LOSSY,1
caltech_chair_001,data/processed/caltech_chair_001.png,val,200700,png,73833,2.7182966965990816,jpeg,85,16109,12.458873921410392,0.7818184280741673,42.734992291878754,0.9950571132152257,0.9958150629652054,0.7380662475461571,True,True,True,LOSSY,1
caltech_crocodile_004,data/processed/caltech_crocodile_004.png,val,188100,png,183057,1.0275487962765697,jpeg,85,43814,4.293148308759757,0.7606537854329526,33.75077077914522,0.9923477270735829,0.9935338990245611,0.0,True,True,True,LOSSY,1
caltech_hedgehog_009,data/processed/caltech_hedgehog_009.png,val,234000,png,116554,2.0076531049985413,jpeg,85,24710,9.469850263051397,0.7879952639978036,40.13661455756211,0.995321457673649,0.9962974822523171,0.7917821011673152,True,True,True,LOSSY,1
caltech_helicopter_001,data/processed/caltech_helicopter_001.png,val,173700,png,77309,2.2468276656016766,jpeg,85,14550,11.938144329896907,0.8117942283563363,43.829193094794654,0.9921146578132743,0.9924132019430764,0.03634541810894516,True,True,True,LOSSY,1
caltech_ceiling_fan_007,data/processed/caltech_ceiling_fan_007.png,val,209700,png,83373,2.5152027634845813,jpeg,85,15082,13.903991513061928,0.819102107396879,45.61619113001755,0.9908188988384324,0.9868013680664423,0.03569982453772439,True,True,True,LOSSY,1
caltech_schooner_009,data/processed/caltech_schooner_009.png,val,208800,png,56233,3.7131221880390517,jpeg,85,13843,15.0834356714585,0.7538278235199971,46.94510639674854,0.995719587985056,0.9968350541315928,0.02796765894891584,True,True,True,LOSSY,1
caltech_buddha_002,data/processed/caltech_buddha_002.png,val,234900,png,140297,1.6743052239178315,jpeg,85,30223,7.772226450054594,0.7845784300448334,37.65757243708892,0.9864002457866948,0.9850901011447912,0.725686640508933,True,True,True,LOSSY,1
caltech_car_side_003,data/processed/caltech_car_side_003.png,val,177300,png,42126,4.20880216493377,jpeg,85,11942,14.846759336794507,0.7165171153207045,47.215353990303804,0.9963595908414615,0.9970036989896793,0.027866691771794388,True,True,True,LOSSY,1
caltech_trilobite_003,data/processed/caltech_trilobite_003.png,val,177300,png,115825,1.5307576084610404,jpeg,85,25946,6.833423263701534,0.7759896395424132,38.32703955069591,0.9929540259770001,0.9914194696897501,0.8145318733554028,True,True,True,LOSSY,1
caltech_trilobite_010,data/processed/caltech_trilobite_010.png,val,180000,png,76140,2.3640661938534278,jpeg,85,14558,12.364335760406648,0.8087995797215656,42.50895918307931,0.9905521494334976,0.990130219153672,0.4130367895916663,True,True,True,LOSSY,1
caltech_euphonium_008,data/processed/caltech_euphonium_008.png,val,162900,png,80219,2.0306909834328524,jpeg,85,17930,9.085331846068042,0.7764868672010372,40.378130776618406,0.9951696080627817,0.9972118283825134,0.6580583069334723,True,True,True,LOSSY,1
caltech_hawksbill_005,data/processed/caltech_hawksbill_005.png,val,207000,png,105017,1.9711094394240933,jpeg,85,20468,10.113347664647254,0.8050982221925974,42.57236757531109,0.9937706716277379,0.9938601389357052,0.1713738069159756,True,True,True,LOSSY,1
caltech_cougar_body_003,data/processed/caltech_cougar_body_003.png,val,153000,png,43934,3.4824964719806983,jpeg,85,9497,16.110350637043275,0.7838348431738517,43.466052738407626,0.9940819269875582,0.9976485782819575,0.8402952620737011,True,True,True,LOSSY,1
caltech_crocodile_006,data/processed/caltech_crocodile_006.png,val,175500,png,95221,1.8430808330095252,jpeg,85,17683,9.924786518124753,0.8142951659822938,43.9989813289435,0.9933277123267393,0.9929214272174743,0.008538422903063787,True,True,True,LOSSY,1
caltech_watch_002,data/processed/caltech_watch_002.png,val,202500,png,124818,1.6223621593039466,jpeg,85,22436,9.02567302549474,0.820250284414107,40.878844748387294,0.9906863002521327,0.9902515099581269,0.044395604395604395,True,True,True,LOSSY,1
caltech_crocodile_head_009,data/processed/caltech_crocodile_head_009.png,val,256500,png,160389,1.5992368553953202,jpeg,85,30237,8.482984423057843,0.8114770963095973,42.214235532288896,0.9905409851778009,0.9921398333169371,0.014274981217129978,True,True,True,LOSSY,1
caltech_ant_001,data/processed/caltech_ant_001.png,val,184500,png,84205,2.1910812897096372,jpeg,85,14431,12.78497678608551,0.8286206282287275,44.66057783710953,0.9921581563055047,0.9914681848808704,0.005295097572584484,True,True,True,LOSSY,1
caltech_rhino_007,data/processed/caltech_rhino_007.png,val,184500,png,92316,1.998570128688418,jpeg,85,21987,8.391322144903807,0.7618289353958144,38.97146864532787,0.9907094099318053,0.9894374703429963,0.804792600896861,True,True,True,LOSSY,1
caltech_cup_004,data/processed/caltech_cup_004.png,val,225000,png,125415,1.794043774668102,jpeg,85,23030,9.769865392965697,0.8163696527528606,43.345029639620975,0.9919100612563906,1.0,0.007093875620714117,True,True,True,LOSSY,1
caltech_kangaroo_007,data/processed/caltech_kangaroo_007.png,val,147600,png,81299,1.8155204861068401,jpeg,85,15530,9.504185447520927,0.808976740181306,41.842209058724364,0.9928044133718835,0.9932906081353727,0.006423357664233576,True,True,True,LOSSY,1
caltech_pagoda_007,data/processed/caltech_pagoda_007.png,val,205200,png,96662,2.122861103639486,jpeg,85,21443,9.56955649862426,0.77816515280048,39.405475526223825,0.9911018665372024,0.9898027303021201,0.7971716388996513,True,True,True,LOSSY,1
caltech_airplanes_005,data/processed/caltech_airplanes_005.png,val,208560,png,111345,1.8730971305402129,jpeg,85,21696,9.61283185840708,0.8051461673177961,42.21905243282565,0.9897654594492341,0.9884857586695787,0.4740393077148724,True,True,True,LOSSY,1
caltech_lamp_004,data/processed/caltech_lamp_004.png,val,183600,png,52895,3.471027507325834,jpeg,85,9707,18.914185639229423,0.8164854901219397,47.68324605134082,0.9933080973750551,0.9897998619306086,0.2564179253277504,True,True,True,LOSSY,1
caltech_cannon_002,data/processed/caltech_cannon_002.png,val,199800,png,73758,2.7088587000732125,jpeg,85,17280,11.5625,0.7657203286423168,41.0002392300196,0.9925477787539791,0.9950206381918592,0.4980723606168446,True,True,True,LOSSY,1
caltech_emu_006,data/processed/caltech_emu_006.png,val,170100,png,126247,1.3473587491187908,jpeg,85,26193,6.494101477493987,0.7925257629884275,40.14730598659942,0.9935209504546857,0.9918789641550253,0.0012682308180088776,True,True,True,LOSSY,1
caltech_gerenuk_006,data/processed/caltech_gerenuk_006.png,val,234900,png,161595,1.4536340852130325,jpeg,85,33015,7.114947751022263,0.7956929360438132,39.41843528865769,0.9922859161943619,0.9935346257887998,0.002677774471883368,True,True,True,LOSSY,1
caltech_nautilus_003,data/processed/caltech_nautilus_003.png,test,215100,png,79724,2.6980583011389294,jpeg,85,17914,12.007368538573184,0.7752997842556821,42.51887464658899,0.9947845814267743,0.9910489866641564,0.6167115289835842,True,True,True,LOSSY,1
kodim13,data/processed/kodim13.png,test,1179648,png,872601,1.3518755995008027,jpeg,85,174570,6.7574497336312085,0.7999429292425748,33.672277457888654,0.9542860753381285,0.9513212862071316,0.009640815630065695,True,True,True,LOSSY,1
caltech_dolphin_008,data/processed/caltech_dolphin_008.png,test,202500,png,86019,2.354131064067241,jpeg,85,17281,11.718071870840808,0.7991025238610074,43.449767443399914,0.9923881820540994,0.9910219409687508,0.572049777274977,True,True,True,LOSSY,1
caltech_ewer_002,data/processed/caltech_ewer_002.png,test,168300,png,111294,1.5122109008571891,jpeg,85,23088,7.289501039501039,0.7925494635829424,40.7699789082481,0.9909462738253746,0.9973373686869424,0.0005330490405117271,True,True,True,LOSSY,1
caltech_camera_004,data/processed/caltech_camera_004.png,test,253800,png,101743,2.494520507553345,jpeg,85,22595,11.23257357822527,0.7779208397629321,42.56496559123053,0.9944863836967223,0.994018980000576,0.4831624090993847,True,True,True,LOSSY,1
caltech_rooster_004,data/processed/caltech_rooster_004.png,test,216000,png,61066,3.5371565191759737,jpeg,85,16197,13.335802926467865,0.7347623882356794,44.77984801967971,0.9956633749040312,0.995216286734622,0.6103907717070554,True,True,True,LOSSY,1
caltech_pigeon_010,data/processed/caltech_pigeon_010.png,test,228600,png,88655,2.578534769612543,jpeg,85,13832,16.526894158473105,0.8439794709830241,47.620764704982655,0.9925451090767711,1.0,0.004779473419419755,True,True,True,LOSSY,1
caltech_ketch_005,data/processed/caltech_ketch_005.png,test,215100,png,83730,2.5689716947330705,jpeg,85,15928,13.504520341536915,0.8097694971933596,44.61770943030984,0.992020289177682,0.9966178042469387,0.04651286130999735,True,True,True,LOSSY,1
caltech_garfield_002,data/processed/caltech_garfield_002.png,test,239400,png,158645,1.5090295943773835,jpeg,85,32956,7.264231096006797,0.7922657505751836,39.75537013685952,0.9889334942507322,0.9956129316636607,0.004732114212383703,True,True,True,LOSSY,1
caltech_umbrella_010,data/processed/caltech_umbrella_010.png,test,229500,png,49388,4.646877784077104,jpeg,85,12965,17.70150404936367,0.7374868389082369,41.898418840371114,0.9923203257019703,0.9823990254817802,0.739915821883035,True,True,True,LOSSY,1
caltech_mayfly_004,data/processed/caltech_mayfly_004.png,test,152100,png,93107,1.6336043476859956,jpeg,85,17356,8.76353998617193,0.8135908148689143,43.220430053260905,0.9912568069830168,1.0,0.00145985401459854,True,True,True,LOSSY,1
caltech_kangaroo_004,data/processed/caltech_kangaroo_004.png,test,223200,png,149326,1.4947162583876887,jpeg,85,31928,6.990729140566274,0.786185928773288,40.16453501427718,0.9953796376908262,0.9980273592181572,0.3439153439153439,True,True,True,LOSSY,1
caltech_ketch_001,data/processed/caltech_ketch_001.png,test,202500,png,89391,2.265328724368225,jpeg,85,17531,11.550966858707433,0.8038840599165464,43.12297895868124,0.9919802789149231,0.996654765729921,0.09902692420251683,True,True,True,LOSSY,1
caltech_sea_horse_007,data/processed/caltech_sea_horse_007.png,test,184500,png,122136,1.5106111220279033,jpeg,85,23603,7.816802948777697,0.8067482151044737,42.12022520720291,0.9921838053180337,0.996118073889814,0.00393028024606972,True,True,True,LOSSY,1
caltech_camera_008,data/processed/caltech_camera_008.png,test,140400,png,59705,2.351561845741563,jpeg,85,12245,11.465904450796243,0.7949082991374257,42.88325586589344,0.994509071155801,0.9961796812123646,0.03779260555677095,True,True,True,LOSSY,1
caltech_octopus_006,data/processed/caltech_octopus_006.png,test,200700,png,68837,2.9155831892732107,jpeg,85,16413,12.22811186254798,0.7615671804407513,41.810454612663754,0.995338535664632,0.9953863487398075,0.8346099442205557,True,True,True,LOSSY,1
caltech_binocular_003,data/processed/caltech_binocular_003.png,test,249300,png,70720,3.5251696832579187,jpeg,85,23020,10.82971329278888,0.6744909502262444,40.42808043270695,0.9936506854566538,0.9953172844143441,0.7061572557332819,True,True,True,LOSSY,1
caltech_joshua_tree_007,data/processed/caltech_joshua_tree_007.png,test,267300,png,79942,3.3436741637687324,jpeg,85,16006,16.699987504685744,0.7997798403842786,45.19994473083302,0.9926526245054492,0.9891178837620072,0.17747171509385445,True,True,True,LOSSY,1
caltech_rooster_005,data/processed/caltech_rooster_005.png,test,262800,png,97699,2.6898944717960265,jpeg,85,22300,11.784753363228699,0.7717479196307024,40.25620155936287,0.989325588126405,0.9807736437210844,0.742493669359701,True,True,True,LOSSY,1
caltech_rhino_010,data/processed/caltech_rhino_010.png,test,187200,png,76268,2.454502543661824,jpeg,85,12610,14.845360824742269,0.834661981433891,46.873055079761485,0.9910227154515786,0.9920076124226879,0.003114851878852144,True,True,True,LOSSY,1
caltech_ferry_006,data/processed/caltech_ferry_006.png,test,162000,png,68626,2.360621338851164,jpeg,85,15030,10.778443113772456,0.7809867980065864,43.13302512790487,0.9948283341042526,0.9927173696116485,0.10063874396606368,True,True,True,LOSSY,1
kodim15,data/processed/kodim15.png,test,1179648,png,621734,1.8973516005236966,jpeg,85,88714,13.297202245417859,0.85731196942744,38.146831366486424,0.9483859235257314,0.9559551516988563,0.08188524764930386,True,True,True,LOSSY,1
caltech_headphone_007,data/processed/caltech_headphone_007.png,test,251100,png,30478,8.238729575431458,jpeg,85,11306,22.209446311692908,0.6290439005184068,46.40650420889934,0.9978402767519126,0.9983292169903503,0.8667031934877896,True,True,True,LOSSY,1
caltech_emu_007,data/processed/caltech_emu_007.png,test,216000,png,149433,1.4454638533657225,jpeg,85,31145,6.9353026167924225,0.7915788346616879,39.605467162902855,0.99416878783822,0.993701789542492,0.0023378141437755697,True,True,True,LOSSY,1
caltech_lamp_002,data/processed/caltech_lamp_002.png,test,178200,png,123797,1.439453298545199,jpeg,85,22206,8.024858146446906,0.8206257017536774,39.94631183881204,0.9867539503362647,0.9882743354615946,0.014331723027375202,True,True,True,LOSSY,1
kodim14,data/processed/kodim14.png,test,1179648,png,729338,1.6174229232536903,jpeg,85,134355,8.780082616947638,0.8157849995475349,35.88206321683251,0.9512282506697058,0.9591535488952185,0.004248832999904735,True,True,True,LOSSY,1
caltech_grand_piano_005,data/processed/caltech_grand_piano_005.png,test,259200,png,92295,2.8083861530960506,jpeg,85,18171,14.264487369985142,0.8031204290589956,43.504536282289976,0.9933089947565291,0.9903518102952621,0.4230822391154112,True,True,True,LOSSY,1
caltech_chair_004,data/processed/caltech_chair_004.png,test,178200,png,108967,1.6353574935530941,jpeg,85,20949,8.506372619218102,0.8077491350592381,41.9529543520251,0.9920478258088036,0.992515773059666,0.0035855588526211672,True,True,True,LOSSY,1
caltech_headphone_009,data/processed/caltech_headphone_009.png,test,262800,png,83036,3.1648923358543284,jpeg,85,17329,15.165329793986958,0.7913073847487837,43.936602987679194,0.9937811493524752,0.9878001506861261,0.732095786151847,True,True,True,LOSSY,1
caltech_saxophone_010,data/processed/caltech_saxophone_010.png,test,170100,png,112651,1.5099732803082084,jpeg,85,22536,7.547923322683706,0.7999485135507008,41.19250056974106,0.9932864511535646,0.9941547971315382,0.018776404318572994,True,True,True,LOSSY,1
caltech_car_side_001,data/processed/caltech_car_side_001.png,test,177300,png,57298,3.0943488428915495,jpeg,85,17317,10.238493965467459,0.6977730461796223,43.468301495553035,0.9960113945938064,0.9976594009953293,0.03083863333826357,True,True,True,LOSSY,1
caltech_flamingo_head_009,data/processed/caltech_flamingo_head_009.png,test,176400,png,84934,2.076906774672098,jpeg,85,14503,12.163000758463767,0.8292438834860009,45.06520400926944,0.9924226064315637,0.9923772045745785,0.04526472781506338,True,True,True,LOSSY,1
caltech_hedgehog_010,data/processed/caltech_hedgehog_010.png,test,202500,png,153993,1.3149948374276752,jpeg,85,31730,6.381972896312638,0.7939516731279993,37.116352397663185,0.9918313454051289,0.9906870618955027,0.053949298135344645,True,True,True,LOSSY,1
caltech_cougar_body_002,data/processed/caltech_cougar_body_002.png,test,223200,png,131450,1.697984024343857,jpeg,85,23919,9.33149379154647,0.8180372765310003,41.44411023025,0.9908960193843314,0.9905092508648441,0.008793506333784283,True,True,True,LOSSY,1
caltech_headphone_003,data/processed/caltech_headphone_003.png,test,202500,png,61749,3.279405334499344,jpeg,85,13812,14.661164205039096,0.776320264295778,43.89742235707616,0.9952811871941888,0.9927259037126533,0.3467844235418013,True,True,True,LOSSY,1
caltech_metronome_006,data/processed/caltech_metronome_006.png,test,169200,png,81788,2.0687631437374674,jpeg,85,16978,9.965838143479797,0.7924145351396293,40.85476621856044,0.9896349772753407,0.9819423582299166,0.6297344446598178,True,True,True,LOSSY,1
caltech_joshua_tree_001,data/processed/caltech_joshua_tree_001.png,test,208800,png,142376,1.4665393043771422,jpeg,85,30281,6.895412965225719,0.7873166825869529,38.54062054368738,0.9890003298061373,0.9935544187816878,0.06854265402843603,True,True,True,LOSSY,1
caltech_dollar_bill_010,data/processed/caltech_dollar_bill_010.png,test,124200,png,77202,1.608766612263931,jpeg,85,24629,5.042835681513663,0.6809797673635398,34.94709993367189,0.9944299410428424,0.9969124565105913,0.1691965938541281,True,True,True,LOSSY,1
caltech_barrel_002,data/processed/caltech_barrel_002.png,test,202500,png,85299,2.3740020398832344,jpeg,85,15313,13.224057989943185,0.820478551917373,44.9375166329707,0.9902075996552843,0.9863975188190282,0.011800464866797783,True,True,True,LOSSY,1
caltech_butterfly_001,data/processed/caltech_butterfly_001.png,test,178200,png,85601,2.0817513814090955,jpeg,85,23555,7.565272765867119,0.7248279809815306,36.85657035216765,0.9857817997363818,0.9878441614309064,0.6671492542338642,True,True,True,LOSSY,1
caltech_saxophone_008,data/processed/caltech_saxophone_008.png,test,237600,png,76454,3.107751066000471,jpeg,85,19229,12.356336782984034,0.7484892876762498,39.861808134196174,0.9949209747500444,0.9977404511934557,0.806652368733484,True,True,True,LOSSY,1
caltech_schooner_001,data/processed/caltech_schooner_001.png,test,193500,png,90511,2.137861696368397,jpeg,85,18453,10.48609982116729,0.7961242279943874,39.30085133131826,0.9893508880599099,0.9962846517320234,0.49645752218037914,True,True,True,LOSSY,1
caltech_tick_004,data/processed/caltech_tick_004.png,test,265500,png,138475,1.9173135945116446,jpeg,85,25559,10.387730349387692,0.815425166997653,43.02969751253974,0.991666921929049,0.9909139467128875,0.00830747672905615,True,True,True,LOSSY,1
caltech_scissors_010,data/processed/caltech_scissors_010.png,test,138600,png,49437,2.8035681776806847,jpeg,85,10639,13.027540182347964,0.7847968121042943,44.03021674329665,0.9950394649515056,0.9950998749249789,0.17520309477756285,True,True,True,LOSSY,1
caltech_snoopy_007,data/processed/caltech_snoopy_007.png,test,259200,png,91045,2.846943818990609,jpeg,85,20063,12.919304191795844,0.7796364435169422,41.627593438341904,0.9903608475328807,0.9939680084385136,0.6845197353410906,True,True,True,LOSSY,1
caltech_hedgehog_006,data/processed/caltech_hedgehog_006.png,test,181800,png,147538,1.2322249183261262,jpeg,85,31587,5.755532339253491,0.7859060038769673,38.264862265192065,0.9952697465650889,0.9944207252821082,0.1335483870967742,True,True,True,LOSSY,1
caltech_pizza_004,data/processed/caltech_pizza_004.png,test,229500,png,143596,1.5982339340928717,jpeg,85,28525,8.045574057843996,0.8013524053594807,42.176605121934884,0.9927273090264541,0.9892883664280658,0.0943978070926846,True,True,True,LOSSY,1
caltech_emu_005,data/processed/caltech_emu_005.png,test,270000,png,158147,1.7072723478788723,jpeg,85,32806,8.230201792355057,0.792560086501799,38.829739209204575,0.9922004676879855,0.9897363694709495,0.01846749135252389,True,True,True,LOSSY,1
caltech_menorah_003,data/processed/caltech_menorah_003.png,test,187200,png,139113,1.3456686291000841,jpeg,85,28840,6.490984743411928,0.7926865210296665,37.42069207035665,0.9892468744737318,0.9943004801274922,0.0009564801530368245,True,True,True,LOSSY,1
caltech_cougar_face_003,data/processed/caltech_cougar_face_003.png,test,241200,png,196343,1.2284624356355969,jpeg,85,39904,6.044506816359262,0.7967638265688107,36.62654636897659,0.9879938109740377,0.98472946812788,0.00038211692777990065,True,True,True,LOSSY,1
caltech_accordion_009,data/processed/caltech_accordion_009.png,test,188100,png,124829,1.5068613863765632,jpeg,85,27591,6.817440469718386,0.7789696304544617,38.144581562671114,0.9919302760566787,0.9909619465422218,0.6998694786013602,True,True,True,LOSSY,1
caltech_stegosaurus_009,data/processed/caltech_stegosaurus_009.png,test,167400,png,36255,4.617294166321886,jpeg,85,23130,7.237354085603113,0.3620190318576748,37.1004029546591,0.9936625501455324,0.9899191123852026,0.8331011219476424,True,True,True,LOSSY,1
caltech_elephant_004,data/processed/caltech_elephant_004.png,test,218700,png,90115,2.426898962436886,jpeg,85,16890,12.948490230905861,0.8125728236142706,45.501976013456925,0.9931331211892612,0.990653596734485,0.25507303592577973,True,True,True,LOSSY,1
caltech_gerenuk_005,data/processed/caltech_gerenuk_005.png,test,231300,png,114071,2.027684512277441,jpeg,85,19909,11.617861268772916,0.825468348660045,45.56311466677907,0.9915277428579583,1.0,0.0024983806791894145,True,True,True,LOSSY,1
caltech_elephant_007,data/processed/caltech_elephant_007.png,test,215100,png,111043,1.9370874345974083,jpeg,85,22474,9.571059891430098,0.7976099348900876,42.52803459158208,0.9937913809776187,0.9937187098319376,0.4505014749262537,True,True,True,LOSSY,1
caltech_emu_010,data/processed/caltech_emu_010.png,test,234000,png,144036,1.6245938515371157,jpeg,85,28750,8.139130434782608,0.8003971229414869,42.271315714702595,0.9932664706409549,0.9917781817007826,0.0014265335235378032,True,True,True,LOSSY,1
caltech_rhino_003,data/processed/caltech_rhino_003.png,test,180000,png,139076,1.2942563778078173,jpeg,85,29343,6.1343420918106535,0.7890146394776957,38.22660841965671,0.9926773768289873,0.9912346276928431,0.0005743825387708214,True,True,True,LOSSY,1
caltech_barrel_009,data/processed/caltech_barrel_009.png,test,252000,png,110729,2.275826567565859,jpeg,85,21993,11.458191242668121,0.8013799456330319,42.33879933820386,0.9933153225297321,0.9945499958215508,0.6565790996412453,True,True,True,LOSSY,1
caltech_schooner_010,data/processed/caltech_schooner_010.png,test,251100,png,122099,2.0565278994913965,jpeg,85,23197,10.824675604604044,0.8100148240362329,43.39695432758043,0.9906821105558388,0.9917928826633552,0.021127759134092736,True,True,True,LOSSY,1
caltech_ceiling_fan_008,data/processed/caltech_ceiling_fan_008.png,test,135000,png,31587,4.273910152911007,jpeg,85,6527,20.683315458863184,0.7933643587551841,45.743319215866656,0.9951540270420983,1.0,0.7033888367729831,True,True,True,LOSSY,1
caltech_stegosaurus_001,data/processed/caltech_stegosaurus_001.png,test,168300,png,88343,1.9050745390127117,jpeg,85,15927,10.566961763043889,0.8197140690264084,43.94984965654629,0.9919666485787535,0.9900483014760124,0.02896049098580744,True,True,True,LOSSY,1
caltech_rooster_007,data/processed/caltech_rooster_007.png,test,256500,png,118512,2.1643377885783717,jpeg,85,22650,11.324503311258278,0.8088801134062373,43.55133574505825,0.9923758433702744,0.9917950122309612,0.21928363182007496,True,True,True,LOSSY,1
caltech_soccer_ball_003,data/processed/caltech_soccer_ball_003.png,test,270000,png,58321,4.62955024776667,jpeg,85,15038,17.95451522808884,0.7421511976817956,50.48821181439961,0.9956076911632907,0.99712807939348,0.005416140097490522,True,True,True,LOSSY,1
caltech_beaver_003,data/processed/caltech_beaver_003.png,test,202500,png,87296,2.319693914956012,jpeg,85,14488,13.977084483710657,0.8340359237536656,44.000572554717465,0.9895863056408828,0.9893162332830763,0.04321749361494533,True,True,True,LOSSY,1
caltech_kangaroo_006,data/processed/caltech_kangaroo_006.png,test,220500,png,90663,2.432083650441746,jpeg,85,15959,13.816655178895921,0.8239744989687083,45.328159169321964,0.9936967581692963,0.9909453840404511,0.024109190580074956,True,True,True,LOSSY,1
caltech_starfish_006,data/processed/caltech_starfish_006.png,test,234900,png,173626,1.3529079746120973,jpeg,85,35622,6.594239514906518,0.7948348749611234,40.29676075103068,0.9944553557967275,0.9934007537020212,0.002797202797202797,True,True,True,LOSSY,1
caltech_windsor_chair_010,data/processed/caltech_windsor_chair_010.png,test,166500,png,90794,1.8338216181686013,jpeg,85,17893,9.305314927625329,0.8029275062228781,42.58750206257258,0.9894542358327847,1.0,0.0042852770125497396,True,True,True,LOSSY,1
caltech_menorah_001,data/processed/caltech_menorah_001.png,test,244800,png,138038,1.7734247091380635,jpeg,85,28735,8.519227423003306,0.7918326837537489,41.66941024809625,0.9916126877153815,0.9912975795815251,0.018328510041217223,True,True,True,LOSSY,1
caltech_ibis_005,data/processed/caltech_ibis_005.png,test,252000,png,121510,2.0739033824376594,jpeg,85,21482,11.730751326692115,0.8232079664225167,44.097630226594106,0.9916522664195787,0.9918578676633019,0.016944271108337735,True,True,True,LOSSY,1
caltech_metronome_003,data/processed/caltech_metronome_003.png,test,232200,png,62708,3.7028768259233273,jpeg,85,11860,19.578414839797638,0.8108694265484467,47.147392746262675,0.9937088348751569,0.9922072571395114,0.6637954932477922,True,True,True,LOSSY,1
caltech_mandolin_001,data/processed/caltech_mandolin_001.png,test,182700,png,48880,3.7377250409165304,jpeg,85,10645,17.162987317989668,0.782221767594108,43.60007332200063,0.9951522347277001,0.992859279977273,0.8325229357798165,True,True,True,LOSSY,1
caltech_wrench_004,data/processed/caltech_wrench_004.png,test,150300,png,11197,13.423238367419845,jpeg,85,7413,20.27519222986645,0.3379476645530053,43.474155761258174,0.9945082783524818,0.9751624865026689,0.8817729319744015,True,True,True,LOSSY,1
caltech_lobster_002,data/processed/caltech_lobster_002.png,test,252000,png,141493,1.781006834260352,jpeg,85,27622,9.123162696401419,0.8047818620002403,42.16896202683928,0.9936501490927704,0.9964394338652977,0.24689292543021032,True,True,True,LOSSY,1
caltech_saxophone_009,data/processed/caltech_saxophone_009.png,test,243000,png,67321,3.60957205032605,jpeg,85,17104,14.207202993451824,0.745933661116145,41.208926391683896,0.9957767765105224,0.99698284692214,0.7757541564555087,True,True,True,LOSSY,1
caltech_lotus_002,data/processed/caltech_lotus_002.png,test,266400,png,146421,1.8194111500399532,jpeg,85,26086,10.21237445372997,0.8218424952704871,42.965097534995465,0.9893965746343188,0.9877250273129636,0.04242622414779694,True,True,True,LOSSY,1
caltech_scorpion_001,data/processed/caltech_scorpion_001.png,test,261000,png,117579,2.2197841451279565,jpeg,85,25019,10.432071625564571,0.7872154041112783,40.18816726812573,0.9926244762956246,1.0,0.6826432753446793,True,True,True,LOSSY,1
caltech_BACKGROUND_Google_002,data/processed/caltech_BACKGROUND_Google_002.png,test,1607856,png,378850,4.244043816814043,jpeg,85,145666,11.03796356047396,0.6155048172099775,38.268203283660014,0.9890844714078271,0.9860274965971528,0.8006126841296966,True,True,True,LOSSY,1
caltech_BACKGROUND_Google_005,data/processed/caltech_BACKGROUND_Google_005.png,test,107460,png,63644,1.6884545283137453,jpeg,85,13828,7.7711888921029795,0.7827289296712966,40.301708660862616,0.9935900508757634,0.993474811251445,0.3041521323281197,True,True,True,LOSSY,1
caltech_panda_005,data/processed/caltech_panda_005.png,test,165600,png,68132,2.4305759408207597,jpeg,85,11817,14.013709063214014,0.8265572711794751,46.68414044739973,0.9927527756483471,0.9925214424928398,0.10506719413578451,True,True,True,LOSSY,1
caltech_chandelier_007,data/processed/caltech_chandelier_007.png,test,194400,png,96658,2.0112147985681474,jpeg,85,20153,9.646206520121074,0.7915019967307414,42.52393451570238,0.9929537872612414,0.9952985574202774,0.22708230655495318,True,True,True,LOSSY,1
caltech_windsor_chair_009,data/processed/caltech_windsor_chair_009.png,test,183600,png,80914,2.269075808883506,jpeg,85,16513,11.118512686973899,0.7959191240082062,42.255607512308146,0.9940748823232944,0.9974774166660303,0.07809523809523809,True,True,True,LOSSY,1
caltech_water_lilly_010,data/processed/caltech_water_lilly_010.png,test,266400,png,128837,2.0677289908954726,jpeg,85,23393,11.388022057880562,0.8184294884233566,43.21941172155328,0.9916559987817871,0.9925093741431225,0.035837945014944805,True,True,True,LOSSY,1
caltech_snoopy_003,data/processed/caltech_snoopy_003.png,test,202500,png,89753,2.2561919935823873,jpeg,85,17425,11.621233859397417,0.8058560716633427,41.282629162031476,0.9831205378131141,0.9841542650655191,0.33322259136212623,True,True,True,LOSSY,1
caltech_wrench_005,data/processed/caltech_wrench_005.png,test,244800,png,11618,21.070752280943363,jpeg,85,4642,52.735889702714346,0.6004475813393011,54.41989851372645,0.9993764999935345,1.0,0.9589353612167301,True,True,True,LOSSY,1
caltech_revolver_008,data/processed/caltech_revolver_008.png,test,207000,png,150975,1.3710879284649777,jpeg,85,30295,6.832810694834131,0.799337638681901,39.297423912826595,0.992107322264821,1.0,0.010796804145972791,True,True,True,LOSSY,1
caltech_ketch_004,data/processed/caltech_ketch_004.png,test,172800,png,51758,3.3386143204915184,jpeg,85,10157,17.01289750910702,0.803759805247498,46.67352839134915,0.9940431577699765,0.9924559310038208,0.09598857878677602,True,True,True,LOSSY,1
caltech_sea_horse_006,data/processed/caltech_sea_horse_006.png,test,248400,png,98732,2.5159016327026698,jpeg,85,16383,15.162058231093207,0.8340659563262164,46.36717606942592,0.9918280298296557,0.9912404428957112,0.010015386767380053,True,True,True,LOSSY,1
caltech_Leopards_005,data/processed/caltech_Leopards_005.png,test,73728,png,46140,1.597919375812744,jpeg,85,8770,8.406841505131128,0.8099263112267013,41.653039671317856,0.9903865395851147,0.9968009629674642,0.0011467889908256881,True,True,True,LOSSY,1
caltech_Faces_005,data/processed/caltech_Faces_005.png,test,552816,png,235098,2.351427915167292,jpeg,85,40155,13.767052670900261,0.8291988872725417,45.59343718244538,0.9923281708228832,0.9931543019294787,0.029417108251324754,True,True,True,LOSSY,1
caltech_water_lilly_003,data/processed/caltech_water_lilly_003.png,test,202500,png,114778,1.764275383784349,jpeg,85,21919,9.238560153291665,0.8090313474707697,42.12638311655054,0.9901625818733732,0.9899858773571055,0.03372078170903053,True,True,True,LOSSY,1
caltech_umbrella_001,data/processed/caltech_umbrella_001.png,test,240300,png,84915,2.8298887122416536,jpeg,85,14390,16.69909659485754,0.8305364187717129,45.9028922321481,0.992356222923029,0.9939420162693069,0.1417095542852802,True,True,True,LOSSY,1
caltech_elephant_010,data/processed/caltech_elephant_010.png,test,175500,png,72333,2.4262784621127285,jpeg,85,13465,13.033791310805793,0.8138470684196701,43.1858722591391,0.9897119599082275,0.9867999997112464,0.2571485109330167,True,True,True,LOSSY,1
caltech_buddha_007,data/processed/caltech_buddha_007.png,test,197100,png,49559,3.9770778264291047,jpeg,85,9834,20.042708968883467,0.8015698460420912,45.124504705494424,0.9936865847203956,1.0,0.696930190870017,True,True,True,LOSSY,1
caltech_okapi_001,data/processed/caltech_okapi_001.png,test,209700,png,153758,1.3638314754354246,jpeg,85,31180,6.725465041693393,0.7972138035094108,40.116200529952266,0.9940969196728555,0.9922349082022087,0.008925251022685012,True,True,True,LOSSY,1
caltech_ferry_009,data/processed/caltech_ferry_009.png,test,167400,png,100843,1.6600061481709192,jpeg,85,18834,8.888180949346927,0.8132344337237092,41.23419364470738,0.9906220488324614,0.9931052687294561,0.023160254015689205,True,True,True,LOSSY,1
caltech_camera_010,data/processed/caltech_camera_010.png,test,178200,png,60669,2.937249666221629,jpeg,85,13508,13.192182410423452,0.7773492228320888,43.926022898235864,0.9945895774153429,0.9955328339539157,0.424615625980546,True,True,True,LOSSY,1
caltech_car_side_002,data/processed/caltech_car_side_002.png,test,177300,png,40337,4.395468180578625,jpeg,85,11723,15.124114987631152,0.7093735280263778,46.936101011122076,0.9964445289459345,0.99697824598035,0.14853502080443828,True,True,True,LOSSY,1
caltech_pagoda_006,data/processed/caltech_pagoda_006.png,test,239400,png,96242,2.4874794788138237,jpeg,85,20608,11.616847826086957,0.7858731115313481,40.08332763932405,0.9917765340333077,0.9890931985099448,0.6304738526278876,True,True,True,LOSSY,1
caltech_watch_008,data/processed/caltech_watch_008.png,test,203400,png,53570,3.7969012507000186,jpeg,85,11565,17.587548638132297,0.7841142430464813,46.180424325031,0.9954352323075604,0.9890554428615468,0.8391733392100688,True,True,True,LOSSY,1
caltech_brain_004,data/processed/caltech_brain_004.png,test,225900,png,84312,2.67933390264731,jpeg,85,18390,12.283849918433932,0.7818815826928551,42.845682581545034,0.9916631522429494,0.9994076220826255,0.4587723379217865,True,True,True,LOSSY,1
caltech_ketch_003,data/processed/caltech_ketch_003.png,test,198000,png,156920,1.261789446851899,jpeg,85,34353,5.763688760806916,0.7810795309711955,37.36117920238111,0.9926982569082847,0.9957014578897796,0.01186196980589504,True,True,True,LOSSY,1
caltech_car_side_006,data/processed/caltech_car_side_006.png,test,177300,png,51697,3.429599396483355,jpeg,85,14880,11.915322580645162,0.7121689846606186,45.54100500821248,0.9957505365929609,0.9958517172743087,0.03562860950688583,True,True,True,LOSSY,1
caltech_Leopards_006,data/processed/caltech_Leopards_006.png,test,73728,png,49620,1.4858524788391778,jpeg,85,9775,7.542506393861893,0.8030028214429665,41.51191349424493,0.9923906867149895,0.9934991624598174,0.0009000900090009,True,True,True,LOSSY,1
caltech_buddha_001,data/processed/caltech_buddha_001.png,test,150300,png,91599,1.6408476075066323,jpeg,85,17955,8.37092731829574,0.8039825762289982,42.81124086019973,0.9931843330763366,0.9903525278196244,0.05781430219146482,True,True,True,LOSSY,1
caltech_brontosaurus_001,data/processed/caltech_brontosaurus_001.png,test,161100,png,116007,1.3887093020248777,jpeg,85,25153,6.4048026080388025,0.7831768772574069,39.250424809253424,0.9921831553720107,0.9910711051922935,0.25773847125710675,True,True,True,LOSSY,1
caltech_ketch_006,data/processed/caltech_ketch_006.png,test,200700,png,60822,3.2997928381177863,jpeg,85,11672,17.1949965729952,0.8080957548255565,45.67340297328336,0.9934393478928598,0.9882263922488529,0.16825338281736243,True,True,True,LOSSY,1
caltech_rhino_006,data/processed/caltech_rhino_006.png,test,183600,png,135738,1.35260575520488,jpeg,85,28774,6.380760408702301,0.7880180936804727,38.599386485161645,0.9921210740488008,0.9918262571104934,0.00037064492216456633,True,True,True,LOSSY,1
caltech_pizza_002,data/processed/caltech_pizza_002.png,test,207900,png,135829,1.5306009762274624,jpeg,85,26972,7.7079934747145185,0.8014267939836117,41.11523589054309,0.9897236578584861,0.9935014245477691,0.041482171987881615,True,True,True,LOSSY,1
caltech_sunflower_005,data/processed/caltech_sunflower_005.png,test,234000,png,125968,1.857614632287565,jpeg,85,24493,9.55375005103499,0.8055617299631652,42.14814701687622,0.9879922239431037,0.9822041986508049,0.049106436817966156,True,True,True,LOSSY,1
caltech_octopus_008,data/processed/caltech_octopus_008.png,test,167400,png,95048,1.7612153859102768,jpeg,85,18165,9.215524360033031,0.8088860365289117,42.55612686895644,0.9940056953453439,0.9923706272851551,0.008477096966091613,True,True,True,LOSSY,1
caltech_euphonium_003,data/processed/caltech_euphonium_003.png,test,144000,png,68488,2.1025581123700503,jpeg,85,14560,9.89010989010989,0.7874080130825838,41.97907991447132,0.9944493336048215,1.0,0.5763840034633909,True,True,True,LOSSY,1
caltech_electric_guitar_007,data/processed/caltech_electric_guitar_007.png,test,202500,png,53092,3.814133956151586,jpeg,85,13212,15.326975476839237,0.7511489489941987,41.70607535627785,0.9900424841783266,0.9904808578513533,0.7837814894204037,True,True,True,LOSSY,1
caltech_rhino_002,data/processed/caltech_rhino_002.png,test,233100,png,45775,5.092299290005461,jpeg,85,10045,23.205574912891986,0.7805570726379027,47.47244882177445,0.9950631232853179,0.9964168532629047,0.7921886235476668,True,True,True,LOSSY,1
caltech_ibis_001,data/processed/caltech_ibis_001.png,test,167400,png,119805,1.397270564667585,jpeg,85,24178,6.923649598808835,0.7981887233420976,40.59072438825842,0.9935379403069934,0.989762757253586,0.0016764459346186086,True,True,True,LOSSY,1
caltech_snoopy_005,data/processed/caltech_snoopy_005.png,test,265500,png,84822,3.130084176275023,jpeg,85,26244,10.116598079561042,0.6905991370163401,39.89704878031791,0.9943508419523498,0.9987494983873175,0.6910623244199355,True,True,True,LOSSY,1
caltech_panda_004,data/processed/caltech_panda_004.png,test,185400,png,62764,2.9539226308074693,jpeg,85,12200,15.19672131147541,0.8056210566566822,46.8653882035337,0.99524152044652,0.9935412248274649,0.5,True,True,True,LOSSY,1
caltech_brain_007,data/processed/caltech_brain_007.png,test,178200,png,83494,2.134285098330419,jpeg,85,18063,9.865470852017937,0.7836611013965076,41.98199116534827,0.9908888856134359,0.9926805401901229,0.6759334337233098,True,True,True,LOSSY,1
caltech_trilobite_007,data/processed/caltech_trilobite_007.png,test,264600,png,124147,2.1313442934585614,jpeg,85,22615,11.7001989829759,0.8178369191361853,43.28987216153998,0.9918116311147137,0.9892446993620695,0.5371842179960261,True,True,True,LOSSY,1
caltech_nautilus_006,data/processed/caltech_nautilus_006.png,test,215100,png,93026,2.3122567884247416,jpeg,85,25044,8.58888356492573,0.7307849418442156,38.59258687603595,0.9941330754236604,0.9980886071962619,0.6865012126648726,True,True,True,LOSSY,1
caltech_bonsai_001,data/processed/caltech_bonsai_001.png,test,252000,png,123150,2.0462850182704018,jpeg,85,23426,10.757278237855374,0.8097766950872919,41.96816623521465,0.9925978435632704,0.9892796794211792,0.5001321877065433,True,True,True,LOSSY,1
caltech_ferry_001,data/processed/caltech_ferry_001.png,test,219600,png,123190,1.7826122250182646,jpeg,85,25235,8.702199326332474,0.7951538274210569,41.32190712713349,0.9916224717778288,0.9949378305676891,0.080734394124847,True,True,True,LOSSY,1
caltech_pizza_010,data/processed/caltech_pizza_010.png,test,202500,png,118628,1.7070168931449574,jpeg,85,23137,8.75221506677616,0.8049617291027413,42.45577663998195,0.993440941879601,1.0,0.08643083737355599,True,True,True,LOSSY,1
caltech_snoopy_004,data/processed/caltech_snoopy_004.png,test,227700,png,96441,2.361029022925934,jpeg,85,22222,10.24660246602466,0.7695793282939829,39.741256898622666,0.9926932526820322,0.994416692582321,0.39310820124052376,True,True,True,LOSSY,1
caltech_stop_sign_001,data/processed/caltech_stop_sign_001.png,test,265500,png,83561,3.17731956295401,jpeg,85,26561,9.995858589661534,0.6821364033460585,37.68995692526629,0.9794545308846079,1.0,0.5542597001479956,True,True,True,LOSSY,1
caltech_saxophone_006,data/processed/caltech_saxophone_006.png,test,120600,png,63822,1.889630534925261,jpeg,85,14065,8.574475648773552,0.7796214471498856,40.90429387934393,0.9925030901960961,0.9900890680752399,0.003842869342442357,True,True,True,LOSSY,1
caltech_strawberry_004,data/processed/caltech_strawberry_004.png,test,200700,png,84705,2.3693996812466795,jpeg,85,16128,12.444196428571429,0.8095980166460067,44.409989518141614,0.9944006708980867,0.9903354977947334,0.041851908630998004,True,True,True,LOSSY,1
caltech_okapi_005,data/processed/caltech_okapi_005.png,test,178200,png,117008,1.5229727881854231,jpeg,85,23530,7.5733106672333195,0.7989026391357856,40.310793297278884,0.991671009284414,0.991476866394112,0.08310573546625048,True,True,True,LOSSY,1
caltech_llama_003,data/processed/caltech_llama_003.png,test,210600,png,101337,2.07821427514136,jpeg,85,18789,11.208685933258822,0.8145889457947245,42.291816571462384,0.9907677573088138,0.9904501438785726,0.042309541500939726,True,True,True,LOSSY,1
caltech_Faces_004,data/processed/caltech_Faces_004.png,test,572970,png,312809,1.8316928221374704,jpeg,85,57322,9.995638672760895,0.8167507968121122,41.9846110730503,0.9899446410548992,0.9905457268006183,0.006771385139803768,True,True,True,LOSSY,1
caltech_lamp_005,data/processed/caltech_lamp_005.png,test,182700,png,80925,2.257645968489342,jpeg,85,15320,11.925587467362924,0.8106889094840902,45.151935290609316,0.9923778533093546,0.9908577217561773,0.018916712030484485,True,True,True,LOSSY,1
caltech_pagoda_003,data/processed/caltech_pagoda_003.png,test,256500,png,134580,1.905929558626839,jpeg,85,26760,9.585201793721973,0.8011591618368257,39.84161543947675,0.9898690465117493,0.9883718349993306,0.3591133146925716,True,True,True,LOSSY,1
kodim09,data/processed/kodim09.png,test,1179648,png,587092,2.0093068888692063,jpeg,85,78054,15.113229302790376,0.8670497979873683,39.11468501682852,0.9484258442314827,0.986480087864431,0.014612283988786246,True,True,True,LOSSY,1
caltech_headphone_002,data/processed/caltech_headphone_002.png,test,225000,png,51722,4.35017980743204,jpeg,85,15200,14.802631578947368,0.7061211863423689,41.46605229487747,0.9944718541237089,0.9900264845093946,0.6879457050243112,True,True,True,LOSSY,1
caltech_ceiling_fan_010,data/processed/caltech_ceiling_fan_010.png,test,146700,png,22445,6.535976832256627,jpeg,85,5239,28.001527008971177,0.7665849855201604,50.023632633757266,0.9974125389843875,1.0,0.8067741277290349,True,True,True,LOSSY,1
caltech_menorah_007,data/processed/caltech_menorah_007.png,test,180900,png,110175,1.6419332879509871,jpeg,85,21690,8.340248962655602,0.8031313818924438,42.97839368972264,0.9932429321653884,0.9963479067142701,0.04125610093010406,True,True,True,LOSSY,1
caltech_pyramid_002,data/processed/caltech_pyramid_002.png,test,216900,png,126838,1.7100553461896277,jpeg,85,23768,9.125715247391451,0.8126113625254261,40.95931454145273,0.9900138448477759,0.9872339664315556,0.03957334982222909,True,True,True,LOSSY,1
edge_04_sharp_ui_graphics,data/processed/edge_04_sharp_ui_graphics.png,test,1179648,png,3284,359.21071863581,jpeg,85,35308,33.41021864733205,-9.751522533495736,41.90123905782933,0.9887775574875239,0.966927160913427,0.942783804595993,True,False,True,LOSSLESS,0
caltech_brain_008,data/processed/caltech_brain_008.png,test,196200,png,92759,2.1151586368977675,jpeg,85,20717,9.470483178066322,0.7766577906187001,43.02656291794502,0.9952514575310946,0.99736048394175,0.042924946539404374,True,True,True,LOSSY,1
caltech_stegosaurus_007,data/processed/caltech_stegosaurus_007.png,test,202500,png,105607,1.917486530248942,jpeg,85,19671,10.294341924660667,0.813733938091225,42.782147597208116,0.9919846269771613,0.9908948952581099,0.018100522544847276,True,True,True,LOSSY,1
caltech_barrel_006,data/processed/caltech_barrel_006.png,test,184500,png,114499,1.6113677848714836,jpeg,85,22637,8.1503732826788,0.8022952165521097,40.6644953670994,0.9911990144303507,0.9986341728214412,0.184934775692014,True,True,True,LOSSY,1
caltech_wild_cat_003,data/processed/caltech_wild_cat_003.png,test,199800,png,93700,2.1323372465314834,jpeg,85,16767,11.916264090177133,0.8210565635005336,46.09153332157102,0.9953569071604313,0.9944415519124127,0.039395893797699665,True,True,True,LOSSY,1
caltech_water_lilly_006,data/processed/caltech_water_lilly_006.png,test,180900,png,67344,2.686208125445474,jpeg,85,15547,11.635685341223388,0.7691405321929199,43.622858942099555,0.9944628772011601,0.9949152873154847,0.015468940316686967,True,True,True,LOSSY,1
edge_05_clean_flat_poster,data/processed/edge_05_clean_flat_poster.png,test,1179648,png,2346,502.83375959079285,jpeg,85,12113,97.38693965161397,-4.163256606990623,51.65262878979273,0.9999739274015114,1.0,1.0,True,False,True,LOSSLESS,0
caltech_scissors_008,data/processed/caltech_scissors_008.png,test,270000,png,58052,4.651002549438434,jpeg,85,10332,26.13240418118467,0.8220216357748226,49.911982231625096,0.995124419096864,0.9925412202284151,0.0796182685753238,True,True,True,LOSSY,1
caltech_grand_piano_006,data/processed/caltech_grand_piano_006.png,test,209700,png,80071,2.6189257034381987,jpeg,85,16067,13.051596439907886,0.7993405852306078,42.96524497837141,0.9925777723962893,0.9937788327495567,0.7050842170929508,True,True,True,LOSSY,1
caltech_platypus_002,data/processed/caltech_platypus_002.png,test,202500,png,191869,1.0554075958075562,jpeg,85,45662,4.434759756471464,0.7620147079517796,34.296245078223144,0.9924633474368808,0.9901846085660653,0.0030120481927710845,True,True,True,LOSSY,1
caltech_lotus_004,data/processed/caltech_lotus_004.png,test,165600,png,54876,3.0177126612726877,jpeg,85,10083,16.423683427551325,0.816258473649683,43.42038572870134,0.9904289551127509,0.9911733366940606,0.19583422804380501,True,True,True,LOSSY,1
caltech_crocodile_008,data/processed/caltech_crocodile_008.png,test,188100,png,107613,1.7479300827966882,jpeg,85,20088,9.363799283154123,0.8133311031195116,43.09922720136122,0.9931276999972741,0.9905260997704932,0.09716818963177418,True,True,True,LOSSY,1
caltech_ant_006,data/processed/caltech_ant_006.png,test,230400,png,86291,2.6700351137430323,jpeg,85,18707,12.316245255786605,0.7832103000312894,41.72987735827497,0.9930476887234891,0.9920070938256259,0.6736591179976162,True,True,True,LOSSY,1
caltech_hedgehog_005,data/processed/caltech_hedgehog_005.png,test,199800,png,135534,1.4741688432422861,jpeg,85,28114,7.106779540442484,0.7925686543597916,38.79751185146883,0.9932549064168441,0.9917700359453576,0.005092838196286472,True,True,True,LOSSY,1
caltech_platypus_003,data/processed/caltech_platypus_003.png,test,216000,png,159155,1.3571675410763093,jpeg,85,34125,6.329670329670329,0.7855863780591248,37.93706710036426,0.9870097122755864,0.9850726022643052,0.016349453978159127,True,True,True,LOSSY,1
caltech_trilobite_002,data/processed/caltech_trilobite_002.png,test,213300,png,97035,2.1981759159066314,jpeg,85,18139,11.7591928992778,0.8130674498892152,43.65727491914576,0.991185814666793,0.9870764505556813,0.5296894551245592,True,True,True,LOSSY,1
caltech_elephant_009,data/processed/caltech_elephant_009.png,test,261900,png,108052,2.4238329693110723,jpeg,85,20107,13.025314567066197,0.8139136711953504,45.983629218740944,0.9927391814725518,0.9974107197117317,0.07203676826318335,True,True,True,LOSSY,1
caltech_chair_003,data/processed/caltech_chair_003.png,test,207000,png,75659,2.735960031192588,jpeg,85,15925,12.998430141287285,0.7895161183732272,44.41460216985797,0.9949325317677595,0.9978835920744406,0.18750671681891456,True,True,True,LOSSY,1
caltech_grand_piano_007,data/processed/caltech_grand_piano_007.png,test,210600,png,52794,3.9890896692806,jpeg,85,11784,17.871690427698574,0.7767928173656097,45.61062219115478,0.9946007700714766,0.9951838198525974,0.5457253799290352,True,True,True,LOSSY,1
